[lane 100] clariden-ln004 gpu=0 start=19:33:19 deadline=21:03:18 max_dur=300
[lane 100] --> p1 instant_event_alert thr=0.0500 shard=0 (19:33:19, 5399s left)
[lane 100] clariden-ln004 gpu=0 start=19:52:51 deadline=21:22:51 max_dur=300
[lane 100] --> p1 instant_event_alert thr=0.0500 shard=0 (19:52:51, 5400s left)
[lane 100] <-- instant_event_alert thr=0.0500 shard=0 rc=1 (19:52:54)
[lane 100] --> p1 instant_event_alert thr=0.0500 shard=0 (19:52:54, 5397s left)
[lane 100] <-- instant_event_alert thr=0.0500 shard=0 rc=1 (19:52:55)
[lane 100] --> p1 instant_event_alert thr=0.0500 shard=0 (19:52:55, 5396s left)
[lane 100] <-- instant_event_alert thr=0.0500 shard=0 rc=1 (19:52:55)
[lane 100] --> p1 instant_event_alert thr=0.0500 shard=0 (19:52:56, 5396s left)
[lane 100] <-- instant_event_alert thr=0.0500 shard=0 rc=1 (19:52:56)
[lane 100] --> p1 instant_event_alert thr=0.0500 shard=0 (19:52:56, 5395s left)
[lane 100] <-- instant_event_alert thr=0.0500 shard=0 rc=1 (19:52:57)
[lane 100] --> p1 instant_event_alert thr=0.0500 shard=0 (19:52:57, 5394s left)
[lane 100] <-- instant_event_alert thr=0.0500 shard=0 rc=1 (19:52:58)
[lane 100] --> p1 instant_event_alert thr=0.0500 shard=0 (19:52:58, 5393s left)
[lane 100] <-- instant_event_alert thr=0.0500 shard=0 rc=1 (19:52:59)
[lane 100] --> p1 instant_event_alert thr=0.3500 shard=1 (19:52:59, 5392s left)
[lane 100] <-- instant_event_alert thr=0.3500 shard=1 rc=1 (19:52:59)
[lane 100] --> p1 instant_event_alert thr=0.3500 shard=1 (19:52:59, 5392s left)
[lane 100] <-- instant_event_alert thr=0.3500 shard=1 rc=1 (19:53:00)
[lane 100] --> p1 instant_event_alert thr=0.3500 shard=1 (19:53:00, 5391s left)
[lane 100] <-- instant_event_alert thr=0.3500 shard=1 rc=1 (19:53:01)
[lane 100] --> p1 instant_event_alert thr=0.3500 shard=1 (19:53:01, 5390s left)
[lane 100] <-- instant_event_alert thr=0.3500 shard=1 rc=1 (19:53:02)
[lane 100] --> p1 instant_event_alert thr=0.3500 shard=1 (19:53:02, 5389s left)
[lane 100] <-- instant_event_alert thr=0.3500 shard=1 rc=1 (19:53:02)
[lane 100] --> p1 instant_event_alert thr=0.1500 shard=1 (19:53:02, 5389s left)
[lane 100] <-- instant_event_alert thr=0.1500 shard=1 rc=1 (19:53:03)
[lane 100] --> p1 instant_event_alert thr=0.2500 shard=2 (19:53:03, 5388s left)
[lane 100] <-- instant_event_alert thr=0.2500 shard=2 rc=1 (19:53:04)
[lane 100] --> p1 instant_event_alert thr=0.2500 shard=3 (19:53:04, 5387s left)
[lane 100] <-- instant_event_alert thr=0.2500 shard=3 rc=1 (19:53:05)
[lane 100] --> p1 instant_event_alert thr=0.3500 shard=1 (19:53:05, 5386s left)
[lane 100] <-- instant_event_alert thr=0.3500 shard=1 rc=1 (19:53:06)
[lane 100] --> p1 instant_event_alert thr=0.0500 shard=2 (19:53:06, 5385s left)
[lane 100] <-- instant_event_alert thr=0.0500 shard=2 rc=1 (19:53:06)
[lane 100] --> p1 instant_event_alert thr=0.1500 shard=0 (19:53:06, 5385s left)
[lane 100] <-- instant_event_alert thr=0.1500 shard=0 rc=1 (19:53:07)
[lane 100] --> p1 instant_event_alert thr=0.4500 shard=0 (19:53:07, 5384s left)
[lane 100] <-- instant_event_alert thr=0.4500 shard=0 rc=1 (19:53:08)
[lane 100] --> p1 instant_event_alert thr=0.4500 shard=0 (19:53:08, 5383s left)
[lane 100] <-- instant_event_alert thr=0.4500 shard=0 rc=1 (19:53:09)
[lane 100] --> p1 instant_event_alert thr=0.2500 shard=2 (19:53:09, 5382s left)
[lane 100] <-- instant_event_alert thr=0.2500 shard=2 rc=1 (19:53:09)
[lane 100] --> p1 instant_event_alert thr=0.2500 shard=2 (19:53:10, 5382s left)
[lane 100] <-- instant_event_alert thr=0.2500 shard=2 rc=1 (19:53:10)
[lane 100] --> p1 instant_event_alert thr=0.2500 shard=2 (19:53:10, 5381s left)
[lane 100] <-- instant_event_alert thr=0.2500 shard=2 rc=1 (19:53:11)
[lane 100] --> p1 instant_event_alert thr=0.3500 shard=2 (19:53:11, 5380s left)
[lane 100] <-- instant_event_alert thr=0.3500 shard=2 rc=1 (19:53:13)
[lane 100] --> p1 instant_event_alert thr=0.1500 shard=0 (19:53:13, 5378s left)
[lane 100] <-- instant_event_alert thr=0.1500 shard=0 rc=1 (19:53:15)
[lane 100] --> p1 instant_event_alert thr=0.2500 shard=1 (19:53:16, 5376s left)
[lane 100] <-- instant_event_alert thr=0.2500 shard=1 rc=1 (19:53:16)
[lane 100] --> p1 instant_event_alert thr=0.0500 shard=0 (19:53:16, 5375s left)
[lane 100] <-- instant_event_alert thr=0.0500 shard=0 rc=1 (19:53:17)
[lane 100] --> p1 instant_event_alert thr=0.0500 shard=2 (19:53:17, 5374s left)
[lane 100] <-- instant_event_alert thr=0.0500 shard=2 rc=1 (19:53:18)
[lane 100] --> p1 instant_event_alert thr=0.0500 shard=0 (19:53:18, 5373s left)
[lane 100] <-- instant_event_alert thr=0.0500 shard=0 rc=1 (19:53:19)
[lane 100] --> p1 instant_event_alert thr=0.0500 shard=0 (19:53:19, 5372s left)
[lane 100] <-- instant_event_alert thr=0.0500 shard=0 rc=1 (19:53:20)
[lane 100] --> p1 instant_event_alert thr=0.1500 shard=1 (19:53:20, 5371s left)
[lane 100] <-- instant_event_alert thr=0.1500 shard=1 rc=1 (19:53:20)
[lane 100] --> p1 instant_event_alert thr=0.3500 shard=1 (19:53:21, 5371s left)
[lane 100] <-- instant_event_alert thr=0.3500 shard=1 rc=1 (19:53:21)
[lane 100] --> p1 instant_event_alert thr=0.0500 shard=2 (19:53:21, 5370s left)
[lane 100] <-- instant_event_alert thr=0.0500 shard=2 rc=1 (19:53:22)
[lane 100] --> p1 instant_event_alert thr=0.3500 shard=3 (19:53:22, 5369s left)
[lane 100] <-- instant_event_alert thr=0.3500 shard=3 rc=1 (19:53:26)
[lane 100] --> p1 instant_event_alert thr=0.4500 shard=1 (19:53:26, 5365s left)
[lane 100] <-- instant_event_alert thr=0.4500 shard=1 rc=1 (19:53:32)
[lane 100] --> p1 instant_event_alert thr=0.4500 shard=1 (19:53:32, 5359s left)
[lane 100] <-- instant_event_alert thr=0.4500 shard=1 rc=1 (19:54:29)
[lane 100] --> p1 instant_event_alert thr=0.3500 shard=2 (19:54:29, 5302s left)
[lane 100] <-- instant_event_alert thr=0.3500 shard=2 rc=1 (19:55:06)
[lane 100] --> p1 instant_event_alert thr=0.2500 shard=1 (19:55:06, 5265s left)
[lane 100] <-- instant_event_alert thr=0.2500 shard=1 rc=1 (19:55:16)
[lane 100] --> p1 instant_event_alert thr=0.4500 shard=1 (19:55:16, 5255s left)
[lane 100] <-- instant_event_alert thr=0.4500 shard=1 rc=1 (19:55:34)
[lane 100] --> p1 instant_event_alert thr=0.4500 shard=1 (19:55:35, 5237s left)
[lane 100] <-- instant_event_alert thr=0.4500 shard=1 rc=1 (19:55:56)
[lane 100] --> p1 instant_event_alert thr=0.4500 shard=0 (19:55:56, 5215s left)
[lane 100] <-- instant_event_alert thr=0.4500 shard=0 rc=1 (19:56:20)
[lane 100] --> p1 instant_event_alert thr=0.1500 shard=0 (19:56:21, 5191s left)
[lane 100] clariden-ln004 gpu=0 start=20:03:01 deadline=21:33:01 max_dur=300
[lane 100] --> p1 instant_event_alert thr=0.4500 shard=2 (20:03:01, 5400s left)
[lane 100] <-- instant_event_alert thr=0.4500 shard=2 rc=0 (20:29:22)
[lane 100] --> p1 instant_event_alert thr=0.4500 shard=2 (20:29:22, 3819s left)
[lane 100] <-- instant_event_alert thr=0.4500 shard=2 rc=0 (20:30:42)
[lane 100] --> p1 instant_event_alert thr=0.4500 shard=2 (20:30:43, 3739s left)
[lane 100] <-- instant_event_alert thr=0.4500 shard=2 rc=0 (20:32:23)
[lane 100] --> p1 instant_event_alert thr=0.4500 shard=2 (20:32:24, 3638s left)
[lane 100] <-- instant_event_alert thr=0.4500 shard=2 rc=0 (20:33:29)
[lane 100] --> p1 instant_event_alert thr=0.4500 shard=2 (20:33:29, 3572s left)
[lane 100] <-- instant_event_alert thr=0.4500 shard=2 rc=0 (20:34:50)
[lane 100] --> p1 instant_event_alert thr=0.4500 shard=2 (20:34:50, 3491s left)
[lane 100] <-- instant_event_alert thr=0.4500 shard=2 rc=0 (20:35:40)
[lane 100] --> p1 instant_event_alert thr=0.0500 shard=3 (20:35:40, 3441s left)
[lane 100] <-- instant_event_alert thr=0.0500 shard=3 rc=0 (20:36:25)
[lane 100] --> p1 instant_event_alert thr=0.0500 shard=3 (20:36:25, 3396s left)
[lane 100] <-- instant_event_alert thr=0.0500 shard=3 rc=0 (20:37:17)
[lane 100] --> p1 instant_event_alert thr=0.0500 shard=3 (20:37:17, 3344s left)
[lane 100] <-- instant_event_alert thr=0.0500 shard=3 rc=0 (20:38:23)
[lane 100] --> p1 instant_event_alert thr=0.0500 shard=3 (20:38:23, 3278s left)
[lane 100] <-- instant_event_alert thr=0.0500 shard=3 rc=0 (20:39:06)
[lane 100] --> p1 instant_event_alert thr=0.0500 shard=3 (20:39:06, 3235s left)
[lane 100] <-- instant_event_alert thr=0.0500 shard=3 rc=0 (20:39:35)
[lane 100] --> p1 instant_event_alert thr=0.0500 shard=3 (20:39:35, 3206s left)
[lane 100] <-- instant_event_alert thr=0.0500 shard=3 rc=0 (20:39:52)
[lane 100] --> p1 instant_event_alert thr=0.0500 shard=3 (20:39:52, 3189s left)
[lane 100] <-- instant_event_alert thr=0.0500 shard=3 rc=0 (20:40:09)
[lane 100] --> p1 instant_event_alert thr=0.0500 shard=3 (20:40:09, 3172s left)
[lane 100] <-- instant_event_alert thr=0.0500 shard=3 rc=0 (20:40:27)
[lane 100] --> p1 instant_event_alert thr=0.0500 shard=3 (20:40:27, 3154s left)
[lane 100] <-- instant_event_alert thr=0.0500 shard=3 rc=0 (20:40:45)
[lane 100] --> p1 instant_event_alert thr=0.0500 shard=3 (20:40:46, 3136s left)
[lane 100] <-- instant_event_alert thr=0.0500 shard=3 rc=0 (20:41:04)
[lane 100] --> p1 instant_event_alert thr=0.0500 shard=3 (20:41:04, 3117s left)
[lane 100] <-- instant_event_alert thr=0.0500 shard=3 rc=0 (20:41:22)
[lane 100] --> p1 instant_event_alert thr=0.0500 shard=3 (20:41:22, 3099s left)
[lane 100] <-- instant_event_alert thr=0.0500 shard=3 rc=0 (20:41:42)
[lane 100] --> p1 instant_event_alert thr=0.0500 shard=3 (20:41:43, 3079s left)
[lane 100] <-- instant_event_alert thr=0.0500 shard=3 rc=0 (20:42:02)
[lane 100] --> p1 instant_event_alert thr=0.0500 shard=3 (20:42:02, 3059s left)
[lane 100] <-- instant_event_alert thr=0.0500 shard=3 rc=0 (20:42:23)
[lane 100] --> p1 instant_event_alert thr=0.0500 shard=3 (20:42:23, 3038s left)
[lane 100] <-- instant_event_alert thr=0.0500 shard=3 rc=0 (20:42:42)
[lane 100] --> p1 instant_event_alert thr=0.0500 shard=3 (20:42:42, 3019s left)
[lane 100] <-- instant_event_alert thr=0.0500 shard=3 rc=0 (20:43:01)
[lane 100] --> p1 instant_event_alert thr=0.0500 shard=3 (20:43:01, 3000s left)
[lane 100] <-- instant_event_alert thr=0.0500 shard=3 rc=0 (20:43:19)
[lane 100] --> p1 instant_event_alert thr=0.0500 shard=3 (20:43:19, 2982s left)
[lane 100] <-- instant_event_alert thr=0.0500 shard=3 rc=0 (20:43:37)
[lane 100] --> p1 instant_event_alert thr=0.0500 shard=3 (20:43:37, 2964s left)
[lane 100] <-- instant_event_alert thr=0.0500 shard=3 rc=0 (20:44:14)
[lane 100] --> p1 instant_event_alert thr=0.0500 shard=3 (20:44:14, 2927s left)
[lane 100] <-- instant_event_alert thr=0.0500 shard=3 rc=0 (20:45:16)
[lane 100] --> p1 instant_event_alert thr=0.0500 shard=3 (20:45:16, 2865s left)
[lane 100] <-- instant_event_alert thr=0.0500 shard=3 rc=0 (20:46:26)
[lane 100] --> p1 instant_event_alert thr=0.0500 shard=3 (20:46:26, 2795s left)
[lane 100] <-- instant_event_alert thr=0.0500 shard=3 rc=0 (20:47:10)
[lane 100] --> p1 instant_event_alert thr=0.0500 shard=3 (20:47:10, 2751s left)
[lane 100] <-- instant_event_alert thr=0.0500 shard=3 rc=0 (20:47:51)
[lane 100] --> p1 instant_event_alert thr=0.0500 shard=0 (20:47:51, 2710s left)
[lane 100] <-- instant_event_alert thr=0.0500 shard=0 rc=0 (21:04:12)
[lane 100] --> p1 instant_event_alert thr=0.0500 shard=0 (21:04:12, 1729s left)
[lane 100] <-- instant_event_alert thr=0.0500 shard=0 rc=0 (21:04:49)
[lane 100] --> p1 instant_event_alert thr=0.5500 shard=1 (21:04:49, 1692s left)
[lane 100] <-- instant_event_alert thr=0.5500 shard=1 rc=0 (21:05:38)
[lane 100] --> p1 instant_event_alert thr=0.5500 shard=1 (21:05:38, 1643s left)
[lane 100] <-- instant_event_alert thr=0.5500 shard=1 rc=0 (21:06:25)
[lane 100] --> p1 instant_event_alert thr=0.5500 shard=1 (21:06:25, 1596s left)
[lane 100] <-- instant_event_alert thr=0.5500 shard=1 rc=0 (21:06:59)
[lane 100] --> p1 instant_event_alert thr=0.5500 shard=1 (21:06:59, 1562s left)
[lane 100] <-- instant_event_alert thr=0.5500 shard=1 rc=0 (21:07:40)
[lane 100] --> p1 instant_event_alert thr=0.5500 shard=1 (21:07:40, 1521s left)
[lane 100] <-- instant_event_alert thr=0.5500 shard=1 rc=0 (21:08:23)
[lane 100] --> p1 instant_event_alert thr=0.5500 shard=1 (21:08:23, 1478s left)
[lane 100] <-- instant_event_alert thr=0.5500 shard=1 rc=0 (21:09:05)
[lane 100] --> p1 instant_event_alert thr=0.5500 shard=1 (21:09:05, 1436s left)
[lane 100] <-- instant_event_alert thr=0.5500 shard=1 rc=0 (21:09:35)
[lane 100] --> p1 instant_event_alert thr=0.5500 shard=1 (21:09:35, 1406s left)
[lane 100] <-- instant_event_alert thr=0.5500 shard=1 rc=0 (21:10:17)
[lane 100] --> p1 instant_event_alert thr=0.5500 shard=1 (21:10:18, 1364s left)
[lane 100] <-- instant_event_alert thr=0.5500 shard=1 rc=0 (21:11:08)
[lane 100] --> p1 instant_event_alert thr=0.0500 shard=0 (21:11:08, 1313s left)
[lane 100] <-- instant_event_alert thr=0.0500 shard=0 rc=0 (21:11:50)
[lane 100] --> p1 instant_event_alert thr=0.0500 shard=0 (21:11:50, 1271s left)
[lane 100] <-- instant_event_alert thr=0.0500 shard=0 rc=0 (21:12:35)
[lane 100] --> p1 instant_event_alert thr=0.1500 shard=1 (21:12:36, 1226s left)
[lane 100] <-- instant_event_alert thr=0.1500 shard=1 rc=0 (21:13:30)
[lane 100] --> p1 instant_event_alert thr=0.1500 shard=1 (21:13:30, 1171s left)
[lane 100] <-- instant_event_alert thr=0.1500 shard=1 rc=0 (21:14:15)
[lane 100] --> p1 instant_event_alert thr=0.5500 shard=1 (21:14:15, 1126s left)
[lane 100] <-- instant_event_alert thr=0.5500 shard=1 rc=0 (21:14:56)
[lane 100] --> p1 instant_event_alert thr=0.5500 shard=1 (21:14:56, 1085s left)
[lane 100] <-- instant_event_alert thr=0.5500 shard=1 rc=0 (21:15:40)
[lane 100] --> p1 instant_event_alert thr=0.5500 shard=1 (21:15:40, 1041s left)
[lane 100] <-- instant_event_alert thr=0.5500 shard=1 rc=0 (21:16:51)
[lane 100] --> p1 instant_event_alert thr=0.5500 shard=1 (21:16:51, 970s left)
[lane 100] <-- instant_event_alert thr=0.5500 shard=1 rc=0 (21:18:41)
[lane 100] --> p1 instant_event_alert thr=0.5500 shard=1 (21:18:41, 860s left)
[lane 100] <-- instant_event_alert thr=0.5500 shard=1 rc=0 (21:20:10)
[lane 100] --> p1 instant_event_alert thr=0.2500 shard=0 (21:20:10, 771s left)
[lane 100] <-- instant_event_alert thr=0.2500 shard=0 rc=124 (21:32:32)
[lane 100] 29s left (< 240) -- stopping cleanly
[lane 100] done, 50 units attempted 21:32:32
[lane 100] clariden-ln004 gpu=0 start=21:33:02 deadline=23:03:02 max_dur=300
[lane 100] --> p1 instant_event_alert thr=0.4500 shard=3 (21:33:03, 5400s left)
[lane 100] <-- instant_event_alert thr=0.4500 shard=3 rc=0 (21:35:02)
[lane 100] --> p1 instant_event_alert thr=0.4500 shard=3 (21:35:03, 5280s left)
[lane 100] <-- instant_event_alert thr=0.4500 shard=3 rc=0 (21:36:55)
[lane 100] --> p1 instant_event_alert thr=0.4500 shard=3 (21:36:55, 5167s left)
[lane 100] <-- instant_event_alert thr=0.4500 shard=3 rc=0 (21:38:40)
[lane 100] --> p1 instant_event_alert thr=0.4500 shard=3 (21:38:41, 5062s left)
[lane 100] <-- instant_event_alert thr=0.4500 shard=3 rc=0 (21:40:17)
[lane 100] --> p1 instant_event_alert thr=0.4500 shard=3 (21:40:17, 4965s left)
[lane 100] <-- instant_event_alert thr=0.4500 shard=3 rc=0 (21:41:57)
[lane 100] --> p1 instant_event_alert thr=0.4500 shard=3 (21:41:57, 4865s left)
[lane 100] <-- instant_event_alert thr=0.4500 shard=3 rc=0 (21:43:35)
[lane 100] --> p1 instant_event_alert thr=0.0500 shard=3 (21:43:35, 4767s left)
[lane 100] <-- instant_event_alert thr=0.0500 shard=3 rc=0 (21:45:08)
[lane 100] --> p1 instant_event_alert thr=0.0500 shard=3 (21:45:08, 4674s left)
[lane 100] <-- instant_event_alert thr=0.0500 shard=3 rc=0 (21:46:41)
[lane 100] --> p1 instant_event_alert thr=0.0500 shard=3 (21:46:42, 4581s left)
[lane 100] <-- instant_event_alert thr=0.0500 shard=3 rc=0 (21:48:11)
[lane 100] --> p1 instant_event_alert thr=0.0500 shard=3 (21:48:11, 4491s left)
[lane 100] <-- instant_event_alert thr=0.0500 shard=3 rc=0 (21:49:36)
[lane 100] --> p1 instant_event_alert thr=0.5500 shard=2 (21:49:36, 4406s left)
[lane 100] <-- instant_event_alert thr=0.5500 shard=2 rc=0 (21:51:06)
[lane 100] --> p1 instant_event_alert thr=0.5500 shard=1 (21:51:06, 4316s left)
[lane 100] <-- instant_event_alert thr=0.5500 shard=1 rc=0 (21:52:11)
[lane 100] --> p1 instant_event_alert thr=0.5500 shard=2 (21:52:11, 4251s left)
[lane 100] <-- instant_event_alert thr=0.5500 shard=2 rc=0 (21:53:19)
[lane 100] --> p1 instant_event_alert thr=0.5500 shard=2 (21:53:19, 4183s left)
[lane 100] <-- instant_event_alert thr=0.5500 shard=2 rc=0 (21:54:53)
[lane 100] --> p1 instant_event_alert thr=0.5500 shard=2 (21:54:53, 4089s left)
[lane 100] <-- instant_event_alert thr=0.5500 shard=2 rc=0 (21:56:22)
[lane 100] --> p1 instant_event_alert thr=0.5500 shard=2 (21:56:22, 4000s left)
[lane 100] <-- instant_event_alert thr=0.5500 shard=2 rc=0 (21:57:27)
[lane 100] --> p1 instant_event_alert thr=0.5500 shard=2 (21:57:27, 3935s left)
[lane 100] <-- instant_event_alert thr=0.5500 shard=2 rc=0 (21:59:10)
[lane 100] --> p1 instant_event_alert thr=0.5500 shard=2 (21:59:10, 3832s left)
[lane 100] <-- instant_event_alert thr=0.5500 shard=2 rc=0 (22:00:52)
[lane 100] --> p1 instant_event_alert thr=0.0500 shard=2 (22:00:52, 3730s left)
[lane 100] <-- instant_event_alert thr=0.0500 shard=2 rc=0 (22:03:36)
[lane 100] --> p1 instant_event_alert thr=0.0500 shard=1 (22:03:36, 3566s left)
[lane 100] <-- instant_event_alert thr=0.0500 shard=1 rc=0 (22:06:22)
[lane 100] --> p1 instant_event_alert thr=0.0500 shard=0 (22:06:22, 3400s left)
[lane 100] <-- instant_event_alert thr=0.0500 shard=0 rc=0 (22:07:54)
[lane 100] --> p1 instant_event_alert thr=0.0500 shard=0 (22:07:54, 3308s left)
[lane 100] <-- instant_event_alert thr=0.0500 shard=0 rc=0 (22:10:06)
[lane 100] --> p1 instant_event_alert thr=0.0500 shard=0 (22:10:06, 3176s left)
[lane 100] <-- instant_event_alert thr=0.0500 shard=0 rc=0 (22:11:49)
[lane 100] --> p1 instant_event_alert thr=0.0500 shard=0 (22:11:49, 3073s left)
[lane 100] <-- instant_event_alert thr=0.0500 shard=0 rc=0 (22:13:12)
[lane 100] --> p1 instant_event_alert thr=0.0500 shard=0 (22:13:12, 2990s left)
[lane 100] <-- instant_event_alert thr=0.0500 shard=0 rc=0 (22:14:13)
[lane 100] --> p1 instant_event_alert thr=0.0500 shard=0 (22:14:13, 2929s left)
[lane 100] <-- instant_event_alert thr=0.0500 shard=0 rc=0 (22:15:09)
[lane 100] --> p1 instant_event_alert thr=0.0500 shard=0 (22:15:09, 2873s left)
[lane 100] <-- instant_event_alert thr=0.0500 shard=0 rc=0 (22:16:00)
[lane 100] --> p1 instant_event_alert thr=0.0500 shard=0 (22:16:00, 2822s left)
[lane 100] <-- instant_event_alert thr=0.0500 shard=0 rc=0 (22:17:02)
[lane 100] --> p1 instant_event_alert thr=0.0500 shard=0 (22:17:02, 2760s left)
[lane 100] <-- instant_event_alert thr=0.0500 shard=0 rc=0 (22:18:00)
[lane 100] --> p1 instant_event_alert thr=0.0500 shard=0 (22:18:00, 2702s left)
[lane 100] <-- instant_event_alert thr=0.0500 shard=0 rc=0 (22:18:50)
[lane 100] --> p1 instant_event_alert thr=0.0500 shard=2 (22:18:50, 2652s left)
[lane 100] <-- instant_event_alert thr=0.0500 shard=2 rc=0 (22:20:08)
[lane 100] --> p1 instant_event_alert thr=0.0500 shard=2 (22:20:08, 2574s left)
[lane 100] <-- instant_event_alert thr=0.0500 shard=2 rc=0 (22:21:04)
[lane 100] --> p1 instant_event_alert thr=0.0500 shard=2 (22:21:04, 2518s left)
[lane 100] <-- instant_event_alert thr=0.0500 shard=2 rc=0 (22:21:48)
[lane 100] --> p1 instant_event_alert thr=0.0500 shard=2 (22:21:48, 2474s left)
[lane 100] <-- instant_event_alert thr=0.0500 shard=2 rc=0 (22:22:34)
[lane 100] --> p1 instant_event_alert thr=0.0500 shard=2 (22:22:34, 2428s left)
[lane 100] <-- instant_event_alert thr=0.0500 shard=2 rc=0 (22:23:15)
[lane 100] --> p1 instant_event_alert thr=0.0500 shard=2 (22:23:15, 2387s left)
[lane 100] <-- instant_event_alert thr=0.0500 shard=2 rc=0 (22:23:58)
[lane 100] --> p1 instant_event_alert thr=0.0500 shard=2 (22:23:58, 2344s left)
[lane 100] <-- instant_event_alert thr=0.0500 shard=2 rc=0 (22:24:41)
[lane 100] --> p1 instant_event_alert thr=0.0500 shard=2 (22:24:41, 2301s left)
[lane 100] <-- instant_event_alert thr=0.0500 shard=2 rc=0 (22:25:21)
[lane 100] --> p1 instant_event_alert thr=0.0500 shard=0 (22:25:21, 2261s left)
[lane 100] <-- instant_event_alert thr=0.0500 shard=0 rc=0 (22:26:06)
[lane 100] --> p1 instant_event_alert thr=0.0500 shard=0 (22:26:06, 2216s left)
[lane 100] <-- instant_event_alert thr=0.0500 shard=0 rc=0 (22:26:46)
[lane 100] --> p1 instant_event_alert thr=0.0500 shard=0 (22:26:46, 2176s left)
[lane 100] <-- instant_event_alert thr=0.0500 shard=0 rc=0 (22:27:30)
[lane 100] --> p1 instant_event_alert thr=0.0500 shard=0 (22:27:30, 2132s left)
[lane 100] <-- instant_event_alert thr=0.0500 shard=0 rc=0 (22:28:16)
[lane 100] --> p1 instant_event_alert thr=0.0500 shard=2 (22:28:16, 2086s left)
[lane 100] <-- instant_event_alert thr=0.0500 shard=2 rc=0 (22:28:58)
[lane 100] --> p1 instant_event_alert thr=0.0500 shard=2 (22:28:58, 2044s left)
[lane 100] <-- instant_event_alert thr=0.0500 shard=2 rc=0 (22:29:42)
[lane 100] --> p1 instant_event_alert thr=0.0500 shard=2 (22:29:42, 2000s left)
[lane 100] <-- instant_event_alert thr=0.0500 shard=2 rc=0 (22:30:28)
[lane 100] --> p1 instant_event_alert thr=0.0500 shard=2 (22:30:28, 1954s left)
[lane 100] <-- instant_event_alert thr=0.0500 shard=2 rc=0 (22:31:11)
[lane 100] --> p1 instant_event_alert thr=0.0500 shard=2 (22:31:11, 1911s left)
[lane 100] <-- instant_event_alert thr=0.0500 shard=2 rc=0 (22:32:10)
[lane 100] --> p1 instant_event_alert thr=0.0500 shard=0 (22:32:10, 1852s left)
[lane 100] <-- instant_event_alert thr=0.0500 shard=0 rc=0 (22:32:55)
[lane 100] --> p1 instant_event_alert thr=0.0500 shard=1 (22:32:55, 1807s left)
[lane 100] <-- instant_event_alert thr=0.0500 shard=1 rc=0 (22:33:43)
[lane 100] --> p1 instant_event_alert thr=0.0500 shard=1 (22:33:43, 1759s left)
[lane 100] <-- instant_event_alert thr=0.0500 shard=1 rc=0 (22:34:25)
[lane 100] --> p1 instant_event_alert thr=0.0500 shard=2 (22:34:25, 1717s left)
[lane 100] <-- instant_event_alert thr=0.0500 shard=2 rc=0 (22:35:10)
[lane 100] --> p1 instant_event_alert thr=0.0500 shard=0 (22:35:11, 1672s left)
[lane 100] <-- instant_event_alert thr=0.0500 shard=0 rc=0 (22:36:00)
[lane 100] --> p1 instant_event_alert thr=0.0500 shard=0 (22:36:01, 1622s left)
[lane 100] <-- instant_event_alert thr=0.0500 shard=0 rc=0 (22:36:44)
[lane 100] --> p1 instant_event_alert thr=0.0500 shard=0 (22:36:44, 1578s left)
[lane 100] <-- instant_event_alert thr=0.0500 shard=0 rc=0 (22:37:31)
[lane 100] --> p1 instant_event_alert thr=0.0500 shard=3 (22:37:31, 1531s left)
[lane 100] <-- instant_event_alert thr=0.0500 shard=3 rc=0 (22:38:17)
[lane 100] --> p1 instant_event_alert thr=0.0500 shard=3 (22:38:17, 1485s left)
[lane 100] <-- instant_event_alert thr=0.0500 shard=3 rc=0 (22:39:01)
[lane 100] --> p1 instant_event_alert thr=0.0500 shard=3 (22:39:01, 1441s left)
[lane 100] <-- instant_event_alert thr=0.0500 shard=3 rc=0 (22:39:45)
[lane 100] --> p1 instant_event_alert thr=0.0500 shard=3 (22:39:45, 1397s left)
[lane 100] <-- instant_event_alert thr=0.0500 shard=3 rc=0 (22:40:31)
[lane 100] --> p1 instant_event_alert thr=0.0500 shard=3 (22:40:31, 1351s left)
[lane 100] <-- instant_event_alert thr=0.0500 shard=3 rc=0 (22:41:34)
[lane 100] --> p1 instant_event_alert thr=0.0500 shard=3 (22:41:34, 1288s left)
[lane 100] <-- instant_event_alert thr=0.0500 shard=3 rc=0 (22:42:31)
[lane 100] --> p1 instant_event_alert thr=0.0500 shard=3 (22:42:31, 1231s left)
[lane 100] <-- instant_event_alert thr=0.0500 shard=3 rc=0 (22:43:26)
[lane 100] --> p1 instant_event_alert thr=0.0500 shard=3 (22:43:26, 1176s left)
[lane 100] <-- instant_event_alert thr=0.0500 shard=3 rc=0 (22:44:08)
[lane 100] --> p1 instant_event_alert thr=0.0500 shard=3 (22:44:08, 1134s left)
[lane 100] <-- instant_event_alert thr=0.0500 shard=3 rc=0 (22:44:52)
[lane 100] --> p1 instant_event_alert thr=0.0500 shard=3 (22:44:52, 1090s left)
[lane 100] <-- instant_event_alert thr=0.0500 shard=3 rc=0 (22:45:41)
[lane 100] --> p1 instant_event_alert thr=0.0500 shard=1 (22:45:41, 1041s left)
[lane 100] <-- instant_event_alert thr=0.0500 shard=1 rc=0 (22:46:26)
[lane 100] --> p1 instant_event_alert thr=0.0500 shard=1 (22:46:26, 996s left)
[lane 100] <-- instant_event_alert thr=0.0500 shard=1 rc=0 (22:47:17)
[lane 100] --> p1 instant_event_alert thr=0.0500 shard=1 (22:47:17, 945s left)
[lane 100] <-- instant_event_alert thr=0.0500 shard=1 rc=0 (22:48:02)
[lane 100] --> p1 instant_event_alert thr=0.0500 shard=1 (22:48:02, 900s left)
[lane 100] <-- instant_event_alert thr=0.0500 shard=1 rc=0 (22:48:48)
[lane 100] --> p1 instant_event_alert thr=0.0500 shard=1 (22:48:48, 854s left)
[lane 100] <-- instant_event_alert thr=0.0500 shard=1 rc=0 (22:49:33)
[lane 100] --> p1 instant_event_alert thr=0.0500 shard=1 (22:49:33, 809s left)
[lane 100] <-- instant_event_alert thr=0.0500 shard=1 rc=0 (22:50:18)
[lane 100] --> p1 instant_event_alert thr=0.0500 shard=1 (22:50:18, 764s left)
[lane 100] <-- instant_event_alert thr=0.0500 shard=1 rc=0 (22:51:02)
[lane 100] --> p1 instant_event_alert thr=0.0500 shard=1 (22:51:02, 720s left)
[lane 100] <-- instant_event_alert thr=0.0500 shard=1 rc=0 (22:51:54)
[lane 100] --> p1 instant_event_alert thr=0.0500 shard=1 (22:51:54, 668s left)
[lane 100] <-- instant_event_alert thr=0.0500 shard=1 rc=0 (22:52:45)
[lane 100] --> p1 instant_event_alert thr=0.0500 shard=1 (22:52:45, 617s left)
[lane 100] <-- instant_event_alert thr=0.0500 shard=1 rc=0 (22:53:32)
[lane 100] --> p1 instant_event_alert thr=0.0500 shard=1 (22:53:32, 570s left)
[lane 100] <-- instant_event_alert thr=0.0500 shard=1 rc=0 (22:54:27)
[lane 100] --> p1 instant_event_alert thr=0.0500 shard=1 (22:54:27, 515s left)
[lane 100] <-- instant_event_alert thr=0.0500 shard=1 rc=0 (22:55:15)
[lane 100] --> p1 instant_event_alert thr=0.0500 shard=0 (22:55:15, 467s left)
[lane 100] <-- instant_event_alert thr=0.0500 shard=0 rc=0 (22:56:01)
[lane 100] --> p1 instant_event_alert thr=0.0500 shard=2 (22:56:01, 421s left)
[lane 100] <-- instant_event_alert thr=0.0500 shard=2 rc=0 (22:56:47)
[lane 100] --> p1 instant_event_alert thr=0.0500 shard=2 (22:56:47, 375s left)
[lane 100] <-- instant_event_alert thr=0.0500 shard=2 rc=0 (22:57:40)
[lane 100] --> p1 instant_event_alert thr=0.0500 shard=2 (22:57:40, 322s left)
[lane 100] <-- instant_event_alert thr=0.0500 shard=2 rc=0 (22:58:36)
[lane 100] --> p1 instant_event_alert thr=0.0500 shard=2 (22:58:36, 266s left)
[lane 100] <-- instant_event_alert thr=0.0500 shard=2 rc=0 (22:59:27)
[lane 100] 215s left (< 240) -- stopping cleanly
[lane 100] done, 81 units attempted 22:59:27
[lane 100] clariden-ln004 gpu=0 start=23:00:23 deadline=00:30:23 max_dur=300
[lane 100] --> p1 instant_event_alert thr=0.0500 shard=0 (23:00:23, 5400s left)
[lane 100] <-- instant_event_alert thr=0.0500 shard=0 rc=0 (23:01:03)
[lane 100] --> p1 instant_event_alert thr=0.0500 shard=0 (23:01:03, 5360s left)
[lane 100] <-- instant_event_alert thr=0.0500 shard=0 rc=0 (23:02:45)
[lane 100] --> p1 instant_event_alert thr=0.0500 shard=0 (23:02:45, 5258s left)
[lane 100] <-- instant_event_alert thr=0.0500 shard=0 rc=0 (23:04:04)
[lane 100] --> p1 instant_event_alert thr=0.0500 shard=2 (23:04:04, 5179s left)
[lane 100] <-- instant_event_alert thr=0.0500 shard=2 rc=0 (23:05:16)
[lane 100] --> p1 instant_event_alert thr=0.0500 shard=0 (23:05:16, 5107s left)
[lane 100] <-- instant_event_alert thr=0.0500 shard=0 rc=0 (23:05:54)
[lane 100] --> p1 instant_event_alert thr=0.0500 shard=0 (23:05:54, 5069s left)
[lane 100] <-- instant_event_alert thr=0.0500 shard=0 rc=0 (23:06:37)
[lane 100] --> p1 instant_event_alert thr=0.0500 shard=2 (23:06:37, 5026s left)
[lane 100] <-- instant_event_alert thr=0.0500 shard=2 rc=0 (23:07:19)
[lane 100] --> p1 instant_event_alert thr=0.0500 shard=2 (23:07:19, 4984s left)
[lane 100] <-- instant_event_alert thr=0.0500 shard=2 rc=0 (23:08:02)
[lane 100] --> p1 instant_event_alert thr=0.0500 shard=2 (23:08:02, 4941s left)
[lane 100] <-- instant_event_alert thr=0.0500 shard=2 rc=0 (23:08:46)
[lane 100] --> p1 instant_event_alert thr=0.0500 shard=0 (23:08:46, 4897s left)
[lane 100] <-- instant_event_alert thr=0.0500 shard=0 rc=0 (23:09:31)
[lane 100] --> p1 instant_event_alert thr=0.0500 shard=0 (23:09:31, 4852s left)
[lane 100] <-- instant_event_alert thr=0.0500 shard=0 rc=0 (23:10:14)
[lane 100] --> p1 instant_event_alert thr=0.0500 shard=0 (23:10:14, 4809s left)
[lane 100] <-- instant_event_alert thr=0.0500 shard=0 rc=0 (23:10:59)
[lane 100] --> p1 instant_event_alert thr=0.0500 shard=0 (23:10:59, 4764s left)
[lane 100] <-- instant_event_alert thr=0.0500 shard=0 rc=0 (23:11:39)
[lane 100] --> p1 instant_event_alert thr=0.0500 shard=0 (23:11:39, 4724s left)
[lane 100] <-- instant_event_alert thr=0.0500 shard=0 rc=0 (23:12:33)
[lane 100] --> p1 instant_event_alert thr=0.0500 shard=1 (23:12:33, 4670s left)
[lane 100] <-- instant_event_alert thr=0.0500 shard=1 rc=0 (23:13:23)
[lane 100] --> p1 instant_event_alert thr=0.0500 shard=1 (23:13:23, 4620s left)
[lane 100] <-- instant_event_alert thr=0.0500 shard=1 rc=0 (23:14:07)
[lane 100] --> p1 instant_event_alert thr=0.0500 shard=1 (23:14:07, 4576s left)
[lane 100] <-- instant_event_alert thr=0.0500 shard=1 rc=0 (23:14:49)
[lane 100] --> p1 instant_event_alert thr=0.0500 shard=2 (23:14:49, 4534s left)
[lane 100] <-- instant_event_alert thr=0.0500 shard=2 rc=0 (23:15:37)
[lane 100] --> p1 instant_event_alert thr=0.0500 shard=1 (23:15:37, 4486s left)
[lane 100] <-- instant_event_alert thr=0.0500 shard=1 rc=0 (23:16:20)
[lane 100] --> p1 instant_event_alert thr=0.0500 shard=1 (23:16:20, 4443s left)
[lane 100] <-- instant_event_alert thr=0.0500 shard=1 rc=0 (23:17:04)
[lane 100] --> p1 instant_event_alert thr=0.0500 shard=2 (23:17:04, 4399s left)
[lane 100] <-- instant_event_alert thr=0.0500 shard=2 rc=0 (23:17:53)
[lane 100] --> p1 instant_event_alert thr=0.0500 shard=2 (23:17:53, 4350s left)
[lane 100] <-- instant_event_alert thr=0.0500 shard=2 rc=0 (23:18:40)
[lane 100] --> p1 instant_event_alert thr=0.0500 shard=2 (23:18:40, 4303s left)
[lane 100] <-- instant_event_alert thr=0.0500 shard=2 rc=0 (23:19:25)
[lane 100] --> p1 instant_event_alert thr=0.0500 shard=2 (23:19:25, 4258s left)
[lane 100] <-- instant_event_alert thr=0.0500 shard=2 rc=0 (23:20:12)
[lane 100] --> p1 instant_event_alert thr=0.0500 shard=1 (23:20:12, 4211s left)
[lane 100] <-- instant_event_alert thr=0.0500 shard=1 rc=0 (23:20:53)
[lane 100] --> p1 instant_event_alert thr=0.0500 shard=1 (23:20:53, 4170s left)
[lane 100] <-- instant_event_alert thr=0.0500 shard=1 rc=0 (23:21:45)
[lane 100] --> p1 instant_event_alert thr=0.0500 shard=1 (23:21:45, 4118s left)
[lane 100] <-- instant_event_alert thr=0.0500 shard=1 rc=0 (23:22:32)
[lane 100] --> p1 instant_event_alert thr=0.0500 shard=2 (23:22:32, 4071s left)
[lane 100] <-- instant_event_alert thr=0.0500 shard=2 rc=0 (23:23:13)
[lane 100] --> p1 instant_event_alert thr=0.0500 shard=2 (23:23:13, 4030s left)
[lane 100] <-- instant_event_alert thr=0.0500 shard=2 rc=0 (23:23:56)
[lane 100] --> p1 instant_event_alert thr=0.0500 shard=2 (23:23:56, 3987s left)
[lane 100] <-- instant_event_alert thr=0.0500 shard=2 rc=0 (23:24:48)
[lane 100] --> p1 instant_event_alert thr=0.0500 shard=2 (23:24:48, 3935s left)
[lane 100] <-- instant_event_alert thr=0.0500 shard=2 rc=0 (23:25:37)
[lane 100] --> p1 instant_event_alert thr=0.0500 shard=2 (23:25:38, 3886s left)
[lane 100] <-- instant_event_alert thr=0.0500 shard=2 rc=0 (23:26:28)
[lane 100] --> p1 instant_event_alert thr=0.0500 shard=2 (23:26:28, 3835s left)
[lane 100] <-- instant_event_alert thr=0.0500 shard=2 rc=0 (23:27:23)
[lane 100] --> p1 instant_event_alert thr=0.0500 shard=2 (23:27:23, 3780s left)
[lane 100] <-- instant_event_alert thr=0.0500 shard=2 rc=0 (23:28:29)
[lane 100] --> p1 instant_event_alert thr=0.0500 shard=2 (23:28:29, 3714s left)
[lane 100] <-- instant_event_alert thr=0.0500 shard=2 rc=0 (23:29:19)
[lane 100] --> p1 instant_event_alert thr=0.0500 shard=2 (23:29:19, 3664s left)
[lane 100] <-- instant_event_alert thr=0.0500 shard=2 rc=0 (23:30:04)
[lane 100] --> p1 instant_event_alert thr=0.0500 shard=2 (23:30:04, 3619s left)
[lane 100] <-- instant_event_alert thr=0.0500 shard=2 rc=0 (23:31:03)
[lane 100] --> p1 instant_event_alert thr=0.0500 shard=2 (23:31:03, 3560s left)
[lane 100] <-- instant_event_alert thr=0.0500 shard=2 rc=0 (23:31:49)
[lane 100] --> p1 instant_event_alert thr=0.0500 shard=2 (23:31:49, 3514s left)
[lane 100] <-- instant_event_alert thr=0.0500 shard=2 rc=0 (23:32:31)
[lane 100] --> p1 instant_event_alert thr=0.0500 shard=2 (23:32:31, 3472s left)
[lane 100] <-- instant_event_alert thr=0.0500 shard=2 rc=0 (23:33:22)
[lane 100] --> p1 instant_event_alert thr=0.0500 shard=2 (23:33:22, 3421s left)
[lane 100] <-- instant_event_alert thr=0.0500 shard=2 rc=0 (23:34:05)
[lane 100] --> p1 instant_event_alert thr=0.0500 shard=2 (23:34:05, 3378s left)
[lane 100] <-- instant_event_alert thr=0.0500 shard=2 rc=0 (23:34:46)
[lane 100] --> p1 instant_event_alert thr=0.0500 shard=2 (23:34:46, 3337s left)
[lane 100] <-- instant_event_alert thr=0.0500 shard=2 rc=0 (23:35:29)
[lane 100] --> p1 instant_event_alert thr=0.0500 shard=2 (23:35:29, 3294s left)
[lane 100] <-- instant_event_alert thr=0.0500 shard=2 rc=0 (23:36:18)
[lane 100] --> p1 instant_event_alert thr=0.0500 shard=2 (23:36:18, 3245s left)
[lane 100] <-- instant_event_alert thr=0.0500 shard=2 rc=0 (23:37:02)
[lane 100] --> p1 instant_event_alert thr=0.0500 shard=2 (23:37:02, 3201s left)
[lane 100] <-- instant_event_alert thr=0.0500 shard=2 rc=0 (23:37:49)
[lane 100] --> p1 instant_event_alert thr=0.0500 shard=0 (23:37:49, 3154s left)
[lane 100] <-- instant_event_alert thr=0.0500 shard=0 rc=0 (23:38:35)
[lane 100] --> p1 instant_event_alert thr=0.0500 shard=0 (23:38:35, 3108s left)
[lane 100] <-- instant_event_alert thr=0.0500 shard=0 rc=0 (23:39:24)
[lane 100] --> p1 instant_event_alert thr=0.0500 shard=0 (23:39:24, 3059s left)
[lane 100] <-- instant_event_alert thr=0.0500 shard=0 rc=0 (23:40:08)
[lane 100] --> p1 instant_event_alert thr=0.0500 shard=0 (23:40:08, 3015s left)
[lane 100] <-- instant_event_alert thr=0.0500 shard=0 rc=0 (23:40:55)
[lane 100] --> p1 instant_event_alert thr=0.0500 shard=0 (23:40:55, 2968s left)
[lane 100] <-- instant_event_alert thr=0.0500 shard=0 rc=0 (23:41:43)
[lane 100] --> p1 instant_event_alert thr=0.0500 shard=0 (23:41:43, 2920s left)
[lane 100] <-- instant_event_alert thr=0.0500 shard=0 rc=0 (23:42:29)
[lane 100] --> p1 instant_event_alert thr=0.0500 shard=1 (23:42:29, 2874s left)
[lane 100] <-- instant_event_alert thr=0.0500 shard=1 rc=0 (23:43:16)
[lane 100] --> p1 instant_event_alert thr=0.0500 shard=1 (23:43:16, 2827s left)
[lane 100] <-- instant_event_alert thr=0.0500 shard=1 rc=0 (23:44:19)
[lane 100] --> p1 instant_event_alert thr=0.0500 shard=1 (23:44:19, 2764s left)
[lane 100] <-- instant_event_alert thr=0.0500 shard=1 rc=0 (23:45:09)
[lane 100] --> p1 instant_event_alert thr=0.0500 shard=1 (23:45:09, 2714s left)
[lane 100] <-- instant_event_alert thr=0.0500 shard=1 rc=0 (23:46:03)
[lane 100] --> p1 instant_event_alert thr=0.0500 shard=1 (23:46:03, 2660s left)
[lane 100] <-- instant_event_alert thr=0.0500 shard=1 rc=0 (23:46:50)
[lane 100] --> p1 instant_event_alert thr=0.0500 shard=1 (23:46:50, 2613s left)
[lane 100] <-- instant_event_alert thr=0.0500 shard=1 rc=0 (23:47:38)
[lane 100] --> p1 instant_event_alert thr=0.0500 shard=1 (23:47:38, 2565s left)
[lane 100] <-- instant_event_alert thr=0.0500 shard=1 rc=0 (23:48:23)
[lane 100] --> p1 instant_event_alert thr=0.0500 shard=1 (23:48:23, 2520s left)
[lane 100] <-- instant_event_alert thr=0.0500 shard=1 rc=0 (23:49:26)
[lane 100] --> p1 instant_event_alert thr=0.0500 shard=1 (23:49:26, 2457s left)
[lane 100] <-- instant_event_alert thr=0.0500 shard=1 rc=0 (23:50:09)
[lane 100] --> p1 instant_event_alert thr=0.0500 shard=0 (23:50:09, 2414s left)
[lane 100] <-- instant_event_alert thr=0.0500 shard=0 rc=0 (23:50:53)
[lane 100] --> p1 instant_event_alert thr=0.0500 shard=0 (23:50:53, 2370s left)
[lane 100] <-- instant_event_alert thr=0.0500 shard=0 rc=0 (23:51:43)
[lane 100] --> p1 instant_event_alert thr=0.0500 shard=0 (23:51:43, 2320s left)
[lane 100] <-- instant_event_alert thr=0.0500 shard=0 rc=0 (23:52:29)
[lane 100] --> p1 instant_event_alert thr=0.0500 shard=0 (23:52:29, 2274s left)
[lane 100] <-- instant_event_alert thr=0.0500 shard=0 rc=0 (23:53:12)
[lane 100] --> p1 instant_event_alert thr=0.0500 shard=0 (23:53:12, 2231s left)
[lane 100] <-- instant_event_alert thr=0.0500 shard=0 rc=0 (23:53:58)
[lane 100] --> p1 instant_event_alert thr=0.0500 shard=0 (23:53:59, 2184s left)
[lane 100] <-- instant_event_alert thr=0.0500 shard=0 rc=0 (23:54:42)
[lane 100] --> p1 instant_event_alert thr=0.0500 shard=2 (23:54:42, 2141s left)
[lane 100] <-- instant_event_alert thr=0.0500 shard=2 rc=0 (23:55:27)
[lane 100] --> p1 instant_event_alert thr=0.0500 shard=1 (23:55:27, 2096s left)
[lane 100] <-- instant_event_alert thr=0.0500 shard=1 rc=0 (23:56:15)
[lane 100] --> p1 instant_event_alert thr=0.0500 shard=1 (23:56:15, 2048s left)
[lane 100] <-- instant_event_alert thr=0.0500 shard=1 rc=0 (23:57:00)
[lane 100] --> p1 instant_event_alert thr=0.0500 shard=1 (23:57:01, 2003s left)
[lane 100] <-- instant_event_alert thr=0.0500 shard=1 rc=0 (23:57:48)
[lane 100] --> p1 instant_event_alert thr=0.0500 shard=1 (23:57:48, 1955s left)
[lane 100] <-- instant_event_alert thr=0.0500 shard=1 rc=0 (23:58:35)
[lane 100] --> p1 instant_event_alert thr=0.0500 shard=0 (23:58:35, 1908s left)
[lane 100] <-- instant_event_alert thr=0.0500 shard=0 rc=0 (23:59:28)
[lane 100] --> p1 instant_event_alert thr=0.0500 shard=0 (23:59:28, 1855s left)
[lane 100] <-- instant_event_alert thr=0.0500 shard=0 rc=0 (00:00:16)
[lane 100] --> p1 instant_event_alert thr=0.0500 shard=2 (00:00:16, 1807s left)
[lane 100] <-- instant_event_alert thr=0.0500 shard=2 rc=0 (00:01:02)
[lane 100] --> p1 instant_event_alert thr=0.0500 shard=2 (00:01:02, 1761s left)
[lane 100] <-- instant_event_alert thr=0.0500 shard=2 rc=0 (00:01:49)
[lane 100] --> p1 instant_event_alert thr=0.0500 shard=2 (00:01:49, 1714s left)
[lane 100] <-- instant_event_alert thr=0.0500 shard=2 rc=0 (00:02:42)
[lane 100] --> p1 instant_event_alert thr=0.0500 shard=2 (00:02:42, 1661s left)
[lane 100] <-- instant_event_alert thr=0.0500 shard=2 rc=0 (00:03:28)
[lane 100] --> p1 instant_event_alert thr=0.0500 shard=1 (00:03:28, 1615s left)
[lane 100] <-- instant_event_alert thr=0.0500 shard=1 rc=0 (00:04:16)
[lane 100] --> p1 instant_event_alert thr=0.0500 shard=1 (00:04:16, 1567s left)
[lane 100] <-- instant_event_alert thr=0.0500 shard=1 rc=0 (00:05:00)
[lane 100] --> p1 instant_event_alert thr=0.0500 shard=1 (00:05:00, 1523s left)
[lane 100] <-- instant_event_alert thr=0.0500 shard=1 rc=0 (00:05:45)
[lane 100] --> p1 instant_event_alert thr=0.0500 shard=1 (00:05:45, 1478s left)
[lane 100] <-- instant_event_alert thr=0.0500 shard=1 rc=0 (00:06:30)
[lane 100] --> p1 instant_event_alert thr=0.0500 shard=1 (00:06:30, 1433s left)
[lane 100] <-- instant_event_alert thr=0.0500 shard=1 rc=0 (00:07:42)
[lane 100] --> p1 instant_event_alert thr=0.0500 shard=1 (00:07:42, 1361s left)
[lane 100] <-- instant_event_alert thr=0.0500 shard=1 rc=0 (00:08:49)
[lane 100] --> p1 instant_event_alert thr=0.0500 shard=0 (00:08:49, 1294s left)
[lane 100] <-- instant_event_alert thr=0.0500 shard=0 rc=0 (00:09:39)
[lane 100] --> p1 instant_event_alert thr=0.0500 shard=0 (00:09:39, 1244s left)
[lane 100] <-- instant_event_alert thr=0.0500 shard=0 rc=0 (00:10:21)
[lane 100] --> p1 instant_event_alert thr=0.0500 shard=0 (00:10:22, 1202s left)
[lane 100] <-- instant_event_alert thr=0.0500 shard=0 rc=0 (00:11:06)
[lane 100] --> p1 instant_event_alert thr=0.0500 shard=0 (00:11:06, 1157s left)
[lane 100] <-- instant_event_alert thr=0.0500 shard=0 rc=0 (00:11:48)
[lane 100] --> p1 instant_event_alert thr=0.0500 shard=0 (00:11:48, 1115s left)
[lane 100] <-- instant_event_alert thr=0.0500 shard=0 rc=0 (00:12:34)
[lane 100] --> p1 instant_event_alert thr=0.0500 shard=2 (00:12:35, 1069s left)
[lane 100] <-- instant_event_alert thr=0.0500 shard=2 rc=0 (00:13:17)
[lane 100] --> p1 instant_event_alert thr=0.0500 shard=2 (00:13:17, 1026s left)
[lane 100] <-- instant_event_alert thr=0.0500 shard=2 rc=0 (00:14:03)
[lane 100] --> p1 instant_event_alert thr=0.0500 shard=2 (00:14:03, 980s left)
[lane 100] <-- instant_event_alert thr=0.0500 shard=2 rc=0 (00:14:45)
[lane 100] --> p1 instant_event_alert thr=0.0500 shard=2 (00:14:45, 938s left)
[lane 100] <-- instant_event_alert thr=0.0500 shard=2 rc=0 (00:15:28)
[lane 100] --> p1 instant_event_alert thr=0.0500 shard=2 (00:15:28, 895s left)
[lane 100] <-- instant_event_alert thr=0.0500 shard=2 rc=0 (00:16:19)
[lane 100] --> p1 instant_event_alert thr=0.0500 shard=2 (00:16:19, 844s left)
[lane 100] <-- instant_event_alert thr=0.0500 shard=2 rc=0 (00:17:14)
[lane 100] --> p1 instant_event_alert thr=0.0500 shard=2 (00:17:14, 789s left)
[lane 100] <-- instant_event_alert thr=0.0500 shard=2 rc=0 (00:17:59)
[lane 100] --> p1 instant_event_alert thr=0.0500 shard=2 (00:17:59, 744s left)
[lane 100] <-- instant_event_alert thr=0.0500 shard=2 rc=0 (00:18:49)
[lane 100] --> p1 instant_event_alert thr=0.0500 shard=2 (00:18:49, 694s left)
[lane 100] <-- instant_event_alert thr=0.0500 shard=2 rc=0 (00:19:33)
[lane 100] --> p1 instant_event_alert thr=0.0500 shard=2 (00:19:33, 650s left)
[lane 100] <-- instant_event_alert thr=0.0500 shard=2 rc=0 (00:20:16)
[lane 100] --> p1 instant_event_alert thr=0.0500 shard=2 (00:20:16, 607s left)
[lane 100] <-- instant_event_alert thr=0.0500 shard=2 rc=0 (00:20:59)
[lane 100] --> p1 instant_event_alert thr=0.0500 shard=1 (00:20:59, 564s left)
[lane 100] <-- instant_event_alert thr=0.0500 shard=1 rc=0 (00:21:57)
[lane 100] --> p1 instant_event_alert thr=0.0500 shard=0 (00:21:57, 506s left)
[lane 100] <-- instant_event_alert thr=0.0500 shard=0 rc=0 (00:22:40)
[lane 100] --> p1 instant_event_alert thr=0.0500 shard=1 (00:22:40, 463s left)
[lane 100] <-- instant_event_alert thr=0.0500 shard=1 rc=0 (00:23:31)
[lane 100] --> p1 instant_event_alert thr=0.0500 shard=1 (00:23:31, 412s left)
[lane 100] <-- instant_event_alert thr=0.0500 shard=1 rc=0 (00:24:21)
[lane 100] --> p1 instant_event_alert thr=0.0500 shard=1 (00:24:21, 362s left)
[lane 100] <-- instant_event_alert thr=0.0500 shard=1 rc=0 (00:25:07)
[lane 100] --> p1 instant_event_alert thr=0.0500 shard=0 (00:25:07, 316s left)
[lane 100] <-- instant_event_alert thr=0.0500 shard=0 rc=0 (00:25:53)
[lane 100] --> p1 instant_event_alert thr=0.0500 shard=0 (00:25:53, 270s left)
[lane 100] <-- instant_event_alert thr=0.0500 shard=0 rc=0 (00:26:37)
[lane 100] 226s left (< 240) -- stopping cleanly
[lane 100] done, 107 units attempted 00:26:37
[lane 100] clariden-ln004 gpu=0 start=00:27:24 deadline=01:57:24 max_dur=300
[lane 100] --> p1 instant_event_alert thr=0.0500 shard=0 (00:27:24, 5400s left)
[lane 100] <-- instant_event_alert thr=0.0500 shard=0 rc=0 (00:28:28)
[lane 100] --> p1 instant_event_alert thr=0.0500 shard=0 (00:28:28, 5336s left)
[lane 100] <-- instant_event_alert thr=0.0500 shard=0 rc=0 (00:29:50)
[lane 100] --> p1 instant_event_alert thr=0.0500 shard=2 (00:29:50, 5254s left)
[lane 100] <-- instant_event_alert thr=0.0500 shard=2 rc=0 (00:30:44)
[lane 100] --> p1 instant_event_alert thr=0.0500 shard=2 (00:30:44, 5200s left)
[lane 100] <-- instant_event_alert thr=0.0500 shard=2 rc=0 (00:31:19)
[lane 100] --> p1 instant_event_alert thr=0.0500 shard=2 (00:31:19, 5165s left)
[lane 100] <-- instant_event_alert thr=0.0500 shard=2 rc=0 (00:32:10)
[lane 100] --> p1 instant_event_alert thr=0.0500 shard=1 (00:32:10, 5114s left)
[lane 100] <-- instant_event_alert thr=0.0500 shard=1 rc=0 (00:32:54)
[lane 100] --> p1 instant_event_alert thr=0.0500 shard=2 (00:32:55, 5070s left)
[lane 100] <-- instant_event_alert thr=0.0500 shard=2 rc=0 (00:33:50)
[lane 100] --> p1 instant_event_alert thr=0.0500 shard=1 (00:33:50, 5014s left)
[lane 100] <-- instant_event_alert thr=0.0500 shard=1 rc=0 (00:34:35)
[lane 100] --> p1 instant_event_alert thr=0.0500 shard=1 (00:34:35, 4969s left)
[lane 100] <-- instant_event_alert thr=0.0500 shard=1 rc=0 (00:35:17)
[lane 100] --> p1 instant_event_alert thr=0.0500 shard=1 (00:35:17, 4927s left)
[lane 100] <-- instant_event_alert thr=0.0500 shard=1 rc=0 (00:36:05)
[lane 100] --> p1 instant_event_alert thr=0.0500 shard=0 (00:36:05, 4879s left)
[lane 100] <-- instant_event_alert thr=0.0500 shard=0 rc=0 (00:37:08)
[lane 100] --> p1 instant_event_alert thr=0.0500 shard=0 (00:37:08, 4816s left)
[lane 100] <-- instant_event_alert thr=0.0500 shard=0 rc=0 (00:37:48)
[lane 100] --> p1 instant_event_alert thr=0.0500 shard=0 (00:37:48, 4776s left)
[lane 100] <-- instant_event_alert thr=0.0500 shard=0 rc=0 (00:38:37)
[lane 100] --> p1 instant_event_alert thr=0.0500 shard=0 (00:38:37, 4727s left)
[lane 100] <-- instant_event_alert thr=0.0500 shard=0 rc=0 (00:39:19)
[lane 100] --> p1 instant_event_alert thr=0.0500 shard=0 (00:39:19, 4685s left)
[lane 100] <-- instant_event_alert thr=0.0500 shard=0 rc=0 (00:40:13)
[lane 100] --> p1 instant_event_alert thr=0.0500 shard=0 (00:40:13, 4631s left)
[lane 100] <-- instant_event_alert thr=0.0500 shard=0 rc=0 (00:40:56)
[lane 100] --> p1 instant_event_alert thr=0.0500 shard=0 (00:40:56, 4588s left)
[lane 100] <-- instant_event_alert thr=0.0500 shard=0 rc=0 (00:41:44)
[lane 100] --> p1 instant_event_alert thr=0.0500 shard=0 (00:41:44, 4540s left)
[lane 100] <-- instant_event_alert thr=0.0500 shard=0 rc=0 (00:42:26)
[lane 100] --> p1 instant_event_alert thr=0.0500 shard=0 (00:42:26, 4498s left)
[lane 100] <-- instant_event_alert thr=0.0500 shard=0 rc=0 (00:43:10)
[lane 100] --> p1 instant_event_alert thr=0.0500 shard=2 (00:43:10, 4454s left)
[lane 100] <-- instant_event_alert thr=0.0500 shard=2 rc=0 (00:43:52)
[lane 100] --> p1 instant_event_alert thr=0.0500 shard=2 (00:43:52, 4412s left)
[lane 100] <-- instant_event_alert thr=0.0500 shard=2 rc=0 (00:44:39)
[lane 100] --> p1 instant_event_alert thr=0.0500 shard=0 (00:44:39, 4365s left)
[lane 100] <-- instant_event_alert thr=0.0500 shard=0 rc=0 (00:45:25)
[lane 100] --> p1 instant_event_alert thr=0.0500 shard=0 (00:45:25, 4319s left)
[lane 100] <-- instant_event_alert thr=0.0500 shard=0 rc=0 (00:46:07)
[lane 100] --> p1 instant_event_alert thr=0.0500 shard=2 (00:46:07, 4277s left)
[lane 100] <-- instant_event_alert thr=0.0500 shard=2 rc=0 (00:46:54)
[lane 100] --> p1 instant_event_alert thr=0.0500 shard=0 (00:46:54, 4230s left)
[lane 100] <-- instant_event_alert thr=0.0500 shard=0 rc=0 (00:47:42)
[lane 100] --> p1 instant_event_alert thr=0.0500 shard=0 (00:47:42, 4182s left)
[lane 100] <-- instant_event_alert thr=0.0500 shard=0 rc=0 (00:48:25)
[lane 100] --> p1 instant_event_alert thr=0.0500 shard=0 (00:48:25, 4139s left)
[lane 100] <-- instant_event_alert thr=0.0500 shard=0 rc=0 (00:49:10)
[lane 100] --> p1 instant_event_alert thr=0.0500 shard=2 (00:49:10, 4094s left)
[lane 100] <-- instant_event_alert thr=0.0500 shard=2 rc=0 (00:49:56)
[lane 100] --> p1 instant_event_alert thr=0.0500 shard=2 (00:49:56, 4048s left)
[lane 100] <-- instant_event_alert thr=0.0500 shard=2 rc=0 (00:50:39)
[lane 100] --> p1 instant_event_alert thr=0.0500 shard=2 (00:50:39, 4005s left)
[lane 100] <-- instant_event_alert thr=0.0500 shard=2 rc=0 (00:51:20)
[lane 100] --> p1 instant_event_alert thr=0.0500 shard=1 (00:51:20, 3964s left)
[lane 100] <-- instant_event_alert thr=0.0500 shard=1 rc=0 (00:52:04)
[lane 100] --> p1 instant_event_alert thr=0.0500 shard=1 (00:52:04, 3920s left)
[lane 100] <-- instant_event_alert thr=0.0500 shard=1 rc=0 (00:52:57)
[lane 100] --> p1 instant_event_alert thr=0.0500 shard=1 (00:52:57, 3867s left)
[lane 100] <-- instant_event_alert thr=0.0500 shard=1 rc=0 (00:53:39)
[lane 100] --> p1 instant_event_alert thr=0.0500 shard=1 (00:53:39, 3825s left)
[lane 100] <-- instant_event_alert thr=0.0500 shard=1 rc=0 (00:54:21)
[lane 100] --> p1 instant_event_alert thr=0.0500 shard=2 (00:54:21, 3783s left)
[lane 100] <-- instant_event_alert thr=0.0500 shard=2 rc=0 (00:55:08)
[lane 100] --> p1 instant_event_alert thr=0.0500 shard=1 (00:55:08, 3736s left)
[lane 100] <-- instant_event_alert thr=0.0500 shard=1 rc=0 (00:56:02)
[lane 100] --> p1 instant_event_alert thr=0.0500 shard=0 (00:56:02, 3682s left)
[lane 100] <-- instant_event_alert thr=0.0500 shard=0 rc=0 (00:56:46)
[lane 100] --> p1 instant_event_alert thr=0.0500 shard=0 (00:56:46, 3638s left)
[lane 100] <-- instant_event_alert thr=0.0500 shard=0 rc=0 (00:57:31)
[lane 100] --> p1 instant_event_alert thr=0.0500 shard=1 (00:57:31, 3593s left)
[lane 100] <-- instant_event_alert thr=0.0500 shard=1 rc=0 (00:58:18)
[lane 100] --> p1 instant_event_alert thr=0.0500 shard=1 (00:58:18, 3546s left)
[lane 100] <-- instant_event_alert thr=0.0500 shard=1 rc=0 (00:59:08)
[lane 100] --> p1 instant_event_alert thr=0.0500 shard=1 (00:59:08, 3496s left)
[lane 100] <-- instant_event_alert thr=0.0500 shard=1 rc=0 (00:59:51)
[lane 100] --> p1 instant_event_alert thr=0.0500 shard=2 (00:59:51, 3453s left)
[lane 100] <-- instant_event_alert thr=0.0500 shard=2 rc=0 (01:00:34)
[lane 100] --> p1 instant_event_alert thr=0.0500 shard=2 (01:00:34, 3410s left)
[lane 100] <-- instant_event_alert thr=0.0500 shard=2 rc=0 (01:01:18)
[lane 100] --> p1 instant_event_alert thr=0.0500 shard=2 (01:01:18, 3366s left)
[lane 100] <-- instant_event_alert thr=0.0500 shard=2 rc=0 (01:02:07)
[lane 100] --> p1 instant_event_alert thr=0.0500 shard=0 (01:02:07, 3317s left)
[lane 100] <-- instant_event_alert thr=0.0500 shard=0 rc=0 (01:02:50)
[lane 100] --> p1 instant_event_alert thr=0.0500 shard=0 (01:02:50, 3274s left)
[lane 100] <-- instant_event_alert thr=0.0500 shard=0 rc=0 (01:03:35)
[lane 100] --> p1 instant_event_alert thr=0.0500 shard=0 (01:03:35, 3229s left)
[lane 100] <-- instant_event_alert thr=0.0500 shard=0 rc=0 (01:04:18)
[lane 100] --> p1 instant_event_alert thr=0.0500 shard=0 (01:04:18, 3186s left)
[lane 100] <-- instant_event_alert thr=0.0500 shard=0 rc=0 (01:05:07)
[lane 100] --> p1 instant_event_alert thr=0.0500 shard=0 (01:05:07, 3137s left)
[lane 100] <-- instant_event_alert thr=0.0500 shard=0 rc=0 (01:05:51)
[lane 100] --> p1 instant_event_alert thr=0.0500 shard=1 (01:05:51, 3093s left)
[lane 100] <-- instant_event_alert thr=0.0500 shard=1 rc=0 (01:06:35)
[lane 100] --> p1 instant_event_alert thr=0.0500 shard=1 (01:06:35, 3049s left)
[lane 100] <-- instant_event_alert thr=0.0500 shard=1 rc=0 (01:07:22)
[lane 100] --> p1 instant_event_alert thr=0.0500 shard=1 (01:07:22, 3002s left)
[lane 100] <-- instant_event_alert thr=0.0500 shard=1 rc=0 (01:08:12)
[lane 100] --> p1 instant_event_alert thr=0.0500 shard=1 (01:08:12, 2952s left)
[lane 100] <-- instant_event_alert thr=0.0500 shard=1 rc=0 (01:08:58)
[lane 100] --> p1 instant_event_alert thr=0.0500 shard=0 (01:08:58, 2906s left)
[lane 100] <-- instant_event_alert thr=0.0500 shard=0 rc=0 (01:09:47)
[lane 100] --> p1 instant_event_alert thr=0.0500 shard=0 (01:09:47, 2857s left)
[lane 100] <-- instant_event_alert thr=0.0500 shard=0 rc=0 (01:10:35)
[lane 100] --> p1 instant_event_alert thr=0.0500 shard=1 (01:10:35, 2809s left)
[lane 100] <-- instant_event_alert thr=0.0500 shard=1 rc=0 (01:11:19)
[lane 100] --> p1 instant_event_alert thr=0.0500 shard=1 (01:11:19, 2765s left)
[lane 100] <-- instant_event_alert thr=0.0500 shard=1 rc=0 (01:12:00)
[lane 100] --> p1 instant_event_alert thr=0.0500 shard=1 (01:12:00, 2724s left)
[lane 100] <-- instant_event_alert thr=0.0500 shard=1 rc=0 (01:12:45)
[lane 100] --> p1 instant_event_alert thr=0.0500 shard=1 (01:12:45, 2679s left)
[lane 100] <-- instant_event_alert thr=0.0500 shard=1 rc=0 (01:13:32)
[lane 100] --> p1 instant_event_alert thr=0.0500 shard=1 (01:13:32, 2632s left)
[lane 100] <-- instant_event_alert thr=0.0500 shard=1 rc=0 (01:14:15)
[lane 100] --> p1 instant_event_alert thr=0.0500 shard=2 (01:14:15, 2589s left)
[lane 100] <-- instant_event_alert thr=0.0500 shard=2 rc=0 (01:14:57)
[lane 100] --> p1 instant_event_alert thr=0.0500 shard=2 (01:14:57, 2547s left)
[lane 100] <-- instant_event_alert thr=0.0500 shard=2 rc=0 (01:15:47)
[lane 100] --> p1 instant_event_alert thr=0.0500 shard=0 (01:15:47, 2497s left)
[lane 100] <-- instant_event_alert thr=0.0500 shard=0 rc=0 (01:16:37)
[lane 100] --> p1 instant_event_alert thr=0.0500 shard=0 (01:16:37, 2447s left)
[lane 100] <-- instant_event_alert thr=0.0500 shard=0 rc=0 (01:17:20)
[lane 100] --> p1 instant_event_alert thr=0.0500 shard=1 (01:17:20, 2404s left)
[lane 100] <-- instant_event_alert thr=0.0500 shard=1 rc=0 (01:18:02)
[lane 100] --> p1 instant_event_alert thr=0.0500 shard=1 (01:18:02, 2362s left)
[lane 100] <-- instant_event_alert thr=0.0500 shard=1 rc=0 (01:18:46)
[lane 100] --> p1 instant_event_alert thr=0.0500 shard=2 (01:18:46, 2318s left)
[lane 100] <-- instant_event_alert thr=0.0500 shard=2 rc=0 (01:19:35)
[lane 100] --> p1 instant_event_alert thr=0.0500 shard=2 (01:19:35, 2269s left)
[lane 100] <-- instant_event_alert thr=0.0500 shard=2 rc=0 (01:20:20)
[lane 100] --> p1 instant_event_alert thr=0.0500 shard=1 (01:20:20, 2224s left)
[lane 100] <-- instant_event_alert thr=0.0500 shard=1 rc=0 (01:21:02)
[lane 100] --> p1 instant_event_alert thr=0.0500 shard=1 (01:21:02, 2182s left)
[lane 100] <-- instant_event_alert thr=0.0500 shard=1 rc=0 (01:21:45)
[lane 100] --> p1 instant_event_alert thr=0.0500 shard=2 (01:21:45, 2139s left)
[lane 100] <-- instant_event_alert thr=0.0500 shard=2 rc=0 (01:22:31)
[lane 100] --> p1 instant_event_alert thr=0.0500 shard=2 (01:22:31, 2093s left)
[lane 100] <-- instant_event_alert thr=0.0500 shard=2 rc=0 (01:23:14)
[lane 100] --> p1 instant_event_alert thr=0.0500 shard=2 (01:23:14, 2050s left)
[lane 100] <-- instant_event_alert thr=0.0500 shard=2 rc=0 (01:23:58)
[lane 100] --> p1 instant_event_alert thr=0.0500 shard=0 (01:23:58, 2006s left)
[lane 100] <-- instant_event_alert thr=0.0500 shard=0 rc=0 (01:24:43)
[lane 100] --> p1 instant_event_alert thr=0.0500 shard=0 (01:24:43, 1961s left)
[lane 100] <-- instant_event_alert thr=0.0500 shard=0 rc=0 (01:25:31)
[lane 100] --> p1 instant_event_alert thr=0.0500 shard=0 (01:25:31, 1913s left)
[lane 100] <-- instant_event_alert thr=0.0500 shard=0 rc=0 (01:26:13)
[lane 100] --> p1 instant_event_alert thr=0.0500 shard=1 (01:26:13, 1871s left)
[lane 100] <-- instant_event_alert thr=0.0500 shard=1 rc=0 (01:26:57)
[lane 100] --> p1 instant_event_alert thr=0.0500 shard=2 (01:26:57, 1827s left)
[lane 100] <-- instant_event_alert thr=0.0500 shard=2 rc=0 (01:27:40)
[lane 100] --> p1 instant_event_alert thr=0.0500 shard=2 (01:27:40, 1784s left)
[lane 100] <-- instant_event_alert thr=0.0500 shard=2 rc=0 (01:28:29)
[lane 100] --> p1 instant_event_alert thr=0.0500 shard=1 (01:28:29, 1735s left)
[lane 100] <-- instant_event_alert thr=0.0500 shard=1 rc=0 (01:29:12)
[lane 100] --> p1 instant_event_alert thr=0.0500 shard=2 (01:29:12, 1692s left)
[lane 100] <-- instant_event_alert thr=0.0500 shard=2 rc=0 (01:29:54)
[lane 100] --> p1 instant_event_alert thr=0.0500 shard=2 (01:29:54, 1650s left)
[lane 100] <-- instant_event_alert thr=0.0500 shard=2 rc=0 (01:30:37)
[lane 100] --> p1 instant_event_alert thr=0.0500 shard=2 (01:30:37, 1607s left)
[lane 100] <-- instant_event_alert thr=0.0500 shard=2 rc=0 (01:31:24)
[lane 100] --> p1 instant_event_alert thr=0.0500 shard=1 (01:31:24, 1560s left)
[lane 100] <-- instant_event_alert thr=0.0500 shard=1 rc=0 (01:32:06)
[lane 100] --> p1 instant_event_alert thr=0.0500 shard=1 (01:32:06, 1518s left)
[lane 100] <-- instant_event_alert thr=0.0500 shard=1 rc=0 (01:32:48)
[lane 100] --> p1 instant_event_alert thr=0.0500 shard=1 (01:32:48, 1476s left)
[lane 100] <-- instant_event_alert thr=0.0500 shard=1 rc=0 (01:33:32)
[lane 100] --> p1 instant_event_alert thr=0.0500 shard=1 (01:33:32, 1432s left)
[lane 100] <-- instant_event_alert thr=0.0500 shard=1 rc=0 (01:34:20)
[lane 100] --> p1 instant_event_alert thr=0.0500 shard=2 (01:34:20, 1384s left)
[lane 100] <-- instant_event_alert thr=0.0500 shard=2 rc=0 (01:35:04)
[lane 100] --> p1 instant_event_alert thr=0.0500 shard=0 (01:35:04, 1340s left)
[lane 100] <-- instant_event_alert thr=0.0500 shard=0 rc=0 (01:35:49)
[lane 100] --> p1 instant_event_alert thr=0.0500 shard=0 (01:35:49, 1295s left)
[lane 100] <-- instant_event_alert thr=0.0500 shard=0 rc=0 (01:36:33)
[lane 100] --> p1 instant_event_alert thr=0.0500 shard=0 (01:36:33, 1251s left)
[lane 100] <-- instant_event_alert thr=0.0500 shard=0 rc=0 (01:37:17)
[lane 100] --> p1 instant_event_alert thr=0.0500 shard=2 (01:37:17, 1207s left)
[lane 100] <-- instant_event_alert thr=0.0500 shard=2 rc=0 (01:38:02)
[lane 100] --> p1 instant_event_alert thr=0.0500 shard=1 (01:38:02, 1162s left)
[lane 100] <-- instant_event_alert thr=0.0500 shard=1 rc=0 (01:38:44)
[lane 100] --> p1 instant_event_alert thr=0.0500 shard=2 (01:38:44, 1120s left)
[lane 100] <-- instant_event_alert thr=0.0500 shard=2 rc=0 (01:39:27)
[lane 100] --> p1 instant_event_alert thr=0.0500 shard=0 (01:39:27, 1077s left)
[lane 100] <-- instant_event_alert thr=0.0500 shard=0 rc=0 (01:40:20)
[lane 100] --> p1 instant_event_alert thr=0.0500 shard=0 (01:40:20, 1024s left)
[lane 100] <-- instant_event_alert thr=0.0500 shard=0 rc=0 (01:41:05)
[lane 100] --> p1 instant_event_alert thr=0.0500 shard=1 (01:41:05, 979s left)
[lane 100] <-- instant_event_alert thr=0.0500 shard=1 rc=0 (01:41:51)
[lane 100] --> p1 instant_event_alert thr=0.0500 shard=1 (01:41:51, 933s left)
[lane 100] <-- instant_event_alert thr=0.0500 shard=1 rc=0 (01:42:35)
[lane 100] --> p1 instant_event_alert thr=0.0500 shard=0 (01:42:35, 889s left)
[lane 100] <-- instant_event_alert thr=0.0500 shard=0 rc=0 (01:43:24)
[lane 100] --> p1 instant_event_alert thr=0.0500 shard=0 (01:43:24, 840s left)
[lane 100] <-- instant_event_alert thr=0.0500 shard=0 rc=0 (01:44:12)
[lane 100] --> p1 instant_event_alert thr=0.0500 shard=0 (01:44:12, 792s left)
[lane 100] <-- instant_event_alert thr=0.0500 shard=0 rc=0 (01:44:55)
[lane 100] --> p1 instant_event_alert thr=0.0500 shard=1 (01:44:55, 749s left)
[lane 100] <-- instant_event_alert thr=0.0500 shard=1 rc=0 (01:45:41)
[lane 100] --> p1 instant_event_alert thr=0.0500 shard=1 (01:45:41, 703s left)
[lane 100] <-- instant_event_alert thr=0.0500 shard=1 rc=0 (01:46:44)
[lane 100] --> p1 instant_event_alert thr=0.0500 shard=0 (01:46:44, 640s left)
[lane 100] <-- instant_event_alert thr=0.0500 shard=0 rc=0 (01:47:32)
[lane 100] --> p1 instant_event_alert thr=0.0500 shard=2 (01:47:32, 592s left)
[lane 100] <-- instant_event_alert thr=0.0500 shard=2 rc=0 (01:48:13)
[lane 100] --> p1 instant_event_alert thr=0.0500 shard=2 (01:48:13, 551s left)
[lane 100] <-- instant_event_alert thr=0.0500 shard=2 rc=0 (01:48:55)
[lane 100] --> p1 instant_event_alert thr=0.0500 shard=2 (01:48:55, 509s left)
[lane 100] <-- instant_event_alert thr=0.0500 shard=2 rc=0 (01:49:46)
[lane 100] --> p1 instant_event_alert thr=0.0500 shard=2 (01:49:46, 458s left)
[lane 100] <-- instant_event_alert thr=0.0500 shard=2 rc=0 (01:50:30)
[lane 100] --> p1 instant_event_alert thr=0.0500 shard=2 (01:50:30, 414s left)
[lane 100] <-- instant_event_alert thr=0.0500 shard=2 rc=0 (01:51:15)
[lane 100] --> p1 instant_event_alert thr=0.0500 shard=0 (01:51:16, 369s left)
[lane 100] <-- instant_event_alert thr=0.0500 shard=0 rc=0 (01:52:03)
[lane 100] --> p1 instant_event_alert thr=0.0500 shard=0 (01:52:03, 321s left)
[lane 100] <-- instant_event_alert thr=0.0500 shard=0 rc=0 (01:52:55)
[lane 100] --> p1 instant_event_alert thr=0.0500 shard=0 (01:52:55, 269s left)
[lane 100] <-- instant_event_alert thr=0.0500 shard=0 rc=0 (01:53:41)
[lane 100] 223s left (< 240) -- stopping cleanly
[lane 100] done, 112 units attempted 01:53:41
[lane 100] clariden-ln004 gpu=0 start=01:54:25 deadline=03:24:25 max_dur=300
[lane 100] --> p1 instant_event_alert thr=0.0500 shard=0 (01:54:25, 5400s left)
[lane 100] <-- instant_event_alert thr=0.0500 shard=0 rc=0 (01:55:11)
[lane 100] --> p1 instant_event_alert thr=0.0500 shard=0 (01:55:12, 5354s left)
[lane 100] <-- instant_event_alert thr=0.0500 shard=0 rc=0 (01:56:05)
[lane 100] --> p1 instant_event_alert thr=0.0500 shard=0 (01:56:05, 5300s left)
[lane 100] <-- instant_event_alert thr=0.0500 shard=0 rc=0 (01:57:02)
[lane 100] --> p1 instant_event_alert thr=0.0500 shard=2 (01:57:03, 5243s left)
[lane 100] <-- instant_event_alert thr=0.0500 shard=2 rc=0 (01:57:44)
[lane 100] --> p1 instant_event_alert thr=0.0500 shard=0 (01:57:44, 5201s left)
[lane 100] <-- instant_event_alert thr=0.0500 shard=0 rc=0 (01:58:32)
[lane 100] --> p1 instant_event_alert thr=0.0500 shard=2 (01:58:32, 5153s left)
[lane 100] <-- instant_event_alert thr=0.0500 shard=2 rc=0 (01:59:13)
[lane 100] --> p1 instant_event_alert thr=0.0500 shard=0 (01:59:14, 5112s left)
[lane 100] <-- instant_event_alert thr=0.0500 shard=0 rc=0 (01:59:47)
[lane 100] --> p1 instant_event_alert thr=0.0500 shard=0 (01:59:47, 5078s left)
[lane 100] <-- instant_event_alert thr=0.0500 shard=0 rc=0 (02:00:32)
[lane 100] --> p1 instant_event_alert thr=0.0500 shard=0 (02:00:32, 5033s left)
[lane 100] <-- instant_event_alert thr=0.0500 shard=0 rc=0 (02:01:18)
[lane 100] --> p1 instant_event_alert thr=0.0500 shard=0 (02:01:18, 4987s left)
[lane 100] <-- instant_event_alert thr=0.0500 shard=0 rc=0 (02:02:02)
[lane 100] --> p1 instant_event_alert thr=0.0500 shard=0 (02:02:02, 4943s left)
[lane 100] <-- instant_event_alert thr=0.0500 shard=0 rc=0 (02:02:47)
[lane 100] --> p1 instant_event_alert thr=0.0500 shard=0 (02:02:47, 4898s left)
[lane 100] <-- instant_event_alert thr=0.0500 shard=0 rc=0 (02:03:31)
[lane 100] --> p1 instant_event_alert thr=0.0500 shard=0 (02:03:31, 4854s left)
[lane 100] <-- instant_event_alert thr=0.0500 shard=0 rc=0 (02:04:24)
[lane 100] --> p1 instant_event_alert thr=0.0500 shard=0 (02:04:24, 4801s left)
[lane 100] <-- instant_event_alert thr=0.0500 shard=0 rc=0 (02:05:06)
[lane 100] --> p1 instant_event_alert thr=0.0500 shard=0 (02:05:06, 4759s left)
[lane 100] <-- instant_event_alert thr=0.0500 shard=0 rc=0 (02:05:50)
[lane 100] --> p1 instant_event_alert thr=0.0500 shard=0 (02:05:50, 4715s left)
[lane 100] <-- instant_event_alert thr=0.0500 shard=0 rc=0 (02:06:32)
[lane 100] --> p1 instant_event_alert thr=0.0500 shard=0 (02:06:32, 4673s left)
[lane 100] <-- instant_event_alert thr=0.0500 shard=0 rc=0 (02:07:19)
[lane 100] --> p1 instant_event_alert thr=0.0500 shard=0 (02:07:19, 4626s left)
[lane 100] <-- instant_event_alert thr=0.0500 shard=0 rc=0 (02:08:03)
[lane 100] --> p1 instant_event_alert thr=0.0500 shard=0 (02:08:03, 4582s left)
[lane 100] <-- instant_event_alert thr=0.0500 shard=0 rc=0 (02:08:49)
[lane 100] --> p1 instant_event_alert thr=0.0500 shard=2 (02:08:49, 4536s left)
[lane 100] <-- instant_event_alert thr=0.0500 shard=2 rc=0 (02:09:34)
[lane 100] --> p1 instant_event_alert thr=0.0500 shard=2 (02:09:34, 4491s left)
[lane 100] <-- instant_event_alert thr=0.0500 shard=2 rc=0 (02:10:25)
[lane 100] --> p1 instant_event_alert thr=0.0500 shard=2 (02:10:25, 4440s left)
[lane 100] <-- instant_event_alert thr=0.0500 shard=2 rc=0 (02:11:09)
[lane 100] --> p1 instant_event_alert thr=0.0500 shard=2 (02:11:09, 4396s left)
[lane 100] <-- instant_event_alert thr=0.0500 shard=2 rc=0 (02:11:51)
[lane 100] --> p1 instant_event_alert thr=0.0500 shard=1 (02:11:51, 4354s left)
[lane 100] <-- instant_event_alert thr=0.0500 shard=1 rc=0 (02:12:37)
[lane 100] --> p1 instant_event_alert thr=0.0500 shard=0 (02:12:37, 4308s left)
[lane 100] <-- instant_event_alert thr=0.0500 shard=0 rc=0 (02:13:32)
[lane 100] --> p1 instant_event_alert thr=0.0500 shard=0 (02:13:32, 4253s left)
[lane 100] <-- instant_event_alert thr=0.0500 shard=0 rc=0 (02:14:15)
[lane 100] --> p1 instant_event_alert thr=0.0500 shard=0 (02:14:15, 4210s left)
[lane 100] <-- instant_event_alert thr=0.0500 shard=0 rc=0 (02:14:57)
[lane 100] --> p1 instant_event_alert thr=0.0500 shard=0 (02:14:57, 4168s left)
[lane 100] <-- instant_event_alert thr=0.0500 shard=0 rc=0 (02:15:45)
[lane 100] --> p1 instant_event_alert thr=0.0500 shard=0 (02:15:45, 4120s left)
[lane 100] <-- instant_event_alert thr=0.0500 shard=0 rc=0 (02:16:34)
[lane 100] --> p1 instant_event_alert thr=0.0500 shard=0 (02:16:34, 4071s left)
[lane 100] <-- instant_event_alert thr=0.0500 shard=0 rc=0 (02:17:18)
[lane 100] --> p1 instant_event_alert thr=0.0500 shard=0 (02:17:18, 4027s left)
[lane 100] <-- instant_event_alert thr=0.0500 shard=0 rc=0 (02:18:02)
[lane 100] --> p1 instant_event_alert thr=0.0500 shard=2 (02:18:02, 3983s left)
[lane 100] <-- instant_event_alert thr=0.0500 shard=2 rc=0 (02:18:48)
[lane 100] --> p1 instant_event_alert thr=0.0500 shard=2 (02:18:48, 3937s left)
[lane 100] <-- instant_event_alert thr=0.0500 shard=2 rc=0 (02:19:33)
[lane 100] --> p1 instant_event_alert thr=0.0500 shard=2 (02:19:33, 3892s left)
[lane 100] <-- instant_event_alert thr=0.0500 shard=2 rc=0 (02:20:15)
[lane 100] --> p1 instant_event_alert thr=0.0500 shard=2 (02:20:16, 3850s left)
[lane 100] <-- instant_event_alert thr=0.0500 shard=2 rc=0 (02:21:00)
[lane 100] --> p1 instant_event_alert thr=0.0500 shard=3 (02:21:00, 3805s left)
[lane 100] <-- instant_event_alert thr=0.0500 shard=3 rc=0 (02:21:44)
[lane 100] --> p1 instant_event_alert thr=0.0500 shard=3 (02:21:44, 3761s left)
[lane 100] <-- instant_event_alert thr=0.0500 shard=3 rc=0 (02:22:34)
[lane 100] --> p1 instant_event_alert thr=0.0500 shard=0 (02:22:34, 3711s left)
[lane 100] <-- instant_event_alert thr=0.0500 shard=0 rc=0 (02:23:16)
[lane 100] --> p1 instant_event_alert thr=0.0500 shard=0 (02:23:16, 3669s left)
[lane 100] <-- instant_event_alert thr=0.0500 shard=0 rc=0 (02:24:00)
[lane 100] --> p1 instant_event_alert thr=0.0500 shard=0 (02:24:00, 3625s left)
[lane 100] <-- instant_event_alert thr=0.0500 shard=0 rc=0 (02:24:48)
[lane 100] --> p1 instant_event_alert thr=0.0500 shard=1 (02:24:48, 3577s left)
[lane 100] <-- instant_event_alert thr=0.0500 shard=1 rc=0 (02:25:33)
[lane 100] --> p1 instant_event_alert thr=0.0500 shard=1 (02:25:33, 3532s left)
[lane 100] <-- instant_event_alert thr=0.0500 shard=1 rc=0 (02:26:17)
[lane 100] --> p1 instant_event_alert thr=0.0500 shard=1 (02:26:17, 3488s left)
[lane 100] <-- instant_event_alert thr=0.0500 shard=1 rc=0 (02:27:02)
[lane 100] --> p1 instant_event_alert thr=0.0500 shard=1 (02:27:02, 3443s left)
[lane 100] <-- instant_event_alert thr=0.0500 shard=1 rc=0 (02:27:48)
[lane 100] --> p1 instant_event_alert thr=0.0500 shard=1 (02:27:48, 3397s left)
[lane 100] <-- instant_event_alert thr=0.0500 shard=1 rc=0 (02:28:36)
[lane 100] --> p1 instant_event_alert thr=0.0500 shard=1 (02:28:36, 3349s left)
[lane 100] <-- instant_event_alert thr=0.0500 shard=1 rc=0 (02:29:32)
[lane 100] --> p1 instant_event_alert thr=0.0500 shard=2 (02:29:32, 3293s left)
[lane 100] <-- instant_event_alert thr=0.0500 shard=2 rc=0 (02:30:18)
[lane 100] --> p1 instant_event_alert thr=0.0500 shard=3 (02:30:18, 3247s left)
[lane 100] <-- instant_event_alert thr=0.0500 shard=3 rc=0 (02:31:09)
[lane 100] --> p1 instant_event_alert thr=0.0500 shard=3 (02:31:09, 3196s left)
[lane 100] <-- instant_event_alert thr=0.0500 shard=3 rc=0 (02:31:53)
[lane 100] --> p1 instant_event_alert thr=0.0500 shard=3 (02:31:53, 3152s left)
[lane 100] <-- instant_event_alert thr=0.0500 shard=3 rc=0 (02:32:38)
[lane 100] --> p1 instant_event_alert thr=0.0500 shard=1 (02:32:38, 3107s left)
[lane 100] <-- instant_event_alert thr=0.0500 shard=1 rc=0 (02:33:25)
[lane 100] --> p1 instant_event_alert thr=0.0500 shard=3 (02:33:26, 3060s left)
[lane 100] <-- instant_event_alert thr=0.0500 shard=3 rc=0 (02:34:14)
[lane 100] --> p1 instant_event_alert thr=0.0500 shard=3 (02:34:14, 3011s left)
[lane 100] <-- instant_event_alert thr=0.0500 shard=3 rc=0 (02:35:02)
[lane 100] --> p1 instant_event_alert thr=0.0500 shard=0 (02:35:02, 2963s left)
[lane 100] <-- instant_event_alert thr=0.0500 shard=0 rc=0 (02:35:48)
[lane 100] --> p1 instant_event_alert thr=0.0500 shard=0 (02:35:48, 2917s left)
[lane 100] <-- instant_event_alert thr=0.0500 shard=0 rc=0 (02:36:43)
[lane 100] --> p1 instant_event_alert thr=0.0500 shard=0 (02:36:43, 2862s left)
[lane 100] <-- instant_event_alert thr=0.0500 shard=0 rc=0 (02:37:29)
[lane 100] --> p1 instant_event_alert thr=0.0500 shard=0 (02:37:29, 2816s left)
[lane 100] <-- instant_event_alert thr=0.0500 shard=0 rc=0 (02:38:16)
[lane 100] --> p1 instant_event_alert thr=0.0500 shard=0 (02:38:16, 2769s left)
[lane 100] <-- instant_event_alert thr=0.0500 shard=0 rc=0 (02:39:08)
[lane 100] --> p1 instant_event_alert thr=0.0500 shard=3 (02:39:08, 2717s left)
[lane 100] <-- instant_event_alert thr=0.0500 shard=3 rc=0 (02:39:59)
[lane 100] --> p1 instant_event_alert thr=0.0500 shard=3 (02:40:00, 2666s left)
[lane 100] <-- instant_event_alert thr=0.0500 shard=3 rc=0 (02:40:47)
[lane 100] --> p1 instant_event_alert thr=0.0500 shard=3 (02:40:47, 2618s left)
[lane 100] <-- instant_event_alert thr=0.0500 shard=3 rc=0 (02:41:35)
[lane 100] --> p1 instant_event_alert thr=0.0500 shard=3 (02:41:35, 2570s left)
[lane 100] <-- instant_event_alert thr=0.0500 shard=3 rc=0 (02:42:26)
[lane 100] --> p1 instant_event_alert thr=0.0500 shard=3 (02:42:26, 2519s left)
[lane 100] <-- instant_event_alert thr=0.0500 shard=3 rc=0 (02:43:16)
[lane 100] --> p1 instant_event_alert thr=0.0500 shard=3 (02:43:16, 2469s left)
[lane 100] <-- instant_event_alert thr=0.0500 shard=3 rc=0 (02:44:04)
[lane 100] --> p1 instant_event_alert thr=0.0500 shard=3 (02:44:04, 2421s left)
[lane 100] <-- instant_event_alert thr=0.0500 shard=3 rc=0 (02:44:56)
[lane 100] --> p1 instant_event_alert thr=0.0500 shard=3 (02:44:56, 2369s left)
[lane 100] <-- instant_event_alert thr=0.0500 shard=3 rc=0 (02:45:47)
[lane 100] --> p1 instant_event_alert thr=0.0500 shard=2 (02:45:47, 2318s left)
[lane 100] <-- instant_event_alert thr=0.0500 shard=2 rc=0 (02:46:38)
[lane 100] --> p1 instant_event_alert thr=0.0500 shard=3 (02:46:39, 2267s left)
[lane 100] <-- instant_event_alert thr=0.0500 shard=3 rc=0 (02:47:26)
[lane 100] --> p1 instant_event_alert thr=0.0500 shard=3 (02:47:26, 2219s left)
[lane 100] <-- instant_event_alert thr=0.0500 shard=3 rc=0 (02:48:16)
[lane 100] --> p1 instant_event_alert thr=0.0500 shard=3 (02:48:16, 2169s left)
[lane 100] <-- instant_event_alert thr=0.0500 shard=3 rc=0 (02:49:02)
[lane 100] --> p1 instant_event_alert thr=0.0500 shard=3 (02:49:02, 2123s left)
[lane 100] <-- instant_event_alert thr=0.0500 shard=3 rc=0 (02:49:49)
[lane 100] --> p1 instant_event_alert thr=0.0500 shard=0 (02:49:49, 2076s left)
[lane 100] <-- instant_event_alert thr=0.0500 shard=0 rc=0 (02:50:38)
[lane 100] --> p1 instant_event_alert thr=0.0500 shard=0 (02:50:38, 2027s left)
[lane 100] <-- instant_event_alert thr=0.0500 shard=0 rc=0 (02:51:40)
[lane 100] --> p1 instant_event_alert thr=0.0500 shard=0 (02:51:40, 1965s left)
[lane 100] <-- instant_event_alert thr=0.0500 shard=0 rc=0 (02:52:26)
[lane 100] --> p1 instant_event_alert thr=0.0500 shard=0 (02:52:26, 1919s left)
[lane 100] <-- instant_event_alert thr=0.0500 shard=0 rc=0 (02:53:11)
[lane 100] --> p1 instant_event_alert thr=0.0500 shard=0 (02:53:11, 1874s left)
[lane 100] <-- instant_event_alert thr=0.0500 shard=0 rc=0 (02:54:05)
[lane 100] --> p1 instant_event_alert thr=0.0500 shard=0 (02:54:05, 1820s left)
[lane 100] <-- instant_event_alert thr=0.0500 shard=0 rc=0 (02:54:51)
[lane 100] --> p1 instant_event_alert thr=0.0500 shard=0 (02:54:51, 1774s left)
[lane 100] <-- instant_event_alert thr=0.0500 shard=0 rc=0 (02:55:41)
[lane 100] --> p1 instant_event_alert thr=0.0500 shard=0 (02:55:41, 1724s left)
[lane 100] <-- instant_event_alert thr=0.0500 shard=0 rc=0 (02:56:34)
[lane 100] --> p1 instant_event_alert thr=0.0500 shard=3 (02:56:34, 1671s left)
[lane 100] <-- instant_event_alert thr=0.0500 shard=3 rc=0 (02:57:30)
[lane 100] --> p1 instant_event_alert thr=0.0500 shard=3 (02:57:30, 1615s left)
[lane 100] <-- instant_event_alert thr=0.0500 shard=3 rc=0 (02:58:17)
[lane 100] --> p1 instant_event_alert thr=0.0500 shard=3 (02:58:17, 1568s left)
[lane 100] <-- instant_event_alert thr=0.0500 shard=3 rc=0 (02:59:10)
[lane 100] --> p1 instant_event_alert thr=0.0500 shard=3 (02:59:10, 1515s left)
[lane 100] <-- instant_event_alert thr=0.0500 shard=3 rc=0 (03:00:05)
[lane 100] --> p1 instant_event_alert thr=0.0500 shard=3 (03:00:05, 1460s left)
[lane 100] <-- instant_event_alert thr=0.0500 shard=3 rc=0 (03:00:52)
[lane 100] --> p1 instant_event_alert thr=0.0500 shard=3 (03:00:52, 1413s left)
[lane 100] <-- instant_event_alert thr=0.0500 shard=3 rc=0 (03:01:49)
[lane 100] --> p1 instant_event_alert thr=0.0500 shard=1 (03:01:49, 1356s left)
[lane 100] <-- instant_event_alert thr=0.0500 shard=1 rc=0 (03:02:39)
[lane 100] --> p1 instant_event_alert thr=0.0500 shard=1 (03:02:39, 1306s left)
[lane 100] <-- instant_event_alert thr=0.0500 shard=1 rc=0 (03:03:35)
[lane 100] --> p1 instant_event_alert thr=0.0500 shard=1 (03:03:35, 1250s left)
[lane 100] <-- instant_event_alert thr=0.0500 shard=1 rc=0 (03:04:23)
[lane 100] --> p1 instant_event_alert thr=0.0500 shard=1 (03:04:23, 1202s left)
[lane 100] <-- instant_event_alert thr=0.0500 shard=1 rc=0 (03:05:08)
[lane 100] --> p1 instant_event_alert thr=0.0500 shard=0 (03:05:08, 1157s left)
[lane 100] <-- instant_event_alert thr=0.0500 shard=0 rc=0 (03:06:05)
[lane 100] --> p1 instant_event_alert thr=0.0500 shard=2 (03:06:05, 1100s left)
[lane 100] <-- instant_event_alert thr=0.0500 shard=2 rc=0 (03:06:52)
[lane 100] --> p1 instant_event_alert thr=0.0500 shard=2 (03:06:52, 1053s left)
[lane 100] <-- instant_event_alert thr=0.0500 shard=2 rc=0 (03:07:37)
[lane 100] --> p1 instant_event_alert thr=0.0500 shard=0 (03:07:37, 1008s left)
[lane 100] <-- instant_event_alert thr=0.0500 shard=0 rc=0 (03:08:23)
[lane 100] --> p1 instant_event_alert thr=0.0500 shard=2 (03:08:23, 962s left)
[lane 100] <-- instant_event_alert thr=0.0500 shard=2 rc=0 (03:09:17)
[lane 100] --> p1 instant_event_alert thr=0.0500 shard=2 (03:09:17, 908s left)
[lane 100] <-- instant_event_alert thr=0.0500 shard=2 rc=0 (03:10:03)
[lane 100] --> p1 instant_event_alert thr=0.0500 shard=1 (03:10:03, 862s left)
[lane 100] <-- instant_event_alert thr=0.0500 shard=1 rc=0 (03:10:52)
[lane 100] --> p1 instant_event_alert thr=0.0500 shard=1 (03:10:52, 813s left)
[lane 100] <-- instant_event_alert thr=0.0500 shard=1 rc=0 (03:11:51)
[lane 100] --> p1 instant_event_alert thr=0.0500 shard=1 (03:11:51, 754s left)
[lane 100] <-- instant_event_alert thr=0.0500 shard=1 rc=0 (03:12:41)
[lane 100] --> p1 instant_event_alert thr=0.0500 shard=1 (03:12:41, 704s left)
[lane 100] <-- instant_event_alert thr=0.0500 shard=1 rc=0 (03:13:28)
[lane 100] --> p1 instant_event_alert thr=0.0500 shard=1 (03:13:28, 657s left)
[lane 100] <-- instant_event_alert thr=0.0500 shard=1 rc=0 (03:14:23)
[lane 100] --> p1 instant_event_alert thr=0.0500 shard=1 (03:14:23, 602s left)
[lane 100] <-- instant_event_alert thr=0.0500 shard=1 rc=0 (03:15:18)
[lane 100] --> p1 instant_event_alert thr=0.0500 shard=1 (03:15:18, 547s left)
[lane 100] <-- instant_event_alert thr=0.0500 shard=1 rc=0 (03:16:06)
[lane 100] --> p1 instant_event_alert thr=0.0500 shard=2 (03:16:06, 499s left)
[lane 100] <-- instant_event_alert thr=0.0500 shard=2 rc=0 (03:16:52)
[lane 100] --> p1 instant_event_alert thr=0.0500 shard=2 (03:16:53, 453s left)
[lane 100] <-- instant_event_alert thr=0.0500 shard=2 rc=0 (03:17:50)
[lane 100] --> p1 instant_event_alert thr=0.0500 shard=0 (03:17:50, 395s left)
[lane 100] <-- instant_event_alert thr=0.0500 shard=0 rc=0 (03:18:40)
[lane 100] --> p1 instant_event_alert thr=0.0500 shard=2 (03:18:40, 345s left)
[lane 100] <-- instant_event_alert thr=0.0500 shard=2 rc=0 (03:19:26)
[lane 100] --> p1 instant_event_alert thr=0.0500 shard=2 (03:19:26, 299s left)
[lane 100] <-- instant_event_alert thr=0.0500 shard=2 rc=0 (03:20:16)
[lane 100] --> p1 instant_event_alert thr=0.0500 shard=2 (03:20:16, 249s left)
[lane 100] <-- instant_event_alert thr=0.0500 shard=2 rc=0 (03:22:16)
[lane 100] 129s left (< 240) -- stopping cleanly
[lane 100] done, 108 units attempted 03:22:16
[lane 100] clariden-ln004 gpu=0 start=03:22:47 deadline=04:52:47 max_dur=300
[lane 100] --> p1 instant_event_alert thr=0.0500 shard=0 (03:22:47, 5400s left)
[lane 100] <-- instant_event_alert thr=0.0500 shard=0 rc=0 (03:23:35)
[lane 100] --> p1 instant_event_alert thr=0.0500 shard=0 (03:23:35, 5352s left)
[lane 100] <-- instant_event_alert thr=0.0500 shard=0 rc=0 (03:24:25)
[lane 100] --> p1 instant_event_alert thr=0.0500 shard=0 (03:24:25, 5302s left)
[lane 100] <-- instant_event_alert thr=0.0500 shard=0 rc=0 (03:26:06)
[lane 100] --> p1 instant_event_alert thr=0.0500 shard=2 (03:26:06, 5201s left)
[lane 100] <-- instant_event_alert thr=0.0500 shard=2 rc=0 (03:27:19)
[lane 100] --> p1 instant_event_alert thr=0.0500 shard=1 (03:27:19, 5128s left)
[lane 100] <-- instant_event_alert thr=0.0500 shard=1 rc=0 (03:28:18)
[lane 100] --> p1 instant_event_alert thr=0.0500 shard=2 (03:28:18, 5069s left)
[lane 100] <-- instant_event_alert thr=0.0500 shard=2 rc=0 (03:28:53)
[lane 100] --> p1 instant_event_alert thr=0.0500 shard=0 (03:28:53, 5034s left)
[lane 100] <-- instant_event_alert thr=0.0500 shard=0 rc=0 (03:29:48)
[lane 100] --> p1 instant_event_alert thr=0.0500 shard=0 (03:29:48, 4979s left)
[lane 100] <-- instant_event_alert thr=0.0500 shard=0 rc=0 (03:30:44)
[lane 100] --> p1 instant_event_alert thr=0.0500 shard=2 (03:30:44, 4923s left)
[lane 100] <-- instant_event_alert thr=0.0500 shard=2 rc=0 (03:31:37)
[lane 100] --> p1 instant_event_alert thr=0.0500 shard=2 (03:31:37, 4870s left)
[lane 100] <-- instant_event_alert thr=0.0500 shard=2 rc=0 (03:32:27)
[lane 100] --> p1 instant_event_alert thr=0.0500 shard=2 (03:32:27, 4820s left)
[lane 100] <-- instant_event_alert thr=0.0500 shard=2 rc=0 (03:33:18)
[lane 100] --> p1 instant_event_alert thr=0.0500 shard=2 (03:33:18, 4769s left)
[lane 100] <-- instant_event_alert thr=0.0500 shard=2 rc=0 (03:34:10)
[lane 100] --> p1 instant_event_alert thr=0.0500 shard=2 (03:34:10, 4717s left)
[lane 100] <-- instant_event_alert thr=0.0500 shard=2 rc=0 (03:35:01)
[lane 100] --> p1 instant_event_alert thr=0.0500 shard=2 (03:35:01, 4666s left)
[lane 100] <-- instant_event_alert thr=0.0500 shard=2 rc=0 (03:35:55)
[lane 100] --> p1 instant_event_alert thr=0.0500 shard=2 (03:35:56, 4612s left)
[lane 100] <-- instant_event_alert thr=0.0500 shard=2 rc=0 (03:36:43)
[lane 100] --> p1 instant_event_alert thr=0.0500 shard=2 (03:36:43, 4564s left)
[lane 100] <-- instant_event_alert thr=0.0500 shard=2 rc=0 (03:37:30)
[lane 100] --> p1 instant_event_alert thr=0.0500 shard=2 (03:37:30, 4517s left)
[lane 100] <-- instant_event_alert thr=0.0500 shard=2 rc=0 (03:38:17)
[lane 100] --> p1 instant_event_alert thr=0.0500 shard=2 (03:38:17, 4470s left)
[lane 100] <-- instant_event_alert thr=0.0500 shard=2 rc=0 (03:39:12)
[lane 100] --> p1 instant_event_alert thr=0.0500 shard=2 (03:39:12, 4415s left)
[lane 100] <-- instant_event_alert thr=0.0500 shard=2 rc=0 (03:39:59)
[lane 100] --> p1 instant_event_alert thr=0.0500 shard=2 (03:39:59, 4368s left)
[lane 100] <-- instant_event_alert thr=0.0500 shard=2 rc=0 (03:40:52)
[lane 100] --> p1 instant_event_alert thr=0.0500 shard=3 (03:40:52, 4315s left)
[lane 100] <-- instant_event_alert thr=0.0500 shard=3 rc=0 (03:41:48)
[lane 100] --> p1 instant_event_alert thr=0.0500 shard=3 (03:41:48, 4259s left)
[lane 100] <-- instant_event_alert thr=0.0500 shard=3 rc=0 (03:42:35)
[lane 100] --> p1 instant_event_alert thr=0.0500 shard=3 (03:42:35, 4212s left)
[lane 100] <-- instant_event_alert thr=0.0500 shard=3 rc=0 (03:43:21)
[lane 100] --> p1 instant_event_alert thr=0.0500 shard=3 (03:43:21, 4166s left)
[lane 100] <-- instant_event_alert thr=0.0500 shard=3 rc=0 (03:44:12)
[lane 100] --> p1 instant_event_alert thr=0.0500 shard=0 (03:44:12, 4115s left)
[lane 100] <-- instant_event_alert thr=0.0500 shard=0 rc=0 (03:45:03)
[lane 100] --> p1 instant_event_alert thr=0.0500 shard=0 (03:45:03, 4064s left)
[lane 100] <-- instant_event_alert thr=0.0500 shard=0 rc=0 (03:45:52)
[lane 100] --> p1 instant_event_alert thr=0.0500 shard=0 (03:45:52, 4015s left)
[lane 100] <-- instant_event_alert thr=0.0500 shard=0 rc=0 (03:46:40)
[lane 100] --> p1 instant_event_alert thr=0.0500 shard=0 (03:46:41, 3967s left)
[lane 100] <-- instant_event_alert thr=0.0500 shard=0 rc=0 (03:47:28)
[lane 100] --> p1 instant_event_alert thr=0.0500 shard=0 (03:47:28, 3919s left)
[lane 100] <-- instant_event_alert thr=0.0500 shard=0 rc=0 (03:48:16)
[lane 100] --> p1 instant_event_alert thr=0.0500 shard=0 (03:48:16, 3871s left)
[lane 100] <-- instant_event_alert thr=0.0500 shard=0 rc=0 (03:49:09)
[lane 100] --> p1 instant_event_alert thr=0.0500 shard=1 (03:49:09, 3818s left)
[lane 100] <-- instant_event_alert thr=0.0500 shard=1 rc=0 (03:49:55)
[lane 100] --> p1 instant_event_alert thr=0.0500 shard=1 (03:49:55, 3772s left)
[lane 100] <-- instant_event_alert thr=0.0500 shard=1 rc=0 (03:50:47)
[lane 100] --> p1 instant_event_alert thr=0.0500 shard=3 (03:50:47, 3720s left)
[lane 100] <-- instant_event_alert thr=0.0500 shard=3 rc=0 (03:51:35)
[lane 100] --> p1 instant_event_alert thr=0.0500 shard=3 (03:51:35, 3672s left)
[lane 100] <-- instant_event_alert thr=0.0500 shard=3 rc=0 (03:52:25)
[lane 100] --> p1 instant_event_alert thr=0.0500 shard=3 (03:52:25, 3622s left)
[lane 100] <-- instant_event_alert thr=0.0500 shard=3 rc=0 (03:53:17)
[lane 100] --> p1 instant_event_alert thr=0.0500 shard=3 (03:53:18, 3570s left)
[lane 100] <-- instant_event_alert thr=0.0500 shard=3 rc=0 (03:54:06)
[lane 100] --> p1 instant_event_alert thr=0.0500 shard=3 (03:54:06, 3521s left)
[lane 100] <-- instant_event_alert thr=0.0500 shard=3 rc=0 (03:54:56)
[lane 100] --> p1 instant_event_alert thr=0.0500 shard=3 (03:54:56, 3471s left)
[lane 100] <-- instant_event_alert thr=0.0500 shard=3 rc=0 (03:55:45)
[lane 100] --> p1 instant_event_alert thr=0.0500 shard=3 (03:55:45, 3422s left)
[lane 100] <-- instant_event_alert thr=0.0500 shard=3 rc=0 (03:56:41)
[lane 100] --> p1 instant_event_alert thr=0.0500 shard=3 (03:56:41, 3366s left)
[lane 100] <-- instant_event_alert thr=0.0500 shard=3 rc=0 (03:57:30)
[lane 100] --> p1 instant_event_alert thr=0.0500 shard=3 (03:57:30, 3317s left)
[lane 100] <-- instant_event_alert thr=0.0500 shard=3 rc=0 (03:58:21)
[lane 100] --> p1 instant_event_alert thr=0.0500 shard=3 (03:58:21, 3266s left)
[lane 100] <-- instant_event_alert thr=0.0500 shard=3 rc=0 (03:59:14)
[lane 100] --> p1 instant_event_alert thr=0.0500 shard=0 (03:59:14, 3213s left)
[lane 100] <-- instant_event_alert thr=0.0500 shard=0 rc=0 (04:00:07)
[lane 100] --> p1 instant_event_alert thr=0.0500 shard=2 (04:00:07, 3160s left)
[lane 100] <-- instant_event_alert thr=0.0500 shard=2 rc=0 (04:01:01)
[lane 100] --> p1 instant_event_alert thr=0.0500 shard=2 (04:01:01, 3106s left)
[lane 100] <-- instant_event_alert thr=0.0500 shard=2 rc=0 (04:01:53)
[lane 100] --> p1 instant_event_alert thr=0.0500 shard=2 (04:01:53, 3054s left)
[lane 100] <-- instant_event_alert thr=0.0500 shard=2 rc=0 (04:02:54)
[lane 100] --> p1 instant_event_alert thr=0.0500 shard=2 (04:02:55, 2993s left)
[lane 100] <-- instant_event_alert thr=0.0500 shard=2 rc=0 (04:03:50)
[lane 100] --> p1 instant_event_alert thr=0.0500 shard=2 (04:03:51, 2937s left)
[lane 100] <-- instant_event_alert thr=0.0500 shard=2 rc=0 (04:04:48)
[lane 100] --> p1 instant_event_alert thr=0.0500 shard=2 (04:04:48, 2879s left)
[lane 100] <-- instant_event_alert thr=0.0500 shard=2 rc=0 (04:05:44)
[lane 100] --> p1 instant_event_alert thr=0.0500 shard=3 (04:05:44, 2823s left)
[lane 100] <-- instant_event_alert thr=0.0500 shard=3 rc=0 (04:06:40)
[lane 100] --> p1 instant_event_alert thr=0.0500 shard=1 (04:06:40, 2767s left)
[lane 100] <-- instant_event_alert thr=0.0500 shard=1 rc=0 (04:07:37)
[lane 100] --> p1 instant_event_alert thr=0.0500 shard=1 (04:07:38, 2710s left)
[lane 100] <-- instant_event_alert thr=0.0500 shard=1 rc=0 (04:08:39)
[lane 100] --> p1 instant_event_alert thr=0.0500 shard=3 (04:08:39, 2648s left)
[lane 100] <-- instant_event_alert thr=0.0500 shard=3 rc=0 (04:09:36)
[lane 100] --> p1 instant_event_alert thr=0.0500 shard=1 (04:09:36, 2591s left)
[lane 100] <-- instant_event_alert thr=0.0500 shard=1 rc=0 (04:10:34)
[lane 100] --> p1 instant_event_alert thr=0.0500 shard=1 (04:10:34, 2533s left)
[lane 100] <-- instant_event_alert thr=0.0500 shard=1 rc=0 (04:11:29)
[lane 100] --> p1 instant_event_alert thr=0.0500 shard=2 (04:11:29, 2478s left)
[lane 100] <-- instant_event_alert thr=0.0500 shard=2 rc=0 (04:12:26)
[lane 100] --> p1 instant_event_alert thr=0.0500 shard=0 (04:12:26, 2421s left)
[lane 100] <-- instant_event_alert thr=0.0500 shard=0 rc=0 (04:13:23)
[lane 100] --> p1 instant_event_alert thr=0.0500 shard=1 (04:13:23, 2364s left)
[lane 100] <-- instant_event_alert thr=0.0500 shard=1 rc=0 (04:14:22)
[lane 100] --> p1 instant_event_alert thr=0.0500 shard=0 (04:14:22, 2305s left)
[lane 100] <-- instant_event_alert thr=0.0500 shard=0 rc=0 (04:15:33)
[lane 100] --> p1 instant_event_alert thr=0.0500 shard=0 (04:15:33, 2234s left)
[lane 100] <-- instant_event_alert thr=0.0500 shard=0 rc=0 (04:16:37)
[lane 100] --> p1 instant_event_alert thr=0.0500 shard=0 (04:16:37, 2170s left)
[lane 100] <-- instant_event_alert thr=0.0500 shard=0 rc=0 (04:17:49)
[lane 100] --> p1 instant_event_alert thr=0.0500 shard=2 (04:17:49, 2098s left)
[lane 100] <-- instant_event_alert thr=0.0500 shard=2 rc=0 (04:18:59)
[lane 100] --> p1 instant_event_alert thr=0.0500 shard=2 (04:18:59, 2028s left)
[lane 100] <-- instant_event_alert thr=0.0500 shard=2 rc=0 (04:20:03)
[lane 100] --> p1 instant_event_alert thr=0.0500 shard=2 (04:20:04, 1964s left)
[lane 100] <-- instant_event_alert thr=0.0500 shard=2 rc=0 (04:21:06)
[lane 100] --> p1 instant_event_alert thr=0.0500 shard=2 (04:21:06, 1901s left)
[lane 100] <-- instant_event_alert thr=0.0500 shard=2 rc=0 (04:22:13)
[lane 100] --> p1 instant_event_alert thr=0.0500 shard=2 (04:22:13, 1834s left)
[lane 100] <-- instant_event_alert thr=0.0500 shard=2 rc=0 (04:23:17)
[lane 100] --> p1 instant_event_alert thr=0.0500 shard=3 (04:23:17, 1770s left)
[lane 100] <-- instant_event_alert thr=0.0500 shard=3 rc=0 (04:24:23)
[lane 100] --> p1 instant_event_alert thr=0.0500 shard=3 (04:24:23, 1704s left)
[lane 100] <-- instant_event_alert thr=0.0500 shard=3 rc=0 (04:25:28)
[lane 100] --> p1 instant_event_alert thr=0.0500 shard=1 (04:25:29, 1639s left)
[lane 100] <-- instant_event_alert thr=0.0500 shard=1 rc=0 (04:26:46)
[lane 100] --> p1 instant_event_alert thr=0.0500 shard=0 (04:26:46, 1561s left)
[lane 100] <-- instant_event_alert thr=0.0500 shard=0 rc=0 (04:27:52)
[lane 100] --> p1 instant_event_alert thr=0.0500 shard=0 (04:27:52, 1495s left)
[lane 100] <-- instant_event_alert thr=0.0500 shard=0 rc=0 (04:29:00)
[lane 100] --> p1 instant_event_alert thr=0.0500 shard=0 (04:29:00, 1427s left)
[lane 100] <-- instant_event_alert thr=0.0500 shard=0 rc=0 (04:30:07)
[lane 100] --> p1 instant_event_alert thr=0.0500 shard=0 (04:30:07, 1360s left)
[lane 100] <-- instant_event_alert thr=0.0500 shard=0 rc=0 (04:31:11)
[lane 100] --> p1 instant_event_alert thr=0.0500 shard=1 (04:31:11, 1296s left)
[lane 100] <-- instant_event_alert thr=0.0500 shard=1 rc=0 (04:32:15)
[lane 100] --> p1 instant_event_alert thr=0.0500 shard=1 (04:32:15, 1232s left)
[lane 100] <-- instant_event_alert thr=0.0500 shard=1 rc=0 (04:33:23)
[lane 100] --> p1 instant_event_alert thr=0.0500 shard=2 (04:33:23, 1164s left)
[lane 100] <-- instant_event_alert thr=0.0500 shard=2 rc=0 (04:34:29)
[lane 100] --> p1 instant_event_alert thr=0.0500 shard=2 (04:34:29, 1098s left)
[lane 100] <-- instant_event_alert thr=0.0500 shard=2 rc=0 (04:35:32)
[lane 100] --> p1 instant_event_alert thr=0.0500 shard=2 (04:35:33, 1035s left)
[lane 100] <-- instant_event_alert thr=0.0500 shard=2 rc=0 (04:36:37)
[lane 100] --> p1 instant_event_alert thr=0.0500 shard=2 (04:36:37, 970s left)
[lane 100] <-- instant_event_alert thr=0.0500 shard=2 rc=0 (04:37:42)
[lane 100] --> p1 instant_event_alert thr=0.0500 shard=2 (04:37:42, 905s left)
[lane 100] <-- instant_event_alert thr=0.0500 shard=2 rc=0 (04:38:48)
[lane 100] --> p1 instant_event_alert thr=0.0500 shard=2 (04:38:48, 839s left)
[lane 100] <-- instant_event_alert thr=0.0500 shard=2 rc=0 (04:39:54)
[lane 100] --> p1 instant_event_alert thr=0.0500 shard=2 (04:39:54, 773s left)
[lane 100] <-- instant_event_alert thr=0.0500 shard=2 rc=0 (04:41:01)
[lane 100] --> p1 instant_event_alert thr=0.0500 shard=3 (04:41:01, 706s left)
[lane 100] <-- instant_event_alert thr=0.0500 shard=3 rc=0 (04:42:08)
[lane 100] --> p1 instant_event_alert thr=0.0500 shard=3 (04:42:09, 639s left)
[lane 100] <-- instant_event_alert thr=0.0500 shard=3 rc=0 (04:43:15)
[lane 100] --> p1 instant_event_alert thr=0.0500 shard=3 (04:43:16, 572s left)
[lane 100] <-- instant_event_alert thr=0.0500 shard=3 rc=0 (04:44:24)
[lane 100] --> p1 instant_event_alert thr=0.0500 shard=1 (04:44:24, 503s left)
[lane 100] <-- instant_event_alert thr=0.0500 shard=1 rc=0 (04:45:30)
[lane 100] --> p1 instant_event_alert thr=0.0500 shard=1 (04:45:30, 437s left)
[lane 100] <-- instant_event_alert thr=0.0500 shard=1 rc=0 (04:46:35)
[lane 100] --> p1 instant_event_alert thr=0.0500 shard=3 (04:46:36, 372s left)
[lane 100] <-- instant_event_alert thr=0.0500 shard=3 rc=0 (04:47:43)
[lane 100] --> p1 instant_event_alert thr=0.0500 shard=0 (04:47:43, 304s left)
[lane 100] <-- instant_event_alert thr=0.0500 shard=0 rc=0 (04:48:53)
[lane 100] 234s left (< 240) -- stopping cleanly
[lane 100] done, 89 units attempted 04:48:53
[lane 100] clariden-ln004 gpu=0 start=04:49:09 deadline=06:19:09 max_dur=300
[lane 100] --> p1 instant_event_alert thr=0.0500 shard=0 (04:49:09, 5400s left)
[lane 100] <-- instant_event_alert thr=0.0500 shard=0 rc=0 (04:50:37)
[lane 100] --> p1 instant_event_alert thr=0.0500 shard=0 (04:50:37, 5312s left)
[lane 100] <-- instant_event_alert thr=0.0500 shard=0 rc=0 (04:51:34)
[lane 100] --> p1 instant_event_alert thr=0.0500 shard=3 (04:51:34, 5255s left)
[lane 100] <-- instant_event_alert thr=0.0500 shard=3 rc=0 (04:52:42)
[lane 100] --> p1 instant_event_alert thr=0.0500 shard=1 (04:52:42, 5187s left)
[lane 100] <-- instant_event_alert thr=0.0500 shard=1 rc=0 (04:53:49)
[lane 100] --> p1 instant_event_alert thr=0.0500 shard=2 (04:53:49, 5120s left)
[lane 100] <-- instant_event_alert thr=0.0500 shard=2 rc=0 (04:54:53)
[lane 100] --> p1 instant_event_alert thr=0.0500 shard=2 (04:54:53, 5056s left)
[lane 100] <-- instant_event_alert thr=0.0500 shard=2 rc=0 (04:55:59)
[lane 100] --> p1 instant_event_alert thr=0.0500 shard=3 (04:56:00, 4990s left)
[lane 100] <-- instant_event_alert thr=0.0500 shard=3 rc=0 (04:57:01)
[lane 100] --> p1 instant_event_alert thr=0.0500 shard=3 (04:57:01, 4928s left)
[lane 100] <-- instant_event_alert thr=0.0500 shard=3 rc=0 (04:58:06)
[lane 100] --> p1 instant_event_alert thr=0.0500 shard=3 (04:58:06, 4863s left)
[lane 100] <-- instant_event_alert thr=0.0500 shard=3 rc=0 (04:59:11)
[lane 100] --> p1 instant_event_alert thr=0.0500 shard=2 (04:59:11, 4798s left)
[lane 100] <-- instant_event_alert thr=0.0500 shard=2 rc=0 (05:00:19)
[lane 100] --> p1 instant_event_alert thr=0.0500 shard=1 (05:00:19, 4730s left)
[lane 100] <-- instant_event_alert thr=0.0500 shard=1 rc=0 (05:01:24)
[lane 100] --> p1 instant_event_alert thr=0.0500 shard=1 (05:01:24, 4665s left)
[lane 100] <-- instant_event_alert thr=0.0500 shard=1 rc=0 (05:02:27)
[lane 100] --> p1 instant_event_alert thr=0.0500 shard=3 (05:02:27, 4602s left)
[lane 100] <-- instant_event_alert thr=0.0500 shard=3 rc=0 (05:03:34)
[lane 100] --> p1 instant_event_alert thr=0.0500 shard=3 (05:03:34, 4535s left)
[lane 100] <-- instant_event_alert thr=0.0500 shard=3 rc=0 (05:04:38)
[lane 100] --> p1 instant_event_alert thr=0.0500 shard=3 (05:04:38, 4471s left)
[lane 100] <-- instant_event_alert thr=0.0500 shard=3 rc=0 (05:05:42)
[lane 100] --> p1 instant_event_alert thr=0.0500 shard=3 (05:05:43, 4406s left)
[lane 100] <-- instant_event_alert thr=0.0500 shard=3 rc=0 (05:06:42)
[lane 100] --> p1 instant_event_alert thr=0.0500 shard=1 (05:06:43, 4347s left)
[lane 100] <-- instant_event_alert thr=0.0500 shard=1 rc=0 (05:07:46)
[lane 100] --> p1 instant_event_alert thr=0.0500 shard=1 (05:07:46, 4283s left)
[lane 100] <-- instant_event_alert thr=0.0500 shard=1 rc=0 (05:08:49)
[lane 100] --> p1 instant_event_alert thr=0.0500 shard=1 (05:08:49, 4220s left)
[lane 100] <-- instant_event_alert thr=0.0500 shard=1 rc=0 (05:09:55)
[lane 100] --> p1 instant_event_alert thr=0.0500 shard=1 (05:09:55, 4154s left)
[lane 100] <-- instant_event_alert thr=0.0500 shard=1 rc=0 (05:10:57)
[lane 100] --> p1 instant_event_alert thr=0.0500 shard=1 (05:10:58, 4092s left)
[lane 100] <-- instant_event_alert thr=0.0500 shard=1 rc=0 (05:11:56)
[lane 100] --> p1 instant_event_alert thr=0.0500 shard=1 (05:11:56, 4033s left)
[lane 100] <-- instant_event_alert thr=0.0500 shard=1 rc=0 (05:13:01)
[lane 100] --> p1 instant_event_alert thr=0.0500 shard=2 (05:13:02, 3968s left)
[lane 100] <-- instant_event_alert thr=0.0500 shard=2 rc=0 (05:14:04)
[lane 100] --> p1 instant_event_alert thr=0.0500 shard=2 (05:14:05, 3905s left)
[lane 100] <-- instant_event_alert thr=0.0500 shard=2 rc=0 (05:15:10)
[lane 100] --> p1 instant_event_alert thr=0.0500 shard=3 (05:15:10, 3839s left)
[lane 100] <-- instant_event_alert thr=0.0500 shard=3 rc=0 (05:16:17)
[lane 100] --> p1 instant_event_alert thr=0.0500 shard=3 (05:16:18, 3772s left)
[lane 100] <-- instant_event_alert thr=0.0500 shard=3 rc=0 (05:17:21)
[lane 100] --> p1 instant_event_alert thr=0.0500 shard=0 (05:17:21, 3708s left)
[lane 100] <-- instant_event_alert thr=0.0500 shard=0 rc=0 (05:18:26)
[lane 100] --> p1 instant_event_alert thr=0.0500 shard=0 (05:18:26, 3643s left)
[lane 100] <-- instant_event_alert thr=0.0500 shard=0 rc=0 (05:19:23)
[lane 100] --> p1 instant_event_alert thr=0.0500 shard=0 (05:19:23, 3586s left)
[lane 100] <-- instant_event_alert thr=0.0500 shard=0 rc=0 (05:20:23)
[lane 100] --> p1 instant_event_alert thr=0.0500 shard=2 (05:20:23, 3526s left)
[lane 100] <-- instant_event_alert thr=0.0500 shard=2 rc=0 (05:21:29)
[lane 100] --> p1 instant_event_alert thr=0.0500 shard=2 (05:21:29, 3460s left)
[lane 100] <-- instant_event_alert thr=0.0500 shard=2 rc=0 (05:22:28)
[lane 100] --> p1 instant_event_alert thr=0.0500 shard=1 (05:22:28, 3401s left)
[lane 100] <-- instant_event_alert thr=0.0500 shard=1 rc=0 (05:23:24)
[lane 100] --> p1 instant_event_alert thr=0.0500 shard=1 (05:23:26, 3345s left)
[lane 100] <-- instant_event_alert thr=0.0500 shard=1 rc=0 (05:24:29)
[lane 100] --> p1 instant_event_alert thr=0.0500 shard=1 (05:24:29, 3280s left)
[lane 100] <-- instant_event_alert thr=0.0500 shard=1 rc=0 (05:25:29)
[lane 100] --> p1 instant_event_alert thr=0.0500 shard=1 (05:25:31, 3220s left)
[lane 100] <-- instant_event_alert thr=0.0500 shard=1 rc=0 (05:26:30)
[lane 100] --> p1 instant_event_alert thr=0.0500 shard=1 (05:26:30, 3159s left)
[lane 100] <-- instant_event_alert thr=0.0500 shard=1 rc=0 (05:27:32)
[lane 100] --> p1 instant_event_alert thr=0.0500 shard=0 (05:27:32, 3097s left)
[lane 100] <-- instant_event_alert thr=0.0500 shard=0 rc=0 (05:28:25)
[lane 100] --> p1 instant_event_alert thr=0.0500 shard=0 (05:28:25, 3044s left)
[lane 100] <-- instant_event_alert thr=0.0500 shard=0 rc=0 (05:29:25)
[lane 100] --> p1 instant_event_alert thr=0.0500 shard=2 (05:29:26, 2984s left)
[lane 100] <-- instant_event_alert thr=0.0500 shard=2 rc=0 (05:30:24)
[lane 100] --> p1 instant_event_alert thr=0.0500 shard=3 (05:30:26, 2925s left)
[lane 100] <-- instant_event_alert thr=0.0500 shard=3 rc=0 (05:31:29)
[lane 100] --> p1 instant_event_alert thr=0.0500 shard=3 (05:31:29, 2860s left)
[lane 100] <-- instant_event_alert thr=0.0500 shard=3 rc=0 (05:32:28)
[lane 100] --> p1 instant_event_alert thr=0.0500 shard=1 (05:32:28, 2801s left)
[lane 100] <-- instant_event_alert thr=0.0500 shard=1 rc=0 (05:33:38)
[lane 100] --> p1 instant_event_alert thr=0.0500 shard=1 (05:33:38, 2731s left)
[lane 100] <-- instant_event_alert thr=0.0500 shard=1 rc=0 (05:34:45)
[lane 100] --> p1 instant_event_alert thr=0.0500 shard=3 (05:34:45, 2664s left)
[lane 100] <-- instant_event_alert thr=0.0500 shard=3 rc=0 (05:35:49)
[lane 100] --> p1 instant_event_alert thr=0.0500 shard=3 (05:35:49, 2600s left)
[lane 100] <-- instant_event_alert thr=0.0500 shard=3 rc=0 (05:36:52)
[lane 100] --> p1 instant_event_alert thr=0.0500 shard=2 (05:36:52, 2537s left)
[lane 100] <-- instant_event_alert thr=0.0500 shard=2 rc=0 (05:37:55)
[lane 100] --> p1 instant_event_alert thr=0.0500 shard=2 (05:37:55, 2474s left)
[lane 100] <-- instant_event_alert thr=0.0500 shard=2 rc=0 (05:38:51)
[lane 100] --> p1 instant_event_alert thr=0.0500 shard=3 (05:38:51, 2418s left)
[lane 100] <-- instant_event_alert thr=0.0500 shard=3 rc=0 (05:39:55)
[lane 100] --> p1 instant_event_alert thr=0.0500 shard=0 (05:39:55, 2354s left)
[lane 100] <-- instant_event_alert thr=0.0500 shard=0 rc=0 (05:41:00)
[lane 100] --> p1 instant_event_alert thr=0.0500 shard=0 (05:41:01, 2289s left)
[lane 100] <-- instant_event_alert thr=0.0500 shard=0 rc=0 (05:42:09)
[lane 100] --> p1 instant_event_alert thr=0.0500 shard=1 (05:42:09, 2220s left)
[lane 100] <-- instant_event_alert thr=0.0500 shard=1 rc=0 (05:43:14)
[lane 100] --> p1 instant_event_alert thr=0.0500 shard=1 (05:43:15, 2155s left)
[lane 100] <-- instant_event_alert thr=0.0500 shard=1 rc=0 (05:44:15)
[lane 100] --> p1 instant_event_alert thr=0.0500 shard=1 (05:44:15, 2094s left)
[lane 100] clariden-ln002 gpu=0 start=05:44:15 deadline=07:14:15 max_dur=300
[lane 100] --> p1 instant_event_alert thr=0.1500 shard=0 (05:44:16, 5400s left)
[lane 100] <-- instant_event_alert thr=0.0500 shard=1 rc=0 (05:45:15)
[lane 100] --> p1 instant_event_alert thr=0.0500 shard=1 (05:45:15, 2034s left)
[lane 100] <-- instant_event_alert thr=0.0500 shard=1 rc=0 (05:46:11)
[lane 100] --> p1 instant_event_alert thr=0.0500 shard=1 (05:46:12, 1978s left)
[lane 100] <-- instant_event_alert thr=0.0500 shard=1 rc=0 (05:47:17)
[lane 100] --> p1 instant_event_alert thr=0.0500 shard=2 (05:47:17, 1912s left)
[lane 100] <-- instant_event_alert thr=0.0500 shard=2 rc=0 (05:48:18)
[lane 100] --> p1 instant_event_alert thr=0.0500 shard=2 (05:48:18, 1851s left)
[lane 100] <-- instant_event_alert thr=0.0500 shard=2 rc=0 (05:49:19)
[lane 100] --> p1 instant_event_alert thr=0.0500 shard=1 (05:49:20, 1790s left)
[lane 100] <-- instant_event_alert thr=0.0500 shard=1 rc=0 (05:50:18)
[lane 100] --> p1 instant_event_alert thr=0.0500 shard=3 (05:50:19, 1731s left)
[lane 100] <-- instant_event_alert thr=0.0500 shard=3 rc=0 (05:51:18)
[lane 100] --> p1 instant_event_alert thr=0.0500 shard=3 (05:51:19, 1671s left)
[lane 100] <-- instant_event_alert thr=0.0500 shard=3 rc=0 (05:52:18)
[lane 100] --> p1 instant_event_alert thr=0.0500 shard=3 (05:52:18, 1611s left)
[lane 100] <-- instant_event_alert thr=0.0500 shard=3 rc=0 (05:53:20)
[lane 100] --> p1 instant_event_alert thr=0.0500 shard=3 (05:53:20, 1549s left)
[lane 100] <-- instant_event_alert thr=0.0500 shard=3 rc=0 (05:54:33)
[lane 100] --> p1 instant_event_alert thr=0.0500 shard=3 (05:54:33, 1476s left)
[lane 100] <-- instant_event_alert thr=0.0500 shard=3 rc=0 (05:55:27)
[lane 100] --> p1 instant_event_alert thr=0.0500 shard=1 (05:55:27, 1422s left)
[lane 100] <-- instant_event_alert thr=0.0500 shard=1 rc=0 (05:56:26)
[lane 100] --> p1 instant_event_alert thr=0.0500 shard=1 (05:56:26, 1363s left)
[lane 100] <-- instant_event_alert thr=0.0500 shard=1 rc=0 (05:57:36)
[lane 100] --> p1 instant_event_alert thr=0.0500 shard=3 (05:57:37, 1293s left)
[lane 100] <-- instant_event_alert thr=0.0500 shard=3 rc=0 (05:58:37)
[lane 100] --> p1 instant_event_alert thr=0.0500 shard=3 (05:58:37, 1232s left)
[lane 100] <-- instant_event_alert thr=0.0500 shard=3 rc=0 (05:59:39)
[lane 100] --> p1 instant_event_alert thr=0.0500 shard=3 (05:59:39, 1170s left)
[lane 100] <-- instant_event_alert thr=0.0500 shard=3 rc=0 (06:00:40)
[lane 100] --> p1 instant_event_alert thr=0.0500 shard=2 (06:00:40, 1109s left)
[lane 100] <-- instant_event_alert thr=0.0500 shard=2 rc=0 (06:01:42)
[lane 100] --> p1 instant_event_alert thr=0.0500 shard=3 (06:01:42, 1047s left)
[lane 100] <-- instant_event_alert thr=0.0500 shard=3 rc=0 (06:02:49)
[lane 100] --> p1 instant_event_alert thr=0.0500 shard=3 (06:02:50, 980s left)
[lane 100] <-- instant_event_alert thr=0.1500 shard=0 rc=0 +5 samples (06:03:00)
[lane 100] --> p1 instant_event_alert thr=0.4500 shard=1 (06:03:00, 4275s left)
[lane 100] <-- instant_event_alert thr=0.4500 shard=1 rc=0 BARREN (nothing under 300s) (06:03:19)
[lane 100] --> p1 instant_event_alert thr=0.4500 shard=2 (06:03:19, 4256s left)
[lane 100] <-- instant_event_alert thr=0.4500 shard=2 rc=0 BARREN (nothing under 300s) (06:03:37)
[lane 100] --> p1 instant_event_alert thr=0.4500 shard=3 (06:03:37, 4238s left)
[lane 100] <-- instant_event_alert thr=0.0500 shard=3 rc=0 (06:03:55)
[lane 100] --> p1 instant_event_alert thr=0.0500 shard=3 (06:03:55, 914s left)
[lane 100] <-- instant_event_alert thr=0.4500 shard=3 rc=0 BARREN (nothing under 300s) (06:03:55)
[lane 100] --> p1 instant_event_alert thr=0.6500 shard=1 (06:03:56, 4220s left)
[lane 100] <-- instant_event_alert thr=0.6500 shard=1 rc=0 BARREN (nothing under 300s) (06:04:22)
[lane 100] --> p1 instant_event_alert thr=0.6500 shard=2 (06:04:22, 4193s left)
[lane 100] <-- instant_event_alert thr=0.6500 shard=2 rc=0 BARREN (nothing under 300s) (06:05:02)
[lane 100] --> p1 instant_event_alert thr=0.6500 shard=3 (06:05:02, 4153s left)
[lane 100] <-- instant_event_alert thr=0.0500 shard=3 rc=0 (06:05:05)
[lane 100] --> p1 instant_event_alert thr=0.0500 shard=1 (06:05:05, 844s left)
[lane 100] <-- instant_event_alert thr=0.6500 shard=3 rc=0 BARREN (nothing under 300s) (06:05:20)
[lane 100] --> p1 instant_event_alert thr=0.7500 shard=1 (06:05:21, 4135s left)
[lane 100] <-- instant_event_alert thr=0.7500 shard=1 rc=0 BARREN (nothing under 300s) (06:05:36)
[lane 100] --> p1 instant_event_alert thr=0.7500 shard=2 (06:05:36, 4119s left)
[lane 100] <-- instant_event_alert thr=0.7500 shard=2 rc=0 BARREN (nothing under 300s) (06:05:52)
[lane 100] --> p1 instant_event_alert thr=0.7500 shard=3 (06:05:52, 4103s left)
[lane 100] <-- instant_event_alert thr=0.7500 shard=3 rc=0 BARREN (nothing under 300s) (06:06:10)
[lane 100] --> p1 instant_event_alert thr=0.8500 shard=0 (06:06:10, 4085s left)
[lane 100] <-- instant_event_alert thr=0.0500 shard=1 rc=0 (06:06:21)
[lane 100] --> p1 instant_event_alert thr=0.0500 shard=3 (06:06:22, 768s left)
[lane 100] <-- instant_event_alert thr=0.0500 shard=3 rc=0 (06:07:39)
[lane 100] --> p1 instant_event_alert thr=0.0500 shard=3 (06:07:40, 690s left)
[lane 100] <-- instant_event_alert thr=0.0500 shard=3 rc=0 (06:08:50)
[lane 100] --> p1 instant_event_alert thr=0.0500 shard=3 (06:08:51, 619s left)
[lane 100] <-- instant_event_alert thr=0.0500 shard=3 rc=0 (06:10:18)
[lane 100] --> p1 instant_event_alert thr=0.0500 shard=3 (06:10:18, 531s left)
[lane 100] <-- instant_event_alert thr=0.0500 shard=3 rc=0 (06:11:22)
[lane 100] --> p1 instant_event_alert thr=0.0500 shard=3 (06:11:22, 467s left)
[lane 100] <-- instant_event_alert thr=0.8500 shard=0 rc=0 +1 samples (06:12:15)
[lane 100] --> p1 semantic_condition_alert thr=0.0100 shard=1 (06:12:15, 3720s left)
[lane 100] <-- instant_event_alert thr=0.0500 shard=3 rc=0 (06:12:27)
[lane 100] --> p1 instant_event_alert thr=0.0500 shard=3 (06:12:27, 402s left)
[lane 100] <-- semantic_condition_alert thr=0.0100 shard=1 rc=0 BARREN (nothing under 300s) (06:12:33)
[lane 100] --> p1 semantic_condition_alert thr=0.0100 shard=3 (06:12:33, 3702s left)
[lane 100] <-- semantic_condition_alert thr=0.0100 shard=3 rc=0 BARREN (nothing under 300s) (06:12:52)
[lane 100] --> p1 semantic_condition_alert thr=0.0100 shard=2 (06:12:52, 3683s left)
[lane 100] <-- semantic_condition_alert thr=0.0100 shard=2 rc=0 BARREN (nothing under 300s) (06:13:11)
[lane 100] --> p1 semantic_condition_alert thr=0.0200 shard=2 (06:13:11, 3664s left)
[lane 100] <-- semantic_condition_alert thr=0.0200 shard=2 rc=0 BARREN (nothing under 300s) (06:13:30)
[lane 100] --> p1 semantic_condition_alert thr=0.0200 shard=1 (06:13:30, 3645s left)
[lane 100] <-- instant_event_alert thr=0.0500 shard=3 rc=0 (06:13:31)
[lane 100] --> p1 instant_event_alert thr=0.0500 shard=2 (06:13:31, 338s left)
[lane 100] <-- semantic_condition_alert thr=0.0200 shard=1 rc=0 BARREN (nothing under 300s) (06:13:52)
[lane 100] --> p1 semantic_condition_alert thr=0.0200 shard=3 (06:13:52, 3623s left)
[lane 100] <-- semantic_condition_alert thr=0.0200 shard=3 rc=0 BARREN (nothing under 300s) (06:14:18)
[lane 100] --> p1 semantic_condition_alert thr=0.0500 shard=1 (06:14:19, 3597s left)
[lane 100] <-- instant_event_alert thr=0.0500 shard=2 rc=0 (06:14:37)
[lane 100] --> p1 instant_event_alert thr=0.0500 shard=3 (06:14:37, 272s left)
[lane 100] <-- semantic_condition_alert thr=0.0500 shard=1 rc=0 BARREN (nothing under 300s) (06:15:08)
[lane 100] --> p1 semantic_condition_alert thr=0.0500 shard=2 (06:15:09, 3547s left)
[lane 100] <-- semantic_condition_alert thr=0.0500 shard=2 rc=0 +1 samples (06:15:35)
[lane 100] --> p1 semantic_condition_alert thr=0.1500 shard=2 (06:15:35, 3520s left)
[lane 100] <-- instant_event_alert thr=0.0500 shard=3 rc=0 (06:15:40)
[lane 100] 209s left (< 240) -- stopping cleanly
[lane 100] <-- semantic_condition_alert thr=0.1500 shard=2 rc=0 BARREN (nothing under 300s) (06:16:21)
[lane 100] --> p1 semantic_condition_alert thr=0.1500 shard=1 (06:16:21, 3474s left)
[lane 100] <-- semantic_condition_alert thr=0.1500 shard=1 rc=0 BARREN (nothing under 300s) (06:16:41)
[lane 100] --> p1 semantic_condition_alert thr=0.1500 shard=3 (06:16:41, 3454s left)
[lane 100] <-- semantic_condition_alert thr=0.1500 shard=3 rc=0 BARREN (nothing under 300s) (06:17:00)
[lane 100] --> p1 semantic_condition_alert thr=0.5500 shard=3 (06:17:00, 3435s left)
[lane 100] clariden-ln004 gpu=0 start=06:17:31 deadline=07:47:31 max_dur=300
[lane 100] --> p1 semantic_condition_alert thr=0.0100 shard=1 (06:17:31, 5400s left)
[lane 100] <-- semantic_condition_alert thr=0.0100 shard=1 rc=0 BARREN (nothing under 300s) (06:18:30)
[lane 100] --> p1 semantic_condition_alert thr=0.0100 shard=2 (06:18:31, 5341s left)
[lane 100] <-- semantic_condition_alert thr=0.0100 shard=2 rc=0 BARREN (nothing under 300s) (06:19:17)
[lane 100] --> p1 semantic_condition_alert thr=0.0100 shard=3 (06:19:18, 5294s left)
[lane 100] <-- semantic_condition_alert thr=0.0100 shard=3 rc=0 BARREN (nothing under 300s) (06:20:29)
[lane 100] --> p1 semantic_condition_alert thr=0.0200 shard=1 (06:20:30, 5222s left)
[lane 100] <-- semantic_condition_alert thr=0.0200 shard=1 rc=0 BARREN (nothing under 300s) (06:21:35)
[lane 100] --> p1 semantic_condition_alert thr=0.0200 shard=2 (06:21:36, 5156s left)
[lane 100] <-- semantic_condition_alert thr=0.0200 shard=2 rc=0 BARREN (nothing under 300s) (06:22:39)
[lane 100] --> p1 semantic_condition_alert thr=0.1500 shard=1 (06:22:39, 5092s left)
[lane 100] <-- semantic_condition_alert thr=0.1500 shard=1 rc=0 +1 samples (06:23:46)
[lane 100] --> p1 semantic_condition_alert thr=0.0200 shard=3 (06:23:46, 5025s left)
[lane 100] <-- semantic_condition_alert thr=0.0200 shard=3 rc=0 BARREN (nothing under 300s) (06:24:48)
[lane 100] --> p1 semantic_condition_alert thr=0.2500 shard=2 (06:24:48, 4963s left)
[lane 100] <-- semantic_condition_alert thr=0.2500 shard=2 rc=0 BARREN (nothing under 300s) (06:25:54)
[lane 100] --> p1 semantic_condition_alert thr=0.2500 shard=1 (06:25:55, 4897s left)
[lane 100] <-- semantic_condition_alert thr=0.2500 shard=1 rc=0 BARREN (nothing under 300s) (06:27:00)
[lane 100] --> p1 semantic_condition_alert thr=0.2500 shard=3 (06:27:01, 4831s left)
[lane 100] <-- semantic_condition_alert thr=0.5500 shard=3 rc=0 +9 samples (06:27:34)
[lane 100] --> p1 semantic_condition_alert thr=0.3500 shard=2 (06:27:34, 2801s left)
[lane 100] <-- semantic_condition_alert thr=0.3500 shard=2 rc=0 BARREN (nothing under 300s) (06:28:00)
[lane 100] --> p1 semantic_condition_alert thr=0.3500 shard=1 (06:28:00, 2775s left)
[lane 100] <-- semantic_condition_alert thr=0.2500 shard=3 rc=0 BARREN (nothing under 300s) (06:28:03)
[lane 100] --> p1 semantic_condition_alert thr=0.4500 shard=2 (06:28:03, 4768s left)
[lane 100] <-- semantic_condition_alert thr=0.3500 shard=1 rc=0 BARREN (nothing under 300s) (06:28:23)
[lane 100] --> p1 semantic_condition_alert thr=0.3500 shard=3 (06:28:23, 2752s left)
[lane 100] <-- semantic_condition_alert thr=0.3500 shard=3 rc=0 BARREN (nothing under 300s) (06:28:42)
[lane 100] --> p1 semantic_condition_alert thr=0.2500 shard=2 (06:28:42, 2733s left)
[lane 100] <-- semantic_condition_alert thr=0.2500 shard=2 rc=0 BARREN (nothing under 300s) (06:29:01)
[lane 100] --> p1 semantic_condition_alert thr=0.2500 shard=1 (06:29:02, 2714s left)
[lane 100] <-- semantic_condition_alert thr=0.4500 shard=2 rc=0 BARREN (nothing under 300s) (06:29:10)
[lane 100] --> p1 semantic_condition_alert thr=0.3500 shard=2 (06:29:11, 4701s left)
[lane 100] <-- semantic_condition_alert thr=0.2500 shard=1 rc=0 BARREN (nothing under 300s) (06:29:22)
[lane 100] --> p1 semantic_condition_alert thr=0.4500 shard=2 (06:29:22, 2693s left)
[lane 100] <-- semantic_condition_alert thr=0.4500 shard=2 rc=0 +1 samples (06:30:06)
[lane 100] --> p1 semantic_condition_alert thr=0.4500 shard=2 (06:30:06, 2649s left)
[lane 100] <-- semantic_condition_alert thr=0.3500 shard=2 rc=0 BARREN (nothing under 300s) (06:30:13)
[lane 100] --> p1 semantic_condition_alert thr=0.3500 shard=1 (06:30:13, 4638s left)
[lane 100] <-- semantic_condition_alert thr=0.4500 shard=2 rc=0 BARREN (nothing under 300s) (06:30:29)
[lane 100] --> p1 semantic_condition_alert thr=0.2500 shard=3 (06:30:30, 2626s left)
[lane 100] <-- semantic_condition_alert thr=0.2500 shard=3 rc=0 BARREN (nothing under 300s) (06:30:50)
[lane 100] --> p1 semantic_condition_alert thr=0.4500 shard=3 (06:30:50, 2605s left)
[lane 100] <-- semantic_condition_alert thr=0.4500 shard=3 rc=0 +1 samples (06:31:09)
[lane 100] --> p1 semantic_condition_alert thr=0.4500 shard=1 (06:31:09, 2586s left)
[lane 100] <-- semantic_condition_alert thr=0.3500 shard=1 rc=0 +1 samples (06:31:16)
[lane 100] --> p1 semantic_condition_alert thr=0.3500 shard=1 (06:31:16, 4575s left)
[lane 100] <-- semantic_condition_alert thr=0.4500 shard=1 rc=0 BARREN (nothing under 300s) (06:31:42)
[lane 100] --> p1 semantic_condition_alert thr=0.4500 shard=3 (06:31:42, 2553s left)
[lane 100] <-- semantic_condition_alert thr=0.4500 shard=3 rc=0 BARREN (nothing under 300s) (06:32:21)
[lane 100] --> p1 semantic_condition_alert thr=0.5500 shard=1 (06:32:22, 2514s left)
[lane 100] <-- semantic_condition_alert thr=0.3500 shard=1 rc=0 BARREN (nothing under 300s) (06:32:26)
[lane 100] --> p1 semantic_condition_alert thr=0.4500 shard=1 (06:32:27, 4505s left)
[lane 100] <-- semantic_condition_alert thr=0.5500 shard=1 rc=0 BARREN (nothing under 300s) (06:32:43)
[lane 100] --> p1 semantic_condition_alert thr=0.5500 shard=2 (06:32:43, 2492s left)
[lane 100] <-- semantic_condition_alert thr=0.5500 shard=2 rc=0 +1 samples (06:33:12)
[lane 100] --> p1 semantic_condition_alert thr=0.5500 shard=2 (06:33:13, 2463s left)
[lane 100] <-- semantic_condition_alert thr=0.4500 shard=1 rc=0 BARREN (nothing under 300s) (06:33:34)
[lane 100] --> p1 semantic_condition_alert thr=0.3500 shard=3 (06:33:34, 4437s left)
[lane 100] <-- semantic_condition_alert thr=0.5500 shard=2 rc=0 BARREN (nothing under 300s) (06:34:03)
[lane 100] --> p1 semantic_condition_alert thr=0.5500 shard=3 (06:34:05, 2412s left)
[lane 100] <-- semantic_condition_alert thr=0.3500 shard=3 rc=0 BARREN (nothing under 300s) (06:34:46)
[lane 100] --> p1 semantic_condition_alert thr=0.6500 shard=2 (06:34:46, 4365s left)
[lane 100] <-- semantic_condition_alert thr=0.5500 shard=3 rc=0 BARREN (nothing under 300s) (06:35:07)
[lane 100] --> p1 semantic_condition_alert thr=0.7500 shard=3 (06:35:07, 2348s left)
[lane 100] <-- semantic_condition_alert thr=0.6500 shard=2 rc=0 +1 samples (06:35:54)
[lane 100] --> p1 semantic_condition_alert thr=0.5500 shard=1 (06:35:54, 4297s left)
[lane 100] <-- semantic_condition_alert thr=0.7500 shard=3 rc=0 +2 samples (06:36:05)
[lane 100] --> p1 semantic_condition_alert thr=0.7500 shard=2 (06:36:06, 2290s left)
[lane 100] <-- semantic_condition_alert thr=0.7500 shard=2 rc=0 BARREN (nothing under 300s) (06:36:53)
[lane 100] --> p1 semantic_condition_alert thr=0.6500 shard=1 (06:36:54, 2242s left)
[lane 100] <-- semantic_condition_alert thr=0.5500 shard=1 rc=0 BARREN (nothing under 300s) (06:36:59)
[lane 100] --> p1 semantic_condition_alert thr=0.5500 shard=3 (06:37:00, 4232s left)
[lane 100] <-- semantic_condition_alert thr=0.6500 shard=1 rc=0 BARREN (nothing under 300s) (06:37:47)
[lane 100] --> p1 semantic_condition_alert thr=0.7500 shard=3 (06:37:47, 2188s left)
[lane 100] <-- semantic_condition_alert thr=0.5500 shard=3 rc=0 BARREN (nothing under 300s) (06:38:07)
[lane 100] --> p1 semantic_condition_alert thr=0.7500 shard=2 (06:38:08, 4164s left)
[lane 100] <-- semantic_condition_alert thr=0.7500 shard=3 rc=0 +1 samples (06:38:18)
[lane 100] --> p1 semantic_condition_alert thr=0.6500 shard=2 (06:38:18, 2157s left)
[lane 100] <-- semantic_condition_alert thr=0.6500 shard=2 rc=0 BARREN (nothing under 300s) (06:38:46)
[lane 100] --> p1 semantic_condition_alert thr=0.7500 shard=1 (06:38:46, 2129s left)
[lane 100] <-- semantic_condition_alert thr=0.7500 shard=2 rc=0 BARREN (nothing under 300s) (06:39:05)
[lane 100] --> p1 semantic_condition_alert thr=0.7500 shard=3 (06:39:05, 4106s left)
[lane 100] <-- semantic_condition_alert thr=0.7500 shard=1 rc=0 BARREN (nothing under 300s) (06:39:14)
[lane 100] --> p1 semantic_condition_alert thr=0.8500 shard=1 (06:39:15, 2101s left)
[lane 100] <-- semantic_condition_alert thr=0.8500 shard=1 rc=0 BARREN (nothing under 300s) (06:39:51)
[lane 100] --> p1 semantic_condition_alert thr=0.8500 shard=2 (06:39:52, 2064s left)
[lane 100] <-- semantic_condition_alert thr=0.7500 shard=3 rc=0 BARREN (nothing under 300s) (06:40:05)
[lane 100] --> p1 semantic_condition_alert thr=0.6500 shard=1 (06:40:05, 4046s left)
[lane 100] <-- semantic_condition_alert thr=0.8500 shard=2 rc=0 BARREN (nothing under 300s) (06:40:40)
[lane 100] --> p1 semantic_condition_alert thr=0.8500 shard=3 (06:40:41, 2015s left)
[lane 100] <-- semantic_condition_alert thr=0.6500 shard=1 rc=0 BARREN (nothing under 300s) (06:41:07)
[lane 100] --> p1 semantic_condition_alert thr=0.7500 shard=1 (06:41:08, 3984s left)
[lane 100] <-- semantic_condition_alert thr=0.8500 shard=3 rc=0 +1 samples (06:41:10)
[lane 100] --> p1 semantic_condition_alert thr=0.7500 shard=3 (06:41:11, 1985s left)
[lane 100] <-- semantic_condition_alert thr=0.7500 shard=3 rc=0 BARREN (nothing under 300s) (06:41:39)
[lane 100] --> p1 semantic_condition_alert thr=0.8500 shard=3 (06:41:39, 1956s left)
[lane 100] <-- semantic_condition_alert thr=0.7500 shard=1 rc=0 BARREN (nothing under 300s) (06:42:04)
[lane 100] --> p1 semantic_condition_alert thr=0.6500 shard=2 (06:42:04, 3927s left)
[lane 100] <-- semantic_condition_alert thr=0.8500 shard=3 rc=0 BARREN (nothing under 300s) (06:42:32)
[lane 100] --> p1 semantic_condition_alert thr=0.9500 shard=2 (06:42:33, 1903s left)
[lane 100] <-- semantic_condition_alert thr=0.6500 shard=2 rc=0 BARREN (nothing under 300s) (06:43:09)
[lane 100] --> p1 semantic_condition_alert thr=0.8500 shard=1 (06:43:10, 3862s left)
[lane 100] <-- semantic_condition_alert thr=0.9500 shard=2 rc=0 +1 samples (06:43:32)
[lane 100] --> p1 semantic_condition_alert thr=0.9500 shard=2 (06:43:32, 1843s left)
[lane 100] <-- semantic_condition_alert thr=0.8500 shard=1 rc=0 BARREN (nothing under 300s) (06:44:17)
[lane 100] --> p1 semantic_condition_alert thr=0.5500 shard=2 (06:44:17, 3794s left)
[lane 100] <-- semantic_condition_alert thr=0.9500 shard=2 rc=0 +1 samples (06:44:22)
[lane 100] --> p1 semantic_condition_alert thr=0.8500 shard=0 (06:44:22, 1793s left)
[lane 100] <-- semantic_condition_alert thr=0.5500 shard=2 rc=0 BARREN (nothing under 300s) (06:45:23)
[lane 100] --> p1 explicit_target_grounding thr=0.1500 shard=1 (06:45:24, 3728s left)
[lane 100] <-- semantic_condition_alert thr=0.8500 shard=0 rc=0 +1 samples (06:54:48)
[lane 100] --> p1 explicit_target_grounding thr=0.0500 shard=3 (06:54:48, 1167s left)
[lane 100] <-- explicit_target_grounding thr=0.0500 shard=3 rc=0 BARREN (nothing under 300s) (06:55:11)
[lane 100] --> p1 semantic_condition_alert thr=0.9500 shard=1 (06:55:12, 1144s left)
[lane 100] <-- semantic_condition_alert thr=0.9500 shard=1 rc=0 BARREN (nothing under 300s) (06:55:52)
[lane 100] --> p1 semantic_condition_alert thr=0.9500 shard=3 (06:55:52, 1103s left)
[lane 100] <-- semantic_condition_alert thr=0.9500 shard=3 rc=0 BARREN (nothing under 300s) (06:56:22)
[lane 100] --> p1 semantic_condition_alert thr=0.9500 shard=2 (06:56:22, 1073s left)
[lane 100] <-- semantic_condition_alert thr=0.9500 shard=2 rc=0 BARREN (nothing under 300s) (06:56:51)
[lane 100] --> p1 explicit_target_grounding thr=0.1500 shard=3 (06:56:51, 1044s left)
[lane 100] <-- explicit_target_grounding thr=0.1500 shard=3 rc=0 +1 samples (06:57:16)
[lane 100] --> p1 explicit_target_grounding thr=0.1500 shard=3 (06:57:16, 1019s left)
[lane 100] <-- explicit_target_grounding thr=0.1500 shard=3 rc=0 +1 samples (06:57:59)
[lane 100] --> p1 explicit_target_grounding thr=0.1500 shard=0 (06:57:59, 976s left)
[lane 100] <-- explicit_target_grounding thr=0.1500 shard=0 rc=0 BARREN (nothing under 300s) (06:58:20)
[lane 100] --> p1 explicit_target_grounding thr=0.6500 shard=1 (06:58:21, 955s left)
[lane 100] <-- explicit_target_grounding thr=0.6500 shard=1 rc=0 +11 samples (07:12:46)
[lane 100] 89s left (< 240) -- stopping cleanly
[lane 100] done, 60 units attempted 07:12:46
[lane 100] clariden-ln002 gpu=0 start=07:14:36 deadline=08:44:36 max_dur=300
[lane 100] --> p1 explicit_target_grounding thr=0.1500 shard=2 (07:14:37, 5400s left)
[lane 100] <-- explicit_target_grounding thr=0.1500 shard=2 rc=0 BARREN (nothing under 300s) (07:15:27)
[lane 100] --> p1 explicit_target_grounding thr=0.3500 shard=1 (07:15:27, 5349s left)
[lane 100] <-- explicit_target_grounding thr=0.3500 shard=1 rc=0 BARREN (nothing under 300s) (07:15:48)
[lane 100] --> p1 explicit_target_grounding thr=0.1500 shard=3 (07:15:48, 5328s left)
[lane 100] <-- explicit_target_grounding thr=0.1500 shard=3 rc=0 BARREN (nothing under 300s) (07:16:25)
[lane 100] --> p1 explicit_target_grounding thr=0.1500 shard=0 (07:16:26, 5291s left)
[lane 100] <-- explicit_target_grounding thr=0.1500 shard=0 rc=0 BARREN (nothing under 300s) (07:17:02)
[lane 100] --> p1 explicit_target_grounding thr=0.3500 shard=3 (07:17:03, 5254s left)
[lane 100] <-- explicit_target_grounding thr=0.3500 shard=3 rc=0 BARREN (nothing under 300s) (07:17:23)
[lane 100] --> p1 explicit_target_grounding thr=0.4500 shard=2 (07:17:24, 5233s left)
[lane 100] <-- explicit_target_grounding thr=0.4500 shard=2 rc=0 BARREN (nothing under 300s) (07:17:41)
[lane 100] --> p1 explicit_target_grounding thr=0.3500 shard=0 (07:17:42, 5215s left)
[lane 100] <-- explicit_target_grounding thr=0.3500 shard=0 rc=0 BARREN (nothing under 300s) (07:18:02)
[lane 100] --> p1 explicit_target_grounding thr=0.4500 shard=3 (07:18:04, 5194s left)
[lane 100] <-- explicit_target_grounding thr=0.4500 shard=3 rc=0 BARREN (nothing under 300s) (07:18:41)
[lane 100] --> p1 explicit_target_grounding thr=0.7500 shard=3 (07:18:42, 5155s left)
[lane 100] <-- explicit_target_grounding thr=0.1500 shard=1 rc=0 +12 samples (07:18:49)
[lane 100] --> p1 explicit_target_grounding thr=0.4500 shard=2 (07:18:50, 1722s left)
[lane 100] <-- explicit_target_grounding thr=0.7500 shard=3 rc=0 BARREN (nothing under 300s) (07:19:21)
[lane 100] --> p1 explicit_target_grounding thr=0.7500 shard=2 (07:19:22, 5115s left)
[lane 100] <-- explicit_target_grounding thr=0.7500 shard=2 rc=0 BARREN (nothing under 300s) (07:19:39)
[lane 100] --> p1 explicit_target_grounding thr=0.4500 shard=0 (07:19:40, 5097s left)
[lane 100] <-- explicit_target_grounding thr=0.4500 shard=2 rc=0 +1 samples (07:19:44)
[lane 100] --> p1 explicit_target_grounding thr=0.3500 shard=1 (07:19:44, 1667s left)
[lane 100] <-- explicit_target_grounding thr=0.4500 shard=0 rc=0 BARREN (nothing under 300s) (07:19:57)
[lane 100] --> p1 explicit_target_grounding thr=0.7500 shard=0 (07:19:57, 5079s left)
[lane 100] <-- explicit_target_grounding thr=0.7500 shard=0 rc=0 BARREN (nothing under 300s) (07:20:15)
[lane 100] --> p1 snapshot_counting thr=0.3500 shard=2 (07:20:16, 5061s left)
[lane 100] <-- explicit_target_grounding thr=0.3500 shard=1 rc=0 +1 samples (07:20:32)
[lane 100] --> p1 explicit_target_grounding thr=0.7500 shard=0 (07:20:33, 1619s left)
[lane 100] <-- explicit_target_grounding thr=0.7500 shard=0 rc=0 +1 samples (07:21:24)
[lane 100] --> p1 explicit_target_grounding thr=0.4500 shard=2 (07:21:25, 1567s left)
[lane 100] <-- explicit_target_grounding thr=0.4500 shard=2 rc=0 BARREN (nothing under 300s) (07:22:27)
[lane 100] --> p1 explicit_target_grounding thr=0.4500 shard=3 (07:22:28, 1504s left)
[lane 100] <-- explicit_target_grounding thr=0.4500 shard=3 rc=0 BARREN (nothing under 300s) (07:23:33)
[lane 100] --> p1 explicit_target_grounding thr=0.4500 shard=0 (07:23:34, 1438s left)
[lane 100] <-- explicit_target_grounding thr=0.4500 shard=0 rc=0 +1 samples (07:24:31)
[lane 100] --> p1 snapshot_counting thr=0.5500 shard=3 (07:24:32, 1380s left)
[lane 100] <-- snapshot_counting thr=0.5500 shard=3 rc=0 +7 samples (07:32:05)
[lane 100] --> p1 snapshot_counting thr=0.0500 shard=3 (07:32:06, 926s left)
[lane 100] <-- snapshot_counting thr=0.0500 shard=3 rc=0 +1 samples (07:33:27)
[lane 100] --> p1 snapshot_counting thr=0.0500 shard=3 (07:33:27, 844s left)
[lane 100] <-- snapshot_counting thr=0.0500 shard=3 rc=0 BARREN (nothing under 300s) (07:34:35)
[lane 100] --> p1 snapshot_counting thr=0.1500 shard=3 (07:34:35, 776s left)
[lane 100] <-- snapshot_counting thr=0.1500 shard=3 rc=0 BARREN (nothing under 300s) (07:35:29)
[lane 100] --> p1 snapshot_counting thr=0.2500 shard=3 (07:35:32, 722s left)
[lane 100] <-- snapshot_counting thr=0.2500 shard=3 rc=0 BARREN (nothing under 300s) (07:36:34)
[lane 100] --> p1 snapshot_counting thr=0.0500 shard=1 (07:36:36, 657s left)
[lane 100] <-- snapshot_counting thr=0.0500 shard=1 rc=0 BARREN (nothing under 300s) (07:38:10)
[lane 100] --> p1 snapshot_counting thr=0.4500 shard=1 (07:38:12, 561s left)
[lane 100] <-- snapshot_counting thr=0.4500 shard=1 rc=0 BARREN (nothing under 300s) (07:39:32)
[lane 100] --> p1 snapshot_counting thr=0.0500 shard=2 (07:39:32, 479s left)
[lane 100] <-- snapshot_counting thr=0.0500 shard=2 rc=0 BARREN (nothing under 300s) (07:40:38)
[lane 100] --> p1 snapshot_counting thr=0.2500 shard=1 (07:40:40, 413s left)
[lane 100] <-- snapshot_counting thr=0.2500 shard=1 rc=0 BARREN (nothing under 300s) (07:41:57)
[lane 100] --> p1 snapshot_counting thr=0.4500 shard=2 (07:41:59, 334s left)
[lane 100] <-- snapshot_counting thr=0.4500 shard=2 rc=0 BARREN (nothing under 300s) (07:44:11)
[lane 100] 200s left (< 240) -- stopping cleanly
[lane 100] done, 43 units attempted 07:44:11
[lane 100] clariden-ln004 gpu=0 start=07:47:53 deadline=09:17:52 max_dur=300
[lane 100] --> p1 snapshot_counting thr=0.2500 shard=3 (07:47:54, 5399s left)
[lane 100] <-- snapshot_counting thr=0.2500 shard=3 rc=0 BARREN (nothing under 300s) (07:50:43)
[lane 100] --> p1 snapshot_counting thr=0.3500 shard=0 (07:50:46, 5229s left)
[lane 100] <-- snapshot_counting thr=0.3500 shard=0 rc=0 +1 samples (07:51:57)
[lane 100] --> p1 snapshot_counting thr=0.3500 shard=0 (07:52:00, 5155s left)
[lane 100] <-- snapshot_counting thr=0.3500 shard=0 rc=0 BARREN (nothing under 300s) (07:53:00)
[lane 100] --> p1 snapshot_counting thr=0.4500 shard=1 (07:53:01, 5092s left)
[lane 100] <-- snapshot_counting thr=0.4500 shard=1 rc=0 +1 samples (07:54:05)
[lane 100] --> p1 snapshot_counting thr=0.6500 shard=0 (07:54:07, 5027s left)
[lane 100] <-- snapshot_counting thr=0.6500 shard=0 rc=0 BARREN (nothing under 300s) (07:55:16)
[lane 100] --> p1 snapshot_counting thr=0.3500 shard=3 (07:55:17, 4956s left)
[lane 100] <-- snapshot_counting thr=0.3500 shard=3 rc=0 BARREN (nothing under 300s) (07:57:12)
[lane 100] --> p1 snapshot_counting thr=0.6500 shard=3 (07:57:14, 4840s left)
[lane 100] <-- snapshot_counting thr=0.6500 shard=3 rc=0 BARREN (nothing under 300s) (07:58:19)
[lane 100] --> p1 snapshot_counting thr=0.6500 shard=1 (07:58:21, 4773s left)
[lane 100] <-- snapshot_counting thr=0.6500 shard=1 rc=0 BARREN (nothing under 300s) (07:59:25)
[lane 100] --> p1 snapshot_counting thr=0.2500 shard=1 (07:59:25, 4707s left)
[lane 100] <-- snapshot_counting thr=0.2500 shard=1 rc=0 BARREN (nothing under 300s) (08:00:28)
[lane 100] --> p1 cumulative_counting thr=0.3500 shard=3 (08:00:30, 4644s left)
[lane 100] <-- snapshot_counting thr=0.3500 shard=2 rc=0 +11 samples (08:05:05)
[lane 100] --> p1 snapshot_counting thr=0.2500 shard=1 (08:05:05, 2371s left)
[lane 100] <-- snapshot_counting thr=0.2500 shard=1 rc=0 BARREN (nothing under 300s) (08:05:38)
[lane 100] --> p1 snapshot_counting thr=0.6500 shard=0 (08:05:39, 2338s left)
[lane 100] <-- snapshot_counting thr=0.6500 shard=0 rc=0 BARREN (nothing under 300s) (08:06:15)
[lane 100] --> p1 snapshot_counting thr=0.6500 shard=1 (08:06:16, 2301s left)
[lane 100] <-- snapshot_counting thr=0.6500 shard=1 rc=0 BARREN (nothing under 300s) (08:07:01)
[lane 100] --> p1 snapshot_counting thr=0.2500 shard=2 (08:07:01, 2255s left)
[lane 100] <-- snapshot_counting thr=0.2500 shard=2 rc=0 BARREN (nothing under 300s) (08:07:34)
[lane 100] --> p1 snapshot_counting thr=0.2500 shard=3 (08:07:35, 2222s left)
[lane 100] <-- snapshot_counting thr=0.2500 shard=3 rc=0 BARREN (nothing under 300s) (08:08:07)
[lane 100] --> p1 snapshot_counting thr=0.6500 shard=3 (08:08:07, 2189s left)
[lane 100] <-- snapshot_counting thr=0.6500 shard=3 rc=0 BARREN (nothing under 300s) (08:08:28)
[lane 100] --> p1 cumulative_counting thr=0.0500 shard=0 (08:08:29, 2168s left)
[lane 100] <-- cumulative_counting thr=0.0500 shard=0 rc=0 BARREN (nothing under 300s) (08:09:05)
[lane 100] --> p1 cumulative_counting thr=0.1500 shard=3 (08:09:05, 2131s left)
[lane 100] <-- cumulative_counting thr=0.1500 shard=3 rc=0 +1 samples (08:09:50)
[lane 100] --> p1 cumulative_counting thr=0.1500 shard=3 (08:09:51, 2086s left)
[lane 100] <-- cumulative_counting thr=0.1500 shard=3 rc=0 BARREN (nothing under 300s) (08:10:43)
[lane 100] --> p1 cumulative_counting thr=0.2500 shard=3 (08:10:45, 2033s left)
[lane 100] <-- cumulative_counting thr=0.2500 shard=3 rc=0 +1 samples (08:11:21)
[lane 100] --> p1 cumulative_counting thr=0.2500 shard=3 (08:11:24, 1995s left)
[lane 100] <-- cumulative_counting thr=0.2500 shard=3 rc=0 BARREN (nothing under 300s) (08:12:00)
[lane 100] --> p1 cumulative_counting thr=0.6500 shard=0 (08:12:00, 1956s left)
[lane 100] <-- cumulative_counting thr=0.3500 shard=3 rc=0 +10 samples (08:22:23)
[lane 100] --> p1 cumulative_counting thr=0.3500 shard=0 (08:22:23, 3329s left)
[lane 100] <-- cumulative_counting thr=0.3500 shard=0 rc=0 BARREN (nothing under 300s) (08:23:35)
[lane 100] --> p1 cumulative_counting thr=0.4500 shard=2 (08:23:35, 3257s left)
[lane 100] <-- cumulative_counting thr=0.6500 shard=0 rc=0 +10 samples (08:25:32)
[lane 100] --> p1 cumulative_counting thr=0.3500 shard=0 (08:25:33, 1144s left)
[lane 100] <-- cumulative_counting thr=0.4500 shard=2 rc=0 BARREN (nothing under 300s) (08:26:06)
[lane 100] --> p1 cumulative_counting thr=0.3500 shard=3 (08:26:07, 3106s left)
[lane 100] <-- cumulative_counting thr=0.3500 shard=0 rc=0 BARREN (nothing under 300s) (08:26:20)
[lane 100] --> p1 cumulative_counting thr=0.4500 shard=2 (08:26:21, 1096s left)
[lane 100] <-- cumulative_counting thr=0.4500 shard=2 rc=0 BARREN (nothing under 300s) (08:26:43)
[lane 100] --> p1 cumulative_counting thr=0.5500 shard=0 (08:26:43, 1073s left)
[lane 100] <-- cumulative_counting thr=0.5500 shard=0 rc=0 BARREN (nothing under 300s) (08:27:03)
[lane 100] --> p1 cumulative_counting thr=0.5500 shard=3 (08:27:04, 1053s left)
[lane 100] <-- cumulative_counting thr=0.3500 shard=3 rc=0 BARREN (nothing under 300s) (08:27:12)
[lane 100] --> p1 cumulative_counting thr=0.4500 shard=3 (08:27:13, 3040s left)
[lane 100] <-- cumulative_counting thr=0.5500 shard=3 rc=0 BARREN (nothing under 300s) (08:27:56)
[lane 100] --> p1 cumulative_counting thr=0.3500 shard=3 (08:27:57, 1000s left)
[lane 100] <-- cumulative_counting thr=0.3500 shard=3 rc=0 BARREN (nothing under 300s) (08:28:42)
[lane 100] --> p1 cumulative_counting thr=0.6500 shard=0 (08:28:43, 954s left)
[lane 100] <-- cumulative_counting thr=0.4500 shard=3 rc=0 +1 samples (08:28:43)
[lane 100] --> p1 cumulative_counting thr=0.4500 shard=3 (08:28:46, 2949s left)
[lane 100] <-- cumulative_counting thr=0.6500 shard=0 rc=0 BARREN (nothing under 300s) (08:29:30)
[lane 100] --> p1 cumulative_counting thr=0.5500 shard=1 (08:29:31, 906s left)
[lane 100] <-- cumulative_counting thr=0.5500 shard=1 rc=0 BARREN (nothing under 300s) (08:30:08)
[lane 100] --> p1 cumulative_counting thr=0.6500 shard=3 (08:30:09, 868s left)
[lane 100] <-- cumulative_counting thr=0.6500 shard=3 rc=0 BARREN (nothing under 300s) (08:30:33)
[lane 100] --> p1 dedup_counting thr=0.0500 shard=1 (08:30:34, 843s left)
[lane 100] <-- cumulative_counting thr=0.4500 shard=3 rc=0 +1 samples (08:30:57)
[lane 100] --> p1 cumulative_counting thr=0.4500 shard=3 (08:30:59, 2815s left)
[lane 100] <-- cumulative_counting thr=0.4500 shard=3 rc=0 BARREN (nothing under 300s) (08:32:45)
[lane 100] --> p1 cumulative_counting thr=0.9500 shard=3 (08:32:48, 2707s left)
[lane 100] <-- cumulative_counting thr=0.9500 shard=3 rc=0 BARREN (nothing under 300s) (08:34:26)
[lane 100] --> p1 cumulative_counting thr=0.6500 shard=2 (08:34:28, 2606s left)
[lane 100] <-- cumulative_counting thr=0.6500 shard=2 rc=0 BARREN (nothing under 300s) (08:36:12)
[lane 100] --> p1 cumulative_counting thr=0.7500 shard=0 (08:36:13, 2500s left)
[lane 100] <-- cumulative_counting thr=0.7500 shard=0 rc=0 BARREN (nothing under 300s) (08:37:54)
[lane 100] --> p1 cumulative_counting thr=0.7500 shard=1 (08:37:56, 2398s left)
[lane 100] <-- cumulative_counting thr=0.7500 shard=1 rc=0 +1 samples (08:40:01)
[lane 100] --> p1 cumulative_counting thr=0.6500 shard=0 (08:40:03, 2271s left)
[lane 100] <-- cumulative_counting thr=0.6500 shard=0 rc=0 BARREN (nothing under 300s) (08:41:17)
[lane 100] --> p1 cumulative_counting thr=0.6500 shard=3 (08:41:20, 2195s left)
[lane 100] <-- cumulative_counting thr=0.6500 shard=3 rc=0 BARREN (nothing under 300s) (08:42:56)
[lane 100] --> p1 cumulative_counting thr=0.9500 shard=1 (08:42:58, 2096s left)
[lane 100] <-- dedup_counting thr=0.0500 shard=1 rc=124 +4 samples (08:44:07)
[lane 100] 29s left (< 240) -- stopping cleanly
[lane 100] done, 34 units attempted 08:44:07
[lane 100] <-- cumulative_counting thr=0.9500 shard=1 rc=0 BARREN (nothing under 300s) (08:44:29)
[lane 100] --> p1 cumulative_counting thr=0.9500 shard=2 (08:44:31, 2003s left)
[lane 100] clariden-ln002 gpu=0 start=08:44:58 deadline=10:14:57 max_dur=300
[lane 100] --> p1 cumulative_counting thr=0.6500 shard=2 (08:44:59, 5399s left)
[lane 100] <-- cumulative_counting thr=0.9500 shard=2 rc=0 +1 samples (08:45:42)
[lane 100] --> p1 dedup_counting thr=0.4500 shard=3 (08:45:43, 1930s left)
[lane 100] <-- cumulative_counting thr=0.6500 shard=2 rc=0 BARREN (nothing under 300s) (08:45:45)
[lane 100] --> p1 cumulative_counting thr=0.6500 shard=3 (08:45:46, 5352s left)
[lane 100] <-- cumulative_counting thr=0.6500 shard=3 rc=0 BARREN (nothing under 300s) (08:46:06)
[lane 100] --> p1 cumulative_counting thr=0.6500 shard=0 (08:46:07, 5331s left)
[lane 100] <-- cumulative_counting thr=0.6500 shard=0 rc=0 BARREN (nothing under 300s) (08:46:25)
[lane 100] --> p1 dedup_counting thr=0.5500 shard=1 (08:46:26, 5312s left)
[lane 100] <-- dedup_counting thr=0.4500 shard=3 rc=124 +9 samples (09:17:24)
[lane 100] 28s left (< 240) -- stopping cleanly
[lane 100] done, 25 units attempted 09:17:24
[lane 100] clariden-ln004 gpu=0 start=09:18:16 deadline=10:48:15 max_dur=300
[lane 100] --> p1 dedup_counting thr=0.0500 shard=0 (09:18:18, 5399s left)
[lane 100] <-- dedup_counting thr=0.0500 shard=0 rc=0 BARREN (nothing under 300s) (09:19:33)
[lane 100] --> p1 dedup_counting thr=0.1500 shard=2 (09:19:41, 5322s left)
[lane 100] <-- dedup_counting thr=0.1500 shard=2 rc=0 BARREN (nothing under 300s) (09:21:09)
[lane 100] --> p1 dedup_counting thr=0.0500 shard=2 (09:21:09, 5226s left)
[lane 100] <-- dedup_counting thr=0.0500 shard=2 rc=0 BARREN (nothing under 300s) (09:22:08)
[lane 100] --> p1 dedup_counting thr=0.0500 shard=3 (09:22:10, 5167s left)
[lane 100] <-- dedup_counting thr=0.0500 shard=3 rc=0 BARREN (nothing under 300s) (09:23:02)
[lane 100] --> p1 dedup_counting thr=0.1500 shard=0 (09:23:06, 5113s left)
[lane 100] <-- dedup_counting thr=0.1500 shard=0 rc=0 BARREN (nothing under 300s) (09:23:59)
[lane 100] --> p1 dedup_counting thr=0.2500 shard=0 (09:24:00, 5056s left)
[lane 100] <-- dedup_counting thr=0.2500 shard=0 rc=0 BARREN (nothing under 300s) (09:24:51)
[lane 100] --> p1 dedup_counting thr=0.1500 shard=3 (09:24:52, 5004s left)
[lane 100] <-- dedup_counting thr=0.1500 shard=3 rc=0 BARREN (nothing under 300s) (09:25:46)
[lane 100] --> p1 dedup_counting thr=0.2500 shard=2 (09:25:46, 4949s left)
[lane 100] <-- dedup_counting thr=0.2500 shard=2 rc=0 BARREN (nothing under 300s) (09:26:45)
[lane 100] --> p1 dedup_counting thr=0.2500 shard=3 (09:26:47, 4890s left)
[lane 100] <-- dedup_counting thr=0.2500 shard=3 rc=0 BARREN (nothing under 300s) (09:27:37)
[lane 100] --> p1 dedup_counting thr=0.3500 shard=0 (09:27:38, 4838s left)
[lane 100] <-- dedup_counting thr=0.3500 shard=0 rc=0 BARREN (nothing under 300s) (09:28:26)
[lane 100] --> p1 dedup_counting thr=0.3500 shard=2 (09:28:27, 4789s left)
[lane 100] <-- dedup_counting thr=0.3500 shard=2 rc=0 BARREN (nothing under 300s) (09:29:12)
[lane 100] --> p1 dedup_counting thr=0.3500 shard=3 (09:29:13, 4743s left)
[lane 100] <-- dedup_counting thr=0.3500 shard=3 rc=0 BARREN (nothing under 300s) (09:30:21)
[lane 100] --> p1 dedup_counting thr=0.6500 shard=0 (09:30:22, 4674s left)
[lane 100] <-- dedup_counting thr=0.6500 shard=0 rc=0 BARREN (nothing under 300s) (09:31:23)
[lane 100] --> p1 dedup_counting thr=0.4500 shard=0 (09:31:25, 4612s left)
[lane 100] <-- dedup_counting thr=0.4500 shard=0 rc=0 BARREN (nothing under 300s) (09:32:13)
[lane 100] --> p1 dedup_counting thr=0.4500 shard=2 (09:32:14, 4562s left)
[lane 100] <-- dedup_counting thr=0.4500 shard=2 rc=0 BARREN (nothing under 300s) (09:33:29)
[lane 100] --> p1 dedup_counting thr=0.4500 shard=3 (09:33:31, 4486s left)
[lane 100] <-- dedup_counting thr=0.4500 shard=3 rc=0 BARREN (nothing under 300s) (09:34:26)
[lane 100] --> p1 dedup_counting thr=0.6500 shard=1 (09:34:27, 4429s left)
[lane 100] <-- dedup_counting thr=0.5500 shard=1 rc=0 +12 samples (09:47:22)
[lane 100] --> p1 dedup_counting thr=0.1500 shard=0 (09:47:23, 1655s left)
[lane 100] <-- dedup_counting thr=0.1500 shard=0 rc=0 BARREN (nothing under 300s) (09:47:45)
[lane 100] --> p1 dedup_counting thr=0.1500 shard=2 (09:47:47, 1632s left)
[lane 100] <-- dedup_counting thr=0.1500 shard=2 rc=0 BARREN (nothing under 300s) (09:48:07)
[lane 100] --> p1 dedup_counting thr=0.1500 shard=3 (09:48:07, 1610s left)
[lane 100] <-- dedup_counting thr=0.1500 shard=3 rc=0 BARREN (nothing under 300s) (09:48:34)
[lane 100] --> p1 dedup_counting thr=0.2500 shard=0 (09:48:36, 1583s left)
[lane 100] <-- dedup_counting thr=0.2500 shard=0 rc=0 BARREN (nothing under 300s) (09:49:21)
[lane 100] --> p1 dedup_counting thr=0.2500 shard=2 (09:49:22, 1536s left)
[lane 100] <-- dedup_counting thr=0.2500 shard=2 rc=0 BARREN (nothing under 300s) (09:50:18)
[lane 100] --> p1 dedup_counting thr=0.2500 shard=3 (09:50:20, 1479s left)
[lane 100] <-- dedup_counting thr=0.2500 shard=3 rc=0 BARREN (nothing under 300s) (09:51:31)
[lane 100] --> p1 dedup_counting thr=0.3500 shard=0 (09:51:32, 1406s left)
[lane 100] <-- dedup_counting thr=0.3500 shard=0 rc=0 BARREN (nothing under 300s) (09:52:32)
[lane 100] --> p1 dedup_counting thr=0.3500 shard=2 (09:52:34, 1345s left)
[lane 100] <-- dedup_counting thr=0.3500 shard=2 rc=0 BARREN (nothing under 300s) (09:53:35)
[lane 100] --> p1 dedup_counting thr=0.3500 shard=3 (09:53:36, 1282s left)
[lane 100] <-- dedup_counting thr=0.3500 shard=3 rc=0 BARREN (nothing under 300s) (09:54:34)
[lane 100] --> p1 dedup_counting thr=0.4500 shard=0 (09:54:35, 1223s left)
[lane 100] <-- dedup_counting thr=0.4500 shard=0 rc=0 BARREN (nothing under 300s) (09:55:31)
[lane 100] --> p1 dedup_counting thr=0.4500 shard=2 (09:55:32, 1166s left)
[lane 100] <-- dedup_counting thr=0.4500 shard=2 rc=0 BARREN (nothing under 300s) (09:56:32)
[lane 100] --> p1 dedup_counting thr=0.4500 shard=3 (09:56:33, 1105s left)
[lane 100] <-- dedup_counting thr=0.4500 shard=3 rc=0 BARREN (nothing under 300s) (09:57:33)
[lane 100] --> p1 dedup_counting thr=0.6500 shard=0 (09:57:34, 1044s left)
[lane 100] <-- dedup_counting thr=0.6500 shard=0 rc=0 BARREN (nothing under 300s) (09:58:37)
[lane 100] --> p1 dedup_counting thr=0.6500 shard=2 (09:58:38, 980s left)
[lane 100] <-- dedup_counting thr=0.6500 shard=2 rc=0 BARREN (nothing under 300s) (09:59:43)
[lane 100] --> p1 dedup_counting thr=0.6500 shard=3 (09:59:45, 914s left)
[lane 100] <-- dedup_counting thr=0.6500 shard=3 rc=0 BARREN (nothing under 300s) (10:00:48)
[lane 100] --> p1 dedup_counting thr=0.7500 shard=0 (10:00:50, 849s left)
[lane 100] <-- dedup_counting thr=0.7500 shard=0 rc=0 BARREN (nothing under 300s) (10:02:04)
[lane 100] --> p1 dedup_counting thr=0.7500 shard=2 (10:02:08, 773s left)
[lane 100] <-- dedup_counting thr=0.7500 shard=2 rc=0 BARREN (nothing under 300s) (10:04:27)
[lane 100] --> p1 dedup_counting thr=0.7500 shard=3 (10:04:32, 630s left)
[lane 100] <-- dedup_counting thr=0.7500 shard=3 rc=0 BARREN (nothing under 300s) (10:06:13)
[lane 100] --> p1 dedup_counting thr=0.8500 shard=0 (10:06:16, 524s left)
[lane 100] <-- dedup_counting thr=0.8500 shard=0 rc=0 BARREN (nothing under 300s) (10:07:15)
[lane 100] --> p1 dedup_counting thr=0.8500 shard=1 (10:07:16, 462s left)
[lane 100] <-- dedup_counting thr=0.8500 shard=1 rc=124 BARREN (nothing under 300s) (10:14:30)
[lane 100] 27s left (< 240) -- stopping cleanly
[lane 100] done, 24 units attempted 10:14:30
[lane 100] clariden-ln002 gpu=0 start=10:15:20 deadline=11:45:20 max_dur=300
[lane 100] --> p1 dedup_counting thr=0.2500 shard=0 (10:15:21, 5400s left)
[lane 100] <-- dedup_counting thr=0.2500 shard=0 rc=0 BARREN (nothing under 300s) (10:16:32)
[lane 100] --> p1 dedup_counting thr=0.3500 shard=2 (10:16:33, 5328s left)
[lane 100] <-- dedup_counting thr=0.3500 shard=2 rc=0 BARREN (nothing under 300s) (10:17:18)
[lane 100] --> p1 dedup_counting thr=0.3500 shard=0 (10:17:19, 5282s left)
[lane 100] <-- dedup_counting thr=0.3500 shard=0 rc=0 BARREN (nothing under 300s) (10:17:59)
[lane 100] --> p1 dedup_counting thr=0.2500 shard=2 (10:18:00, 5241s left)
[lane 100] <-- dedup_counting thr=0.2500 shard=2 rc=0 BARREN (nothing under 300s) (10:18:46)
[lane 100] --> p1 dedup_counting thr=0.3500 shard=3 (10:18:48, 5194s left)
[lane 100] <-- dedup_counting thr=0.3500 shard=3 rc=0 BARREN (nothing under 300s) (10:19:43)
[lane 100] --> p1 dedup_counting thr=0.2500 shard=3 (10:19:44, 5137s left)
[lane 100] <-- dedup_counting thr=0.2500 shard=3 rc=0 BARREN (nothing under 300s) (10:20:42)
[lane 100] --> p1 dedup_counting thr=0.6500 shard=0 (10:20:43, 5078s left)
[lane 100] <-- dedup_counting thr=0.6500 shard=0 rc=0 BARREN (nothing under 300s) (10:21:41)
[lane 100] --> p1 dedup_counting thr=0.6500 shard=2 (10:21:42, 5019s left)
[lane 100] <-- dedup_counting thr=0.6500 shard=2 rc=0 BARREN (nothing under 300s) (10:22:39)
[lane 100] --> p1 dedup_counting thr=0.6500 shard=3 (10:22:40, 4961s left)
[lane 100] <-- dedup_counting thr=0.6500 shard=3 rc=0 BARREN (nothing under 300s) (10:23:38)
[lane 100] --> p1 dedup_counting thr=0.7500 shard=0 (10:23:40, 4902s left)
[lane 100] <-- dedup_counting thr=0.7500 shard=0 rc=0 BARREN (nothing under 300s) (10:24:40)
[lane 100] --> p1 dedup_counting thr=0.7500 shard=3 (10:24:41, 4840s left)
[lane 100] <-- dedup_counting thr=0.7500 shard=3 rc=0 BARREN (nothing under 300s) (10:25:28)
[lane 100] --> p1 dedup_counting thr=0.8500 shard=0 (10:25:29, 4792s left)
[lane 100] <-- dedup_counting thr=0.8500 shard=0 rc=0 BARREN (nothing under 300s) (10:26:05)
[lane 100] --> p1 dedup_counting thr=0.7500 shard=2 (10:26:07, 4755s left)
[lane 100] <-- dedup_counting thr=0.7500 shard=2 rc=0 BARREN (nothing under 300s) (10:26:54)
[lane 100] --> p1 dedup_counting thr=0.8500 shard=3 (10:26:55, 4706s left)
[lane 100] <-- dedup_counting thr=0.8500 shard=3 rc=0 BARREN (nothing under 300s) (10:27:41)
[lane 100] --> p1 dedup_counting thr=0.9500 shard=0 (10:27:43, 4659s left)
[lane 100] <-- dedup_counting thr=0.9500 shard=0 rc=0 BARREN (nothing under 300s) (10:28:30)
[lane 100] --> p1 dedup_counting thr=0.8500 shard=2 (10:28:31, 4610s left)
[lane 100] <-- dedup_counting thr=0.8500 shard=2 rc=0 BARREN (nothing under 300s) (10:29:06)
[lane 100] --> p1 dedup_counting thr=0.9500 shard=1 (10:29:06, 4574s left)
[lane 100] <-- dedup_counting thr=0.6500 shard=1 rc=0 +2 samples (10:42:43)
[lane 100] --> p1 dedup_counting thr=0.7500 shard=2 (10:42:44, 332s left)
[lane 100] <-- dedup_counting thr=0.7500 shard=2 rc=0 +1 samples (10:43:39)
[lane 100] --> p1 dedup_counting thr=0.8500 shard=3 (10:43:39, 276s left)
[lane 100] <-- dedup_counting thr=0.8500 shard=3 rc=0 BARREN (nothing under 300s) (10:44:34)
[lane 100] 221s left (< 240) -- stopping cleanly
[lane 100] done, 19 units attempted 10:44:34
[lane 100] clariden-ln004 gpu=0 start=10:44:37 deadline=12:14:37 max_dur=300
[lane 100] --> p1 dedup_counting thr=0.8500 shard=0 (10:44:39, 5400s left)
[lane 100] <-- dedup_counting thr=0.8500 shard=0 rc=0 BARREN (nothing under 300s) (10:45:26)
[lane 100] --> p1 dedup_counting thr=0.9500 shard=0 (10:45:26, 5351s left)
[lane 100] <-- dedup_counting thr=0.9500 shard=0 rc=0 BARREN (nothing under 300s) (10:46:26)
[lane 100] --> p1 dedup_counting thr=0.8500 shard=2 (10:46:30, 5291s left)
[lane 100] <-- dedup_counting thr=0.8500 shard=2 rc=0 BARREN (nothing under 300s) (10:47:40)
[lane 100] --> p1 dedup_counting thr=0.9500 shard=2 (10:47:41, 5217s left)
[lane 100] <-- dedup_counting thr=0.9500 shard=2 rc=0 BARREN (nothing under 300s) (10:48:35)
[lane 100] --> p1 dedup_counting thr=0.9500 shard=3 (10:48:38, 5162s left)
[lane 100] <-- dedup_counting thr=0.9500 shard=3 rc=0 BARREN (nothing under 300s) (10:49:37)
[lane 100] --> p1 dedup_counting thr=0.8500 shard=3 (10:49:38, 5100s left)
[lane 100] <-- dedup_counting thr=0.8500 shard=3 rc=0 +1 samples (10:50:37)
[lane 100] --> p1 realtime_state_monitor thr=0.1500 shard=0 (10:50:39, 5040s left)
[lane 100] <-- dedup_counting thr=0.9500 shard=1 rc=0 +2 samples (10:52:37)
[lane 100] --> p1 realtime_state_monitor thr=0.0500 shard=0 (10:52:38, 3163s left)
[lane 100] <-- realtime_state_monitor thr=0.0500 shard=0 rc=0 BARREN (nothing under 300s) (10:53:07)
[lane 100] --> p1 realtime_state_monitor thr=0.0500 shard=3 (10:53:08, 3133s left)
[lane 100] <-- realtime_state_monitor thr=0.0500 shard=3 rc=0 BARREN (nothing under 300s) (10:54:02)
[lane 100] --> p1 realtime_state_monitor thr=0.0500 shard=1 (10:54:03, 3078s left)
[lane 100] <-- realtime_state_monitor thr=0.0500 shard=1 rc=0 BARREN (nothing under 300s) (10:55:04)
[lane 100] --> p1 realtime_state_monitor thr=0.1500 shard=3 (10:55:07, 3016s left)
[lane 100] <-- realtime_state_monitor thr=0.1500 shard=3 rc=0 BARREN (nothing under 300s) (10:56:19)
[lane 100] --> p1 realtime_state_monitor thr=0.2500 shard=3 (10:56:21, 2941s left)
[lane 100] <-- realtime_state_monitor thr=0.2500 shard=3 rc=0 BARREN (nothing under 300s) (10:57:36)
[lane 100] --> p1 realtime_state_monitor thr=0.3500 shard=0 (10:57:38, 2864s left)
[lane 100] <-- realtime_state_monitor thr=0.1500 shard=0 rc=0 +2 samples (11:05:00)
[lane 100] --> p1 realtime_state_monitor thr=0.1500 shard=0 (11:05:11, 4177s left)
[lane 100] <-- realtime_state_monitor thr=0.1500 shard=0 rc=0 +1 samples (11:06:40)
[lane 100] --> p1 realtime_state_monitor thr=0.2500 shard=3 (11:06:43, 4077s left)
[lane 100] <-- realtime_state_monitor thr=0.2500 shard=3 rc=0 +1 samples (11:07:41)
[lane 100] --> p1 realtime_state_monitor thr=0.2500 shard=3 (11:07:44, 4016s left)
[lane 100] <-- realtime_state_monitor thr=0.2500 shard=3 rc=0 +1 samples (11:08:42)
[lane 100] --> p1 realtime_state_monitor thr=0.2500 shard=3 (11:08:45, 3955s left)
[lane 100] <-- realtime_state_monitor thr=0.2500 shard=3 rc=0 +1 samples (11:09:45)
[lane 100] --> p1 realtime_state_monitor thr=0.4500 shard=2 (11:09:46, 3892s left)
[lane 100] <-- realtime_state_monitor thr=0.3500 shard=0 rc=0 +1 samples (11:10:52)
[lane 100] --> p1 realtime_state_monitor thr=0.3500 shard=3 (11:10:53, 2068s left)
[lane 100] <-- realtime_state_monitor thr=0.3500 shard=3 rc=0 BARREN (nothing under 300s) (11:11:45)
[lane 100] --> p1 realtime_state_monitor thr=0.4500 shard=3 (11:11:47, 2015s left)
[lane 100] <-- realtime_state_monitor thr=0.4500 shard=3 rc=0 BARREN (nothing under 300s) (11:12:38)
[lane 100] --> p1 realtime_state_monitor thr=0.3500 shard=0 (11:12:39, 1962s left)
[lane 100] <-- realtime_state_monitor thr=0.3500 shard=0 rc=0 BARREN (nothing under 300s) (11:13:37)
[lane 100] --> p1 realtime_state_monitor thr=0.5500 shard=2 (11:13:39, 1903s left)
[lane 100] <-- realtime_state_monitor thr=0.4500 shard=2 rc=0 +2 samples (11:20:53)
[lane 100] --> p1 realtime_state_monitor thr=0.4500 shard=2 (11:20:54, 3224s left)
[lane 100] <-- realtime_state_monitor thr=0.4500 shard=2 rc=0 +1 samples (11:21:42)
[lane 100] --> p1 realtime_state_monitor thr=0.5500 shard=3 (11:21:43, 3175s left)
[lane 100] <-- realtime_state_monitor thr=0.5500 shard=3 rc=0 BARREN (nothing under 300s) (11:22:37)
[lane 100] --> p1 realtime_state_monitor thr=0.6500 shard=3 (11:22:40, 3120s left)
[lane 100] <-- realtime_state_monitor thr=0.6500 shard=3 rc=0 BARREN (nothing under 300s) (11:24:02)
[lane 100] --> p1 realtime_state_monitor thr=0.7500 shard=1 (11:24:05, 3035s left)
[lane 100] <-- realtime_state_monitor thr=0.5500 shard=2 rc=0 +2 samples (11:24:09)
[lane 100] --> p1 realtime_state_monitor thr=0.5500 shard=2 (11:24:11, 1271s left)
[lane 100] <-- realtime_state_monitor thr=0.5500 shard=2 rc=0 +1 samples (11:25:04)
[lane 100] --> p1 realtime_state_monitor thr=0.7500 shard=3 (11:25:07, 1216s left)
[lane 100] <-- realtime_state_monitor thr=0.7500 shard=3 rc=0 BARREN (nothing under 300s) (11:25:57)
[lane 100] --> p1 realtime_state_monitor thr=0.8500 shard=0 (11:25:58, 1163s left)
[lane 100] <-- realtime_state_monitor thr=0.7500 shard=1 rc=0 +1 samples (11:34:57)
[lane 100] --> p1 realtime_state_monitor thr=0.7500 shard=1 (11:34:57, 2380s left)
[lane 100] <-- realtime_state_monitor thr=0.8500 shard=0 rc=0 +2 samples (11:35:46)
[lane 100] --> p1 realtime_state_monitor thr=0.8500 shard=0 (11:35:48, 574s left)
[lane 100] <-- realtime_state_monitor thr=0.7500 shard=1 rc=0 BARREN (nothing under 300s) (11:35:48)
[lane 100] --> p1 realtime_state_monitor thr=0.7500 shard=2 (11:35:50, 2329s left)
[lane 100] <-- realtime_state_monitor thr=0.8500 shard=0 rc=0 BARREN (nothing under 300s) (11:36:28)
[lane 100] --> p1 realtime_state_monitor thr=0.9500 shard=2 (11:36:29, 532s left)
[lane 100] <-- realtime_state_monitor thr=0.7500 shard=2 rc=0 +1 samples (11:36:43)
[lane 100] --> p1 realtime_state_monitor thr=0.9500 shard=3 (11:36:45, 2274s left)
[lane 100] <-- realtime_state_monitor thr=0.9500 shard=3 rc=0 BARREN (nothing under 300s) (11:37:42)
[lane 100] --> p1 realtime_state_monitor thr=0.8500 shard=3 (11:37:45, 2215s left)
[lane 100] <-- realtime_state_monitor thr=0.8500 shard=3 rc=0 BARREN (nothing under 300s) (11:38:37)
[lane 100] --> p1 realtime_state_monitor thr=0.8500 shard=1 (11:38:40, 2160s left)
[lane 100] <-- realtime_state_monitor thr=0.8500 shard=1 rc=0 BARREN (nothing under 300s) (11:39:35)
[lane 100] --> p1 realtime_state_monitor thr=0.8500 shard=0 (11:39:39, 2102s left)
[lane 100] <-- realtime_state_monitor thr=0.8500 shard=0 rc=0 +1 samples (11:40:36)
[lane 100] --> p1 event_narration thr=0.0500 shard=0 (11:40:38, 2041s left)
[lane 100] <-- event_narration thr=0.0500 shard=0 rc=0 BARREN (nothing under 300s) (11:41:38)
[lane 100] --> p1 event_narration thr=0.1500 shard=0 (11:41:40, 1979s left)
[lane 100] <-- event_narration thr=0.1500 shard=0 rc=0 BARREN (nothing under 300s) (11:42:33)
[lane 100] --> p1 realtime_state_monitor thr=0.9500 shard=1 (11:42:36, 1924s left)
[lane 100] <-- realtime_state_monitor thr=0.9500 shard=1 rc=0 BARREN (nothing under 300s) (11:43:31)
[lane 100] --> p1 realtime_state_monitor thr=0.9500 shard=0 (11:43:32, 1866s left)
[lane 100] <-- realtime_state_monitor thr=0.9500 shard=0 rc=0 BARREN (nothing under 300s) (11:44:22)
[lane 100] --> p1 event_narration thr=0.0500 shard=3 (11:44:24, 1815s left)
[lane 100] <-- realtime_state_monitor thr=0.9500 shard=2 rc=0 +3 samples (11:44:27)
[lane 100] 53s left (< 240) -- stopping cleanly
[lane 100] done, 32 units attempted 11:44:27
[lane 100] <-- event_narration thr=0.0500 shard=3 rc=0 BARREN (nothing under 300s) (11:45:15)
[lane 100] --> p1 event_narration thr=0.0500 shard=2 (11:45:18, 1762s left)
[lane 100] clariden-ln002 gpu=0 start=11:45:45 deadline=13:15:45 max_dur=300
[lane 100] --> p1 event_narration thr=0.0500 shard=0 (11:45:48, 5400s left)
[lane 100] <-- event_narration thr=0.0500 shard=0 rc=0 BARREN (nothing under 300s) (11:46:57)
[lane 100] --> p1 event_narration thr=0.2500 shard=0 (11:46:58, 5328s left)
[lane 100] <-- event_narration thr=0.2500 shard=0 rc=0 BARREN (nothing under 300s) (11:47:43)
[lane 100] --> p1 event_narration thr=0.1500 shard=0 (11:47:44, 5282s left)
[lane 100] <-- event_narration thr=0.1500 shard=0 rc=0 BARREN (nothing under 300s) (11:48:24)
[lane 100] --> p1 event_narration thr=0.0500 shard=3 (11:48:25, 5241s left)
[lane 100] <-- event_narration thr=0.0500 shard=3 rc=0 BARREN (nothing under 300s) (11:49:21)
[lane 100] --> p1 event_narration thr=0.1500 shard=3 (11:49:24, 5184s left)
[lane 100] <-- event_narration thr=0.1500 shard=3 rc=0 BARREN (nothing under 300s) (11:50:21)
[lane 100] --> p1 event_narration thr=0.2500 shard=2 (11:50:24, 5124s left)
[lane 100] <-- event_narration thr=0.0500 shard=2 rc=124 BARREN (nothing under 300s) (12:14:11)
[lane 100] 26s left (< 240) -- stopping cleanly
[lane 100] done, 28 units attempted 12:14:11
[lane 100] clariden-ln004 gpu=0 start=12:14:58 deadline=13:44:58 max_dur=300
[lane 100] --> p1 event_narration thr=0.0500 shard=0 (12:15:00, 5400s left)
[lane 100] <-- event_narration thr=0.0500 shard=0 rc=0 BARREN (nothing under 300s) (12:16:18)
[lane 100] --> p1 event_narration thr=0.1500 shard=0 (12:16:23, 5320s left)
[lane 100] <-- event_narration thr=0.1500 shard=0 rc=0 BARREN (nothing under 300s) (12:17:17)
[lane 100] --> p1 event_narration thr=0.0500 shard=3 (12:17:19, 5261s left)
[lane 100] <-- event_narration thr=0.0500 shard=3 rc=0 BARREN (nothing under 300s) (12:18:05)
[lane 100] --> p1 event_narration thr=0.1500 shard=1 (12:18:07, 5213s left)
[lane 100] <-- event_narration thr=0.2500 shard=2 rc=0 +2 samples (12:33:55)
[lane 100] --> p1 event_narration thr=0.4500 shard=3 (12:33:57, 2510s left)
[lane 100] <-- event_narration thr=0.4500 shard=3 rc=0 BARREN (nothing under 300s) (12:34:37)
[lane 100] --> p1 event_narration thr=0.4500 shard=0 (12:34:40, 2468s left)
[lane 100] <-- event_narration thr=0.4500 shard=0 rc=0 BARREN (nothing under 300s) (12:35:27)
[lane 100] --> p1 event_narration thr=0.5500 shard=0 (12:35:30, 2418s left)
[lane 100] <-- event_narration thr=0.5500 shard=0 rc=0 BARREN (nothing under 300s) (12:36:23)
[lane 100] --> p1 event_narration thr=0.5500 shard=2 (12:36:27, 2362s left)
[lane 100] <-- event_narration thr=0.1500 shard=1 rc=0 +1 samples (12:43:53)
[lane 100] --> p1 event_narration thr=0.0500 shard=1 (12:43:55, 3665s left)
[lane 100] <-- event_narration thr=0.0500 shard=1 rc=0 BARREN (nothing under 300s) (12:44:54)
[lane 100] --> p1 event_narration thr=0.1500 shard=1 (12:44:57, 3604s left)
[lane 100] <-- event_narration thr=0.1500 shard=1 rc=0 BARREN (nothing under 300s) (12:46:05)
[lane 100] --> p1 event_narration thr=0.1500 shard=3 (12:46:08, 3533s left)
[lane 100] <-- event_narration thr=0.1500 shard=3 rc=0 BARREN (nothing under 300s) (12:47:14)
[lane 100] --> p1 event_narration thr=0.4500 shard=0 (12:47:17, 3464s left)
[lane 100] <-- event_narration thr=0.4500 shard=0 rc=0 BARREN (nothing under 300s) (12:49:24)
[lane 100] --> p1 event_narration thr=0.4500 shard=3 (12:49:27, 3334s left)
[lane 100] <-- event_narration thr=0.4500 shard=3 rc=0 BARREN (nothing under 300s) (12:50:39)
[lane 100] --> p1 event_narration thr=0.6500 shard=0 (12:50:42, 3259s left)
[lane 100] <-- event_narration thr=0.6500 shard=0 rc=0 BARREN (nothing under 300s) (12:51:55)
[lane 100] --> p1 event_narration thr=0.5500 shard=3 (12:51:58, 3183s left)
[lane 100] <-- event_narration thr=0.5500 shard=3 rc=0 BARREN (nothing under 300s) (12:52:59)
[lane 100] --> p1 event_narration thr=0.6500 shard=1 (12:53:03, 3119s left)
[lane 100] <-- event_narration thr=0.5500 shard=2 rc=0 +2 samples (13:04:49)
[lane 100] --> p1 event_narration thr=0.6500 shard=0 (13:04:51, 656s left)
[lane 100] <-- event_narration thr=0.6500 shard=0 rc=0 BARREN (nothing under 300s) (13:05:33)
[lane 100] --> p1 event_narration thr=0.6500 shard=3 (13:05:35, 612s left)
[lane 100] <-- event_narration thr=0.6500 shard=3 rc=0 BARREN (nothing under 300s) (13:06:30)
[lane 100] --> p1 event_narration thr=0.7500 shard=0 (13:06:32, 555s left)
[lane 100] <-- event_narration thr=0.7500 shard=0 rc=0 BARREN (nothing under 300s) (13:07:28)
[lane 100] --> p1 event_narration thr=0.7500 shard=3 (13:07:30, 497s left)
[lane 100] <-- event_narration thr=0.7500 shard=3 rc=0 BARREN (nothing under 300s) (13:08:21)
[lane 100] --> p1 event_narration thr=0.8500 shard=0 (13:08:23, 444s left)
[lane 100] <-- event_narration thr=0.8500 shard=0 rc=0 BARREN (nothing under 300s) (13:09:09)
[lane 100] --> p1 event_narration thr=0.8500 shard=3 (13:09:10, 396s left)
[lane 100] <-- event_narration thr=0.8500 shard=3 rc=0 BARREN (nothing under 300s) (13:09:50)
[lane 100] --> p1 event_narration thr=0.9500 shard=0 (13:09:53, 355s left)
[lane 100] <-- event_narration thr=0.9500 shard=0 rc=0 BARREN (nothing under 300s) (13:10:36)
[lane 100] --> p1 event_narration thr=0.9500 shard=2 (13:10:39, 309s left)
[lane 100] <-- event_narration thr=0.9500 shard=2 rc=124 BARREN (nothing under 300s) (13:15:19)
[lane 100] 26s left (< 240) -- stopping cleanly
[lane 100] done, 18 units attempted 13:15:19
[lane 100] clariden-ln002 gpu=0 start=13:16:08 deadline=14:46:07 max_dur=300
[lane 100] --> p1 event_narration thr=0.6500 shard=0 (13:16:11, 5399s left)
[lane 100] <-- event_narration thr=0.6500 shard=1 rc=0 +1 samples (13:16:22)
[lane 100] --> p1 event_narration thr=0.6500 shard=1 (13:16:28, 1716s left)
[lane 100] <-- event_narration thr=0.6500 shard=0 rc=0 +1 samples (13:17:45)
[lane 100] --> p1 event_narration thr=0.6500 shard=3 (13:17:48, 5302s left)
[lane 100] <-- event_narration thr=0.6500 shard=1 rc=0 BARREN (nothing under 300s) (13:17:59)
[lane 100] --> p1 event_narration thr=0.7500 shard=0 (13:18:04, 1618s left)
[lane 100] <-- event_narration thr=0.6500 shard=3 rc=0 BARREN (nothing under 300s) (13:18:48)
[lane 100] --> p1 event_narration thr=0.6500 shard=0 (13:18:52, 5239s left)
[lane 100] <-- event_narration thr=0.7500 shard=0 rc=0 BARREN (nothing under 300s) (13:19:19)
[lane 100] --> p1 event_narration thr=0.8500 shard=0 (13:19:22, 1539s left)
[lane 100] <-- event_narration thr=0.6500 shard=0 rc=0 BARREN (nothing under 300s) (13:19:54)
[lane 100] --> p1 event_narration thr=0.6500 shard=1 (13:19:56, 5173s left)
[lane 100] <-- event_narration thr=0.8500 shard=0 rc=0 BARREN (nothing under 300s) (13:20:20)
[lane 100] --> p1 event_narration thr=0.8500 shard=3 (13:20:23, 1478s left)
[lane 100] <-- event_narration thr=0.6500 shard=1 rc=0 BARREN (nothing under 300s) (13:20:53)
[lane 100] --> p1 event_narration thr=0.9500 shard=1 (13:20:56, 5114s left)
[lane 100] <-- event_narration thr=0.8500 shard=3 rc=0 BARREN (nothing under 300s) (13:21:36)
[lane 100] --> p1 event_narration thr=0.6500 shard=3 (13:21:38, 1402s left)
[lane 100] <-- event_narration thr=0.6500 shard=3 rc=0 BARREN (nothing under 300s) (13:22:36)
[lane 100] --> p1 event_narration thr=0.9500 shard=3 (13:22:37, 1342s left)
[lane 100] <-- event_narration thr=0.9500 shard=3 rc=0 BARREN (nothing under 300s) (13:24:02)
[lane 100] no claimable units left
[lane 100] done, 18 units attempted 13:24:05
[lane 100] <-- event_narration thr=0.9500 shard=1 rc=0 +1 samples (13:30:35)
[lane 100] --> p1 event_narration thr=0.8500 shard=0 (13:30:37, 4532s left)
[lane 100] <-- event_narration thr=0.8500 shard=0 rc=0 BARREN (nothing under 300s) (13:31:34)
[lane 100] --> p1 event_narration thr=0.8500 shard=3 (13:31:36, 4473s left)
[lane 100] <-- event_narration thr=0.8500 shard=3 rc=0 +1 samples (13:32:37)
[lane 100] --> p1 event_narration thr=0.8500 shard=1 (13:32:40, 4410s left)
[lane 100] <-- event_narration thr=0.8500 shard=1 rc=0 BARREN (nothing under 300s) (13:34:01)
[lane 100] no claimable units left
[lane 100] done, 8 units attempted 13:34:08
[lane 100] clariden-ln004 gpu=0 start=13:37:21 deadline=15:07:21 max_dur=300
[lane 100] no claimable units left
[lane 100] done, 0 units attempted 13:37:27
[lane 100] clariden-ln002 gpu=0 start=13:37:29 deadline=15:07:29 max_dur=300
[lane 100] no claimable units left
[lane 100] done, 0 units attempted 13:37:34
[lane 100] clariden-ln004 gpu=0 start=13:38:41 deadline=15:08:41 max_dur=300
[lane 100] no claimable units left
[lane 100] done, 0 units attempted 13:38:44
[lane 100] clariden-ln002 gpu=0 start=13:38:51 deadline=15:08:51 max_dur=300
[lane 100] no claimable units left
[lane 100] done, 0 units attempted 13:38:53
[lane 100] clariden-ln004 gpu=0 start=13:40:02 deadline=15:10:02 max_dur=300
[lane 100] no claimable units left
[lane 100] done, 0 units attempted 13:40:04
[lane 100] clariden-ln002 gpu=0 start=13:40:13 deadline=15:10:13 max_dur=300
[lane 100] no claimable units left
[lane 100] done, 0 units attempted 13:40:15
[lane 100] clariden-ln004 gpu=0 start=13:41:23 deadline=15:11:23 max_dur=300
[lane 100] no claimable units left
[lane 100] done, 0 units attempted 13:41:26
[lane 100] clariden-ln002 gpu=0 start=13:41:34 deadline=15:11:34 max_dur=300
[lane 100] no claimable units left
[lane 100] done, 0 units attempted 13:41:36
[lane 100] clariden-ln004 gpu=0 start=13:42:44 deadline=15:12:44 max_dur=300
[lane 100] no claimable units left
[lane 100] done, 0 units attempted 13:42:46
[lane 100] clariden-ln002 gpu=0 start=13:42:54 deadline=15:12:54 max_dur=300
[lane 100] no claimable units left
[lane 100] done, 0 units attempted 13:42:56
[lane 100] clariden-ln004 gpu=0 start=13:44:05 deadline=15:14:05 max_dur=300
[lane 100] no claimable units left
[lane 100] done, 0 units attempted 13:44:07
[lane 100] clariden-ln002 gpu=0 start=13:44:16 deadline=15:14:16 max_dur=300
[lane 100] no claimable units left
[lane 100] done, 0 units attempted 13:44:18
[lane 100] clariden-ln004 gpu=0 start=13:45:26 deadline=15:15:26 max_dur=300
[lane 100] no claimable units left
[lane 100] done, 0 units attempted 13:45:28
[lane 100] clariden-ln002 gpu=0 start=13:45:37 deadline=15:15:37 max_dur=300
[lane 100] no claimable units left
[lane 100] done, 0 units attempted 13:45:40
[lane 100] clariden-ln004 gpu=0 start=13:46:46 deadline=15:16:46 max_dur=300
[lane 100] no claimable units left
[lane 100] done, 0 units attempted 13:46:48
[lane 100] clariden-ln002 gpu=0 start=13:46:58 deadline=15:16:58 max_dur=300
[lane 100] no claimable units left
[lane 100] done, 0 units attempted 13:47:00
[lane 100] clariden-ln004 gpu=0 start=13:48:07 deadline=15:18:07 max_dur=300
[lane 100] no claimable units left
[lane 100] done, 0 units attempted 13:48:09
[lane 100] clariden-ln002 gpu=0 start=13:48:19 deadline=15:18:19 max_dur=300
[lane 100] no claimable units left
[lane 100] done, 0 units attempted 13:48:21
[lane 100] clariden-ln004 gpu=0 start=13:49:28 deadline=15:19:28 max_dur=300
[lane 100] no claimable units left
[lane 100] done, 0 units attempted 13:49:29
[lane 100] clariden-ln002 gpu=0 start=13:49:40 deadline=15:19:40 max_dur=300
[lane 100] no claimable units left
[lane 100] done, 0 units attempted 13:49:41
[lane 100] clariden-ln004 gpu=0 start=13:50:50 deadline=15:20:50 max_dur=300
[lane 100] no claimable units left
[lane 100] done, 0 units attempted 13:50:51
[lane 100] clariden-ln002 gpu=0 start=13:51:02 deadline=15:21:02 max_dur=300
[lane 100] no claimable units left
[lane 100] done, 0 units attempted 13:51:03
[lane 100] clariden-ln004 gpu=0 start=13:51:50 deadline=15:21:50 max_dur=300
[lane 100] no claimable units left
[lane 100] done, 0 units attempted 13:51:52
[lane 100] clariden-ln002 gpu=0 start=13:52:22 deadline=15:22:22 max_dur=300
[lane 100] no claimable units left
[lane 100] done, 0 units attempted 13:52:24
[lane 100] clariden-ln004 gpu=0 start=13:52:51 deadline=15:22:51 max_dur=300
[lane 100] no claimable units left
[lane 100] done, 0 units attempted 13:52:53
[lane 100] clariden-ln002 gpu=0 start=13:53:43 deadline=15:23:43 max_dur=300
[lane 100] no claimable units left
[lane 100] done, 0 units attempted 13:53:45
[lane 100] clariden-ln004 gpu=0 start=13:53:52 deadline=15:23:52 max_dur=300
[lane 100] no claimable units left
[lane 100] done, 0 units attempted 13:53:53
[lane 100] clariden-ln004 gpu=0 start=13:54:53 deadline=15:24:53 max_dur=300
[lane 100] no claimable units left
[lane 100] done, 0 units attempted 13:54:54
[lane 100] clariden-ln002 gpu=0 start=13:55:04 deadline=15:25:04 max_dur=300
[lane 100] no claimable units left
[lane 100] done, 0 units attempted 13:55:05
[lane 100] clariden-ln004 gpu=0 start=13:55:53 deadline=15:25:53 max_dur=300
[lane 100] no claimable units left
[lane 100] done, 0 units attempted 13:55:55
[lane 100] clariden-ln002 gpu=0 start=13:56:25 deadline=15:26:25 max_dur=300
[lane 100] no claimable units left
[lane 100] done, 0 units attempted 13:56:26
[lane 100] clariden-ln004 gpu=0 start=13:57:14 deadline=15:27:14 max_dur=300
[lane 100] no claimable units left
[lane 100] done, 0 units attempted 13:57:15
[lane 100] clariden-ln002 gpu=0 start=13:57:46 deadline=15:27:45 max_dur=300
[lane 100] no claimable units left
[lane 100] done, 0 units attempted 13:57:47
[lane 100] clariden-ln004 gpu=0 start=13:58:35 deadline=15:28:35 max_dur=300
[lane 100] no claimable units left
[lane 100] done, 0 units attempted 13:58:36
[lane 100] clariden-ln002 gpu=0 start=13:59:06 deadline=15:29:06 max_dur=300
[lane 100] no claimable units left
[lane 100] done, 0 units attempted 13:59:08
[lane 100] clariden-ln004 gpu=0 start=13:59:55 deadline=15:29:55 max_dur=300
[lane 100] no claimable units left
[lane 100] done, 0 units attempted 13:59:56
[lane 100] clariden-ln002 gpu=0 start=14:00:27 deadline=15:30:27 max_dur=300
[lane 100] no claimable units left
[lane 100] done, 0 units attempted 14:00:29
[lane 100] clariden-ln004 gpu=0 start=14:01:16 deadline=15:31:16 max_dur=300
[lane 100] no claimable units left
[lane 100] done, 0 units attempted 14:01:17
[lane 100] clariden-ln002 gpu=0 start=14:01:28 deadline=15:31:28 max_dur=300
[lane 100] no claimable units left
[lane 100] done, 0 units attempted 14:01:29
[lane 100] clariden-ln004 gpu=0 start=14:02:37 deadline=15:32:37 max_dur=300
[lane 100] no claimable units left
[lane 100] done, 0 units attempted 14:02:39
[lane 100] clariden-ln002 gpu=0 start=14:02:49 deadline=15:32:49 max_dur=300
[lane 100] no claimable units left
[lane 100] done, 0 units attempted 14:02:50
[lane 100] clariden-ln004 gpu=0 start=14:03:58 deadline=15:33:58 max_dur=300
[lane 100] no claimable units left
[lane 100] done, 0 units attempted 14:03:59
[lane 100] clariden-ln002 gpu=0 start=14:04:10 deadline=15:34:10 max_dur=300
[lane 100] no claimable units left
[lane 100] done, 0 units attempted 14:04:12
[lane 100] clariden-ln004 gpu=0 start=14:05:19 deadline=15:35:19 max_dur=300
[lane 100] no claimable units left
[lane 100] done, 0 units attempted 14:05:20
[lane 100] clariden-ln002 gpu=0 start=14:05:31 deadline=15:35:31 max_dur=300
[lane 100] no claimable units left
[lane 100] done, 0 units attempted 14:05:32
[lane 100] clariden-ln004 gpu=0 start=14:06:40 deadline=15:36:40 max_dur=300
[lane 100] no claimable units left
[lane 100] done, 0 units attempted 14:06:41
[lane 100] clariden-ln002 gpu=0 start=14:06:52 deadline=15:36:52 max_dur=300
[lane 100] no claimable units left
[lane 100] done, 0 units attempted 14:06:53
[lane 100] clariden-ln004 gpu=0 start=14:08:01 deadline=15:38:01 max_dur=300
[lane 100] no claimable units left
[lane 100] done, 0 units attempted 14:08:03
[lane 100] clariden-ln002 gpu=0 start=14:08:12 deadline=15:38:12 max_dur=300
[lane 100] no claimable units left
[lane 100] done, 0 units attempted 14:08:15
[lane 100] clariden-ln004 gpu=0 start=14:09:04 deadline=15:39:04 max_dur=300
[lane 100] no claimable units left
[lane 100] done, 0 units attempted 14:09:06
[lane 100] clariden-ln002 gpu=0 start=14:09:33 deadline=15:39:33 max_dur=300
[lane 100] no claimable units left
[lane 100] done, 0 units attempted 14:09:34
[lane 100] clariden-ln004 gpu=0 start=14:10:25 deadline=15:40:25 max_dur=300
[lane 100] no claimable units left
[lane 100] done, 0 units attempted 14:10:26
[lane 100] clariden-ln002 gpu=0 start=14:10:53 deadline=15:40:53 max_dur=300
[lane 100] no claimable units left
[lane 100] done, 0 units attempted 14:10:55
[lane 100] clariden-ln004 gpu=0 start=14:11:45 deadline=15:41:45 max_dur=300
[lane 100] no claimable units left
[lane 100] done, 0 units attempted 14:11:46
[lane 100] clariden-ln002 gpu=0 start=14:11:54 deadline=15:41:54 max_dur=300
[lane 100] no claimable units left
[lane 100] done, 0 units attempted 14:11:55
[lane 100] clariden-ln002 gpu=0 start=14:12:55 deadline=15:42:55 max_dur=300
[lane 100] no claimable units left
[lane 100] done, 0 units attempted 14:12:56
[lane 100] clariden-ln004 gpu=0 start=14:13:06 deadline=15:43:06 max_dur=300
[lane 100] no claimable units left
[lane 100] done, 0 units attempted 14:13:08
[lane 100] clariden-ln004 gpu=0 start=14:14:06 deadline=15:44:06 max_dur=300
[lane 100] no claimable units left
[lane 100] done, 0 units attempted 14:14:07
[lane 100] clariden-ln002 gpu=0 start=14:14:24 deadline=15:44:24 max_dur=0
[lane 100] --> p1 semantic_condition_alert thr=0.0100 shard=2 (14:14:24, 5400s left)
[lane 100] clariden-ln004 gpu=0 start=14:15:07 deadline=15:45:07 max_dur=300
[lane 100] no claimable units left
[lane 100] done, 0 units attempted 14:15:08
[lane 100] <-- semantic_condition_alert thr=0.0100 shard=2 rc=0 BARREN (nothing under 0s) (14:15:17)
[lane 100] --> p1 semantic_condition_alert thr=0.0100 shard=3 (14:15:17, 5347s left)
[lane 100] <-- semantic_condition_alert thr=0.0100 shard=3 rc=0 BARREN (nothing under 0s) (14:16:01)
[lane 100] --> p1 semantic_condition_alert thr=0.0500 shard=2 (14:16:01, 5303s left)
[lane 100] clariden-ln004 gpu=0 start=14:16:27 deadline=15:46:27 max_dur=300
[lane 100] no claimable units left
[lane 100] done, 0 units attempted 14:16:29
[lane 100] <-- semantic_condition_alert thr=0.0500 shard=2 rc=0 BARREN (nothing under 0s) (14:17:06)
[lane 100] --> p1 semantic_condition_alert thr=0.0200 shard=2 (14:17:06, 5238s left)
[lane 100] clariden-ln004 gpu=0 start=14:17:48 deadline=15:47:48 max_dur=300
[lane 100] no claimable units left
[lane 100] done, 0 units attempted 14:17:50
[lane 100] <-- semantic_condition_alert thr=0.0200 shard=2 rc=0 BARREN (nothing under 0s) (14:18:01)
[lane 100] --> p1 semantic_condition_alert thr=0.1500 shard=2 (14:18:01, 5183s left)
[lane 100] <-- semantic_condition_alert thr=0.1500 shard=2 rc=0 BARREN (nothing under 0s) (14:19:07)
[lane 100] --> p1 semantic_condition_alert thr=0.0500 shard=3 (14:19:07, 5117s left)
[lane 100] clariden-ln004 gpu=0 start=14:19:09 deadline=15:49:09 max_dur=300
[lane 100] no claimable units left
[lane 100] done, 0 units attempted 14:19:11
[lane 100] <-- semantic_condition_alert thr=0.0500 shard=3 rc=0 BARREN (nothing under 0s) (14:20:07)
[lane 100] --> p1 semantic_condition_alert thr=0.0200 shard=3 (14:20:08, 5057s left)
[lane 100] clariden-ln004 gpu=0 start=14:20:30 deadline=15:50:30 max_dur=300
[lane 100] no claimable units left
[lane 100] done, 0 units attempted 14:20:31
[lane 100] <-- semantic_condition_alert thr=0.0200 shard=3 rc=0 BARREN (nothing under 0s) (14:21:10)
[lane 100] --> p1 semantic_condition_alert thr=0.2500 shard=0 (14:21:10, 4994s left)
[lane 100] clariden-ln004 gpu=0 start=14:21:50 deadline=15:51:50 max_dur=300
[lane 100] no claimable units left
[lane 100] done, 0 units attempted 14:21:53
[lane 100] clariden-ln004 gpu=0 start=14:23:11 deadline=15:53:11 max_dur=300
[lane 100] no claimable units left
[lane 100] done, 0 units attempted 14:23:12
[lane 100] clariden-ln004 gpu=0 start=14:24:32 deadline=15:54:32 max_dur=300
[lane 100] no claimable units left
[lane 100] done, 0 units attempted 14:24:33
[lane 100] clariden-ln004 gpu=0 start=14:25:53 deadline=15:55:53 max_dur=300
[lane 100] no claimable units left
[lane 100] done, 0 units attempted 14:25:54
[lane 100] clariden-ln004 gpu=0 start=14:27:13 deadline=15:57:13 max_dur=300
[lane 100] no claimable units left
[lane 100] done, 0 units attempted 14:27:14
[lane 100] clariden-ln004 gpu=0 start=14:28:34 deadline=15:58:34 max_dur=300
[lane 100] no claimable units left
[lane 100] done, 0 units attempted 14:28:35
[lane 100] clariden-ln004 gpu=0 start=14:29:54 deadline=15:59:54 max_dur=300
[lane 100] no claimable units left
[lane 100] done, 0 units attempted 14:29:55
[lane 100] clariden-ln004 gpu=0 start=14:31:15 deadline=16:01:15 max_dur=300
[lane 100] no claimable units left
[lane 100] done, 0 units attempted 14:31:15
[lane 100] clariden-ln004 gpu=0 start=14:32:36 deadline=16:02:36 max_dur=300
[lane 100] no claimable units left
[lane 100] done, 0 units attempted 14:32:37
[lane 100] clariden-ln004 gpu=0 start=14:33:57 deadline=16:03:57 max_dur=300
[lane 100] no claimable units left
[lane 100] done, 0 units attempted 14:33:58
[lane 100] clariden-ln004 gpu=0 start=14:35:17 deadline=16:05:17 max_dur=300
[lane 100] no claimable units left
[lane 100] done, 0 units attempted 14:35:18
[lane 100] clariden-ln004 gpu=0 start=14:36:38 deadline=16:06:38 max_dur=300
[lane 100] no claimable units left
[lane 100] done, 0 units attempted 14:36:39
[lane 100] clariden-ln004 gpu=0 start=14:37:59 deadline=16:07:59 max_dur=300
[lane 100] no claimable units left
[lane 100] done, 0 units attempted 14:38:00
[lane 100] clariden-ln004 gpu=0 start=14:39:19 deadline=16:09:19 max_dur=300
[lane 100] no claimable units left
[lane 100] done, 0 units attempted 14:39:20
[lane 100] clariden-ln004 gpu=0 start=14:40:40 deadline=16:10:40 max_dur=300
[lane 100] no claimable units left
[lane 100] done, 0 units attempted 14:40:41
[lane 100] clariden-ln004 gpu=0 start=14:42:01 deadline=16:12:01 max_dur=300
[lane 100] no claimable units left
[lane 100] done, 0 units attempted 14:42:01
[lane 100] clariden-ln004 gpu=0 start=14:43:21 deadline=16:13:21 max_dur=300
[lane 100] no claimable units left
[lane 100] done, 0 units attempted 14:43:22
[lane 100] clariden-ln004 gpu=0 start=14:44:42 deadline=16:14:42 max_dur=300
[lane 100] no claimable units left
[lane 100] done, 0 units attempted 14:44:42
[lane 100] clariden-ln004 gpu=0 start=14:46:02 deadline=16:16:02 max_dur=300
[lane 100] no claimable units left
[lane 100] done, 0 units attempted 14:46:03
[lane 100] clariden-ln004 gpu=0 start=14:47:22 deadline=16:17:22 max_dur=300
[lane 100] no claimable units left
[lane 100] done, 0 units attempted 14:47:23
[lane 100] clariden-ln004 gpu=0 start=14:48:44 deadline=16:18:44 max_dur=300
[lane 100] no claimable units left
[lane 100] done, 0 units attempted 14:48:45
[lane 100] clariden-ln004 gpu=0 start=14:50:05 deadline=16:20:05 max_dur=300
[lane 100] no claimable units left
[lane 100] done, 0 units attempted 14:50:06
[lane 100] clariden-ln004 gpu=0 start=14:51:26 deadline=16:21:26 max_dur=300
[lane 100] no claimable units left
[lane 100] done, 0 units attempted 14:51:27
[lane 100] clariden-ln004 gpu=0 start=14:52:47 deadline=16:22:47 max_dur=300
[lane 100] no claimable units left
[lane 100] done, 0 units attempted 14:52:47
[lane 100] clariden-ln004 gpu=0 start=14:54:07 deadline=16:24:07 max_dur=300
[lane 100] no claimable units left
[lane 100] done, 0 units attempted 14:54:08
[lane 100] clariden-ln004 gpu=0 start=14:55:28 deadline=16:25:28 max_dur=300
[lane 100] no claimable units left
[lane 100] done, 0 units attempted 14:55:29
[lane 100] clariden-ln004 gpu=0 start=14:56:49 deadline=16:26:49 max_dur=300
[lane 100] no claimable units left
[lane 100] done, 0 units attempted 14:56:50
[lane 100] clariden-ln004 gpu=0 start=14:58:10 deadline=16:28:09 max_dur=300
[lane 100] no claimable units left
[lane 100] done, 0 units attempted 14:58:11
[lane 100] clariden-ln004 gpu=0 start=14:59:29 deadline=16:29:29 max_dur=300
[lane 100] no claimable units left
[lane 100] done, 0 units attempted 14:59:30
[lane 100] clariden-ln004 gpu=0 start=15:00:50 deadline=16:30:50 max_dur=300
[lane 100] no claimable units left
[lane 100] done, 0 units attempted 15:00:51
[lane 100] clariden-ln004 gpu=0 start=15:02:11 deadline=16:32:11 max_dur=300
[lane 100] no claimable units left
[lane 100] done, 0 units attempted 15:02:11
[lane 100] clariden-ln004 gpu=0 start=15:03:32 deadline=16:33:32 max_dur=300
[lane 100] no claimable units left
[lane 100] done, 0 units attempted 15:03:35
[lane 100] clariden-ln004 gpu=0 start=15:04:53 deadline=16:34:53 max_dur=300
[lane 100] no claimable units left
[lane 100] done, 0 units attempted 15:04:54
[lane 100] clariden-ln004 gpu=0 start=15:06:13 deadline=16:36:13 max_dur=300
[lane 100] no claimable units left
[lane 100] done, 0 units attempted 15:06:15
[lane 100] clariden-ln004 gpu=0 start=15:07:34 deadline=16:37:34 max_dur=300
[lane 100] no claimable units left
[lane 100] done, 0 units attempted 15:07:35
[lane 100] clariden-ln004 gpu=0 start=15:08:55 deadline=16:38:55 max_dur=300
[lane 100] no claimable units left
[lane 100] done, 0 units attempted 15:08:57
[lane 100] clariden-ln004 gpu=0 start=15:10:15 deadline=16:40:15 max_dur=300
[lane 100] no claimable units left
[lane 100] done, 0 units attempted 15:10:17
[lane 100] clariden-ln004 gpu=0 start=15:11:36 deadline=16:41:36 max_dur=300
[lane 100] no claimable units left
[lane 100] done, 0 units attempted 15:11:37
[lane 100] clariden-ln004 gpu=0 start=15:12:57 deadline=16:42:57 max_dur=300
[lane 100] no claimable units left
[lane 100] done, 0 units attempted 15:12:58
[lane 100] clariden-ln004 gpu=0 start=15:14:18 deadline=16:44:18 max_dur=300
[lane 100] no claimable units left
[lane 100] done, 0 units attempted 15:14:19
[lane 100] clariden-ln004 gpu=0 start=15:15:40 deadline=16:45:40 max_dur=300
[lane 100] no claimable units left
[lane 100] done, 0 units attempted 15:15:41
[lane 100] clariden-ln004 gpu=0 start=15:17:00 deadline=16:47:00 max_dur=300
[lane 100] no claimable units left
[lane 100] done, 0 units attempted 15:17:01
[lane 100] clariden-ln004 gpu=0 start=15:18:21 deadline=16:48:21 max_dur=300
[lane 100] no claimable units left
[lane 100] done, 0 units attempted 15:18:22
[lane 100] clariden-ln004 gpu=0 start=15:19:41 deadline=16:49:41 max_dur=300
[lane 100] no claimable units left
[lane 100] done, 0 units attempted 15:19:42
[lane 100] clariden-ln004 gpu=0 start=15:21:02 deadline=16:51:02 max_dur=300
[lane 100] no claimable units left
[lane 100] done, 0 units attempted 15:21:03
[lane 100] clariden-ln004 gpu=0 start=15:22:23 deadline=16:52:23 max_dur=300
[lane 100] no claimable units left
[lane 100] done, 0 units attempted 15:22:24
[lane 100] clariden-ln004 gpu=0 start=15:23:44 deadline=16:53:44 max_dur=300
[lane 100] no claimable units left
[lane 100] done, 0 units attempted 15:23:45
[lane 100] clariden-ln004 gpu=0 start=15:25:05 deadline=16:55:05 max_dur=300
[lane 100] no claimable units left
[lane 100] done, 0 units attempted 15:25:07
[lane 100] clariden-ln004 gpu=0 start=15:26:26 deadline=16:56:26 max_dur=300
[lane 100] no claimable units left
[lane 100] done, 0 units attempted 15:26:27
[lane 100] clariden-ln004 gpu=0 start=15:27:47 deadline=16:57:47 max_dur=300
[lane 100] no claimable units left
[lane 100] done, 0 units attempted 15:27:49
[lane 100] clariden-ln004 gpu=0 start=15:29:08 deadline=16:59:08 max_dur=300
[lane 100] no claimable units left
[lane 100] done, 0 units attempted 15:29:09
[lane 100] clariden-ln004 gpu=0 start=15:30:28 deadline=17:00:28 max_dur=300
[lane 100] no claimable units left
[lane 100] done, 0 units attempted 15:30:29
[lane 100] clariden-ln004 gpu=0 start=15:31:50 deadline=17:01:50 max_dur=300
[lane 100] no claimable units left
[lane 100] done, 0 units attempted 15:31:51
[lane 100] clariden-ln004 gpu=0 start=15:33:10 deadline=17:03:10 max_dur=300
[lane 100] no claimable units left
[lane 100] done, 0 units attempted 15:33:11
[lane 100] clariden-ln004 gpu=0 start=15:34:31 deadline=17:04:31 max_dur=300
[lane 100] no claimable units left
[lane 100] done, 0 units attempted 15:34:32
[lane 100] clariden-ln004 gpu=0 start=15:35:52 deadline=17:05:52 max_dur=300
[lane 100] no claimable units left
[lane 100] done, 0 units attempted 15:35:53
[lane 100] clariden-ln004 gpu=0 start=15:37:13 deadline=17:07:13 max_dur=300
[lane 100] no claimable units left
[lane 100] done, 0 units attempted 15:37:15
[lane 100] clariden-ln004 gpu=0 start=15:38:33 deadline=17:08:33 max_dur=300
[lane 100] no claimable units left
[lane 100] done, 0 units attempted 15:38:34
[lane 100] clariden-ln004 gpu=0 start=15:39:54 deadline=17:09:54 max_dur=300
[lane 100] no claimable units left
[lane 100] done, 0 units attempted 15:39:55
[lane 100] clariden-ln004 gpu=0 start=15:41:15 deadline=17:11:15 max_dur=300
[lane 100] no claimable units left
[lane 100] done, 0 units attempted 15:41:16
[lane 100] clariden-ln004 gpu=0 start=15:42:37 deadline=17:12:37 max_dur=300
[lane 100] no claimable units left
[lane 100] done, 0 units attempted 15:42:39
[lane 100] <-- semantic_condition_alert thr=0.2500 shard=0 rc=124 BARREN (nothing under 0s) (15:43:55)
[lane 100] 29s left (< 240) -- stopping cleanly
[lane 100] done, 8 units attempted 15:43:55
[lane 100] clariden-ln004 gpu=0 start=15:43:59 deadline=17:13:59 max_dur=300
[lane 100] no claimable units left
[lane 100] done, 0 units attempted 15:44:00
[lane 100] clariden-ln002 gpu=0 start=15:44:45 deadline=17:14:45 max_dur=0
[lane 100] --> p1 semantic_condition_alert thr=0.2500 shard=0 (15:44:45, 5400s left)
[lane 100] clariden-ln004 gpu=0 start=15:45:20 deadline=17:15:20 max_dur=300
[lane 100] no claimable units left
[lane 100] done, 0 units attempted 15:45:21
[lane 100] clariden-ln004 gpu=0 start=15:46:41 deadline=17:16:41 max_dur=300
[lane 100] no claimable units left
[lane 100] done, 0 units attempted 15:46:42
[lane 100] clariden-ln004 gpu=0 start=15:48:03 deadline=17:18:03 max_dur=300
[lane 100] no claimable units left
[lane 100] done, 0 units attempted 15:48:04
[lane 100] clariden-ln004 gpu=0 start=15:49:24 deadline=17:19:24 max_dur=300
[lane 100] no claimable units left
[lane 100] done, 0 units attempted 15:49:25
[lane 100] clariden-ln004 gpu=0 start=15:50:46 deadline=17:20:46 max_dur=300
[lane 100] no claimable units left
[lane 100] done, 0 units attempted 15:50:49
[lane 100] clariden-ln004 gpu=0 start=15:52:07 deadline=17:22:07 max_dur=300
[lane 100] no claimable units left
[lane 100] done, 0 units attempted 15:52:09
[lane 100] clariden-ln004 gpu=0 start=15:53:29 deadline=17:23:29 max_dur=300
[lane 100] no claimable units left
[lane 100] done, 0 units attempted 15:53:30
[lane 100] clariden-ln004 gpu=0 start=15:54:51 deadline=17:24:51 max_dur=300
[lane 100] no claimable units left
[lane 100] done, 0 units attempted 15:54:52
[lane 100] clariden-ln004 gpu=0 start=15:56:13 deadline=17:26:13 max_dur=300
[lane 100] no claimable units left
[lane 100] done, 0 units attempted 15:56:14
[lane 100] clariden-ln004 gpu=0 start=15:57:34 deadline=17:27:34 max_dur=300
[lane 100] no claimable units left
[lane 100] done, 0 units attempted 15:57:35
[lane 100] clariden-ln004 gpu=0 start=15:58:54 deadline=17:28:54 max_dur=300
[lane 100] no claimable units left
[lane 100] done, 0 units attempted 15:58:55
[lane 100] clariden-ln004 gpu=0 start=16:00:15 deadline=17:30:15 max_dur=300
[lane 100] no claimable units left
[lane 100] done, 0 units attempted 16:00:18
[lane 100] clariden-ln004 gpu=0 start=16:01:36 deadline=17:31:36 max_dur=300
[lane 100] no claimable units left
[lane 100] done, 0 units attempted 16:01:38
[lane 100] clariden-ln004 gpu=0 start=16:02:58 deadline=17:32:58 max_dur=300
[lane 100] no claimable units left
[lane 100] done, 0 units attempted 16:02:59
[lane 100] clariden-ln004 gpu=0 start=16:04:19 deadline=17:34:19 max_dur=300
[lane 100] no claimable units left
[lane 100] done, 0 units attempted 16:04:20
[lane 100] clariden-ln004 gpu=0 start=16:05:40 deadline=17:35:40 max_dur=300
[lane 100] no claimable units left
[lane 100] done, 0 units attempted 16:05:41
[lane 100] clariden-ln004 gpu=0 start=16:07:01 deadline=17:37:01 max_dur=300
[lane 100] no claimable units left
[lane 100] done, 0 units attempted 16:07:02
[lane 100] clariden-ln004 gpu=0 start=16:08:22 deadline=17:38:22 max_dur=300
[lane 100] no claimable units left
[lane 100] done, 0 units attempted 16:08:23
[lane 100] clariden-ln004 gpu=0 start=16:09:43 deadline=17:39:43 max_dur=300
[lane 100] no claimable units left
[lane 100] done, 0 units attempted 16:09:45
[lane 100] clariden-ln004 gpu=0 start=16:11:05 deadline=17:41:05 max_dur=300
[lane 100] no claimable units left
[lane 100] done, 0 units attempted 16:11:06
[lane 100] clariden-ln004 gpu=0 start=16:12:26 deadline=17:42:26 max_dur=300
[lane 100] no claimable units left
[lane 100] done, 0 units attempted 16:12:27
[lane 100] clariden-ln004 gpu=0 start=16:13:46 deadline=17:43:46 max_dur=300
[lane 100] no claimable units left
[lane 100] done, 0 units attempted 16:13:47
[lane 100] clariden-ln004 gpu=0 start=16:15:07 deadline=17:45:07 max_dur=300
[lane 100] no claimable units left
[lane 100] done, 0 units attempted 16:15:08
[lane 100] clariden-ln004 gpu=0 start=16:16:28 deadline=17:46:28 max_dur=300
[lane 100] no claimable units left
[lane 100] done, 0 units attempted 16:16:28
[lane 100] clariden-ln004 gpu=0 start=16:17:49 deadline=17:47:49 max_dur=300
[lane 100] no claimable units left
[lane 100] done, 0 units attempted 16:17:50
[lane 100] clariden-ln004 gpu=0 start=16:19:09 deadline=17:49:09 max_dur=300
[lane 100] no claimable units left
[lane 100] done, 0 units attempted 16:19:10
[lane 100] clariden-ln004 gpu=0 start=16:20:30 deadline=17:50:30 max_dur=300
[lane 100] no claimable units left
[lane 100] done, 0 units attempted 16:20:31
[lane 100] clariden-ln004 gpu=0 start=16:21:52 deadline=17:51:51 max_dur=300
[lane 100] no claimable units left
[lane 100] done, 0 units attempted 16:21:52
[lane 100] clariden-ln004 gpu=0 start=16:23:12 deadline=17:53:12 max_dur=300
[lane 100] no claimable units left
[lane 100] done, 0 units attempted 16:23:13
[lane 100] clariden-ln004 gpu=0 start=16:24:32 deadline=17:54:32 max_dur=300
[lane 100] no claimable units left
[lane 100] done, 0 units attempted 16:24:33
[lane 100] clariden-ln004 gpu=0 start=16:25:53 deadline=17:55:53 max_dur=300
[lane 100] no claimable units left
[lane 100] done, 0 units attempted 16:25:54
[lane 100] clariden-ln004 gpu=0 start=16:27:14 deadline=17:57:14 max_dur=300
[lane 100] no claimable units left
[lane 100] done, 0 units attempted 16:27:15
[lane 100] clariden-ln004 gpu=0 start=16:28:35 deadline=17:58:35 max_dur=300
[lane 100] no claimable units left
[lane 100] done, 0 units attempted 16:28:36
[lane 100] clariden-ln004 gpu=0 start=16:29:56 deadline=17:59:56 max_dur=300
[lane 100] no claimable units left
[lane 100] done, 0 units attempted 16:29:58
[lane 100] clariden-ln004 gpu=0 start=16:31:17 deadline=18:01:17 max_dur=300
[lane 100] no claimable units left
[lane 100] done, 0 units attempted 16:31:18
[lane 100] clariden-ln004 gpu=0 start=16:32:38 deadline=18:02:38 max_dur=300
[lane 100] no claimable units left
[lane 100] done, 0 units attempted 16:32:39
[lane 100] clariden-ln004 gpu=0 start=16:33:59 deadline=18:03:59 max_dur=300
[lane 100] no claimable units left
[lane 100] done, 0 units attempted 16:34:00
[lane 100] clariden-ln004 gpu=0 start=16:35:20 deadline=18:05:20 max_dur=300
[lane 100] no claimable units left
[lane 100] done, 0 units attempted 16:35:22
[lane 100] clariden-ln004 gpu=0 start=16:36:42 deadline=18:06:42 max_dur=300
[lane 100] no claimable units left
[lane 100] done, 0 units attempted 16:36:43
[lane 100] clariden-ln004 gpu=0 start=16:38:03 deadline=18:08:03 max_dur=300
[lane 100] no claimable units left
[lane 100] done, 0 units attempted 16:38:06
[lane 100] clariden-ln004 gpu=0 start=16:39:26 deadline=18:09:26 max_dur=300
[lane 100] no claimable units left
[lane 100] done, 0 units attempted 16:39:28
[lane 100] clariden-ln004 gpu=0 start=16:40:47 deadline=18:10:47 max_dur=300
[lane 100] no claimable units left
[lane 100] done, 0 units attempted 16:40:49
[lane 100] clariden-ln004 gpu=0 start=16:42:10 deadline=18:12:10 max_dur=300
[lane 100] no claimable units left
[lane 100] done, 0 units attempted 16:42:12
[lane 100] clariden-ln004 gpu=0 start=16:43:33 deadline=18:13:33 max_dur=300
[lane 100] no claimable units left
[lane 100] done, 0 units attempted 16:43:38
[lane 100] clariden-ln004 gpu=0 start=16:44:55 deadline=18:14:55 max_dur=300
[lane 100] no claimable units left
[lane 100] done, 0 units attempted 16:44:56
[lane 100] clariden-ln004 gpu=0 start=16:46:16 deadline=18:16:16 max_dur=300
[lane 100] no claimable units left
[lane 100] done, 0 units attempted 16:46:17
[lane 100] clariden-ln004 gpu=0 start=16:47:37 deadline=18:17:37 max_dur=300
[lane 100] no claimable units left
[lane 100] done, 0 units attempted 16:47:38
[lane 100] clariden-ln004 gpu=0 start=16:48:59 deadline=18:18:59 max_dur=300
[lane 100] no claimable units left
[lane 100] done, 0 units attempted 16:49:00
[lane 100] clariden-ln004 gpu=0 start=16:50:20 deadline=18:20:20 max_dur=300
[lane 100] no claimable units left
[lane 100] done, 0 units attempted 16:50:22
[lane 100] clariden-ln004 gpu=0 start=16:51:41 deadline=18:21:41 max_dur=300
[lane 100] no claimable units left
[lane 100] done, 0 units attempted 16:51:43
[lane 100] clariden-ln004 gpu=0 start=16:53:03 deadline=18:23:03 max_dur=300
[lane 100] no claimable units left
[lane 100] done, 0 units attempted 16:53:04
[lane 100] clariden-ln004 gpu=0 start=16:54:24 deadline=18:24:24 max_dur=300
[lane 100] no claimable units left
[lane 100] done, 0 units attempted 16:54:25
[lane 100] clariden-ln004 gpu=0 start=16:55:45 deadline=18:25:45 max_dur=300
[lane 100] no claimable units left
[lane 100] done, 0 units attempted 16:55:46
[lane 100] clariden-ln004 gpu=0 start=16:57:06 deadline=18:27:06 max_dur=300
[lane 100] no claimable units left
[lane 100] done, 0 units attempted 16:57:07
[lane 100] clariden-ln004 gpu=0 start=16:58:27 deadline=18:28:27 max_dur=300
[lane 100] no claimable units left
[lane 100] done, 0 units attempted 16:58:29
[lane 100] clariden-ln004 gpu=0 start=16:59:49 deadline=18:29:49 max_dur=300
[lane 100] no claimable units left
[lane 100] done, 0 units attempted 16:59:49
[lane 100] clariden-ln004 gpu=0 start=17:01:10 deadline=18:31:10 max_dur=300
[lane 100] no claimable units left
[lane 100] done, 0 units attempted 17:01:11
[lane 100] clariden-ln004 gpu=0 start=17:02:31 deadline=18:32:31 max_dur=300
[lane 100] no claimable units left
[lane 100] done, 0 units attempted 17:02:32
[lane 100] clariden-ln004 gpu=0 start=17:03:52 deadline=18:33:52 max_dur=300
[lane 100] no claimable units left
[lane 100] done, 0 units attempted 17:03:53
[lane 100] clariden-ln004 gpu=0 start=17:05:13 deadline=18:35:13 max_dur=300
[lane 100] no claimable units left
[lane 100] done, 0 units attempted 17:05:14
[lane 100] clariden-ln004 gpu=0 start=17:06:35 deadline=18:36:35 max_dur=300
[lane 100] no claimable units left
[lane 100] done, 0 units attempted 17:06:39
[lane 100] clariden-ln004 gpu=0 start=17:07:58 deadline=18:37:58 max_dur=300
[lane 100] no claimable units left
[lane 100] done, 0 units attempted 17:08:01
[lane 100] clariden-ln004 gpu=0 start=17:09:21 deadline=18:39:21 max_dur=300
[lane 100] no claimable units left
[lane 100] done, 0 units attempted 17:09:25
[lane 100] clariden-ln004 gpu=0 start=17:10:43 deadline=18:40:43 max_dur=300
[lane 100] no claimable units left
[lane 100] done, 0 units attempted 17:10:47
[lane 100] clariden-ln004 gpu=0 start=17:12:07 deadline=18:42:07 max_dur=300
[lane 100] no claimable units left
[lane 100] done, 0 units attempted 17:12:16
[lane 100] clariden-ln004 gpu=0 start=17:13:31 deadline=18:43:31 max_dur=300
[lane 100] no claimable units left
[lane 100] done, 0 units attempted 17:13:39
[lane 100] <-- semantic_condition_alert thr=0.2500 shard=0 rc=124 BARREN (nothing under 0s) (17:14:16)
[lane 100] 29s left (< 240) -- stopping cleanly
[lane 100] done, 1 units attempted 17:14:16
[lane 100] clariden-ln004 gpu=0 start=17:14:56 deadline=18:44:56 max_dur=300
[lane 100] no claimable units left
[lane 100] done, 0 units attempted 17:15:05
[lane 100] clariden-ln002 gpu=0 start=17:15:06 deadline=18:45:06 max_dur=0
[lane 100] --> p1 semantic_condition_alert thr=0.2500 shard=0 (17:15:06, 5400s left)
[lane 100] clariden-ln004 gpu=0 start=17:16:20 deadline=18:46:20 max_dur=300
[lane 100] no claimable units left
[lane 100] done, 0 units attempted 17:16:28
[lane 100] clariden-ln004 gpu=0 start=17:17:44 deadline=18:47:44 max_dur=300
[lane 100] no claimable units left
[lane 100] done, 0 units attempted 17:17:53
[lane 100] clariden-ln004 gpu=0 start=17:19:07 deadline=18:49:07 max_dur=300
[lane 100] no claimable units left
[lane 100] done, 0 units attempted 17:19:12
[lane 100] clariden-ln004 gpu=0 start=17:20:33 deadline=18:50:33 max_dur=300
[lane 100] no claimable units left
[lane 100] done, 0 units attempted 17:20:48
[lane 100] clariden-ln004 gpu=0 start=17:21:55 deadline=18:51:55 max_dur=300
[lane 100] no claimable units left
[lane 100] done, 0 units attempted 17:22:01
[lane 100] clariden-ln004 gpu=0 start=17:23:19 deadline=18:53:19 max_dur=300
[lane 100] no claimable units left
[lane 100] done, 0 units attempted 17:23:25
[lane 100] clariden-ln004 gpu=0 start=17:24:42 deadline=18:54:42 max_dur=300
[lane 100] no claimable units left
[lane 100] done, 0 units attempted 17:24:46
[lane 100] clariden-ln004 gpu=0 start=17:26:06 deadline=18:56:05 max_dur=300
[lane 100] no claimable units left
[lane 100] done, 0 units attempted 17:26:09
[lane 100] clariden-ln004 gpu=0 start=17:27:37 deadline=18:57:37 max_dur=300
[lane 100] no claimable units left
[lane 100] done, 0 units attempted 17:27:40
[lane 100] clariden-ln004 gpu=0 start=17:29:00 deadline=18:59:00 max_dur=300
[lane 100] no claimable units left
[lane 100] done, 0 units attempted 17:29:07
[lane 100] clariden-ln004 gpu=0 start=17:30:26 deadline=19:00:26 max_dur=300
[lane 100] no claimable units left
[lane 100] done, 0 units attempted 17:30:30
[lane 100] clariden-ln004 gpu=0 start=17:31:48 deadline=19:01:48 max_dur=300
[lane 100] no claimable units left
[lane 100] done, 0 units attempted 17:31:49
[lane 100] clariden-ln004 gpu=0 start=17:33:10 deadline=19:03:10 max_dur=300
[lane 100] no claimable units left
[lane 100] done, 0 units attempted 17:33:12
[lane 100] clariden-ln004 gpu=0 start=17:34:31 deadline=19:04:31 max_dur=300
[lane 100] no claimable units left
[lane 100] done, 0 units attempted 17:34:34
[lane 100] clariden-ln004 gpu=0 start=17:35:54 deadline=19:05:54 max_dur=300
[lane 100] no claimable units left
[lane 100] done, 0 units attempted 17:36:00
[lane 100] clariden-ln004 gpu=0 start=17:37:15 deadline=19:07:15 max_dur=300
[lane 100] no claimable units left
[lane 100] done, 0 units attempted 17:37:16
[lane 100] clariden-ln004 gpu=0 start=17:38:38 deadline=19:08:38 max_dur=300
[lane 100] no claimable units left
[lane 100] done, 0 units attempted 17:38:42
[lane 100] clariden-ln004 gpu=0 start=17:40:00 deadline=19:10:00 max_dur=300
[lane 100] no claimable units left
[lane 100] done, 0 units attempted 17:40:02
[lane 100] clariden-ln004 gpu=0 start=17:41:21 deadline=19:11:21 max_dur=300
[lane 100] no claimable units left
[lane 100] done, 0 units attempted 17:41:22
[lane 100] clariden-ln004 gpu=0 start=17:42:43 deadline=19:12:42 max_dur=300
[lane 100] no claimable units left
[lane 100] done, 0 units attempted 17:42:44
[lane 100] clariden-ln004 gpu=0 start=17:44:04 deadline=19:14:04 max_dur=300
[lane 100] no claimable units left
[lane 100] done, 0 units attempted 17:44:06
[lane 100] clariden-ln004 gpu=0 start=17:45:26 deadline=19:15:26 max_dur=300
[lane 100] no claimable units left
[lane 100] done, 0 units attempted 17:45:27
[lane 100] clariden-ln004 gpu=0 start=17:46:47 deadline=19:16:47 max_dur=300
[lane 100] no claimable units left
[lane 100] done, 0 units attempted 17:46:49
[lane 100] clariden-ln004 gpu=0 start=17:48:09 deadline=19:18:09 max_dur=300
[lane 100] no claimable units left
[lane 100] done, 0 units attempted 17:48:10
[lane 100] <-- semantic_condition_alert thr=0.2500 shard=0 rc=124 BARREN (nothing under 0s) (18:44:37)
[lane 100] 29s left (< 240) -- stopping cleanly
[lane 100] done, 1 units attempted 18:44:37
[lane 100] clariden-ln002 gpu=0 start=18:45:27 deadline=20:15:27 max_dur=0
[lane 100] --> p1 semantic_condition_alert thr=0.2500 shard=1 (18:45:27, 5400s left)
[lane 100] clariden-ln002 gpu=0 start=19:21:10 deadline=20:51:10 max_dur=0
[lane 100] --> p1 semantic_condition_alert thr=0.2500 shard=0 (19:21:10, 5400s left)
[lane 100] <-- semantic_condition_alert thr=0.2500 shard=0 rc=0 +2 samples (20:00:00)
[lane 100] --> p1 dedup_counting thr=0.0500 shard=1 (20:00:01, 3070s left)
[lane 100] <-- dedup_counting thr=0.0500 shard=1 rc=0 BARREN (nothing under 0s) (20:00:56)
[lane 100] --> p1 dedup_counting thr=0.0500 shard=2 (20:00:56, 3014s left)
[lane 100] <-- dedup_counting thr=0.0500 shard=2 rc=0 BARREN (nothing under 0s) (20:01:47)
[lane 100] --> p1 dedup_counting thr=0.0500 shard=3 (20:01:47, 2963s left)
[lane 100] <-- dedup_counting thr=0.0500 shard=3 rc=0 BARREN (nothing under 0s) (20:02:43)
[lane 100] --> p1 dedup_counting thr=0.1500 shard=0 (20:02:44, 2907s left)
[lane 100] <-- dedup_counting thr=0.1500 shard=0 rc=124 BARREN (nothing under 0s) (20:50:42)
[lane 100] 28s left (< 240) -- stopping cleanly
[lane 100] done, 5 units attempted 20:50:42
[lane 100] clariden-ln002 gpu=0 start=20:50:52 deadline=22:20:52 max_dur=0
[lane 100] --> p1 dedup_counting thr=0.0500 shard=0 (20:50:52, 5400s left)
[lane 100] <-- dedup_counting thr=0.0500 shard=0 rc=0 +1 samples (22:08:39)
[lane 100] --> p1 dedup_counting thr=0.1500 shard=1 (22:08:40, 733s left)
[lane 100] <-- dedup_counting thr=0.1500 shard=1 rc=0 BARREN (nothing under 0s) (22:09:22)
[lane 100] --> p1 dedup_counting thr=0.1500 shard=2 (22:09:22, 690s left)
[lane 100] <-- dedup_counting thr=0.1500 shard=2 rc=0 BARREN (nothing under 0s) (22:09:45)
[lane 100] --> p1 dedup_counting thr=0.1500 shard=3 (22:09:46, 667s left)
[lane 100] <-- dedup_counting thr=0.1500 shard=3 rc=0 BARREN (nothing under 0s) (22:10:21)
[lane 100] --> p1 dedup_counting thr=0.2500 shard=0 (22:10:21, 631s left)
[lane 100] <-- dedup_counting thr=0.2500 shard=0 rc=124 BARREN (nothing under 0s) (22:20:23)
[lane 100] 29s left (< 240) -- stopping cleanly
[lane 100] done, 5 units attempted 22:20:23
[lane 100] clariden-ln002 gpu=0 start=22:20:33 deadline=23:50:33 max_dur=0
[lane 100] --> p1 dedup_counting thr=0.2500 shard=0 (22:20:33, 5400s left)
[lane 100] <-- dedup_counting thr=0.2500 shard=0 rc=124 BARREN (nothing under 0s) (23:50:04)
[lane 100] 29s left (< 240) -- stopping cleanly
[lane 100] done, 1 units attempted 23:50:04
[lane 100] clariden-ln002 gpu=0 start=23:50:14 deadline=01:20:14 max_dur=0
[lane 100] --> p1 dedup_counting thr=0.2500 shard=0 (23:50:15, 5400s left)
[lane 100] <-- dedup_counting thr=0.2500 shard=0 rc=0 +1 samples (00:30:49)
[lane 100] --> p1 event_narration thr=0.0500 shard=0 (00:30:49, 2965s left)
[lane 100] <-- event_narration thr=0.0500 shard=0 rc=0 +1 samples (00:31:26)
[lane 100] --> p1 event_narration thr=0.0500 shard=0 (00:31:26, 2928s left)
[lane 100] <-- event_narration thr=0.0500 shard=0 rc=0 BARREN (nothing under 0s) (00:31:41)
[lane 100] --> p1 event_narration thr=0.0500 shard=2 (00:31:41, 2913s left)
[lane 100] <-- event_narration thr=0.0500 shard=2 rc=0 BARREN (nothing under 0s) (00:31:55)
[lane 100] --> p1 event_narration thr=0.0500 shard=3 (00:31:56, 2899s left)
[lane 100] <-- event_narration thr=0.0500 shard=3 rc=0 BARREN (nothing under 0s) (00:32:10)
[lane 100] --> p1 event_narration thr=0.1500 shard=0 (00:32:10, 2884s left)
[lane 100] <-- event_narration thr=0.1500 shard=0 rc=0 BARREN (nothing under 0s) (00:32:23)
[lane 100] --> p1 event_narration thr=0.1500 shard=2 (00:32:24, 2871s left)
[lane 100] <-- event_narration thr=0.1500 shard=2 rc=0 BARREN (nothing under 0s) (00:32:37)
[lane 100] --> p1 event_narration thr=0.1500 shard=3 (00:32:38, 2857s left)
[lane 100] <-- event_narration thr=0.1500 shard=3 rc=0 BARREN (nothing under 0s) (00:32:51)
[lane 100] --> p1 event_narration thr=0.2500 shard=0 (00:32:52, 2843s left)
[lane 100] <-- event_narration thr=0.2500 shard=0 rc=0 BARREN (nothing under 0s) (00:33:05)
[lane 100] --> p1 event_narration thr=0.2500 shard=2 (00:33:06, 2829s left)
[lane 100] <-- event_narration thr=0.2500 shard=2 rc=0 BARREN (nothing under 0s) (00:33:22)
[lane 100] --> p1 event_narration thr=0.2500 shard=3 (00:33:23, 2812s left)
[lane 100] <-- event_narration thr=0.2500 shard=3 rc=0 BARREN (nothing under 0s) (00:33:37)
[lane 100] --> p1 event_narration thr=0.3500 shard=0 (00:33:37, 2797s left)
[lane 100] <-- event_narration thr=0.3500 shard=0 rc=0 BARREN (nothing under 0s) (00:33:51)
[lane 100] --> p1 event_narration thr=0.3500 shard=2 (00:33:52, 2783s left)
[lane 100] <-- event_narration thr=0.3500 shard=2 rc=0 BARREN (nothing under 0s) (00:34:06)
[lane 100] --> p1 event_narration thr=0.3500 shard=3 (00:34:07, 2768s left)
[lane 100] <-- event_narration thr=0.3500 shard=3 rc=0 BARREN (nothing under 0s) (00:34:21)
[lane 100] --> p1 event_narration thr=0.4500 shard=0 (00:34:21, 2753s left)
[lane 100] <-- event_narration thr=0.4500 shard=0 rc=0 BARREN (nothing under 0s) (00:34:36)
[lane 100] --> p1 event_narration thr=0.4500 shard=2 (00:34:36, 2738s left)
[lane 100] <-- event_narration thr=0.4500 shard=2 rc=0 BARREN (nothing under 0s) (00:34:50)
[lane 100] --> p1 event_narration thr=0.4500 shard=3 (00:34:51, 2724s left)
[lane 100] <-- event_narration thr=0.4500 shard=3 rc=0 BARREN (nothing under 0s) (00:35:06)
[lane 100] --> p1 event_narration thr=0.5500 shard=0 (00:35:06, 2708s left)
[lane 100] <-- event_narration thr=0.5500 shard=0 rc=0 BARREN (nothing under 0s) (00:35:20)
[lane 100] --> p1 event_narration thr=0.5500 shard=1 (00:35:21, 2694s left)
[lane 100] <-- event_narration thr=0.5500 shard=1 rc=124 +1 samples (01:19:45)
[lane 100] 29s left (< 240) -- stopping cleanly
[lane 100] done, 19 units attempted 01:19:45
[lane 100] clariden-ln002 gpu=0 start=01:19:55 deadline=02:49:55 max_dur=0
[lane 100] --> p1 event_narration thr=0.0500 shard=0 (01:19:56, 5400s left)
[lane 100] <-- event_narration thr=0.0500 shard=0 rc=0 BARREN (nothing under 0s) (01:20:34)
[lane 100] --> p1 event_narration thr=0.0500 shard=3 (01:20:35, 5361s left)
[lane 100] <-- event_narration thr=0.0500 shard=3 rc=0 BARREN (nothing under 0s) (01:21:20)
[lane 100] --> p1 event_narration thr=0.0500 shard=2 (01:21:20, 5315s left)
[lane 100] <-- event_narration thr=0.0500 shard=2 rc=0 BARREN (nothing under 0s) (01:21:49)
[lane 100] --> p1 event_narration thr=0.1500 shard=0 (01:21:50, 5286s left)
[lane 100] <-- event_narration thr=0.1500 shard=0 rc=0 BARREN (nothing under 0s) (01:22:21)
[lane 100] --> p1 event_narration thr=0.1500 shard=2 (01:22:22, 5254s left)
[lane 100] <-- event_narration thr=0.1500 shard=2 rc=0 BARREN (nothing under 0s) (01:22:43)
[lane 100] --> p1 event_narration thr=0.1500 shard=3 (01:22:44, 5232s left)
[lane 100] <-- event_narration thr=0.1500 shard=3 rc=0 BARREN (nothing under 0s) (01:23:16)
[lane 100] --> p1 event_narration thr=0.2500 shard=0 (01:23:17, 5199s left)
[lane 100] <-- event_narration thr=0.2500 shard=0 rc=0 BARREN (nothing under 0s) (01:23:29)
[lane 100] --> p1 event_narration thr=0.2500 shard=2 (01:23:29, 5186s left)
[lane 100] <-- event_narration thr=0.2500 shard=2 rc=0 BARREN (nothing under 0s) (01:23:41)
[lane 100] --> p1 event_narration thr=0.2500 shard=3 (01:23:41, 5174s left)
[lane 100] <-- event_narration thr=0.2500 shard=3 rc=0 BARREN (nothing under 0s) (01:23:53)
[lane 100] --> p1 event_narration thr=0.3500 shard=0 (01:23:53, 5162s left)
[lane 100] <-- event_narration thr=0.3500 shard=0 rc=0 BARREN (nothing under 0s) (01:24:05)
[lane 100] --> p1 event_narration thr=0.3500 shard=2 (01:24:05, 5150s left)
[lane 100] <-- event_narration thr=0.3500 shard=2 rc=0 BARREN (nothing under 0s) (01:24:24)
[lane 100] --> p1 event_narration thr=0.3500 shard=3 (01:24:25, 5131s left)
[lane 100] <-- event_narration thr=0.3500 shard=3 rc=0 BARREN (nothing under 0s) (01:25:01)
[lane 100] --> p1 event_narration thr=0.4500 shard=0 (01:25:01, 5094s left)
[lane 100] <-- event_narration thr=0.4500 shard=0 rc=0 BARREN (nothing under 0s) (01:25:14)
[lane 100] --> p1 event_narration thr=0.4500 shard=2 (01:25:15, 5081s left)
[lane 100] <-- event_narration thr=0.4500 shard=2 rc=0 BARREN (nothing under 0s) (01:25:27)
[lane 100] --> p1 event_narration thr=0.4500 shard=3 (01:25:27, 5068s left)
[lane 100] <-- event_narration thr=0.4500 shard=3 rc=0 BARREN (nothing under 0s) (01:25:39)
[lane 100] --> p1 event_narration thr=0.5500 shard=0 (01:25:40, 5056s left)
[lane 100] <-- event_narration thr=0.5500 shard=0 rc=0 BARREN (nothing under 0s) (01:25:59)
[lane 100] --> p1 event_narration thr=0.5500 shard=1 (01:26:00, 5036s left)
[lane 100] <-- event_narration thr=0.5500 shard=1 rc=0 +1 samples (02:11:38)
[lane 100] --> p1 event_narration thr=0.6500 shard=0 (02:11:41, 2297s left)
[lane 100] <-- event_narration thr=0.6500 shard=0 rc=0 BARREN (nothing under 0s) (02:12:32)
[lane 100] --> p1 event_narration thr=0.6500 shard=2 (02:12:32, 2243s left)
[lane 100] <-- event_narration thr=0.6500 shard=2 rc=0 BARREN (nothing under 0s) (02:13:18)
[lane 100] --> p1 event_narration thr=0.6500 shard=3 (02:13:19, 2197s left)
[lane 100] <-- event_narration thr=0.6500 shard=3 rc=0 BARREN (nothing under 0s) (02:14:03)
[lane 100] --> p1 event_narration thr=0.7500 shard=0 (02:14:03, 2152s left)
[lane 100] <-- event_narration thr=0.7500 shard=0 rc=0 BARREN (nothing under 0s) (02:14:44)
[lane 100] --> p1 event_narration thr=0.7500 shard=2 (02:14:46, 2111s left)
[lane 100] <-- event_narration thr=0.7500 shard=2 rc=0 BARREN (nothing under 0s) (02:15:20)
[lane 100] --> p1 event_narration thr=0.7500 shard=3 (02:15:20, 2075s left)
[lane 100] <-- event_narration thr=0.7500 shard=3 rc=0 BARREN (nothing under 0s) (02:15:37)
[lane 100] --> p1 event_narration thr=0.8500 shard=2 (02:15:37, 2058s left)
[lane 100] <-- event_narration thr=0.8500 shard=2 rc=0 BARREN (nothing under 0s) (02:15:52)
[lane 100] --> p1 event_narration thr=0.8500 shard=0 (02:15:52, 2043s left)
[lane 100] <-- event_narration thr=0.8500 shard=0 rc=0 BARREN (nothing under 0s) (02:16:08)
[lane 100] --> p1 event_narration thr=0.9500 shard=0 (02:16:08, 2027s left)
[lane 100] <-- event_narration thr=0.9500 shard=0 rc=0 BARREN (nothing under 0s) (02:16:23)
[lane 100] --> p1 event_narration thr=0.8500 shard=3 (02:16:24, 2012s left)
[lane 100] <-- event_narration thr=0.8500 shard=3 rc=0 BARREN (nothing under 0s) (02:16:38)
[lane 100] --> p1 event_narration thr=0.9500 shard=1 (02:16:39, 1997s left)
[lane 100] <-- event_narration thr=0.9500 shard=1 rc=124 +1 samples (02:49:26)
[lane 100] 29s left (< 240) -- stopping cleanly
[lane 100] done, 28 units attempted 02:49:26
[lane 100] clariden-ln002 gpu=0 start=02:49:40 deadline=04:19:40 max_dur=0
[lane 100] --> p1 event_narration thr=0.7500 shard=0 (02:49:41, 5400s left)
[lane 100] <-- event_narration thr=0.7500 shard=0 rc=0 BARREN (nothing under 0s) (02:50:59)
[lane 100] --> p1 event_narration thr=0.7500 shard=3 (02:51:01, 5321s left)
[lane 100] <-- event_narration thr=0.7500 shard=3 rc=0 BARREN (nothing under 0s) (02:52:17)
[lane 100] --> p1 event_narration thr=0.7500 shard=2 (02:52:19, 5243s left)
[lane 100] <-- event_narration thr=0.7500 shard=2 rc=0 BARREN (nothing under 0s) (02:53:29)
[lane 100] --> p1 event_narration thr=0.8500 shard=0 (02:53:31, 5171s left)
[lane 100] <-- event_narration thr=0.8500 shard=0 rc=0 BARREN (nothing under 0s) (02:54:46)
[lane 100] --> p1 event_narration thr=0.8500 shard=2 (02:54:47, 5094s left)
[lane 100] <-- event_narration thr=0.8500 shard=2 rc=0 BARREN (nothing under 0s) (02:55:56)
[lane 100] --> p1 event_narration thr=0.8500 shard=3 (02:55:57, 5024s left)
[lane 100] <-- event_narration thr=0.8500 shard=3 rc=0 BARREN (nothing under 0s) (02:57:17)
[lane 100] --> p1 event_narration thr=0.9500 shard=0 (02:57:20, 4942s left)
[lane 100] <-- event_narration thr=0.9500 shard=0 rc=0 BARREN (nothing under 0s) (02:58:31)
[lane 100] --> p1 event_narration thr=0.9500 shard=3 (02:58:31, 4869s left)
[lane 100] <-- event_narration thr=0.9500 shard=3 rc=0 BARREN (nothing under 0s) (02:59:47)
[lane 100] --> p1 event_narration thr=0.9500 shard=2 (02:59:50, 4793s left)
[lane 100] <-- event_narration thr=0.9500 shard=2 rc=0 BARREN (nothing under 0s) (03:00:47)
[lane 100] --> p1 sequential_step_instruction thr=0.0200 shard=0 (03:00:49, 4733s left)
[lane 100] <-- sequential_step_instruction thr=0.0200 shard=0 rc=0 BARREN (nothing under 0s) (03:01:52)
[lane 100] --> p1 sequential_step_instruction thr=0.0200 shard=1 (03:01:55, 4668s left)
[lane 100] <-- sequential_step_instruction thr=0.0200 shard=1 rc=0 BARREN (nothing under 0s) (03:02:58)
[lane 100] --> p1 sequential_step_instruction thr=0.0200 shard=2 (03:02:59, 4602s left)
[lane 100] <-- sequential_step_instruction thr=0.0200 shard=2 rc=0 BARREN (nothing under 0s) (03:04:12)
[lane 100] --> p1 sequential_step_instruction thr=0.0500 shard=0 (03:04:14, 4528s left)
[lane 100] <-- sequential_step_instruction thr=0.0500 shard=0 rc=0 BARREN (nothing under 0s) (03:05:16)
[lane 100] --> p1 sequential_step_instruction thr=0.0500 shard=1 (03:05:17, 4464s left)
[lane 100] <-- sequential_step_instruction thr=0.0500 shard=1 rc=0 BARREN (nothing under 0s) (03:06:20)
[lane 100] --> p1 sequential_step_instruction thr=0.0500 shard=2 (03:06:23, 4400s left)
[lane 100] <-- sequential_step_instruction thr=0.0500 shard=2 rc=0 BARREN (nothing under 0s) (03:07:25)
[lane 100] --> p1 sequential_step_instruction thr=0.1500 shard=0 (03:07:25, 4335s left)
[lane 100] <-- sequential_step_instruction thr=0.1500 shard=0 rc=0 BARREN (nothing under 0s) (03:08:37)
[lane 100] --> p1 sequential_step_instruction thr=0.1500 shard=1 (03:08:37, 4263s left)
[lane 100] <-- sequential_step_instruction thr=0.1500 shard=1 rc=0 BARREN (nothing under 0s) (03:09:10)
[lane 100] --> p1 sequential_step_instruction thr=0.1500 shard=2 (03:09:11, 4230s left)
[lane 100] <-- sequential_step_instruction thr=0.1500 shard=2 rc=0 BARREN (nothing under 0s) (03:09:33)
[lane 100] --> p1 sequential_step_instruction thr=0.2500 shard=0 (03:09:34, 4207s left)
[lane 100] <-- sequential_step_instruction thr=0.2500 shard=0 rc=0 BARREN (nothing under 0s) (03:09:52)
[lane 100] --> p1 sequential_step_instruction thr=0.2500 shard=1 (03:09:53, 4188s left)
[lane 100] <-- sequential_step_instruction thr=0.2500 shard=1 rc=0 BARREN (nothing under 0s) (03:10:09)
[lane 100] --> p1 sequential_step_instruction thr=0.2500 shard=2 (03:10:09, 4171s left)
[lane 100] <-- sequential_step_instruction thr=0.2500 shard=2 rc=0 BARREN (nothing under 0s) (03:10:28)
[lane 100] --> p1 sequential_step_instruction thr=0.2500 shard=3 (03:10:29, 4152s left)
[lane 100] <-- sequential_step_instruction thr=0.2500 shard=3 rc=0 +1 samples (03:38:11)
[lane 100] --> p1 sequential_step_instruction thr=0.3500 shard=0 (03:38:12, 2489s left)
[lane 100] <-- sequential_step_instruction thr=0.3500 shard=0 rc=0 BARREN (nothing under 0s) (03:38:57)
[lane 100] --> p1 sequential_step_instruction thr=0.3500 shard=1 (03:38:58, 2443s left)
[lane 100] <-- sequential_step_instruction thr=0.3500 shard=1 rc=0 BARREN (nothing under 0s) (03:39:15)
[lane 100] --> p1 sequential_step_instruction thr=0.3500 shard=2 (03:39:15, 2425s left)
[lane 100] <-- sequential_step_instruction thr=0.3500 shard=2 rc=0 BARREN (nothing under 0s) (03:39:34)
[lane 100] --> p1 sequential_step_instruction thr=0.4500 shard=0 (03:39:34, 2406s left)
[lane 100] <-- sequential_step_instruction thr=0.4500 shard=0 rc=0 BARREN (nothing under 0s) (03:39:51)
[lane 100] --> p1 sequential_step_instruction thr=0.4500 shard=1 (03:39:51, 2389s left)
[lane 100] <-- sequential_step_instruction thr=0.4500 shard=1 rc=0 BARREN (nothing under 0s) (03:40:07)
[lane 100] --> p1 sequential_step_instruction thr=0.4500 shard=2 (03:40:08, 2373s left)
[lane 100] <-- sequential_step_instruction thr=0.4500 shard=2 rc=0 BARREN (nothing under 0s) (03:40:22)
[lane 100] --> p1 sequential_step_instruction thr=0.5500 shard=0 (03:40:23, 2358s left)
[lane 100] <-- sequential_step_instruction thr=0.5500 shard=0 rc=0 BARREN (nothing under 0s) (03:40:39)
[lane 100] --> p1 sequential_step_instruction thr=0.5500 shard=1 (03:40:39, 2341s left)
[lane 100] <-- sequential_step_instruction thr=0.5500 shard=1 rc=0 BARREN (nothing under 0s) (03:40:55)
[lane 100] --> p1 sequential_step_instruction thr=0.5500 shard=2 (03:40:55, 2325s left)
[lane 100] <-- sequential_step_instruction thr=0.5500 shard=2 rc=0 BARREN (nothing under 0s) (03:41:10)
[lane 100] --> p1 sequential_step_instruction thr=0.6500 shard=0 (03:41:10, 2310s left)
[lane 100] <-- sequential_step_instruction thr=0.6500 shard=0 rc=0 BARREN (nothing under 0s) (03:41:25)
[lane 100] --> p1 sequential_step_instruction thr=0.6500 shard=1 (03:41:25, 2295s left)
[lane 100] <-- sequential_step_instruction thr=0.6500 shard=1 rc=0 BARREN (nothing under 0s) (03:41:41)
[lane 100] --> p1 sequential_step_instruction thr=0.6500 shard=2 (03:41:42, 2279s left)
[lane 100] <-- sequential_step_instruction thr=0.6500 shard=2 rc=0 BARREN (nothing under 0s) (03:41:58)
[lane 100] --> p1 sequential_step_instruction thr=0.6500 shard=3 (03:41:58, 2262s left)
[lane 100] <-- sequential_step_instruction thr=0.6500 shard=3 rc=0 +1 samples (04:06:46)
[lane 100] --> p1 sequential_step_instruction thr=0.7500 shard=0 (04:06:47, 774s left)
[lane 100] <-- sequential_step_instruction thr=0.7500 shard=0 rc=0 BARREN (nothing under 0s) (04:07:02)
[lane 100] --> p1 sequential_step_instruction thr=0.7500 shard=2 (04:07:03, 758s left)
[lane 100] <-- sequential_step_instruction thr=0.7500 shard=2 rc=0 BARREN (nothing under 0s) (04:07:21)
[lane 100] --> p1 sequential_step_instruction thr=0.7500 shard=1 (04:07:22, 739s left)
[lane 100] <-- sequential_step_instruction thr=0.7500 shard=1 rc=0 BARREN (nothing under 0s) (04:07:37)
[lane 100] --> p1 sequential_step_instruction thr=0.8500 shard=0 (04:07:37, 723s left)
[lane 100] <-- sequential_step_instruction thr=0.8500 shard=0 rc=0 BARREN (nothing under 0s) (04:07:52)
[lane 100] --> p1 sequential_step_instruction thr=0.8500 shard=2 (04:07:53, 708s left)
[lane 100] <-- sequential_step_instruction thr=0.8500 shard=2 rc=0 BARREN (nothing under 0s) (04:08:08)
[lane 100] --> p1 sequential_step_instruction thr=0.8500 shard=1 (04:08:10, 692s left)
[lane 100] <-- sequential_step_instruction thr=0.8500 shard=1 rc=0 BARREN (nothing under 0s) (04:08:27)
[lane 100] --> p1 sequential_step_instruction thr=0.9500 shard=1 (04:08:27, 673s left)
[lane 100] <-- sequential_step_instruction thr=0.9500 shard=1 rc=0 BARREN (nothing under 0s) (04:08:43)
[lane 100] --> p1 sequential_step_instruction thr=0.9500 shard=0 (04:08:43, 657s left)
[lane 100] <-- sequential_step_instruction thr=0.9500 shard=0 rc=0 BARREN (nothing under 0s) (04:09:02)
[lane 100] --> p1 sequential_step_instruction thr=0.9500 shard=2 (04:09:03, 638s left)
[lane 100] <-- sequential_step_instruction thr=0.9500 shard=2 rc=0 BARREN (nothing under 0s) (04:09:19)
[lane 100] no claimable units left
[lane 100] done, 44 units attempted 04:09:19
[lane 100] clariden-ln002 gpu=0 start=04:10:22 deadline=05:40:22 max_dur=0
[lane 100] --> p1 sequential_step_instruction thr=0.8500 shard=0 (04:10:22, 5400s left)
[lane 100] <-- sequential_step_instruction thr=0.8500 shard=0 rc=0 BARREN (nothing under 0s) (04:10:38)
[lane 100] --> p1 sequential_step_instruction thr=0.8500 shard=1 (04:10:38, 5384s left)
[lane 100] <-- sequential_step_instruction thr=0.8500 shard=1 rc=0 BARREN (nothing under 0s) (04:10:55)
[lane 100] --> p1 sequential_step_instruction thr=0.8500 shard=2 (04:10:55, 5367s left)
[lane 100] <-- sequential_step_instruction thr=0.8500 shard=2 rc=0 BARREN (nothing under 0s) (04:11:13)
[lane 100] --> p1 sequential_step_instruction thr=0.9500 shard=0 (04:11:14, 5349s left)
[lane 100] <-- sequential_step_instruction thr=0.9500 shard=0 rc=0 BARREN (nothing under 0s) (04:11:33)
[lane 100] --> p1 sequential_step_instruction thr=0.9500 shard=1 (04:11:34, 5329s left)
[lane 100] <-- sequential_step_instruction thr=0.9500 shard=1 rc=0 BARREN (nothing under 0s) (04:11:50)
[lane 100] --> p1 sequential_step_instruction thr=0.9500 shard=2 (04:11:51, 5312s left)
[lane 100] <-- sequential_step_instruction thr=0.9500 shard=2 rc=0 BARREN (nothing under 0s) (04:12:08)
[lane 100] no claimable units left
[lane 100] done, 6 units attempted 04:12:08
[lane 100] clariden-ln002 gpu=0 start=04:13:02 deadline=05:43:02 max_dur=0
[lane 100] --> p1 sequential_step_instruction thr=0.8500 shard=0 (04:13:03, 5400s left)
[lane 100] <-- sequential_step_instruction thr=0.8500 shard=0 rc=0 BARREN (nothing under 0s) (04:13:41)
[lane 100] --> p1 sequential_step_instruction thr=0.8500 shard=2 (04:13:42, 5361s left)
[lane 100] <-- sequential_step_instruction thr=0.8500 shard=2 rc=0 BARREN (nothing under 0s) (04:14:01)
[lane 100] --> p1 sequential_step_instruction thr=0.8500 shard=1 (04:14:01, 5341s left)
[lane 100] <-- sequential_step_instruction thr=0.8500 shard=1 rc=0 BARREN (nothing under 0s) (04:14:16)
[lane 100] --> p1 sequential_step_instruction thr=0.9500 shard=0 (04:14:18, 5326s left)
[lane 100] <-- sequential_step_instruction thr=0.9500 shard=0 rc=0 BARREN (nothing under 0s) (04:14:35)
[lane 100] --> p1 sequential_step_instruction thr=0.9500 shard=2 (04:14:35, 5307s left)
[lane 100] <-- sequential_step_instruction thr=0.9500 shard=2 rc=0 BARREN (nothing under 0s) (04:15:06)
[lane 100] --> p1 sequential_step_instruction thr=0.9500 shard=1 (04:15:08, 5276s left)
[lane 100] <-- sequential_step_instruction thr=0.9500 shard=1 rc=0 BARREN (nothing under 0s) (04:15:33)
[lane 100] no claimable units left
[lane 100] done, 6 units attempted 04:15:34
[lane 100] clariden-ln002 gpu=0 start=04:16:43 deadline=05:46:43 max_dur=0
[lane 100] --> p1 sequential_step_instruction thr=0.8500 shard=0 (04:16:43, 5400s left)
[lane 100] <-- sequential_step_instruction thr=0.8500 shard=0 rc=0 BARREN (nothing under 0s) (04:17:01)
[lane 100] --> p1 sequential_step_instruction thr=0.8500 shard=1 (04:17:02, 5382s left)
[lane 100] <-- sequential_step_instruction thr=0.8500 shard=1 rc=0 BARREN (nothing under 0s) (04:17:18)
[lane 100] --> p1 sequential_step_instruction thr=0.8500 shard=2 (04:17:18, 5365s left)
[lane 100] <-- sequential_step_instruction thr=0.8500 shard=2 rc=0 BARREN (nothing under 0s) (04:17:35)
[lane 100] --> p1 sequential_step_instruction thr=0.9500 shard=0 (04:17:37, 5348s left)
[lane 100] <-- sequential_step_instruction thr=0.9500 shard=0 rc=0 BARREN (nothing under 0s) (04:17:54)
[lane 100] --> p1 sequential_step_instruction thr=0.9500 shard=2 (04:17:55, 5329s left)
[lane 100] <-- sequential_step_instruction thr=0.9500 shard=2 rc=0 BARREN (nothing under 0s) (04:18:10)
[lane 100] --> p1 sequential_step_instruction thr=0.9500 shard=1 (04:18:11, 5313s left)
[lane 100] <-- sequential_step_instruction thr=0.9500 shard=1 rc=0 BARREN (nothing under 0s) (04:18:27)
[lane 100] no claimable units left
[lane 100] done, 6 units attempted 04:18:28
[lane 100] clariden-ln002 gpu=0 start=04:19:23 deadline=05:49:23 max_dur=0
[lane 100] --> p1 sequential_step_instruction thr=0.8500 shard=0 (04:19:24, 5400s left)
[lane 100] <-- sequential_step_instruction thr=0.8500 shard=0 rc=0 BARREN (nothing under 0s) (04:20:01)
[lane 100] --> p1 sequential_step_instruction thr=0.8500 shard=2 (04:20:03, 5362s left)
[lane 100] <-- sequential_step_instruction thr=0.8500 shard=2 rc=0 BARREN (nothing under 0s) (04:20:21)
[lane 100] --> p1 sequential_step_instruction thr=0.8500 shard=1 (04:20:22, 5342s left)
[lane 100] <-- sequential_step_instruction thr=0.8500 shard=1 rc=0 BARREN (nothing under 0s) (04:20:40)
[lane 100] --> p1 sequential_step_instruction thr=0.9500 shard=0 (04:20:41, 5323s left)
[lane 100] <-- sequential_step_instruction thr=0.9500 shard=0 rc=0 BARREN (nothing under 0s) (04:21:00)
[lane 100] --> p1 sequential_step_instruction thr=0.9500 shard=2 (04:21:01, 5303s left)
[lane 100] <-- sequential_step_instruction thr=0.9500 shard=2 rc=0 BARREN (nothing under 0s) (04:21:16)
[lane 100] --> p1 sequential_step_instruction thr=0.9500 shard=1 (04:21:17, 5287s left)
[lane 100] <-- sequential_step_instruction thr=0.9500 shard=1 rc=0 BARREN (nothing under 0s) (04:21:32)
[lane 100] no claimable units left
[lane 100] done, 6 units attempted 04:21:33
[lane 100] clariden-ln002 gpu=0 start=04:23:05 deadline=05:53:05 max_dur=0
[lane 100] --> p1 sequential_step_instruction thr=0.8500 shard=0 (04:23:05, 5400s left)
[lane 100] <-- sequential_step_instruction thr=0.8500 shard=0 rc=0 BARREN (nothing under 0s) (04:23:39)
[lane 100] --> p1 sequential_step_instruction thr=0.8500 shard=2 (04:23:40, 5366s left)
[lane 100] <-- sequential_step_instruction thr=0.8500 shard=2 rc=0 +1 samples (04:24:00)
[lane 100] no claimable units left
[lane 100] done, 2 units attempted 04:24:01
[lane 100] clariden-ln004 gpu=0 start=05:53:18 deadline=07:23:18 max_dur=0
[lane 100] --> p2 instant_event_alert thr=0.0667 shard=0 (05:53:19, 5400s left)
[lane 100] <-- instant_event_alert thr=0.0667 shard=0 rc=0 +11 samples (06:21:55)
[lane 100] --> p2 instant_event_alert thr=0.0667 shard=0 (06:21:55, 3683s left)
[lane 100] <-- instant_event_alert thr=0.0667 shard=0 rc=0 BARREN (nothing under 0s) (06:23:16)
[lane 100] --> p2 instant_event_alert thr=0.0833 shard=0 (06:23:16, 3602s left)
[lane 100] <-- instant_event_alert thr=0.0833 shard=0 rc=0 BARREN (nothing under 0s) (06:24:09)
[lane 100] --> p2 instant_event_alert thr=0.0667 shard=2 (06:24:09, 3549s left)
[lane 100] <-- instant_event_alert thr=0.0667 shard=2 rc=0 +4 samples (06:57:24)
[lane 100] --> p2 instant_event_alert thr=0.0667 shard=2 (06:57:24, 1554s left)
[lane 100] <-- instant_event_alert thr=0.0667 shard=2 rc=0 BARREN (nothing under 0s) (06:58:15)
[lane 100] --> p2 instant_event_alert thr=0.0667 shard=3 (06:58:15, 1503s left)
[lane 100] <-- instant_event_alert thr=0.0667 shard=3 rc=0 +1 samples (07:21:19)
[lane 100] 119s left (< 240) -- stopping cleanly
[lane 100] done, 6 units attempted 07:21:19
[lane 100] clariden-ln004 gpu=0 start=07:22:59 deadline=08:52:59 max_dur=0
[lane 100] --> p2 instant_event_alert thr=0.0667 shard=0 (07:22:59, 5400s left)
[lane 100] <-- instant_event_alert thr=0.0667 shard=0 rc=0 BARREN (nothing under 0s) (07:24:03)
[lane 100] --> p2 instant_event_alert thr=0.0667 shard=2 (07:24:03, 5336s left)
[lane 100] <-- instant_event_alert thr=0.0667 shard=2 rc=0 BARREN (nothing under 0s) (07:25:09)
[lane 100] --> p2 instant_event_alert thr=0.0667 shard=3 (07:25:09, 5270s left)
[lane 100] <-- instant_event_alert thr=0.0667 shard=3 rc=0 BARREN (nothing under 0s) (07:26:13)
[lane 100] --> p2 instant_event_alert thr=0.0833 shard=0 (07:26:13, 5206s left)
[lane 100] <-- instant_event_alert thr=0.0833 shard=0 rc=0 BARREN (nothing under 0s) (07:27:04)
[lane 100] --> p2 instant_event_alert thr=0.0833 shard=1 (07:27:04, 5155s left)
[lane 100] <-- instant_event_alert thr=0.0833 shard=1 rc=137 +3 samples (08:30:24)
[lane 100] --> p2 instant_event_alert thr=0.0833 shard=1 (08:30:24, 1355s left)
[lane 100] <-- instant_event_alert thr=0.0833 shard=1 rc=124 +1 samples (08:52:30)
[lane 100] 29s left (< 240) -- stopping cleanly
[lane 100] done, 6 units attempted 08:52:30
[lane 100] clariden-ln004 gpu=0 start=08:52:41 deadline=10:22:41 max_dur=0
[lane 100] --> p2 instant_event_alert thr=0.0833 shard=0 (08:52:42, 5400s left)
[lane 100] <-- instant_event_alert thr=0.0833 shard=0 rc=0 BARREN (nothing under 0s) (08:53:43)
[lane 100] --> p2 instant_event_alert thr=0.0833 shard=2 (08:53:44, 5338s left)
[lane 100] <-- instant_event_alert thr=0.0833 shard=2 rc=0 BARREN (nothing under 0s) (08:54:38)
[lane 100] --> p2 instant_event_alert thr=0.0833 shard=3 (08:54:38, 5283s left)
[lane 100] <-- instant_event_alert thr=0.0833 shard=3 rc=0 BARREN (nothing under 0s) (08:55:24)
[lane 100] --> p2 instant_event_alert thr=0.1000 shard=0 (08:55:24, 5237s left)
[lane 100] <-- instant_event_alert thr=0.1000 shard=0 rc=0 BARREN (nothing under 0s) (08:55:43)
[lane 100] --> p2 instant_event_alert thr=0.1000 shard=1 (08:55:43, 5218s left)
[lane 100] <-- instant_event_alert thr=0.1000 shard=1 rc=124 +3 samples (10:22:12)
[lane 100] 29s left (< 240) -- stopping cleanly
[lane 100] done, 5 units attempted 10:22:12
[lane 100] clariden-ln004 gpu=0 start=10:22:23 deadline=11:52:23 max_dur=0
[lane 100] --> p2 instant_event_alert thr=0.1000 shard=0 (10:22:25, 5400s left)
[lane 100] <-- instant_event_alert thr=0.1000 shard=0 rc=0 BARREN (nothing under 0s) (10:23:43)
[lane 100] --> p2 instant_event_alert thr=0.1000 shard=2 (10:23:43, 5320s left)
[lane 100] <-- instant_event_alert thr=0.1000 shard=2 rc=0 BARREN (nothing under 0s) (10:24:45)
[lane 100] --> p2 instant_event_alert thr=0.1000 shard=3 (10:24:45, 5258s left)
[lane 100] <-- instant_event_alert thr=0.1000 shard=3 rc=0 BARREN (nothing under 0s) (10:25:39)
[lane 100] --> p2 instant_event_alert thr=0.1167 shard=0 (10:25:39, 5204s left)
[lane 100] <-- instant_event_alert thr=0.1167 shard=0 rc=0 BARREN (nothing under 0s) (10:27:24)
[lane 100] --> p2 instant_event_alert thr=0.1167 shard=2 (10:27:24, 5099s left)
[lane 100] <-- instant_event_alert thr=0.1167 shard=2 rc=0 BARREN (nothing under 0s) (10:28:43)
[lane 100] --> p2 instant_event_alert thr=0.1333 shard=2 (10:28:44, 5020s left)
[lane 100] <-- instant_event_alert thr=0.1333 shard=2 rc=0 BARREN (nothing under 0s) (10:29:39)
[lane 100] --> p2 instant_event_alert thr=0.1333 shard=3 (10:29:39, 4964s left)
[lane 100] <-- instant_event_alert thr=0.1333 shard=3 rc=0 BARREN (nothing under 0s) (10:30:41)
[lane 100] --> p2 semantic_condition_alert thr=0.1833 shard=0 (10:30:41, 4902s left)
[lane 100] <-- semantic_condition_alert thr=0.1833 shard=0 rc=124 +1 samples (11:51:55)
[lane 100] 28s left (< 240) -- stopping cleanly
[lane 100] done, 8 units attempted 11:51:55
[lane 100] clariden-ln004 gpu=0 start=11:52:06 deadline=13:22:06 max_dur=0
[lane 100] --> p2 snapshot_counting thr=0.1333 shard=0 (11:52:07, 5400s left)
[lane 100] <-- snapshot_counting thr=0.1333 shard=0 rc=124 +1 samples (13:21:37)
[lane 100] 29s left (< 240) -- stopping cleanly
[lane 100] done, 1 units attempted 13:21:37
[lane 100] clariden-ln004 gpu=0 start=13:21:53 deadline=14:51:53 max_dur=0
[lane 100] --> p2 snapshot_counting thr=0.1333 shard=1 (13:21:54, 5400s left)
[lane 100] <-- snapshot_counting thr=0.1333 shard=1 rc=0 +1 samples (14:50:33)
[lane 100] 80s left (< 240) -- stopping cleanly
[lane 100] done, 1 units attempted 14:50:33
[lane 100] clariden-ln004 gpu=0 start=14:51:35 deadline=16:21:35 max_dur=0
[lane 100] --> p2 dedup_counting thr=0.3833 shard=1 (14:51:36, 5400s left)
[lane 100] <-- dedup_counting thr=0.3833 shard=1 rc=0 BARREN (nothing under 0s) (14:52:14)
[lane 100] --> p2 dedup_counting thr=0.3833 shard=3 (14:52:14, 5361s left)
[lane 100] <-- dedup_counting thr=0.3833 shard=3 rc=0 BARREN (nothing under 0s) (14:52:51)
[lane 100] --> p2 dedup_counting thr=0.3833 shard=2 (14:52:51, 5324s left)
[lane 100] <-- dedup_counting thr=0.3833 shard=2 rc=0 BARREN (nothing under 0s) (14:53:23)
[lane 100] --> p2 dedup_counting thr=0.4167 shard=1 (14:53:24, 5292s left)
[lane 100] <-- dedup_counting thr=0.4167 shard=1 rc=0 BARREN (nothing under 0s) (14:53:50)
[lane 100] --> p2 dedup_counting thr=0.4167 shard=2 (14:53:51, 5265s left)
[lane 100] <-- dedup_counting thr=0.4167 shard=2 rc=0 BARREN (nothing under 0s) (14:54:26)
[lane 100] --> p2 dedup_counting thr=0.4167 shard=3 (14:54:26, 5229s left)
[lane 100] <-- dedup_counting thr=0.4167 shard=3 rc=0 BARREN (nothing under 0s) (14:55:06)
[lane 100] --> p2 dedup_counting thr=0.4500 shard=2 (14:55:06, 5189s left)
[lane 100] <-- dedup_counting thr=0.4500 shard=2 rc=0 BARREN (nothing under 0s) (14:55:47)
[lane 100] --> p2 dedup_counting thr=0.4833 shard=2 (14:55:48, 5148s left)
[lane 100] <-- dedup_counting thr=0.4833 shard=2 rc=0 BARREN (nothing under 0s) (14:56:22)
[lane 100] --> p2 dedup_counting thr=0.5167 shard=0 (14:56:22, 5113s left)
[lane 100] <-- dedup_counting thr=0.5167 shard=0 rc=124 +3 samples (16:21:06)
[lane 100] 29s left (< 240) -- stopping cleanly
[lane 100] done, 9 units attempted 16:21:06
[lane 100] clariden-ln004 gpu=0 start=16:21:18 deadline=17:51:17 max_dur=0
[lane 100] --> p2 dedup_counting thr=0.5167 shard=1 (16:21:18, 5399s left)
[lane 100] <-- dedup_counting thr=0.5167 shard=1 rc=0 +1 samples (17:06:04)
[lane 100] --> p2 dedup_counting thr=0.5167 shard=1 (17:06:05, 2713s left)
[lane 100] <-- dedup_counting thr=0.5167 shard=1 rc=0 BARREN (nothing under 0s) (17:06:36)
[lane 100] --> p2 dedup_counting thr=0.5167 shard=2 (17:06:36, 2681s left)
[lane 100] <-- dedup_counting thr=0.5167 shard=2 rc=0 BARREN (nothing under 0s) (17:07:17)
[lane 100] --> p2 dedup_counting thr=0.5167 shard=3 (17:07:17, 2640s left)
[lane 100] <-- dedup_counting thr=0.5167 shard=3 rc=0 BARREN (nothing under 0s) (17:07:55)
[lane 100] --> p2 event_narration thr=0.2333 shard=2 (17:07:55, 2602s left)
[lane 100] <-- event_narration thr=0.2333 shard=2 rc=0 +1 samples (17:08:37)
[lane 100] --> p2 event_narration thr=0.2333 shard=0 (17:08:37, 2560s left)
[lane 100] <-- event_narration thr=0.2333 shard=0 rc=0 BARREN (nothing under 0s) (17:09:15)
[lane 100] --> p2 event_narration thr=0.2333 shard=2 (17:09:16, 2522s left)
[lane 100] <-- event_narration thr=0.2333 shard=2 rc=0 BARREN (nothing under 0s) (17:09:52)
[lane 100] --> p2 event_narration thr=0.2333 shard=3 (17:09:52, 2485s left)
[lane 100] <-- event_narration thr=0.2333 shard=3 rc=0 BARREN (nothing under 0s) (17:10:29)
[lane 100] --> p2 event_narration thr=0.3167 shard=0 (17:10:29, 2448s left)
[lane 100] <-- event_narration thr=0.3167 shard=0 rc=0 BARREN (nothing under 0s) (17:11:06)
[lane 100] --> p2 event_narration thr=0.3167 shard=2 (17:11:06, 2411s left)
[lane 100] <-- event_narration thr=0.3167 shard=2 rc=0 BARREN (nothing under 0s) (17:11:43)
[lane 100] --> p2 event_narration thr=0.3167 shard=3 (17:11:43, 2374s left)
[lane 100] <-- event_narration thr=0.3167 shard=3 rc=0 BARREN (nothing under 0s) (17:12:20)
[lane 100] --> p2 event_narration thr=0.4000 shard=0 (17:12:20, 2337s left)
[lane 100] <-- event_narration thr=0.4000 shard=0 rc=0 BARREN (nothing under 0s) (17:12:58)
[lane 100] --> p2 event_narration thr=0.4000 shard=2 (17:12:58, 2299s left)
[lane 100] <-- event_narration thr=0.4000 shard=2 rc=0 BARREN (nothing under 0s) (17:13:35)
[lane 100] --> p2 event_narration thr=0.4000 shard=3 (17:13:35, 2262s left)
[lane 100] <-- event_narration thr=0.4000 shard=3 rc=0 BARREN (nothing under 0s) (17:14:14)
[lane 100] --> p2 event_narration thr=0.4833 shard=2 (17:14:14, 2223s left)
[lane 100] <-- event_narration thr=0.4833 shard=2 rc=0 BARREN (nothing under 0s) (17:14:50)
[lane 100] --> p2 event_narration thr=0.4833 shard=3 (17:14:50, 2187s left)
[lane 100] <-- event_narration thr=0.4833 shard=3 rc=0 BARREN (nothing under 0s) (17:15:26)
[lane 100] --> p2 event_narration thr=0.5667 shard=3 (17:15:27, 2151s left)
[lane 100] <-- event_narration thr=0.5667 shard=3 rc=0 +3 samples (17:32:34)
[lane 100] --> p2 event_narration thr=0.5667 shard=2 (17:32:34, 1123s left)
[lane 100] <-- event_narration thr=0.5667 shard=2 rc=0 BARREN (nothing under 0s) (17:33:13)
[lane 100] --> p2 event_narration thr=0.5667 shard=3 (17:33:14, 1084s left)
[lane 100] <-- event_narration thr=0.5667 shard=3 rc=0 BARREN (nothing under 0s) (17:34:08)
[lane 100] --> p2 sequential_step_instruction thr=0.0417 shard=1 (17:34:08, 1029s left)
[lane 100] <-- sequential_step_instruction thr=0.0417 shard=1 rc=0 BARREN (nothing under 0s) (17:34:45)
[lane 100] --> p2 sequential_step_instruction thr=0.0417 shard=2 (17:34:45, 992s left)
[lane 100] <-- sequential_step_instruction thr=0.0417 shard=2 rc=0 BARREN (nothing under 0s) (17:35:52)
[lane 100] --> p2 sequential_step_instruction thr=0.0633 shard=1 (17:35:53, 925s left)
[lane 100] <-- sequential_step_instruction thr=0.0633 shard=1 rc=0 BARREN (nothing under 0s) (17:36:54)
[lane 100] --> p2 sequential_step_instruction thr=0.0633 shard=2 (17:36:54, 863s left)
[lane 100] <-- sequential_step_instruction thr=0.0633 shard=2 rc=0 BARREN (nothing under 0s) (17:37:34)
[lane 100] --> p2 sequential_step_instruction thr=0.0633 shard=3 (17:37:34, 823s left)
[lane 100] <-- sequential_step_instruction thr=0.0633 shard=3 rc=124 +1 samples (17:50:48)
[lane 100] 29s left (< 240) -- stopping cleanly
[lane 100] done, 24 units attempted 17:50:48
[lane 100] clariden-ln004 gpu=0 start=17:51:03 deadline=19:21:03 max_dur=0
[lane 100] --> p2 dedup_counting thr=0.5167 shard=0 (17:51:03, 5400s left)
[lane 100] <-- dedup_counting thr=0.5167 shard=0 rc=124 +1 samples (19:20:34)
[lane 100] 29s left (< 240) -- stopping cleanly
[lane 100] done, 1 units attempted 19:20:34
