[lane 101] clariden-ln004 gpu=2 start=19:33:39 deadline=21:03:18 max_dur=300
[lane 101] --> p1 instant_event_alert thr=0.4500 shard=1 (19:33:39, 5379s left)
[lane 101] clariden-ln004 gpu=2 start=19:53:11 deadline=21:22:51 max_dur=300
[lane 101] --> p1 instant_event_alert thr=0.4500 shard=1 (19:53:11, 5380s left)
[lane 101] <-- instant_event_alert thr=0.4500 shard=1 rc=1 (19:53:13)
[lane 101] --> p1 instant_event_alert thr=0.4500 shard=1 (19:53:13, 5378s left)
[lane 101] <-- instant_event_alert thr=0.4500 shard=1 rc=1 (19:53:15)
[lane 101] --> p1 instant_event_alert thr=0.1500 shard=1 (19:53:16, 5376s left)
[lane 101] <-- instant_event_alert thr=0.1500 shard=1 rc=1 (19:53:16)
[lane 101] --> p1 instant_event_alert thr=0.2500 shard=1 (19:53:16, 5375s left)
[lane 101] <-- instant_event_alert thr=0.2500 shard=1 rc=1 (19:53:17)
[lane 101] --> p1 instant_event_alert thr=0.0500 shard=0 (19:53:17, 5374s left)
[lane 101] <-- instant_event_alert thr=0.0500 shard=0 rc=1 (19:53:18)
[lane 101] --> p1 instant_event_alert thr=0.0500 shard=2 (19:53:18, 5373s left)
[lane 101] <-- instant_event_alert thr=0.0500 shard=2 rc=1 (19:53:19)
[lane 101] --> p1 instant_event_alert thr=0.2500 shard=0 (19:53:19, 5372s left)
[lane 101] <-- instant_event_alert thr=0.2500 shard=0 rc=1 (19:53:20)
[lane 101] --> p1 instant_event_alert thr=0.2500 shard=3 (19:53:20, 5371s left)
[lane 101] <-- instant_event_alert thr=0.2500 shard=3 rc=1 (19:53:20)
[lane 101] --> p1 instant_event_alert thr=0.0500 shard=1 (19:53:20, 5371s left)
[lane 101] <-- instant_event_alert thr=0.0500 shard=1 rc=1 (19:53:21)
[lane 101] --> p1 instant_event_alert thr=0.4500 shard=1 (19:53:21, 5370s left)
[lane 101] <-- instant_event_alert thr=0.4500 shard=1 rc=1 (19:53:22)
[lane 101] --> p1 instant_event_alert thr=0.3500 shard=1 (19:53:22, 5369s left)
[lane 101] <-- instant_event_alert thr=0.3500 shard=1 rc=1 (19:53:26)
[lane 101] --> p1 instant_event_alert thr=0.3500 shard=3 (19:53:26, 5365s left)
[lane 101] <-- instant_event_alert thr=0.3500 shard=3 rc=1 (19:53:32)
[lane 101] --> p1 instant_event_alert thr=0.3500 shard=3 (19:53:32, 5359s left)
[lane 101] <-- instant_event_alert thr=0.3500 shard=3 rc=1 (19:54:30)
[lane 101] --> p1 instant_event_alert thr=0.2500 shard=0 (19:54:30, 5301s left)
[lane 101] <-- instant_event_alert thr=0.2500 shard=0 rc=1 (19:55:06)
[lane 101] --> p1 instant_event_alert thr=0.2500 shard=0 (19:55:06, 5265s left)
[lane 101] <-- instant_event_alert thr=0.2500 shard=0 rc=1 (19:55:16)
[lane 101] --> p1 instant_event_alert thr=0.4500 shard=0 (19:55:16, 5255s left)
[lane 101] <-- instant_event_alert thr=0.4500 shard=0 rc=1 (19:55:34)
[lane 101] --> p1 instant_event_alert thr=0.4500 shard=0 (19:55:35, 5237s left)
[lane 101] <-- instant_event_alert thr=0.4500 shard=0 rc=1 (19:55:56)
[lane 101] --> p1 instant_event_alert thr=0.4500 shard=1 (19:55:56, 5215s left)
[lane 101] <-- instant_event_alert thr=0.4500 shard=1 rc=1 (19:56:20)
[lane 101] --> p1 instant_event_alert thr=0.1500 shard=2 (19:56:21, 5191s left)
[lane 101] clariden-ln004 gpu=2 start=20:03:21 deadline=21:33:01 max_dur=300
[lane 101] --> p1 instant_event_alert thr=0.8500 shard=3 (20:03:21, 5380s left)
[lane 101] <-- instant_event_alert thr=0.8500 shard=3 rc=0 (20:16:18)
[lane 101] --> p1 instant_event_alert thr=0.8500 shard=3 (20:16:18, 4603s left)
[lane 101] <-- instant_event_alert thr=0.8500 shard=3 rc=0 (20:17:15)
[lane 101] --> p1 instant_event_alert thr=0.8500 shard=3 (20:17:16, 4546s left)
[lane 101] <-- instant_event_alert thr=0.8500 shard=3 rc=0 (20:18:01)
[lane 101] --> p1 instant_event_alert thr=0.8500 shard=3 (20:18:01, 4500s left)
[lane 101] <-- instant_event_alert thr=0.8500 shard=3 rc=0 (20:18:49)
[lane 101] --> p1 instant_event_alert thr=0.8500 shard=3 (20:18:49, 4452s left)
[lane 101] <-- instant_event_alert thr=0.8500 shard=3 rc=0 (20:19:35)
[lane 101] --> p1 instant_event_alert thr=0.8500 shard=3 (20:19:35, 4406s left)
[lane 101] <-- instant_event_alert thr=0.8500 shard=3 rc=0 (20:20:24)
[lane 101] --> p1 instant_event_alert thr=0.8500 shard=3 (20:20:24, 4357s left)
[lane 101] <-- instant_event_alert thr=0.8500 shard=3 rc=0 (20:20:54)
[lane 101] --> p1 instant_event_alert thr=0.8500 shard=3 (20:20:54, 4327s left)
[lane 101] <-- instant_event_alert thr=0.8500 shard=3 rc=0 (20:21:11)
[lane 101] --> p1 instant_event_alert thr=0.8500 shard=3 (20:21:11, 4310s left)
[lane 101] <-- instant_event_alert thr=0.8500 shard=3 rc=0 (20:21:29)
[lane 101] --> p1 instant_event_alert thr=0.8500 shard=3 (20:21:29, 4292s left)
[lane 101] <-- instant_event_alert thr=0.8500 shard=3 rc=0 (20:21:52)
[lane 101] --> p1 instant_event_alert thr=0.8500 shard=3 (20:21:52, 4269s left)
[lane 101] <-- instant_event_alert thr=0.8500 shard=3 rc=0 (20:22:42)
[lane 101] --> p1 instant_event_alert thr=0.8500 shard=3 (20:22:42, 4219s left)
[lane 101] <-- instant_event_alert thr=0.8500 shard=3 rc=0 (20:23:14)
[lane 101] --> p1 instant_event_alert thr=0.8500 shard=3 (20:23:14, 4187s left)
[lane 101] <-- instant_event_alert thr=0.8500 shard=3 rc=0 (20:23:32)
[lane 101] --> p1 instant_event_alert thr=0.8500 shard=3 (20:23:32, 4169s left)
[lane 101] <-- instant_event_alert thr=0.8500 shard=3 rc=0 (20:23:50)
[lane 101] --> p1 instant_event_alert thr=0.8500 shard=3 (20:23:50, 4151s left)
[lane 101] <-- instant_event_alert thr=0.8500 shard=3 rc=0 (20:24:08)
[lane 101] --> p1 instant_event_alert thr=0.8500 shard=3 (20:24:08, 4133s left)
[lane 101] <-- instant_event_alert thr=0.8500 shard=3 rc=0 (20:24:28)
[lane 101] --> p1 instant_event_alert thr=0.7500 shard=1 (20:24:28, 4113s left)
[lane 101] <-- instant_event_alert thr=0.7500 shard=1 rc=0 (20:25:14)
[lane 101] --> p1 instant_event_alert thr=0.7500 shard=1 (20:25:14, 4067s left)
[lane 101] <-- instant_event_alert thr=0.7500 shard=1 rc=0 (20:26:46)
[lane 101] --> p1 instant_event_alert thr=0.4500 shard=3 (20:26:46, 3975s left)
[lane 101] <-- instant_event_alert thr=0.4500 shard=3 rc=0 (20:36:44)
[lane 101] --> p1 instant_event_alert thr=0.1500 shard=1 (20:36:44, 3377s left)
[lane 101] <-- instant_event_alert thr=0.1500 shard=1 rc=0 (20:50:22)
[lane 101] --> p1 instant_event_alert thr=0.1500 shard=1 (20:50:22, 2559s left)
[lane 101] <-- instant_event_alert thr=0.1500 shard=1 rc=0 (20:51:01)
[lane 101] --> p1 instant_event_alert thr=0.1500 shard=1 (20:51:01, 2520s left)
[lane 101] <-- instant_event_alert thr=0.1500 shard=1 rc=0 (20:51:42)
[lane 101] --> p1 instant_event_alert thr=0.1500 shard=1 (20:51:42, 2479s left)
[lane 101] <-- instant_event_alert thr=0.1500 shard=1 rc=0 (20:52:26)
[lane 101] --> p1 instant_event_alert thr=0.0500 shard=2 (20:52:26, 2435s left)
[lane 101] <-- instant_event_alert thr=0.0500 shard=2 rc=0 (20:53:30)
[lane 101] --> p1 instant_event_alert thr=0.0500 shard=2 (20:53:30, 2371s left)
[lane 101] <-- instant_event_alert thr=0.0500 shard=2 rc=0 (20:54:15)
[lane 101] --> p1 instant_event_alert thr=0.1500 shard=1 (20:54:15, 2326s left)
[lane 101] <-- instant_event_alert thr=0.1500 shard=1 rc=0 (20:54:45)
[lane 101] --> p1 instant_event_alert thr=0.1500 shard=1 (20:54:45, 2296s left)
[lane 101] <-- instant_event_alert thr=0.1500 shard=1 rc=0 (20:55:30)
[lane 101] --> p1 instant_event_alert thr=0.0500 shard=2 (20:55:30, 2251s left)
[lane 101] <-- instant_event_alert thr=0.0500 shard=2 rc=0 (20:56:17)
[lane 101] --> p1 instant_event_alert thr=0.1500 shard=1 (20:56:17, 2204s left)
[lane 101] <-- instant_event_alert thr=0.1500 shard=1 rc=0 (20:57:04)
[lane 101] --> p1 instant_event_alert thr=0.1500 shard=1 (20:57:04, 2157s left)
[lane 101] <-- instant_event_alert thr=0.1500 shard=1 rc=0 (20:57:48)
[lane 101] --> p1 instant_event_alert thr=0.2500 shard=1 (20:57:48, 2113s left)
[lane 101] <-- instant_event_alert thr=0.2500 shard=1 rc=0 (20:58:29)
[lane 101] --> p1 instant_event_alert thr=0.1500 shard=1 (20:58:29, 2072s left)
[lane 101] <-- instant_event_alert thr=0.1500 shard=1 rc=0 (20:59:11)
[lane 101] --> p1 instant_event_alert thr=0.2500 shard=1 (20:59:11, 2030s left)
[lane 101] <-- instant_event_alert thr=0.2500 shard=1 rc=0 (20:59:59)
[lane 101] --> p1 instant_event_alert thr=0.2500 shard=1 (20:59:59, 1982s left)
[lane 101] <-- instant_event_alert thr=0.2500 shard=1 rc=0 (21:01:26)
[lane 101] --> p1 instant_event_alert thr=0.2500 shard=1 (21:01:26, 1895s left)
[lane 101] <-- instant_event_alert thr=0.2500 shard=1 rc=0 (21:02:34)
[lane 101] --> p1 instant_event_alert thr=0.2500 shard=1 (21:02:34, 1827s left)
[lane 101] <-- instant_event_alert thr=0.2500 shard=1 rc=0 (21:03:19)
[lane 101] --> p1 instant_event_alert thr=0.1500 shard=1 (21:03:20, 1782s left)
[lane 101] <-- instant_event_alert thr=0.1500 shard=1 rc=0 (21:04:06)
[lane 101] --> p1 instant_event_alert thr=0.1500 shard=1 (21:04:06, 1735s left)
[lane 101] <-- instant_event_alert thr=0.1500 shard=1 rc=0 (21:04:49)
[lane 101] --> p1 instant_event_alert thr=0.1500 shard=1 (21:04:49, 1692s left)
[lane 101] <-- instant_event_alert thr=0.1500 shard=1 rc=0 (21:05:38)
[lane 101] --> p1 instant_event_alert thr=0.1500 shard=1 (21:05:38, 1643s left)
[lane 101] <-- instant_event_alert thr=0.1500 shard=1 rc=0 (21:06:25)
[lane 101] --> p1 instant_event_alert thr=0.1500 shard=1 (21:06:25, 1596s left)
[lane 101] <-- instant_event_alert thr=0.1500 shard=1 rc=0 (21:06:59)
[lane 101] --> p1 instant_event_alert thr=0.1500 shard=1 (21:06:59, 1562s left)
[lane 101] <-- instant_event_alert thr=0.1500 shard=1 rc=0 (21:07:40)
[lane 101] --> p1 instant_event_alert thr=0.1500 shard=1 (21:07:40, 1521s left)
[lane 101] <-- instant_event_alert thr=0.1500 shard=1 rc=0 (21:08:23)
[lane 101] --> p1 instant_event_alert thr=0.1500 shard=1 (21:08:23, 1478s left)
[lane 101] <-- instant_event_alert thr=0.1500 shard=1 rc=0 (21:09:05)
[lane 101] --> p1 instant_event_alert thr=0.1500 shard=1 (21:09:05, 1436s left)
[lane 101] <-- instant_event_alert thr=0.1500 shard=1 rc=0 (21:09:35)
[lane 101] --> p1 instant_event_alert thr=0.1500 shard=1 (21:09:35, 1406s left)
[lane 101] <-- instant_event_alert thr=0.1500 shard=1 rc=0 (21:10:17)
[lane 101] --> p1 instant_event_alert thr=0.0500 shard=0 (21:10:17, 1364s left)
[lane 101] <-- instant_event_alert thr=0.0500 shard=0 rc=0 (21:11:08)
[lane 101] --> p1 instant_event_alert thr=0.5500 shard=1 (21:11:08, 1313s left)
[lane 101] <-- instant_event_alert thr=0.5500 shard=1 rc=0 (21:11:50)
[lane 101] --> p1 instant_event_alert thr=0.5500 shard=1 (21:11:50, 1271s left)
[lane 101] <-- instant_event_alert thr=0.5500 shard=1 rc=0 (21:12:36)
[lane 101] --> p1 instant_event_alert thr=0.5500 shard=1 (21:12:36, 1225s left)
[lane 101] <-- instant_event_alert thr=0.5500 shard=1 rc=0 (21:13:30)
[lane 101] --> p1 instant_event_alert thr=0.5500 shard=1 (21:13:30, 1171s left)
[lane 101] <-- instant_event_alert thr=0.5500 shard=1 rc=0 (21:14:14)
[lane 101] --> p1 instant_event_alert thr=0.0500 shard=0 (21:14:15, 1127s left)
[lane 101] <-- instant_event_alert thr=0.0500 shard=0 rc=0 (21:14:56)
[lane 101] --> p1 instant_event_alert thr=0.0500 shard=0 (21:14:56, 1085s left)
[lane 101] <-- instant_event_alert thr=0.0500 shard=0 rc=0 (21:15:40)
[lane 101] --> p1 instant_event_alert thr=0.0500 shard=0 (21:15:40, 1041s left)
[lane 101] <-- instant_event_alert thr=0.0500 shard=0 rc=0 (21:16:51)
[lane 101] --> p1 instant_event_alert thr=0.1500 shard=1 (21:16:51, 970s left)
[lane 101] <-- instant_event_alert thr=0.1500 shard=1 rc=0 (21:18:41)
[lane 101] --> p1 instant_event_alert thr=0.1500 shard=1 (21:18:41, 860s left)
[lane 101] <-- instant_event_alert thr=0.1500 shard=1 rc=0 (21:20:10)
[lane 101] --> p1 instant_event_alert thr=0.1500 shard=1 (21:20:10, 771s left)
[lane 101] <-- instant_event_alert thr=0.1500 shard=1 rc=0 (21:22:23)
[lane 101] --> p1 instant_event_alert thr=0.0500 shard=0 (21:22:23, 638s left)
[lane 101] <-- instant_event_alert thr=0.0500 shard=0 rc=0 (21:24:05)
[lane 101] --> p1 instant_event_alert thr=0.0500 shard=0 (21:24:05, 536s left)
[lane 101] <-- instant_event_alert thr=0.0500 shard=0 rc=0 (21:25:27)
[lane 101] --> p1 instant_event_alert thr=0.0500 shard=0 (21:25:27, 454s left)
[lane 101] <-- instant_event_alert thr=0.0500 shard=0 rc=0 (21:26:43)
[lane 101] --> p1 instant_event_alert thr=0.0500 shard=0 (21:26:43, 378s left)
[lane 101] <-- instant_event_alert thr=0.0500 shard=0 rc=0 (21:28:35)
[lane 101] --> p1 instant_event_alert thr=0.3500 shard=1 (21:28:35, 266s left)
[lane 101] <-- instant_event_alert thr=0.3500 shard=1 rc=0 (21:30:19)
[lane 101] 162s left (< 240) -- stopping cleanly
[lane 101] done, 62 units attempted 21:30:19
[lane 101] clariden-ln004 gpu=1 start=21:33:22 deadline=23:03:02 max_dur=300
[lane 101] --> p1 instant_event_alert thr=0.5500 shard=0 (21:33:23, 5380s left)
[lane 101] <-- instant_event_alert thr=0.5500 shard=0 rc=0 (22:14:13)
[lane 101] --> p1 instant_event_alert thr=0.0500 shard=3 (22:14:13, 2929s left)
[lane 101] <-- instant_event_alert thr=0.0500 shard=3 rc=0 (22:15:09)
[lane 101] --> p1 instant_event_alert thr=0.0500 shard=3 (22:15:09, 2873s left)
[lane 101] <-- instant_event_alert thr=0.0500 shard=3 rc=0 (22:16:00)
[lane 101] --> p1 instant_event_alert thr=0.0500 shard=3 (22:16:00, 2822s left)
[lane 101] <-- instant_event_alert thr=0.0500 shard=3 rc=0 (22:17:02)
[lane 101] --> p1 instant_event_alert thr=0.0500 shard=1 (22:17:02, 2760s left)
[lane 101] <-- instant_event_alert thr=0.0500 shard=1 rc=0 (22:18:00)
[lane 101] --> p1 instant_event_alert thr=0.0500 shard=1 (22:18:00, 2702s left)
[lane 101] <-- instant_event_alert thr=0.0500 shard=1 rc=0 (22:18:50)
[lane 101] --> p1 instant_event_alert thr=0.0500 shard=1 (22:18:50, 2652s left)
[lane 101] <-- instant_event_alert thr=0.0500 shard=1 rc=0 (22:20:09)
[lane 101] --> p1 instant_event_alert thr=0.0500 shard=1 (22:20:09, 2573s left)
[lane 101] <-- instant_event_alert thr=0.0500 shard=1 rc=0 (22:21:04)
[lane 101] --> p1 instant_event_alert thr=0.0500 shard=1 (22:21:04, 2518s left)
[lane 101] <-- instant_event_alert thr=0.0500 shard=1 rc=0 (22:21:48)
[lane 101] --> p1 instant_event_alert thr=0.0500 shard=1 (22:21:48, 2474s left)
[lane 101] <-- instant_event_alert thr=0.0500 shard=1 rc=0 (22:22:34)
[lane 101] --> p1 instant_event_alert thr=0.0500 shard=1 (22:22:34, 2428s left)
[lane 101] <-- instant_event_alert thr=0.0500 shard=1 rc=0 (22:23:15)
[lane 101] --> p1 instant_event_alert thr=0.0500 shard=1 (22:23:15, 2387s left)
[lane 101] <-- instant_event_alert thr=0.0500 shard=1 rc=0 (22:23:59)
[lane 101] --> p1 instant_event_alert thr=0.0500 shard=1 (22:23:59, 2343s left)
[lane 101] <-- instant_event_alert thr=0.0500 shard=1 rc=0 (22:24:41)
[lane 101] --> p1 instant_event_alert thr=0.0500 shard=1 (22:24:41, 2301s left)
[lane 101] <-- instant_event_alert thr=0.0500 shard=1 rc=0 (22:25:21)
[lane 101] --> p1 instant_event_alert thr=0.0500 shard=2 (22:25:21, 2261s left)
[lane 101] <-- instant_event_alert thr=0.0500 shard=2 rc=0 (22:26:05)
[lane 101] --> p1 instant_event_alert thr=0.0500 shard=3 (22:26:06, 2217s left)
[lane 101] <-- instant_event_alert thr=0.0500 shard=3 rc=0 (22:26:46)
[lane 101] --> p1 instant_event_alert thr=0.0500 shard=3 (22:26:46, 2176s left)
[lane 101] <-- instant_event_alert thr=0.0500 shard=3 rc=0 (22:27:30)
[lane 101] --> p1 instant_event_alert thr=0.0500 shard=3 (22:27:30, 2132s left)
[lane 101] <-- instant_event_alert thr=0.0500 shard=3 rc=0 (22:28:16)
[lane 101] --> p1 instant_event_alert thr=0.0500 shard=0 (22:28:16, 2086s left)
[lane 101] <-- instant_event_alert thr=0.0500 shard=0 rc=0 (22:28:58)
[lane 101] --> p1 instant_event_alert thr=0.0500 shard=0 (22:28:58, 2044s left)
[lane 101] <-- instant_event_alert thr=0.0500 shard=0 rc=0 (22:29:41)
[lane 101] --> p1 instant_event_alert thr=0.0500 shard=0 (22:29:41, 2001s left)
[lane 101] <-- instant_event_alert thr=0.0500 shard=0 rc=0 (22:30:28)
[lane 101] --> p1 instant_event_alert thr=0.0500 shard=3 (22:30:28, 1954s left)
[lane 101] <-- instant_event_alert thr=0.0500 shard=3 rc=0 (22:31:11)
[lane 101] --> p1 instant_event_alert thr=0.0500 shard=3 (22:31:11, 1911s left)
[lane 101] <-- instant_event_alert thr=0.0500 shard=3 rc=0 (22:32:10)
[lane 101] --> p1 instant_event_alert thr=0.0500 shard=3 (22:32:10, 1852s left)
[lane 101] <-- instant_event_alert thr=0.0500 shard=3 rc=0 (22:32:55)
[lane 101] --> p1 instant_event_alert thr=0.0500 shard=0 (22:32:55, 1807s left)
[lane 101] <-- instant_event_alert thr=0.0500 shard=0 rc=0 (22:33:43)
[lane 101] --> p1 instant_event_alert thr=0.0500 shard=0 (22:33:43, 1759s left)
[lane 101] <-- instant_event_alert thr=0.0500 shard=0 rc=0 (22:34:25)
[lane 101] --> p1 instant_event_alert thr=0.0500 shard=0 (22:34:25, 1717s left)
[lane 101] <-- instant_event_alert thr=0.0500 shard=0 rc=0 (22:35:11)
[lane 101] --> p1 instant_event_alert thr=0.0500 shard=2 (22:35:11, 1671s left)
[lane 101] <-- instant_event_alert thr=0.0500 shard=2 rc=0 (22:36:00)
[lane 101] --> p1 instant_event_alert thr=0.0500 shard=3 (22:36:00, 1622s left)
[lane 101] <-- instant_event_alert thr=0.0500 shard=3 rc=0 (22:36:44)
[lane 101] --> p1 instant_event_alert thr=0.0500 shard=3 (22:36:44, 1578s left)
[lane 101] <-- instant_event_alert thr=0.0500 shard=3 rc=0 (22:37:31)
[lane 101] --> p1 instant_event_alert thr=0.0500 shard=0 (22:37:31, 1531s left)
[lane 101] <-- instant_event_alert thr=0.0500 shard=0 rc=0 (22:38:17)
[lane 101] --> p1 instant_event_alert thr=0.0500 shard=2 (22:38:17, 1485s left)
[lane 101] <-- instant_event_alert thr=0.0500 shard=2 rc=0 (22:39:01)
[lane 101] --> p1 instant_event_alert thr=0.0500 shard=2 (22:39:01, 1441s left)
[lane 101] <-- instant_event_alert thr=0.0500 shard=2 rc=0 (22:39:45)
[lane 101] --> p1 instant_event_alert thr=0.0500 shard=2 (22:39:45, 1397s left)
[lane 101] <-- instant_event_alert thr=0.0500 shard=2 rc=0 (22:40:31)
[lane 101] --> p1 instant_event_alert thr=0.0500 shard=2 (22:40:31, 1351s left)
[lane 101] <-- instant_event_alert thr=0.0500 shard=2 rc=0 (22:41:34)
[lane 101] --> p1 instant_event_alert thr=0.0500 shard=2 (22:41:34, 1288s left)
[lane 101] <-- instant_event_alert thr=0.0500 shard=2 rc=0 (22:42:31)
[lane 101] --> p1 instant_event_alert thr=0.0500 shard=1 (22:42:31, 1231s left)
[lane 101] <-- instant_event_alert thr=0.0500 shard=1 rc=0 (22:43:26)
[lane 101] --> p1 instant_event_alert thr=0.0500 shard=0 (22:43:26, 1176s left)
[lane 101] <-- instant_event_alert thr=0.0500 shard=0 rc=0 (22:44:08)
[lane 101] --> p1 instant_event_alert thr=0.0500 shard=0 (22:44:08, 1134s left)
[lane 101] <-- instant_event_alert thr=0.0500 shard=0 rc=0 (22:44:52)
[lane 101] --> p1 instant_event_alert thr=0.0500 shard=1 (22:44:52, 1090s left)
[lane 101] <-- instant_event_alert thr=0.0500 shard=1 rc=0 (22:45:41)
[lane 101] --> p1 instant_event_alert thr=0.0500 shard=3 (22:45:41, 1041s left)
[lane 101] <-- instant_event_alert thr=0.0500 shard=3 rc=0 (22:46:25)
[lane 101] --> p1 instant_event_alert thr=0.0500 shard=0 (22:46:26, 997s left)
[lane 101] <-- instant_event_alert thr=0.0500 shard=0 rc=0 (22:47:17)
[lane 101] --> p1 instant_event_alert thr=0.0500 shard=0 (22:47:17, 945s left)
[lane 101] <-- instant_event_alert thr=0.0500 shard=0 rc=0 (22:48:02)
[lane 101] --> p1 instant_event_alert thr=0.0500 shard=0 (22:48:02, 900s left)
[lane 101] <-- instant_event_alert thr=0.0500 shard=0 rc=0 (22:48:48)
[lane 101] --> p1 instant_event_alert thr=0.0500 shard=0 (22:48:48, 854s left)
[lane 101] <-- instant_event_alert thr=0.0500 shard=0 rc=0 (22:49:33)
[lane 101] --> p1 instant_event_alert thr=0.0500 shard=0 (22:49:33, 809s left)
[lane 101] <-- instant_event_alert thr=0.0500 shard=0 rc=0 (22:50:18)
[lane 101] --> p1 instant_event_alert thr=0.0500 shard=0 (22:50:18, 764s left)
[lane 101] <-- instant_event_alert thr=0.0500 shard=0 rc=0 (22:51:02)
[lane 101] --> p1 instant_event_alert thr=0.0500 shard=0 (22:51:02, 720s left)
[lane 101] <-- instant_event_alert thr=0.0500 shard=0 rc=0 (22:51:54)
[lane 101] --> p1 instant_event_alert thr=0.0500 shard=0 (22:51:54, 668s left)
[lane 101] <-- instant_event_alert thr=0.0500 shard=0 rc=0 (22:52:45)
[lane 101] --> p1 instant_event_alert thr=0.0500 shard=0 (22:52:45, 617s left)
[lane 101] <-- instant_event_alert thr=0.0500 shard=0 rc=0 (22:53:32)
[lane 101] --> p1 instant_event_alert thr=0.0500 shard=0 (22:53:32, 570s left)
[lane 101] <-- instant_event_alert thr=0.0500 shard=0 rc=0 (22:54:27)
[lane 101] --> p1 instant_event_alert thr=0.0500 shard=0 (22:54:27, 515s left)
[lane 101] <-- instant_event_alert thr=0.0500 shard=0 rc=0 (22:55:15)
[lane 101] --> p1 instant_event_alert thr=0.0500 shard=1 (22:55:15, 467s left)
[lane 101] <-- instant_event_alert thr=0.0500 shard=1 rc=0 (22:56:01)
[lane 101] --> p1 instant_event_alert thr=0.0500 shard=1 (22:56:01, 421s left)
[lane 101] <-- instant_event_alert thr=0.0500 shard=1 rc=0 (22:56:47)
[lane 101] --> p1 instant_event_alert thr=0.0500 shard=1 (22:56:47, 375s left)
[lane 101] <-- instant_event_alert thr=0.0500 shard=1 rc=0 (22:57:40)
[lane 101] --> p1 instant_event_alert thr=0.0500 shard=1 (22:57:40, 322s left)
[lane 101] <-- instant_event_alert thr=0.0500 shard=1 rc=0 (22:58:36)
[lane 101] --> p1 instant_event_alert thr=0.0500 shard=1 (22:58:36, 266s left)
[lane 101] <-- instant_event_alert thr=0.0500 shard=1 rc=0 (22:59:26)
[lane 101] 216s left (< 240) -- stopping cleanly
[lane 101] done, 57 units attempted 22:59:26
[lane 101] clariden-ln004 gpu=2 start=23:00:43 deadline=00:30:23 max_dur=300
[lane 101] --> p1 instant_event_alert thr=0.0500 shard=1 (23:00:43, 5380s left)
[lane 101] <-- instant_event_alert thr=0.0500 shard=1 rc=0 (23:01:28)
[lane 101] --> p1 instant_event_alert thr=0.0500 shard=1 (23:01:28, 5335s left)
[lane 101] <-- instant_event_alert thr=0.0500 shard=1 rc=0 (23:03:24)
[lane 101] --> p1 instant_event_alert thr=0.0500 shard=1 (23:03:24, 5219s left)
[lane 101] <-- instant_event_alert thr=0.0500 shard=1 rc=0 (23:04:39)
[lane 101] --> p1 instant_event_alert thr=0.0500 shard=1 (23:04:40, 5144s left)
[lane 101] <-- instant_event_alert thr=0.0500 shard=1 rc=0 (23:05:52)
[lane 101] --> p1 instant_event_alert thr=0.0500 shard=1 (23:05:52, 5071s left)
[lane 101] <-- instant_event_alert thr=0.0500 shard=1 rc=0 (23:06:37)
[lane 101] --> p1 instant_event_alert thr=0.0500 shard=1 (23:06:37, 5026s left)
[lane 101] <-- instant_event_alert thr=0.0500 shard=1 rc=0 (23:07:19)
[lane 101] --> p1 instant_event_alert thr=0.0500 shard=1 (23:07:19, 4984s left)
[lane 101] <-- instant_event_alert thr=0.0500 shard=1 rc=0 (23:08:02)
[lane 101] --> p1 instant_event_alert thr=0.0500 shard=0 (23:08:02, 4941s left)
[lane 101] <-- instant_event_alert thr=0.0500 shard=0 rc=0 (23:08:46)
[lane 101] --> p1 instant_event_alert thr=0.0500 shard=2 (23:08:46, 4897s left)
[lane 101] <-- instant_event_alert thr=0.0500 shard=2 rc=0 (23:09:31)
[lane 101] --> p1 instant_event_alert thr=0.0500 shard=2 (23:09:31, 4852s left)
[lane 101] <-- instant_event_alert thr=0.0500 shard=2 rc=0 (23:10:13)
[lane 101] --> p1 instant_event_alert thr=0.0500 shard=2 (23:10:13, 4810s left)
[lane 101] <-- instant_event_alert thr=0.0500 shard=2 rc=0 (23:10:59)
[lane 101] --> p1 instant_event_alert thr=0.0500 shard=2 (23:10:59, 4764s left)
[lane 101] <-- instant_event_alert thr=0.0500 shard=2 rc=0 (23:11:39)
[lane 101] --> p1 instant_event_alert thr=0.0500 shard=2 (23:11:39, 4724s left)
[lane 101] <-- instant_event_alert thr=0.0500 shard=2 rc=0 (23:12:33)
[lane 101] --> p1 instant_event_alert thr=0.0500 shard=2 (23:12:33, 4670s left)
[lane 101] <-- instant_event_alert thr=0.0500 shard=2 rc=0 (23:13:23)
[lane 101] --> p1 instant_event_alert thr=0.0500 shard=2 (23:13:23, 4620s left)
[lane 101] <-- instant_event_alert thr=0.0500 shard=2 rc=0 (23:14:07)
[lane 101] --> p1 instant_event_alert thr=0.0500 shard=2 (23:14:07, 4576s left)
[lane 101] <-- instant_event_alert thr=0.0500 shard=2 rc=0 (23:14:49)
[lane 101] --> p1 instant_event_alert thr=0.0500 shard=1 (23:14:49, 4534s left)
[lane 101] <-- instant_event_alert thr=0.0500 shard=1 rc=0 (23:15:37)
[lane 101] --> p1 instant_event_alert thr=0.0500 shard=2 (23:15:37, 4486s left)
[lane 101] <-- instant_event_alert thr=0.0500 shard=2 rc=0 (23:16:20)
[lane 101] --> p1 instant_event_alert thr=0.0500 shard=2 (23:16:20, 4443s left)
[lane 101] <-- instant_event_alert thr=0.0500 shard=2 rc=0 (23:17:04)
[lane 101] --> p1 instant_event_alert thr=0.0500 shard=1 (23:17:04, 4399s left)
[lane 101] <-- instant_event_alert thr=0.0500 shard=1 rc=0 (23:17:52)
[lane 101] --> p1 instant_event_alert thr=0.0500 shard=1 (23:17:52, 4351s left)
[lane 101] <-- instant_event_alert thr=0.0500 shard=1 rc=0 (23:18:40)
[lane 101] --> p1 instant_event_alert thr=0.0500 shard=1 (23:18:40, 4303s left)
[lane 101] <-- instant_event_alert thr=0.0500 shard=1 rc=0 (23:19:25)
[lane 101] --> p1 instant_event_alert thr=0.0500 shard=0 (23:19:25, 4258s left)
[lane 101] <-- instant_event_alert thr=0.0500 shard=0 rc=0 (23:20:12)
[lane 101] --> p1 instant_event_alert thr=0.0500 shard=0 (23:20:12, 4211s left)
[lane 101] <-- instant_event_alert thr=0.0500 shard=0 rc=0 (23:20:53)
[lane 101] --> p1 instant_event_alert thr=0.0500 shard=2 (23:20:53, 4170s left)
[lane 101] <-- instant_event_alert thr=0.0500 shard=2 rc=0 (23:21:45)
[lane 101] --> p1 instant_event_alert thr=0.0500 shard=2 (23:21:45, 4118s left)
[lane 101] <-- instant_event_alert thr=0.0500 shard=2 rc=0 (23:22:32)
[lane 101] --> p1 instant_event_alert thr=0.0500 shard=1 (23:22:32, 4071s left)
[lane 101] <-- instant_event_alert thr=0.0500 shard=1 rc=0 (23:23:13)
[lane 101] --> p1 instant_event_alert thr=0.0500 shard=0 (23:23:13, 4030s left)
[lane 101] <-- instant_event_alert thr=0.0500 shard=0 rc=0 (23:23:56)
[lane 101] --> p1 instant_event_alert thr=0.0500 shard=0 (23:23:56, 3987s left)
[lane 101] <-- instant_event_alert thr=0.0500 shard=0 rc=0 (23:24:48)
[lane 101] --> p1 instant_event_alert thr=0.0500 shard=1 (23:24:48, 3935s left)
[lane 101] <-- instant_event_alert thr=0.0500 shard=1 rc=0 (23:25:37)
[lane 101] --> p1 instant_event_alert thr=0.0500 shard=1 (23:25:38, 3886s left)
[lane 101] <-- instant_event_alert thr=0.0500 shard=1 rc=0 (23:26:28)
[lane 101] --> p1 instant_event_alert thr=0.0500 shard=1 (23:26:28, 3835s left)
[lane 101] <-- instant_event_alert thr=0.0500 shard=1 rc=0 (23:27:23)
[lane 101] --> p1 instant_event_alert thr=0.0500 shard=0 (23:27:23, 3780s left)
[lane 101] <-- instant_event_alert thr=0.0500 shard=0 rc=0 (23:28:29)
[lane 101] --> p1 instant_event_alert thr=0.0500 shard=0 (23:28:29, 3714s left)
[lane 101] <-- instant_event_alert thr=0.0500 shard=0 rc=0 (23:29:19)
[lane 101] --> p1 instant_event_alert thr=0.0500 shard=0 (23:29:19, 3664s left)
[lane 101] <-- instant_event_alert thr=0.0500 shard=0 rc=0 (23:30:04)
[lane 101] --> p1 instant_event_alert thr=0.0500 shard=1 (23:30:04, 3619s left)
[lane 101] <-- instant_event_alert thr=0.0500 shard=1 rc=0 (23:31:03)
[lane 101] --> p1 instant_event_alert thr=0.0500 shard=1 (23:31:03, 3560s left)
[lane 101] <-- instant_event_alert thr=0.0500 shard=1 rc=0 (23:31:49)
[lane 101] --> p1 instant_event_alert thr=0.0500 shard=1 (23:31:49, 3514s left)
[lane 101] <-- instant_event_alert thr=0.0500 shard=1 rc=0 (23:32:31)
[lane 101] --> p1 instant_event_alert thr=0.0500 shard=0 (23:32:31, 3472s left)
[lane 101] <-- instant_event_alert thr=0.0500 shard=0 rc=0 (23:33:22)
[lane 101] --> p1 instant_event_alert thr=0.0500 shard=0 (23:33:22, 3421s left)
[lane 101] <-- instant_event_alert thr=0.0500 shard=0 rc=0 (23:34:05)
[lane 101] --> p1 instant_event_alert thr=0.0500 shard=0 (23:34:05, 3378s left)
[lane 101] <-- instant_event_alert thr=0.0500 shard=0 rc=0 (23:34:46)
[lane 101] --> p1 instant_event_alert thr=0.0500 shard=0 (23:34:46, 3337s left)
[lane 101] <-- instant_event_alert thr=0.0500 shard=0 rc=0 (23:35:29)
[lane 101] --> p1 instant_event_alert thr=0.0500 shard=0 (23:35:29, 3294s left)
[lane 101] <-- instant_event_alert thr=0.0500 shard=0 rc=0 (23:36:18)
[lane 101] --> p1 instant_event_alert thr=0.0500 shard=1 (23:36:18, 3245s left)
[lane 101] <-- instant_event_alert thr=0.0500 shard=1 rc=0 (23:37:02)
[lane 101] --> p1 instant_event_alert thr=0.0500 shard=1 (23:37:02, 3201s left)
[lane 101] <-- instant_event_alert thr=0.0500 shard=1 rc=0 (23:37:49)
[lane 101] --> p1 instant_event_alert thr=0.0500 shard=1 (23:37:49, 3154s left)
[lane 101] <-- instant_event_alert thr=0.0500 shard=1 rc=0 (23:38:35)
[lane 101] --> p1 instant_event_alert thr=0.0500 shard=2 (23:38:35, 3108s left)
[lane 101] <-- instant_event_alert thr=0.0500 shard=2 rc=0 (23:39:24)
[lane 101] --> p1 instant_event_alert thr=0.0500 shard=2 (23:39:24, 3059s left)
[lane 101] <-- instant_event_alert thr=0.0500 shard=2 rc=0 (23:40:08)
[lane 101] --> p1 instant_event_alert thr=0.0500 shard=2 (23:40:08, 3015s left)
[lane 101] <-- instant_event_alert thr=0.0500 shard=2 rc=0 (23:40:55)
[lane 101] --> p1 instant_event_alert thr=0.0500 shard=2 (23:40:55, 2968s left)
[lane 101] <-- instant_event_alert thr=0.0500 shard=2 rc=0 (23:41:42)
[lane 101] --> p1 instant_event_alert thr=0.0500 shard=1 (23:41:43, 2921s left)
[lane 101] <-- instant_event_alert thr=0.0500 shard=1 rc=0 (23:42:29)
[lane 101] --> p1 instant_event_alert thr=0.0500 shard=0 (23:42:29, 2874s left)
[lane 101] <-- instant_event_alert thr=0.0500 shard=0 rc=0 (23:43:16)
[lane 101] --> p1 instant_event_alert thr=0.0500 shard=2 (23:43:16, 2827s left)
[lane 101] <-- instant_event_alert thr=0.0500 shard=2 rc=0 (23:44:19)
[lane 101] --> p1 instant_event_alert thr=0.0500 shard=2 (23:44:20, 2764s left)
[lane 101] <-- instant_event_alert thr=0.0500 shard=2 rc=0 (23:45:09)
[lane 101] --> p1 instant_event_alert thr=0.0500 shard=0 (23:45:09, 2714s left)
[lane 101] <-- instant_event_alert thr=0.0500 shard=0 rc=0 (23:46:03)
[lane 101] --> p1 instant_event_alert thr=0.0500 shard=0 (23:46:03, 2660s left)
[lane 101] <-- instant_event_alert thr=0.0500 shard=0 rc=0 (23:46:50)
[lane 101] --> p1 instant_event_alert thr=0.0500 shard=0 (23:46:50, 2613s left)
[lane 101] <-- instant_event_alert thr=0.0500 shard=0 rc=0 (23:47:38)
[lane 101] --> p1 instant_event_alert thr=0.0500 shard=0 (23:47:38, 2565s left)
[lane 101] <-- instant_event_alert thr=0.0500 shard=0 rc=0 (23:48:23)
[lane 101] --> p1 instant_event_alert thr=0.0500 shard=0 (23:48:23, 2520s left)
[lane 101] <-- instant_event_alert thr=0.0500 shard=0 rc=0 (23:49:26)
[lane 101] --> p1 instant_event_alert thr=0.0500 shard=0 (23:49:26, 2457s left)
[lane 101] <-- instant_event_alert thr=0.0500 shard=0 rc=0 (23:50:09)
[lane 101] --> p1 instant_event_alert thr=0.0500 shard=1 (23:50:09, 2414s left)
[lane 101] <-- instant_event_alert thr=0.0500 shard=1 rc=0 (23:50:53)
[lane 101] --> p1 instant_event_alert thr=0.0500 shard=2 (23:50:53, 2370s left)
[lane 101] <-- instant_event_alert thr=0.0500 shard=2 rc=0 (23:51:43)
[lane 101] --> p1 instant_event_alert thr=0.0500 shard=2 (23:51:43, 2320s left)
[lane 101] <-- instant_event_alert thr=0.0500 shard=2 rc=0 (23:52:29)
[lane 101] --> p1 instant_event_alert thr=0.0500 shard=2 (23:52:29, 2274s left)
[lane 101] <-- instant_event_alert thr=0.0500 shard=2 rc=0 (23:53:12)
[lane 101] --> p1 instant_event_alert thr=0.0500 shard=2 (23:53:12, 2231s left)
[lane 101] <-- instant_event_alert thr=0.0500 shard=2 rc=0 (23:53:58)
[lane 101] --> p1 instant_event_alert thr=0.0500 shard=1 (23:53:58, 2185s left)
[lane 101] <-- instant_event_alert thr=0.0500 shard=1 rc=0 (23:54:42)
[lane 101] --> p1 instant_event_alert thr=0.0500 shard=1 (23:54:42, 2141s left)
[lane 101] <-- instant_event_alert thr=0.0500 shard=1 rc=0 (23:55:27)
[lane 101] --> p1 instant_event_alert thr=0.0500 shard=2 (23:55:27, 2096s left)
[lane 101] <-- instant_event_alert thr=0.0500 shard=2 rc=0 (23:56:15)
[lane 101] --> p1 instant_event_alert thr=0.0500 shard=2 (23:56:15, 2048s left)
[lane 101] <-- instant_event_alert thr=0.0500 shard=2 rc=0 (23:57:00)
[lane 101] --> p1 instant_event_alert thr=0.0500 shard=0 (23:57:00, 2003s left)
[lane 101] <-- instant_event_alert thr=0.0500 shard=0 rc=0 (23:57:48)
[lane 101] --> p1 instant_event_alert thr=0.0500 shard=0 (23:57:48, 1955s left)
[lane 101] <-- instant_event_alert thr=0.0500 shard=0 rc=0 (23:58:35)
[lane 101] --> p1 instant_event_alert thr=0.0500 shard=1 (23:58:35, 1908s left)
[lane 101] <-- instant_event_alert thr=0.0500 shard=1 rc=0 (23:59:28)
[lane 101] --> p1 instant_event_alert thr=0.0500 shard=1 (23:59:29, 1855s left)
[lane 101] <-- instant_event_alert thr=0.0500 shard=1 rc=0 (00:00:16)
[lane 101] --> p1 instant_event_alert thr=0.0500 shard=1 (00:00:16, 1807s left)
[lane 101] <-- instant_event_alert thr=0.0500 shard=1 rc=0 (00:01:02)
[lane 101] --> p1 instant_event_alert thr=0.0500 shard=0 (00:01:02, 1761s left)
[lane 101] <-- instant_event_alert thr=0.0500 shard=0 rc=0 (00:01:48)
[lane 101] --> p1 instant_event_alert thr=0.0500 shard=0 (00:01:49, 1715s left)
[lane 101] <-- instant_event_alert thr=0.0500 shard=0 rc=0 (00:02:42)
[lane 101] --> p1 instant_event_alert thr=0.0500 shard=0 (00:02:42, 1661s left)
[lane 101] <-- instant_event_alert thr=0.0500 shard=0 rc=0 (00:03:28)
[lane 101] --> p1 instant_event_alert thr=0.0500 shard=0 (00:03:28, 1615s left)
[lane 101] <-- instant_event_alert thr=0.0500 shard=0 rc=0 (00:04:16)
[lane 101] --> p1 instant_event_alert thr=0.0500 shard=0 (00:04:16, 1567s left)
[lane 101] <-- instant_event_alert thr=0.0500 shard=0 rc=0 (00:05:00)
[lane 101] --> p1 instant_event_alert thr=0.0500 shard=0 (00:05:00, 1523s left)
[lane 101] <-- instant_event_alert thr=0.0500 shard=0 rc=0 (00:05:45)
[lane 101] --> p1 instant_event_alert thr=0.0500 shard=0 (00:05:45, 1478s left)
[lane 101] <-- instant_event_alert thr=0.0500 shard=0 rc=0 (00:06:30)
[lane 101] --> p1 instant_event_alert thr=0.0500 shard=2 (00:06:30, 1433s left)
[lane 101] <-- instant_event_alert thr=0.0500 shard=2 rc=0 (00:07:42)
[lane 101] --> p1 instant_event_alert thr=0.0500 shard=0 (00:07:42, 1361s left)
[lane 101] <-- instant_event_alert thr=0.0500 shard=0 rc=0 (00:08:49)
[lane 101] --> p1 instant_event_alert thr=0.0500 shard=1 (00:08:49, 1294s left)
[lane 101] <-- instant_event_alert thr=0.0500 shard=1 rc=0 (00:09:39)
[lane 101] --> p1 instant_event_alert thr=0.0500 shard=1 (00:09:39, 1244s left)
[lane 101] <-- instant_event_alert thr=0.0500 shard=1 rc=0 (00:10:21)
[lane 101] --> p1 instant_event_alert thr=0.0500 shard=1 (00:10:21, 1202s left)
[lane 101] <-- instant_event_alert thr=0.0500 shard=1 rc=0 (00:11:06)
[lane 101] --> p1 instant_event_alert thr=0.0500 shard=1 (00:11:06, 1157s left)
[lane 101] <-- instant_event_alert thr=0.0500 shard=1 rc=0 (00:11:49)
[lane 101] --> p1 instant_event_alert thr=0.0500 shard=1 (00:11:49, 1114s left)
[lane 101] <-- instant_event_alert thr=0.0500 shard=1 rc=0 (00:12:35)
[lane 101] --> p1 instant_event_alert thr=0.0500 shard=1 (00:12:35, 1068s left)
[lane 101] <-- instant_event_alert thr=0.0500 shard=1 rc=0 (00:13:17)
[lane 101] --> p1 instant_event_alert thr=0.0500 shard=1 (00:13:17, 1026s left)
[lane 101] <-- instant_event_alert thr=0.0500 shard=1 rc=0 (00:14:03)
[lane 101] --> p1 instant_event_alert thr=0.0500 shard=1 (00:14:03, 980s left)
[lane 101] <-- instant_event_alert thr=0.0500 shard=1 rc=0 (00:14:45)
[lane 101] --> p1 instant_event_alert thr=0.0500 shard=1 (00:14:45, 938s left)
[lane 101] <-- instant_event_alert thr=0.0500 shard=1 rc=0 (00:15:28)
[lane 101] --> p1 instant_event_alert thr=0.0500 shard=1 (00:15:28, 895s left)
[lane 101] <-- instant_event_alert thr=0.0500 shard=1 rc=0 (00:16:19)
[lane 101] --> p1 instant_event_alert thr=0.0500 shard=0 (00:16:19, 844s left)
[lane 101] <-- instant_event_alert thr=0.0500 shard=0 rc=0 (00:17:14)
[lane 101] --> p1 instant_event_alert thr=0.0500 shard=0 (00:17:14, 789s left)
[lane 101] <-- instant_event_alert thr=0.0500 shard=0 rc=0 (00:17:59)
[lane 101] --> p1 instant_event_alert thr=0.0500 shard=1 (00:17:59, 744s left)
[lane 101] <-- instant_event_alert thr=0.0500 shard=1 rc=0 (00:18:49)
[lane 101] --> p1 instant_event_alert thr=0.0500 shard=0 (00:18:49, 694s left)
[lane 101] <-- instant_event_alert thr=0.0500 shard=0 rc=0 (00:19:33)
[lane 101] --> p1 instant_event_alert thr=0.0500 shard=0 (00:19:33, 650s left)
[lane 101] <-- instant_event_alert thr=0.0500 shard=0 rc=0 (00:20:16)
[lane 101] --> p1 instant_event_alert thr=0.0500 shard=0 (00:20:16, 607s left)
[lane 101] <-- instant_event_alert thr=0.0500 shard=0 rc=0 (00:20:59)
[lane 101] --> p1 instant_event_alert thr=0.0500 shard=0 (00:20:59, 564s left)
[lane 101] <-- instant_event_alert thr=0.0500 shard=0 rc=0 (00:21:57)
[lane 101] --> p1 instant_event_alert thr=0.0500 shard=1 (00:21:57, 506s left)
[lane 101] <-- instant_event_alert thr=0.0500 shard=1 rc=0 (00:22:40)
[lane 101] --> p1 instant_event_alert thr=0.0500 shard=0 (00:22:40, 463s left)
[lane 101] <-- instant_event_alert thr=0.0500 shard=0 rc=0 (00:23:31)
[lane 101] --> p1 instant_event_alert thr=0.0500 shard=2 (00:23:31, 412s left)
[lane 101] <-- instant_event_alert thr=0.0500 shard=2 rc=0 (00:24:21)
[lane 101] --> p1 instant_event_alert thr=0.0500 shard=0 (00:24:21, 362s left)
[lane 101] <-- instant_event_alert thr=0.0500 shard=0 rc=0 (00:25:07)
[lane 101] --> p1 instant_event_alert thr=0.0500 shard=2 (00:25:08, 316s left)
[lane 101] <-- instant_event_alert thr=0.0500 shard=2 rc=0 (00:25:53)
[lane 101] --> p1 instant_event_alert thr=0.0500 shard=1 (00:25:53, 270s left)
[lane 101] <-- instant_event_alert thr=0.0500 shard=1 rc=0 (00:26:37)
[lane 101] 226s left (< 240) -- stopping cleanly
[lane 101] done, 106 units attempted 00:26:37
[lane 101] clariden-ln004 gpu=2 start=00:27:44 deadline=01:57:24 max_dur=300
[lane 101] --> p1 instant_event_alert thr=0.0500 shard=1 (00:27:44, 5380s left)
[lane 101] <-- instant_event_alert thr=0.0500 shard=1 rc=0 (00:29:19)
[lane 101] --> p1 instant_event_alert thr=0.0500 shard=1 (00:29:19, 5285s left)
[lane 101] <-- instant_event_alert thr=0.0500 shard=1 rc=0 (00:30:25)
[lane 101] --> p1 instant_event_alert thr=0.0500 shard=1 (00:30:25, 5219s left)
[lane 101] <-- instant_event_alert thr=0.0500 shard=1 rc=0 (00:31:19)
[lane 101] --> p1 instant_event_alert thr=0.0500 shard=0 (00:31:19, 5165s left)
[lane 101] <-- instant_event_alert thr=0.0500 shard=0 rc=0 (00:32:10)
[lane 101] --> p1 instant_event_alert thr=0.0500 shard=0 (00:32:10, 5114s left)
[lane 101] <-- instant_event_alert thr=0.0500 shard=0 rc=0 (00:32:54)
[lane 101] --> p1 instant_event_alert thr=0.0500 shard=0 (00:32:54, 5070s left)
[lane 101] <-- instant_event_alert thr=0.0500 shard=0 rc=0 (00:33:50)
[lane 101] --> p1 instant_event_alert thr=0.0500 shard=0 (00:33:50, 5014s left)
[lane 101] <-- instant_event_alert thr=0.0500 shard=0 rc=0 (00:34:35)
[lane 101] --> p1 instant_event_alert thr=0.0500 shard=0 (00:34:35, 4969s left)
[lane 101] <-- instant_event_alert thr=0.0500 shard=0 rc=0 (00:35:17)
[lane 101] --> p1 instant_event_alert thr=0.0500 shard=0 (00:35:17, 4927s left)
[lane 101] <-- instant_event_alert thr=0.0500 shard=0 rc=0 (00:36:05)
[lane 101] --> p1 instant_event_alert thr=0.0500 shard=1 (00:36:05, 4879s left)
[lane 101] <-- instant_event_alert thr=0.0500 shard=1 rc=0 (00:37:08)
[lane 101] --> p1 instant_event_alert thr=0.0500 shard=1 (00:37:08, 4816s left)
[lane 101] <-- instant_event_alert thr=0.0500 shard=1 rc=0 (00:37:48)
[lane 101] --> p1 instant_event_alert thr=0.0500 shard=2 (00:37:48, 4776s left)
[lane 101] <-- instant_event_alert thr=0.0500 shard=2 rc=0 (00:38:37)
[lane 101] --> p1 instant_event_alert thr=0.0500 shard=2 (00:38:37, 4727s left)
[lane 101] <-- instant_event_alert thr=0.0500 shard=2 rc=0 (00:39:19)
[lane 101] --> p1 instant_event_alert thr=0.0500 shard=1 (00:39:19, 4685s left)
[lane 101] <-- instant_event_alert thr=0.0500 shard=1 rc=0 (00:40:13)
[lane 101] --> p1 instant_event_alert thr=0.0500 shard=1 (00:40:13, 4631s left)
[lane 101] <-- instant_event_alert thr=0.0500 shard=1 rc=0 (00:40:56)
[lane 101] --> p1 instant_event_alert thr=0.0500 shard=1 (00:40:56, 4588s left)
[lane 101] <-- instant_event_alert thr=0.0500 shard=1 rc=0 (00:41:44)
[lane 101] --> p1 instant_event_alert thr=0.0500 shard=1 (00:41:44, 4540s left)
[lane 101] <-- instant_event_alert thr=0.0500 shard=1 rc=0 (00:42:26)
[lane 101] --> p1 instant_event_alert thr=0.0500 shard=2 (00:42:26, 4498s left)
[lane 101] <-- instant_event_alert thr=0.0500 shard=2 rc=0 (00:43:10)
[lane 101] --> p1 instant_event_alert thr=0.0500 shard=0 (00:43:10, 4454s left)
[lane 101] <-- instant_event_alert thr=0.0500 shard=0 rc=0 (00:43:52)
[lane 101] --> p1 instant_event_alert thr=0.0500 shard=1 (00:43:52, 4412s left)
[lane 101] <-- instant_event_alert thr=0.0500 shard=1 rc=0 (00:44:39)
[lane 101] --> p1 instant_event_alert thr=0.0500 shard=1 (00:44:39, 4365s left)
[lane 101] <-- instant_event_alert thr=0.0500 shard=1 rc=0 (00:45:25)
[lane 101] --> p1 instant_event_alert thr=0.0500 shard=1 (00:45:25, 4319s left)
[lane 101] <-- instant_event_alert thr=0.0500 shard=1 rc=0 (00:46:07)
[lane 101] --> p1 instant_event_alert thr=0.0500 shard=1 (00:46:07, 4277s left)
[lane 101] <-- instant_event_alert thr=0.0500 shard=1 rc=0 (00:46:54)
[lane 101] --> p1 instant_event_alert thr=0.0500 shard=1 (00:46:54, 4230s left)
[lane 101] <-- instant_event_alert thr=0.0500 shard=1 rc=0 (00:47:42)
[lane 101] --> p1 instant_event_alert thr=0.0500 shard=2 (00:47:42, 4182s left)
[lane 101] <-- instant_event_alert thr=0.0500 shard=2 rc=0 (00:48:25)
[lane 101] --> p1 instant_event_alert thr=0.0500 shard=1 (00:48:25, 4139s left)
[lane 101] <-- instant_event_alert thr=0.0500 shard=1 rc=0 (00:49:10)
[lane 101] --> p1 instant_event_alert thr=0.0500 shard=1 (00:49:10, 4094s left)
[lane 101] <-- instant_event_alert thr=0.0500 shard=1 rc=0 (00:49:56)
[lane 101] --> p1 instant_event_alert thr=0.0500 shard=1 (00:49:56, 4048s left)
[lane 101] <-- instant_event_alert thr=0.0500 shard=1 rc=0 (00:50:39)
[lane 101] --> p1 instant_event_alert thr=0.0500 shard=1 (00:50:39, 4005s left)
[lane 101] <-- instant_event_alert thr=0.0500 shard=1 rc=0 (00:51:20)
[lane 101] --> p1 instant_event_alert thr=0.0500 shard=2 (00:51:20, 3964s left)
[lane 101] <-- instant_event_alert thr=0.0500 shard=2 rc=0 (00:52:04)
[lane 101] --> p1 instant_event_alert thr=0.0500 shard=2 (00:52:04, 3920s left)
[lane 101] <-- instant_event_alert thr=0.0500 shard=2 rc=0 (00:52:57)
[lane 101] --> p1 instant_event_alert thr=0.0500 shard=2 (00:52:57, 3867s left)
[lane 101] <-- instant_event_alert thr=0.0500 shard=2 rc=0 (00:53:39)
[lane 101] --> p1 instant_event_alert thr=0.0500 shard=2 (00:53:39, 3825s left)
[lane 101] <-- instant_event_alert thr=0.0500 shard=2 rc=0 (00:54:21)
[lane 101] --> p1 instant_event_alert thr=0.0500 shard=1 (00:54:21, 3783s left)
[lane 101] <-- instant_event_alert thr=0.0500 shard=1 rc=0 (00:55:07)
[lane 101] --> p1 instant_event_alert thr=0.0500 shard=2 (00:55:08, 3736s left)
[lane 101] <-- instant_event_alert thr=0.0500 shard=2 rc=0 (00:56:02)
[lane 101] --> p1 instant_event_alert thr=0.0500 shard=2 (00:56:02, 3682s left)
[lane 101] <-- instant_event_alert thr=0.0500 shard=2 rc=0 (00:56:46)
[lane 101] --> p1 instant_event_alert thr=0.0500 shard=2 (00:56:46, 3638s left)
[lane 101] <-- instant_event_alert thr=0.0500 shard=2 rc=0 (00:57:31)
[lane 101] --> p1 instant_event_alert thr=0.0500 shard=2 (00:57:31, 3593s left)
[lane 101] <-- instant_event_alert thr=0.0500 shard=2 rc=0 (00:58:17)
[lane 101] --> p1 instant_event_alert thr=0.0500 shard=0 (00:58:18, 3547s left)
[lane 101] <-- instant_event_alert thr=0.0500 shard=0 rc=0 (00:59:08)
[lane 101] --> p1 instant_event_alert thr=0.0500 shard=2 (00:59:08, 3496s left)
[lane 101] <-- instant_event_alert thr=0.0500 shard=2 rc=0 (00:59:51)
[lane 101] --> p1 instant_event_alert thr=0.0500 shard=1 (00:59:51, 3453s left)
[lane 101] <-- instant_event_alert thr=0.0500 shard=1 rc=0 (01:00:34)
[lane 101] --> p1 instant_event_alert thr=0.0500 shard=1 (01:00:34, 3410s left)
[lane 101] <-- instant_event_alert thr=0.0500 shard=1 rc=0 (01:01:18)
[lane 101] --> p1 instant_event_alert thr=0.0500 shard=1 (01:01:18, 3366s left)
[lane 101] <-- instant_event_alert thr=0.0500 shard=1 rc=0 (01:02:07)
[lane 101] --> p1 instant_event_alert thr=0.0500 shard=1 (01:02:07, 3317s left)
[lane 101] <-- instant_event_alert thr=0.0500 shard=1 rc=0 (01:02:50)
[lane 101] --> p1 instant_event_alert thr=0.0500 shard=1 (01:02:50, 3274s left)
[lane 101] <-- instant_event_alert thr=0.0500 shard=1 rc=0 (01:03:35)
[lane 101] --> p1 instant_event_alert thr=0.0500 shard=2 (01:03:35, 3229s left)
[lane 101] <-- instant_event_alert thr=0.0500 shard=2 rc=0 (01:04:18)
[lane 101] --> p1 instant_event_alert thr=0.0500 shard=2 (01:04:18, 3186s left)
[lane 101] <-- instant_event_alert thr=0.0500 shard=2 rc=0 (01:05:07)
[lane 101] --> p1 instant_event_alert thr=0.0500 shard=2 (01:05:07, 3137s left)
[lane 101] <-- instant_event_alert thr=0.0500 shard=2 rc=0 (01:05:51)
[lane 101] --> p1 instant_event_alert thr=0.0500 shard=2 (01:05:51, 3093s left)
[lane 101] <-- instant_event_alert thr=0.0500 shard=2 rc=0 (01:06:35)
[lane 101] --> p1 instant_event_alert thr=0.0500 shard=2 (01:06:35, 3049s left)
[lane 101] <-- instant_event_alert thr=0.0500 shard=2 rc=0 (01:07:22)
[lane 101] --> p1 instant_event_alert thr=0.0500 shard=2 (01:07:22, 3002s left)
[lane 101] <-- instant_event_alert thr=0.0500 shard=2 rc=0 (01:08:12)
[lane 101] --> p1 instant_event_alert thr=0.0500 shard=2 (01:08:12, 2952s left)
[lane 101] <-- instant_event_alert thr=0.0500 shard=2 rc=0 (01:08:58)
[lane 101] --> p1 instant_event_alert thr=0.0500 shard=2 (01:08:58, 2906s left)
[lane 101] <-- instant_event_alert thr=0.0500 shard=2 rc=0 (01:09:47)
[lane 101] --> p1 instant_event_alert thr=0.0500 shard=1 (01:09:47, 2857s left)
[lane 101] <-- instant_event_alert thr=0.0500 shard=1 rc=0 (01:10:35)
[lane 101] --> p1 instant_event_alert thr=0.0500 shard=0 (01:10:35, 2809s left)
[lane 101] <-- instant_event_alert thr=0.0500 shard=0 rc=0 (01:11:18)
[lane 101] --> p1 instant_event_alert thr=0.0500 shard=0 (01:11:19, 2766s left)
[lane 101] <-- instant_event_alert thr=0.0500 shard=0 rc=0 (01:12:00)
[lane 101] --> p1 instant_event_alert thr=0.0500 shard=0 (01:12:00, 2724s left)
[lane 101] <-- instant_event_alert thr=0.0500 shard=0 rc=0 (01:12:45)
[lane 101] --> p1 instant_event_alert thr=0.0500 shard=2 (01:12:45, 2679s left)
[lane 101] <-- instant_event_alert thr=0.0500 shard=2 rc=0 (01:13:32)
[lane 101] --> p1 instant_event_alert thr=0.0500 shard=2 (01:13:32, 2632s left)
[lane 101] <-- instant_event_alert thr=0.0500 shard=2 rc=0 (01:14:15)
[lane 101] --> p1 instant_event_alert thr=0.0500 shard=1 (01:14:15, 2589s left)
[lane 101] <-- instant_event_alert thr=0.0500 shard=1 rc=0 (01:14:57)
[lane 101] --> p1 instant_event_alert thr=0.0500 shard=0 (01:14:57, 2547s left)
[lane 101] <-- instant_event_alert thr=0.0500 shard=0 rc=0 (01:15:47)
[lane 101] --> p1 instant_event_alert thr=0.0500 shard=2 (01:15:47, 2497s left)
[lane 101] <-- instant_event_alert thr=0.0500 shard=2 rc=0 (01:16:37)
[lane 101] --> p1 instant_event_alert thr=0.0500 shard=2 (01:16:37, 2447s left)
[lane 101] <-- instant_event_alert thr=0.0500 shard=2 rc=0 (01:17:20)
[lane 101] --> p1 instant_event_alert thr=0.0500 shard=2 (01:17:20, 2404s left)
[lane 101] <-- instant_event_alert thr=0.0500 shard=2 rc=0 (01:18:02)
[lane 101] --> p1 instant_event_alert thr=0.0500 shard=0 (01:18:02, 2362s left)
[lane 101] <-- instant_event_alert thr=0.0500 shard=0 rc=0 (01:18:46)
[lane 101] --> p1 instant_event_alert thr=0.0500 shard=1 (01:18:46, 2318s left)
[lane 101] <-- instant_event_alert thr=0.0500 shard=1 rc=0 (01:19:35)
[lane 101] --> p1 instant_event_alert thr=0.0500 shard=1 (01:19:35, 2269s left)
[lane 101] <-- instant_event_alert thr=0.0500 shard=1 rc=0 (01:20:20)
[lane 101] --> p1 instant_event_alert thr=0.0500 shard=2 (01:20:20, 2224s left)
[lane 101] <-- instant_event_alert thr=0.0500 shard=2 rc=0 (01:21:02)
[lane 101] --> p1 instant_event_alert thr=0.0500 shard=2 (01:21:02, 2182s left)
[lane 101] <-- instant_event_alert thr=0.0500 shard=2 rc=0 (01:21:45)
[lane 101] --> p1 instant_event_alert thr=0.0500 shard=0 (01:21:45, 2139s left)
[lane 101] <-- instant_event_alert thr=0.0500 shard=0 rc=0 (01:22:31)
[lane 101] --> p1 instant_event_alert thr=0.0500 shard=1 (01:22:31, 2093s left)
[lane 101] <-- instant_event_alert thr=0.0500 shard=1 rc=0 (01:23:14)
[lane 101] --> p1 instant_event_alert thr=0.0500 shard=0 (01:23:14, 2050s left)
[lane 101] <-- instant_event_alert thr=0.0500 shard=0 rc=0 (01:23:58)
[lane 101] --> p1 instant_event_alert thr=0.0500 shard=2 (01:23:58, 2006s left)
[lane 101] <-- instant_event_alert thr=0.0500 shard=2 rc=0 (01:24:43)
[lane 101] --> p1 instant_event_alert thr=0.0500 shard=1 (01:24:43, 1961s left)
[lane 101] <-- instant_event_alert thr=0.0500 shard=1 rc=0 (01:25:31)
[lane 101] --> p1 instant_event_alert thr=0.0500 shard=1 (01:25:31, 1913s left)
[lane 101] <-- instant_event_alert thr=0.0500 shard=1 rc=0 (01:26:13)
[lane 101] --> p1 instant_event_alert thr=0.0500 shard=0 (01:26:13, 1871s left)
[lane 101] <-- instant_event_alert thr=0.0500 shard=0 rc=0 (01:26:57)
[lane 101] --> p1 instant_event_alert thr=0.0500 shard=0 (01:26:57, 1827s left)
[lane 101] <-- instant_event_alert thr=0.0500 shard=0 rc=0 (01:27:40)
[lane 101] --> p1 instant_event_alert thr=0.0500 shard=0 (01:27:40, 1784s left)
[lane 101] <-- instant_event_alert thr=0.0500 shard=0 rc=0 (01:28:29)
[lane 101] --> p1 instant_event_alert thr=0.0500 shard=0 (01:28:29, 1735s left)
[lane 101] <-- instant_event_alert thr=0.0500 shard=0 rc=0 (01:29:12)
[lane 101] --> p1 instant_event_alert thr=0.0500 shard=0 (01:29:12, 1692s left)
[lane 101] <-- instant_event_alert thr=0.0500 shard=0 rc=0 (01:29:54)
[lane 101] --> p1 instant_event_alert thr=0.0500 shard=0 (01:29:54, 1650s left)
[lane 101] <-- instant_event_alert thr=0.0500 shard=0 rc=0 (01:30:37)
[lane 101] --> p1 instant_event_alert thr=0.0500 shard=0 (01:30:37, 1607s left)
[lane 101] <-- instant_event_alert thr=0.0500 shard=0 rc=0 (01:31:24)
[lane 101] --> p1 instant_event_alert thr=0.0500 shard=0 (01:31:24, 1560s left)
[lane 101] <-- instant_event_alert thr=0.0500 shard=0 rc=0 (01:32:06)
[lane 101] --> p1 instant_event_alert thr=0.0500 shard=0 (01:32:06, 1518s left)
[lane 101] <-- instant_event_alert thr=0.0500 shard=0 rc=0 (01:32:48)
[lane 101] --> p1 instant_event_alert thr=0.0500 shard=0 (01:32:48, 1476s left)
[lane 101] <-- instant_event_alert thr=0.0500 shard=0 rc=0 (01:33:32)
[lane 101] --> p1 instant_event_alert thr=0.0500 shard=0 (01:33:32, 1432s left)
[lane 101] <-- instant_event_alert thr=0.0500 shard=0 rc=0 (01:34:20)
[lane 101] --> p1 instant_event_alert thr=0.0500 shard=0 (01:34:20, 1384s left)
[lane 101] <-- instant_event_alert thr=0.0500 shard=0 rc=0 (01:35:04)
[lane 101] --> p1 instant_event_alert thr=0.0500 shard=2 (01:35:04, 1340s left)
[lane 101] <-- instant_event_alert thr=0.0500 shard=2 rc=0 (01:35:49)
[lane 101] --> p1 instant_event_alert thr=0.0500 shard=2 (01:35:49, 1295s left)
[lane 101] <-- instant_event_alert thr=0.0500 shard=2 rc=0 (01:36:33)
[lane 101] --> p1 instant_event_alert thr=0.0500 shard=1 (01:36:33, 1251s left)
[lane 101] <-- instant_event_alert thr=0.0500 shard=1 rc=0 (01:37:18)
[lane 101] --> p1 instant_event_alert thr=0.0500 shard=1 (01:37:18, 1206s left)
[lane 101] <-- instant_event_alert thr=0.0500 shard=1 rc=0 (01:38:02)
[lane 101] --> p1 instant_event_alert thr=0.0500 shard=2 (01:38:02, 1162s left)
[lane 101] <-- instant_event_alert thr=0.0500 shard=2 rc=0 (01:38:44)
[lane 101] --> p1 instant_event_alert thr=0.0500 shard=1 (01:38:44, 1120s left)
[lane 101] <-- instant_event_alert thr=0.0500 shard=1 rc=0 (01:39:27)
[lane 101] --> p1 instant_event_alert thr=0.0500 shard=1 (01:39:27, 1077s left)
[lane 101] <-- instant_event_alert thr=0.0500 shard=1 rc=0 (01:40:20)
[lane 101] --> p1 instant_event_alert thr=0.0500 shard=1 (01:40:20, 1024s left)
[lane 101] <-- instant_event_alert thr=0.0500 shard=1 rc=0 (01:41:05)
[lane 101] --> p1 instant_event_alert thr=0.0500 shard=0 (01:41:05, 979s left)
[lane 101] <-- instant_event_alert thr=0.0500 shard=0 rc=0 (01:41:51)
[lane 101] --> p1 instant_event_alert thr=0.0500 shard=0 (01:41:52, 933s left)
[lane 101] <-- instant_event_alert thr=0.0500 shard=0 rc=0 (01:42:35)
[lane 101] --> p1 instant_event_alert thr=0.0500 shard=1 (01:42:35, 889s left)
[lane 101] <-- instant_event_alert thr=0.0500 shard=1 rc=0 (01:43:24)
[lane 101] --> p1 instant_event_alert thr=0.0500 shard=1 (01:43:24, 840s left)
[lane 101] <-- instant_event_alert thr=0.0500 shard=1 rc=0 (01:44:12)
[lane 101] --> p1 instant_event_alert thr=0.0500 shard=1 (01:44:12, 792s left)
[lane 101] <-- instant_event_alert thr=0.0500 shard=1 rc=0 (01:44:55)
[lane 101] --> p1 instant_event_alert thr=0.0500 shard=0 (01:44:55, 749s left)
[lane 101] <-- instant_event_alert thr=0.0500 shard=0 rc=0 (01:45:40)
[lane 101] --> p1 instant_event_alert thr=0.0500 shard=0 (01:45:40, 704s left)
[lane 101] <-- instant_event_alert thr=0.0500 shard=0 rc=0 (01:46:44)
[lane 101] --> p1 instant_event_alert thr=0.0500 shard=1 (01:46:44, 640s left)
[lane 101] <-- instant_event_alert thr=0.0500 shard=1 rc=0 (01:47:32)
[lane 101] --> p1 instant_event_alert thr=0.0500 shard=1 (01:47:32, 592s left)
[lane 101] <-- instant_event_alert thr=0.0500 shard=1 rc=0 (01:48:13)
[lane 101] --> p1 instant_event_alert thr=0.0500 shard=1 (01:48:13, 551s left)
[lane 101] <-- instant_event_alert thr=0.0500 shard=1 rc=0 (01:48:55)
[lane 101] --> p1 instant_event_alert thr=0.0500 shard=0 (01:48:55, 509s left)
[lane 101] <-- instant_event_alert thr=0.0500 shard=0 rc=0 (01:49:46)
[lane 101] --> p1 instant_event_alert thr=0.0500 shard=0 (01:49:46, 458s left)
[lane 101] <-- instant_event_alert thr=0.0500 shard=0 rc=0 (01:50:30)
[lane 101] --> p1 instant_event_alert thr=0.0500 shard=0 (01:50:30, 414s left)
[lane 101] <-- instant_event_alert thr=0.0500 shard=0 rc=0 (01:51:16)
[lane 101] --> p1 instant_event_alert thr=0.0500 shard=2 (01:51:16, 368s left)
[lane 101] <-- instant_event_alert thr=0.0500 shard=2 rc=0 (01:52:02)
[lane 101] --> p1 instant_event_alert thr=0.0500 shard=2 (01:52:03, 322s left)
[lane 101] <-- instant_event_alert thr=0.0500 shard=2 rc=0 (01:52:55)
[lane 101] --> p1 instant_event_alert thr=0.0500 shard=1 (01:52:55, 269s left)
[lane 101] <-- instant_event_alert thr=0.0500 shard=1 rc=0 (01:53:41)
[lane 101] 223s left (< 240) -- stopping cleanly
[lane 101] done, 111 units attempted 01:53:41
[lane 101] clariden-ln004 gpu=1 start=01:54:45 deadline=03:24:25 max_dur=300
[lane 101] --> p1 instant_event_alert thr=0.0500 shard=1 (01:54:45, 5380s left)
[lane 101] <-- instant_event_alert thr=0.0500 shard=1 rc=0 (01:55:42)
[lane 101] --> p1 instant_event_alert thr=0.0500 shard=1 (01:55:42, 5323s left)
[lane 101] <-- instant_event_alert thr=0.0500 shard=1 rc=0 (01:56:45)
[lane 101] --> p1 instant_event_alert thr=0.0500 shard=1 (01:56:45, 5260s left)
[lane 101] <-- instant_event_alert thr=0.0500 shard=1 rc=0 (01:57:27)
[lane 101] --> p1 instant_event_alert thr=0.0500 shard=1 (01:57:27, 5218s left)
[lane 101] <-- instant_event_alert thr=0.0500 shard=1 rc=0 (01:58:16)
[lane 101] --> p1 instant_event_alert thr=0.0500 shard=1 (01:58:16, 5169s left)
[lane 101] <-- instant_event_alert thr=0.0500 shard=1 rc=0 (01:59:01)
[lane 101] --> p1 instant_event_alert thr=0.0500 shard=3 (01:59:01, 5124s left)
[lane 101] <-- instant_event_alert thr=0.0500 shard=3 rc=0 (01:59:47)
[lane 101] --> p1 instant_event_alert thr=0.0500 shard=3 (01:59:47, 5078s left)
[lane 101] <-- instant_event_alert thr=0.0500 shard=3 rc=0 (02:00:32)
[lane 101] --> p1 instant_event_alert thr=0.0500 shard=3 (02:00:32, 5033s left)
[lane 101] <-- instant_event_alert thr=0.0500 shard=3 rc=0 (02:01:18)
[lane 101] --> p1 instant_event_alert thr=0.0500 shard=3 (02:01:18, 4987s left)
[lane 101] <-- instant_event_alert thr=0.0500 shard=3 rc=0 (02:02:02)
[lane 101] --> p1 instant_event_alert thr=0.0500 shard=3 (02:02:02, 4943s left)
[lane 101] <-- instant_event_alert thr=0.0500 shard=3 rc=0 (02:02:47)
[lane 101] --> p1 instant_event_alert thr=0.0500 shard=3 (02:02:47, 4898s left)
[lane 101] <-- instant_event_alert thr=0.0500 shard=3 rc=0 (02:03:31)
[lane 101] --> p1 instant_event_alert thr=0.0500 shard=3 (02:03:31, 4854s left)
[lane 101] <-- instant_event_alert thr=0.0500 shard=3 rc=0 (02:04:24)
[lane 101] --> p1 instant_event_alert thr=0.0500 shard=2 (02:04:24, 4801s left)
[lane 101] <-- instant_event_alert thr=0.0500 shard=2 rc=0 (02:05:06)
[lane 101] --> p1 instant_event_alert thr=0.0500 shard=2 (02:05:06, 4759s left)
[lane 101] <-- instant_event_alert thr=0.0500 shard=2 rc=0 (02:05:50)
[lane 101] --> p1 instant_event_alert thr=0.0500 shard=2 (02:05:50, 4715s left)
[lane 101] <-- instant_event_alert thr=0.0500 shard=2 rc=0 (02:06:32)
[lane 101] --> p1 instant_event_alert thr=0.0500 shard=2 (02:06:32, 4673s left)
[lane 101] <-- instant_event_alert thr=0.0500 shard=2 rc=0 (02:07:19)
[lane 101] --> p1 instant_event_alert thr=0.0500 shard=2 (02:07:19, 4626s left)
[lane 101] <-- instant_event_alert thr=0.0500 shard=2 rc=0 (02:08:03)
[lane 101] --> p1 instant_event_alert thr=0.0500 shard=2 (02:08:03, 4582s left)
[lane 101] <-- instant_event_alert thr=0.0500 shard=2 rc=0 (02:08:49)
[lane 101] --> p1 instant_event_alert thr=0.0500 shard=0 (02:08:49, 4536s left)
[lane 101] <-- instant_event_alert thr=0.0500 shard=0 rc=0 (02:09:34)
[lane 101] --> p1 instant_event_alert thr=0.0500 shard=1 (02:09:34, 4491s left)
[lane 101] <-- instant_event_alert thr=0.0500 shard=1 rc=0 (02:10:25)
[lane 101] --> p1 instant_event_alert thr=0.0500 shard=1 (02:10:25, 4440s left)
[lane 101] <-- instant_event_alert thr=0.0500 shard=1 rc=0 (02:11:09)
[lane 101] --> p1 instant_event_alert thr=0.0500 shard=1 (02:11:09, 4396s left)
[lane 101] <-- instant_event_alert thr=0.0500 shard=1 rc=0 (02:11:51)
[lane 101] --> p1 instant_event_alert thr=0.0500 shard=2 (02:11:51, 4354s left)
[lane 101] <-- instant_event_alert thr=0.0500 shard=2 rc=0 (02:12:37)
[lane 101] --> p1 instant_event_alert thr=0.0500 shard=2 (02:12:37, 4308s left)
[lane 101] <-- instant_event_alert thr=0.0500 shard=2 rc=0 (02:13:32)
[lane 101] --> p1 instant_event_alert thr=0.0500 shard=2 (02:13:32, 4253s left)
[lane 101] <-- instant_event_alert thr=0.0500 shard=2 rc=0 (02:14:15)
[lane 101] --> p1 instant_event_alert thr=0.0500 shard=3 (02:14:15, 4210s left)
[lane 101] <-- instant_event_alert thr=0.0500 shard=3 rc=0 (02:14:57)
[lane 101] --> p1 instant_event_alert thr=0.0500 shard=3 (02:14:57, 4168s left)
[lane 101] <-- instant_event_alert thr=0.0500 shard=3 rc=0 (02:15:45)
[lane 101] --> p1 instant_event_alert thr=0.0500 shard=3 (02:15:45, 4120s left)
[lane 101] <-- instant_event_alert thr=0.0500 shard=3 rc=0 (02:16:33)
[lane 101] --> p1 instant_event_alert thr=0.0500 shard=2 (02:16:33, 4072s left)
[lane 101] <-- instant_event_alert thr=0.0500 shard=2 rc=0 (02:17:18)
[lane 101] --> p1 instant_event_alert thr=0.0500 shard=2 (02:17:18, 4027s left)
[lane 101] <-- instant_event_alert thr=0.0500 shard=2 rc=0 (02:18:02)
[lane 101] --> p1 instant_event_alert thr=0.0500 shard=0 (02:18:02, 3983s left)
[lane 101] <-- instant_event_alert thr=0.0500 shard=0 rc=0 (02:18:48)
[lane 101] --> p1 instant_event_alert thr=0.0500 shard=0 (02:18:48, 3937s left)
[lane 101] <-- instant_event_alert thr=0.0500 shard=0 rc=0 (02:19:33)
[lane 101] --> p1 instant_event_alert thr=0.0500 shard=0 (02:19:33, 3892s left)
[lane 101] <-- instant_event_alert thr=0.0500 shard=0 rc=0 (02:20:16)
[lane 101] --> p1 instant_event_alert thr=0.0500 shard=0 (02:20:16, 3849s left)
[lane 101] <-- instant_event_alert thr=0.0500 shard=0 rc=0 (02:21:00)
[lane 101] --> p1 instant_event_alert thr=0.0500 shard=0 (02:21:00, 3805s left)
[lane 101] <-- instant_event_alert thr=0.0500 shard=0 rc=0 (02:21:44)
[lane 101] --> p1 instant_event_alert thr=0.0500 shard=1 (02:21:44, 3761s left)
[lane 101] <-- instant_event_alert thr=0.0500 shard=1 rc=0 (02:22:34)
[lane 101] --> p1 instant_event_alert thr=0.0500 shard=1 (02:22:34, 3711s left)
[lane 101] <-- instant_event_alert thr=0.0500 shard=1 rc=0 (02:23:16)
[lane 101] --> p1 instant_event_alert thr=0.0500 shard=1 (02:23:16, 3669s left)
[lane 101] <-- instant_event_alert thr=0.0500 shard=1 rc=0 (02:24:00)
[lane 101] --> p1 instant_event_alert thr=0.0500 shard=2 (02:24:00, 3625s left)
[lane 101] <-- instant_event_alert thr=0.0500 shard=2 rc=0 (02:24:48)
[lane 101] --> p1 instant_event_alert thr=0.0500 shard=0 (02:24:48, 3577s left)
[lane 101] <-- instant_event_alert thr=0.0500 shard=0 rc=0 (02:25:33)
[lane 101] --> p1 instant_event_alert thr=0.0500 shard=0 (02:25:33, 3532s left)
[lane 101] <-- instant_event_alert thr=0.0500 shard=0 rc=0 (02:26:18)
[lane 101] --> p1 instant_event_alert thr=0.0500 shard=0 (02:26:18, 3487s left)
[lane 101] <-- instant_event_alert thr=0.0500 shard=0 rc=0 (02:27:01)
[lane 101] --> p1 instant_event_alert thr=0.0500 shard=2 (02:27:01, 3444s left)
[lane 101] <-- instant_event_alert thr=0.0500 shard=2 rc=0 (02:27:48)
[lane 101] --> p1 instant_event_alert thr=0.0500 shard=2 (02:27:48, 3397s left)
[lane 101] <-- instant_event_alert thr=0.0500 shard=2 rc=0 (02:28:35)
[lane 101] --> p1 instant_event_alert thr=0.0500 shard=0 (02:28:36, 3350s left)
[lane 101] <-- instant_event_alert thr=0.0500 shard=0 rc=0 (02:29:32)
[lane 101] --> p1 instant_event_alert thr=0.0500 shard=0 (02:29:32, 3293s left)
[lane 101] <-- instant_event_alert thr=0.0500 shard=0 rc=0 (02:30:18)
[lane 101] --> p1 instant_event_alert thr=0.0500 shard=0 (02:30:18, 3247s left)
[lane 101] <-- instant_event_alert thr=0.0500 shard=0 rc=0 (02:31:08)
[lane 101] --> p1 instant_event_alert thr=0.0500 shard=0 (02:31:08, 3197s left)
[lane 101] <-- instant_event_alert thr=0.0500 shard=0 rc=0 (02:31:53)
[lane 101] --> p1 instant_event_alert thr=0.0500 shard=0 (02:31:53, 3152s left)
[lane 101] <-- instant_event_alert thr=0.0500 shard=0 rc=0 (02:32:38)
[lane 101] --> p1 instant_event_alert thr=0.0500 shard=0 (02:32:38, 3107s left)
[lane 101] <-- instant_event_alert thr=0.0500 shard=0 rc=0 (02:33:26)
[lane 101] --> p1 instant_event_alert thr=0.0500 shard=0 (02:33:26, 3059s left)
[lane 101] <-- instant_event_alert thr=0.0500 shard=0 rc=0 (02:34:13)
[lane 101] --> p1 instant_event_alert thr=0.0500 shard=0 (02:34:13, 3012s left)
[lane 101] <-- instant_event_alert thr=0.0500 shard=0 rc=0 (02:35:02)
[lane 101] --> p1 instant_event_alert thr=0.0500 shard=3 (02:35:02, 2963s left)
[lane 101] <-- instant_event_alert thr=0.0500 shard=3 rc=0 (02:35:48)
[lane 101] --> p1 instant_event_alert thr=0.0500 shard=3 (02:35:48, 2917s left)
[lane 101] <-- instant_event_alert thr=0.0500 shard=3 rc=0 (02:36:43)
[lane 101] --> p1 instant_event_alert thr=0.0500 shard=3 (02:36:43, 2862s left)
[lane 101] <-- instant_event_alert thr=0.0500 shard=3 rc=0 (02:37:29)
[lane 101] --> p1 instant_event_alert thr=0.0500 shard=2 (02:37:29, 2816s left)
[lane 101] <-- instant_event_alert thr=0.0500 shard=2 rc=0 (02:38:16)
[lane 101] --> p1 instant_event_alert thr=0.0500 shard=2 (02:38:16, 2769s left)
[lane 101] <-- instant_event_alert thr=0.0500 shard=2 rc=0 (02:39:08)
[lane 101] --> p1 instant_event_alert thr=0.0500 shard=2 (02:39:08, 2717s left)
[lane 101] <-- instant_event_alert thr=0.0500 shard=2 rc=0 (02:39:59)
[lane 101] --> p1 instant_event_alert thr=0.0500 shard=2 (02:39:59, 2666s left)
[lane 101] <-- instant_event_alert thr=0.0500 shard=2 rc=0 (02:40:47)
[lane 101] --> p1 instant_event_alert thr=0.0500 shard=2 (02:40:47, 2618s left)
[lane 101] <-- instant_event_alert thr=0.0500 shard=2 rc=0 (02:41:35)
[lane 101] --> p1 instant_event_alert thr=0.0500 shard=2 (02:41:35, 2570s left)
[lane 101] <-- instant_event_alert thr=0.0500 shard=2 rc=0 (02:42:25)
[lane 101] --> p1 instant_event_alert thr=0.0500 shard=1 (02:42:25, 2520s left)
[lane 101] <-- instant_event_alert thr=0.0500 shard=1 rc=0 (02:43:16)
[lane 101] --> p1 instant_event_alert thr=0.0500 shard=1 (02:43:16, 2469s left)
[lane 101] <-- instant_event_alert thr=0.0500 shard=1 rc=0 (02:44:04)
[lane 101] --> p1 instant_event_alert thr=0.0500 shard=1 (02:44:04, 2421s left)
[lane 101] <-- instant_event_alert thr=0.0500 shard=1 rc=0 (02:44:56)
[lane 101] --> p1 instant_event_alert thr=0.0500 shard=2 (02:44:56, 2369s left)
[lane 101] <-- instant_event_alert thr=0.0500 shard=2 rc=0 (02:45:47)
[lane 101] --> p1 instant_event_alert thr=0.0500 shard=3 (02:45:47, 2318s left)
[lane 101] <-- instant_event_alert thr=0.0500 shard=3 rc=0 (02:46:38)
[lane 101] --> p1 instant_event_alert thr=0.0500 shard=2 (02:46:38, 2267s left)
[lane 101] <-- instant_event_alert thr=0.0500 shard=2 rc=0 (02:47:26)
[lane 101] --> p1 instant_event_alert thr=0.0500 shard=0 (02:47:26, 2219s left)
[lane 101] <-- instant_event_alert thr=0.0500 shard=0 rc=0 (02:48:16)
[lane 101] --> p1 instant_event_alert thr=0.0500 shard=1 (02:48:16, 2169s left)
[lane 101] <-- instant_event_alert thr=0.0500 shard=1 rc=0 (02:49:02)
[lane 101] --> p1 instant_event_alert thr=0.0500 shard=1 (02:49:02, 2123s left)
[lane 101] <-- instant_event_alert thr=0.0500 shard=1 rc=0 (02:49:49)
[lane 101] --> p1 instant_event_alert thr=0.0500 shard=1 (02:49:49, 2076s left)
[lane 101] <-- instant_event_alert thr=0.0500 shard=1 rc=0 (02:50:38)
[lane 101] --> p1 instant_event_alert thr=0.0500 shard=1 (02:50:38, 2027s left)
[lane 101] <-- instant_event_alert thr=0.0500 shard=1 rc=0 (02:51:40)
[lane 101] --> p1 instant_event_alert thr=0.0500 shard=1 (02:51:40, 1965s left)
[lane 101] <-- instant_event_alert thr=0.0500 shard=1 rc=0 (02:52:25)
[lane 101] --> p1 instant_event_alert thr=0.0500 shard=3 (02:52:26, 1920s left)
[lane 101] <-- instant_event_alert thr=0.0500 shard=3 rc=0 (02:53:11)
[lane 101] --> p1 instant_event_alert thr=0.0500 shard=3 (02:53:11, 1874s left)
[lane 101] <-- instant_event_alert thr=0.0500 shard=3 rc=0 (02:54:05)
[lane 101] --> p1 instant_event_alert thr=0.0500 shard=3 (02:54:05, 1820s left)
[lane 101] <-- instant_event_alert thr=0.0500 shard=3 rc=0 (02:54:51)
[lane 101] --> p1 instant_event_alert thr=0.0500 shard=3 (02:54:51, 1774s left)
[lane 101] <-- instant_event_alert thr=0.0500 shard=3 rc=0 (02:55:42)
[lane 101] --> p1 instant_event_alert thr=0.0500 shard=3 (02:55:42, 1723s left)
[lane 101] <-- instant_event_alert thr=0.0500 shard=3 rc=0 (02:56:34)
[lane 101] --> p1 instant_event_alert thr=0.0500 shard=2 (02:56:34, 1671s left)
[lane 101] <-- instant_event_alert thr=0.0500 shard=2 rc=0 (02:57:30)
[lane 101] --> p1 instant_event_alert thr=0.0500 shard=2 (02:57:30, 1615s left)
[lane 101] <-- instant_event_alert thr=0.0500 shard=2 rc=0 (02:58:17)
[lane 101] --> p1 instant_event_alert thr=0.0500 shard=2 (02:58:17, 1568s left)
[lane 101] <-- instant_event_alert thr=0.0500 shard=2 rc=0 (02:59:10)
[lane 101] --> p1 instant_event_alert thr=0.0500 shard=2 (02:59:10, 1515s left)
[lane 101] <-- instant_event_alert thr=0.0500 shard=2 rc=0 (03:00:05)
[lane 101] --> p1 instant_event_alert thr=0.0500 shard=2 (03:00:05, 1460s left)
[lane 101] <-- instant_event_alert thr=0.0500 shard=2 rc=0 (03:00:52)
[lane 101] --> p1 instant_event_alert thr=0.0500 shard=0 (03:00:52, 1413s left)
[lane 101] <-- instant_event_alert thr=0.0500 shard=0 rc=0 (03:01:49)
[lane 101] --> p1 instant_event_alert thr=0.0500 shard=0 (03:01:49, 1356s left)
[lane 101] <-- instant_event_alert thr=0.0500 shard=0 rc=0 (03:02:39)
[lane 101] --> p1 instant_event_alert thr=0.0500 shard=0 (03:02:39, 1306s left)
[lane 101] <-- instant_event_alert thr=0.0500 shard=0 rc=0 (03:03:35)
[lane 101] --> p1 instant_event_alert thr=0.0500 shard=0 (03:03:35, 1250s left)
[lane 101] <-- instant_event_alert thr=0.0500 shard=0 rc=0 (03:04:23)
[lane 101] --> p1 instant_event_alert thr=0.0500 shard=0 (03:04:23, 1202s left)
[lane 101] <-- instant_event_alert thr=0.0500 shard=0 rc=0 (03:05:08)
[lane 101] --> p1 instant_event_alert thr=0.0500 shard=1 (03:05:08, 1157s left)
[lane 101] <-- instant_event_alert thr=0.0500 shard=1 rc=0 (03:06:05)
[lane 101] --> p1 instant_event_alert thr=0.0500 shard=1 (03:06:06, 1100s left)
[lane 101] <-- instant_event_alert thr=0.0500 shard=1 rc=0 (03:06:52)
[lane 101] --> p1 instant_event_alert thr=0.0500 shard=1 (03:06:52, 1053s left)
[lane 101] <-- instant_event_alert thr=0.0500 shard=1 rc=0 (03:07:38)
[lane 101] --> p1 instant_event_alert thr=0.0500 shard=1 (03:07:38, 1007s left)
[lane 101] <-- instant_event_alert thr=0.0500 shard=1 rc=0 (03:08:23)
[lane 101] --> p1 instant_event_alert thr=0.0500 shard=1 (03:08:23, 962s left)
[lane 101] <-- instant_event_alert thr=0.0500 shard=1 rc=0 (03:09:17)
[lane 101] --> p1 instant_event_alert thr=0.0500 shard=1 (03:09:17, 908s left)
[lane 101] <-- instant_event_alert thr=0.0500 shard=1 rc=0 (03:10:03)
[lane 101] --> p1 instant_event_alert thr=0.0500 shard=3 (03:10:03, 862s left)
[lane 101] <-- instant_event_alert thr=0.0500 shard=3 rc=0 (03:10:51)
[lane 101] --> p1 instant_event_alert thr=0.0500 shard=3 (03:10:51, 814s left)
[lane 101] <-- instant_event_alert thr=0.0500 shard=3 rc=0 (03:11:51)
[lane 101] --> p1 instant_event_alert thr=0.0500 shard=3 (03:11:51, 754s left)
[lane 101] <-- instant_event_alert thr=0.0500 shard=3 rc=0 (03:12:41)
[lane 101] --> p1 instant_event_alert thr=0.0500 shard=2 (03:12:41, 704s left)
[lane 101] <-- instant_event_alert thr=0.0500 shard=2 rc=0 (03:13:28)
[lane 101] --> p1 instant_event_alert thr=0.0500 shard=2 (03:13:28, 657s left)
[lane 101] <-- instant_event_alert thr=0.0500 shard=2 rc=0 (03:14:23)
[lane 101] --> p1 instant_event_alert thr=0.0500 shard=3 (03:14:23, 602s left)
[lane 101] <-- instant_event_alert thr=0.0500 shard=3 rc=0 (03:15:18)
[lane 101] --> p1 instant_event_alert thr=0.0500 shard=3 (03:15:18, 547s left)
[lane 101] <-- instant_event_alert thr=0.0500 shard=3 rc=0 (03:16:06)
[lane 101] --> p1 instant_event_alert thr=0.0500 shard=3 (03:16:06, 499s left)
[lane 101] <-- instant_event_alert thr=0.0500 shard=3 rc=0 (03:16:53)
[lane 101] --> p1 instant_event_alert thr=0.0500 shard=3 (03:16:53, 452s left)
[lane 101] <-- instant_event_alert thr=0.0500 shard=3 rc=0 (03:17:50)
[lane 101] --> p1 instant_event_alert thr=0.0500 shard=3 (03:17:50, 395s left)
[lane 101] <-- instant_event_alert thr=0.0500 shard=3 rc=0 (03:18:40)
[lane 101] --> p1 instant_event_alert thr=0.0500 shard=3 (03:18:40, 345s left)
[lane 101] <-- instant_event_alert thr=0.0500 shard=3 rc=0 (03:19:26)
[lane 101] --> p1 instant_event_alert thr=0.0500 shard=0 (03:19:26, 299s left)
[lane 101] <-- instant_event_alert thr=0.0500 shard=0 rc=0 (03:20:15)
[lane 101] --> p1 instant_event_alert thr=0.0500 shard=0 (03:20:15, 250s left)
[lane 101] <-- instant_event_alert thr=0.0500 shard=0 rc=0 (03:22:16)
[lane 101] 129s left (< 240) -- stopping cleanly
[lane 101] done, 107 units attempted 03:22:16
[lane 101] clariden-ln004 gpu=1 start=03:23:07 deadline=04:52:47 max_dur=300
[lane 101] --> p1 instant_event_alert thr=0.0500 shard=1 (03:23:07, 5380s left)
[lane 101] <-- instant_event_alert thr=0.0500 shard=1 rc=0 (03:24:03)
[lane 101] --> p1 instant_event_alert thr=0.0500 shard=1 (03:24:03, 5324s left)
[lane 101] <-- instant_event_alert thr=0.0500 shard=1 rc=0 (03:26:06)
[lane 101] --> p1 instant_event_alert thr=0.0500 shard=1 (03:26:06, 5201s left)
[lane 101] <-- instant_event_alert thr=0.0500 shard=1 rc=0 (03:27:19)
[lane 101] --> p1 instant_event_alert thr=0.0500 shard=2 (03:27:19, 5128s left)
[lane 101] <-- instant_event_alert thr=0.0500 shard=2 rc=0 (03:28:18)
[lane 101] --> p1 instant_event_alert thr=0.0500 shard=1 (03:28:18, 5069s left)
[lane 101] <-- instant_event_alert thr=0.0500 shard=1 rc=0 (03:28:53)
[lane 101] --> p1 instant_event_alert thr=0.0500 shard=1 (03:28:53, 5034s left)
[lane 101] <-- instant_event_alert thr=0.0500 shard=1 rc=0 (03:29:48)
[lane 101] --> p1 instant_event_alert thr=0.0500 shard=1 (03:29:48, 4979s left)
[lane 101] <-- instant_event_alert thr=0.0500 shard=1 rc=0 (03:30:45)
[lane 101] --> p1 instant_event_alert thr=0.0500 shard=1 (03:30:45, 4922s left)
[lane 101] <-- instant_event_alert thr=0.0500 shard=1 rc=0 (03:31:37)
[lane 101] --> p1 instant_event_alert thr=0.0500 shard=0 (03:31:37, 4870s left)
[lane 101] <-- instant_event_alert thr=0.0500 shard=0 rc=0 (03:32:27)
[lane 101] --> p1 instant_event_alert thr=0.0500 shard=1 (03:32:27, 4820s left)
[lane 101] <-- instant_event_alert thr=0.0500 shard=1 rc=0 (03:33:18)
[lane 101] --> p1 instant_event_alert thr=0.0500 shard=1 (03:33:18, 4769s left)
[lane 101] <-- instant_event_alert thr=0.0500 shard=1 rc=0 (03:34:10)
[lane 101] --> p1 instant_event_alert thr=0.0500 shard=1 (03:34:10, 4717s left)
[lane 101] <-- instant_event_alert thr=0.0500 shard=1 rc=0 (03:35:01)
[lane 101] --> p1 instant_event_alert thr=0.0500 shard=1 (03:35:01, 4666s left)
[lane 101] <-- instant_event_alert thr=0.0500 shard=1 rc=0 (03:35:55)
[lane 101] --> p1 instant_event_alert thr=0.0500 shard=3 (03:35:55, 4612s left)
[lane 101] <-- instant_event_alert thr=0.0500 shard=3 rc=0 (03:36:43)
[lane 101] --> p1 instant_event_alert thr=0.0500 shard=3 (03:36:43, 4564s left)
[lane 101] <-- instant_event_alert thr=0.0500 shard=3 rc=0 (03:37:30)
[lane 101] --> p1 instant_event_alert thr=0.0500 shard=0 (03:37:30, 4517s left)
[lane 101] <-- instant_event_alert thr=0.0500 shard=0 rc=0 (03:38:17)
[lane 101] --> p1 instant_event_alert thr=0.0500 shard=0 (03:38:17, 4470s left)
[lane 101] <-- instant_event_alert thr=0.0500 shard=0 rc=0 (03:39:12)
[lane 101] --> p1 instant_event_alert thr=0.0500 shard=0 (03:39:12, 4415s left)
[lane 101] <-- instant_event_alert thr=0.0500 shard=0 rc=0 (03:39:59)
[lane 101] --> p1 instant_event_alert thr=0.0500 shard=0 (03:39:59, 4368s left)
[lane 101] <-- instant_event_alert thr=0.0500 shard=0 rc=0 (03:40:52)
[lane 101] --> p1 instant_event_alert thr=0.0500 shard=2 (03:40:52, 4315s left)
[lane 101] <-- instant_event_alert thr=0.0500 shard=2 rc=0 (03:41:48)
[lane 101] --> p1 instant_event_alert thr=0.0500 shard=2 (03:41:48, 4259s left)
[lane 101] <-- instant_event_alert thr=0.0500 shard=2 rc=0 (03:42:35)
[lane 101] --> p1 instant_event_alert thr=0.0500 shard=2 (03:42:35, 4212s left)
[lane 101] <-- instant_event_alert thr=0.0500 shard=2 rc=0 (03:43:22)
[lane 101] --> p1 instant_event_alert thr=0.0500 shard=2 (03:43:22, 4165s left)
[lane 101] <-- instant_event_alert thr=0.0500 shard=2 rc=0 (03:44:12)
[lane 101] --> p1 instant_event_alert thr=0.0500 shard=3 (03:44:12, 4115s left)
[lane 101] <-- instant_event_alert thr=0.0500 shard=3 rc=0 (03:45:03)
[lane 101] --> p1 instant_event_alert thr=0.0500 shard=3 (03:45:03, 4064s left)
[lane 101] <-- instant_event_alert thr=0.0500 shard=3 rc=0 (03:45:52)
[lane 101] --> p1 instant_event_alert thr=0.0500 shard=2 (03:45:52, 4015s left)
[lane 101] <-- instant_event_alert thr=0.0500 shard=2 rc=0 (03:46:40)
[lane 101] --> p1 instant_event_alert thr=0.0500 shard=2 (03:46:40, 3967s left)
[lane 101] <-- instant_event_alert thr=0.0500 shard=2 rc=0 (03:47:28)
[lane 101] --> p1 instant_event_alert thr=0.0500 shard=2 (03:47:28, 3919s left)
[lane 101] <-- instant_event_alert thr=0.0500 shard=2 rc=0 (03:48:16)
[lane 101] --> p1 instant_event_alert thr=0.0500 shard=2 (03:48:16, 3871s left)
[lane 101] <-- instant_event_alert thr=0.0500 shard=2 rc=0 (03:49:09)
[lane 101] --> p1 instant_event_alert thr=0.0500 shard=3 (03:49:10, 3818s left)
[lane 101] <-- instant_event_alert thr=0.0500 shard=3 rc=0 (03:49:55)
[lane 101] --> p1 instant_event_alert thr=0.0500 shard=3 (03:49:56, 3772s left)
[lane 101] <-- instant_event_alert thr=0.0500 shard=3 rc=0 (03:50:47)
[lane 101] --> p1 instant_event_alert thr=0.0500 shard=2 (03:50:47, 3720s left)
[lane 101] <-- instant_event_alert thr=0.0500 shard=2 rc=0 (03:51:36)
[lane 101] --> p1 instant_event_alert thr=0.0500 shard=2 (03:51:36, 3671s left)
[lane 101] <-- instant_event_alert thr=0.0500 shard=2 rc=0 (03:52:25)
[lane 101] --> p1 instant_event_alert thr=0.0500 shard=2 (03:52:25, 3622s left)
[lane 101] <-- instant_event_alert thr=0.0500 shard=2 rc=0 (03:53:18)
[lane 101] --> p1 instant_event_alert thr=0.0500 shard=2 (03:53:18, 3569s left)
[lane 101] <-- instant_event_alert thr=0.0500 shard=2 rc=0 (03:54:06)
[lane 101] --> p1 instant_event_alert thr=0.0500 shard=0 (03:54:06, 3521s left)
[lane 101] <-- instant_event_alert thr=0.0500 shard=0 rc=0 (03:54:56)
[lane 101] --> p1 instant_event_alert thr=0.0500 shard=1 (03:54:56, 3471s left)
[lane 101] <-- instant_event_alert thr=0.0500 shard=1 rc=0 (03:55:45)
[lane 101] --> p1 instant_event_alert thr=0.0500 shard=2 (03:55:45, 3422s left)
[lane 101] <-- instant_event_alert thr=0.0500 shard=2 rc=0 (03:56:41)
[lane 101] --> p1 instant_event_alert thr=0.0500 shard=2 (03:56:41, 3366s left)
[lane 101] <-- instant_event_alert thr=0.0500 shard=2 rc=0 (03:57:30)
[lane 101] --> p1 instant_event_alert thr=0.0500 shard=2 (03:57:30, 3317s left)
[lane 101] <-- instant_event_alert thr=0.0500 shard=2 rc=0 (03:58:21)
[lane 101] --> p1 instant_event_alert thr=0.0500 shard=2 (03:58:21, 3266s left)
[lane 101] <-- instant_event_alert thr=0.0500 shard=2 rc=0 (03:59:14)
[lane 101] --> p1 instant_event_alert thr=0.0500 shard=2 (03:59:14, 3213s left)
[lane 101] <-- instant_event_alert thr=0.0500 shard=2 rc=0 (04:00:07)
[lane 101] --> p1 instant_event_alert thr=0.0500 shard=0 (04:00:07, 3160s left)
[lane 101] <-- instant_event_alert thr=0.0500 shard=0 rc=0 (04:01:01)
[lane 101] --> p1 instant_event_alert thr=0.0500 shard=0 (04:01:01, 3106s left)
[lane 101] <-- instant_event_alert thr=0.0500 shard=0 rc=0 (04:01:53)
[lane 101] --> p1 instant_event_alert thr=0.0500 shard=0 (04:01:53, 3054s left)
[lane 101] <-- instant_event_alert thr=0.0500 shard=0 rc=0 (04:02:54)
[lane 101] --> p1 instant_event_alert thr=0.0500 shard=0 (04:02:54, 2993s left)
[lane 101] <-- instant_event_alert thr=0.0500 shard=0 rc=0 (04:03:50)
[lane 101] --> p1 instant_event_alert thr=0.0500 shard=0 (04:03:50, 2937s left)
[lane 101] <-- instant_event_alert thr=0.0500 shard=0 rc=0 (04:04:48)
[lane 101] --> p1 instant_event_alert thr=0.0500 shard=3 (04:04:48, 2879s left)
[lane 101] <-- instant_event_alert thr=0.0500 shard=3 rc=0 (04:05:44)
[lane 101] --> p1 instant_event_alert thr=0.0500 shard=2 (04:05:44, 2823s left)
[lane 101] <-- instant_event_alert thr=0.0500 shard=2 rc=0 (04:06:40)
[lane 101] --> p1 instant_event_alert thr=0.0500 shard=3 (04:06:40, 2767s left)
[lane 101] <-- instant_event_alert thr=0.0500 shard=3 rc=0 (04:07:37)
[lane 101] --> p1 instant_event_alert thr=0.0500 shard=2 (04:07:38, 2710s left)
[lane 101] <-- instant_event_alert thr=0.0500 shard=2 rc=0 (04:08:39)
[lane 101] --> p1 instant_event_alert thr=0.0500 shard=1 (04:08:39, 2648s left)
[lane 101] <-- instant_event_alert thr=0.0500 shard=1 rc=0 (04:09:36)
[lane 101] --> p1 instant_event_alert thr=0.0500 shard=3 (04:09:36, 2591s left)
[lane 101] <-- instant_event_alert thr=0.0500 shard=3 rc=0 (04:10:34)
[lane 101] --> p1 instant_event_alert thr=0.0500 shard=3 (04:10:34, 2533s left)
[lane 101] <-- instant_event_alert thr=0.0500 shard=3 rc=0 (04:11:29)
[lane 101] --> p1 instant_event_alert thr=0.0500 shard=1 (04:11:29, 2478s left)
[lane 101] <-- instant_event_alert thr=0.0500 shard=1 rc=0 (04:12:26)
[lane 101] --> p1 instant_event_alert thr=0.0500 shard=1 (04:12:26, 2421s left)
[lane 101] <-- instant_event_alert thr=0.0500 shard=1 rc=0 (04:13:23)
[lane 101] --> p1 instant_event_alert thr=0.0500 shard=0 (04:13:23, 2364s left)
[lane 101] <-- instant_event_alert thr=0.0500 shard=0 rc=0 (04:14:22)
[lane 101] --> p1 instant_event_alert thr=0.0500 shard=2 (04:14:22, 2305s left)
[lane 101] <-- instant_event_alert thr=0.0500 shard=2 rc=0 (04:15:32)
[lane 101] --> p1 instant_event_alert thr=0.0500 shard=1 (04:15:33, 2235s left)
[lane 101] <-- instant_event_alert thr=0.0500 shard=1 rc=0 (04:16:37)
[lane 101] --> p1 instant_event_alert thr=0.0500 shard=2 (04:16:37, 2170s left)
[lane 101] <-- instant_event_alert thr=0.0500 shard=2 rc=0 (04:17:49)
[lane 101] --> p1 instant_event_alert thr=0.0500 shard=1 (04:17:49, 2098s left)
[lane 101] <-- instant_event_alert thr=0.0500 shard=1 rc=0 (04:18:59)
[lane 101] --> p1 instant_event_alert thr=0.0500 shard=1 (04:18:59, 2028s left)
[lane 101] <-- instant_event_alert thr=0.0500 shard=1 rc=0 (04:20:03)
[lane 101] --> p1 instant_event_alert thr=0.0500 shard=1 (04:20:03, 1964s left)
[lane 101] <-- instant_event_alert thr=0.0500 shard=1 rc=0 (04:21:06)
[lane 101] --> p1 instant_event_alert thr=0.0500 shard=0 (04:21:06, 1901s left)
[lane 101] <-- instant_event_alert thr=0.0500 shard=0 rc=0 (04:22:13)
[lane 101] --> p1 instant_event_alert thr=0.0500 shard=0 (04:22:13, 1834s left)
[lane 101] <-- instant_event_alert thr=0.0500 shard=0 rc=0 (04:23:17)
[lane 101] --> p1 instant_event_alert thr=0.0500 shard=0 (04:23:17, 1770s left)
[lane 101] <-- instant_event_alert thr=0.0500 shard=0 rc=0 (04:24:23)
[lane 101] --> p1 instant_event_alert thr=0.0500 shard=0 (04:24:23, 1704s left)
[lane 101] <-- instant_event_alert thr=0.0500 shard=0 rc=0 (04:25:28)
[lane 101] --> p1 instant_event_alert thr=0.0500 shard=0 (04:25:29, 1639s left)
[lane 101] <-- instant_event_alert thr=0.0500 shard=0 rc=0 (04:26:46)
[lane 101] --> p1 instant_event_alert thr=0.0500 shard=3 (04:26:46, 1561s left)
[lane 101] <-- instant_event_alert thr=0.0500 shard=3 rc=0 (04:27:53)
[lane 101] --> p1 instant_event_alert thr=0.0500 shard=3 (04:27:53, 1494s left)
[lane 101] <-- instant_event_alert thr=0.0500 shard=3 rc=0 (04:29:00)
[lane 101] --> p1 instant_event_alert thr=0.0500 shard=3 (04:29:00, 1427s left)
[lane 101] <-- instant_event_alert thr=0.0500 shard=3 rc=0 (04:30:07)
[lane 101] --> p1 instant_event_alert thr=0.0500 shard=3 (04:30:07, 1360s left)
[lane 101] <-- instant_event_alert thr=0.0500 shard=3 rc=0 (04:31:12)
[lane 101] --> p1 instant_event_alert thr=0.0500 shard=3 (04:31:12, 1295s left)
[lane 101] <-- instant_event_alert thr=0.0500 shard=3 rc=0 (04:32:15)
[lane 101] --> p1 instant_event_alert thr=0.0500 shard=2 (04:32:15, 1232s left)
[lane 101] <-- instant_event_alert thr=0.0500 shard=2 rc=0 (04:33:23)
[lane 101] --> p1 instant_event_alert thr=0.0500 shard=3 (04:33:23, 1164s left)
[lane 101] <-- instant_event_alert thr=0.0500 shard=3 rc=0 (04:34:29)
[lane 101] --> p1 instant_event_alert thr=0.0500 shard=1 (04:34:29, 1098s left)
[lane 101] <-- instant_event_alert thr=0.0500 shard=1 rc=0 (04:35:32)
[lane 101] --> p1 instant_event_alert thr=0.0500 shard=1 (04:35:32, 1035s left)
[lane 101] <-- instant_event_alert thr=0.0500 shard=1 rc=0 (04:36:37)
[lane 101] --> p1 instant_event_alert thr=0.0500 shard=3 (04:36:37, 970s left)
[lane 101] <-- instant_event_alert thr=0.0500 shard=3 rc=0 (04:37:42)
[lane 101] --> p1 instant_event_alert thr=0.0500 shard=3 (04:37:42, 905s left)
[lane 101] <-- instant_event_alert thr=0.0500 shard=3 rc=0 (04:38:48)
[lane 101] --> p1 instant_event_alert thr=0.0500 shard=3 (04:38:48, 839s left)
[lane 101] <-- instant_event_alert thr=0.0500 shard=3 rc=0 (04:39:54)
[lane 101] --> p1 instant_event_alert thr=0.0500 shard=0 (04:39:54, 773s left)
[lane 101] <-- instant_event_alert thr=0.0500 shard=0 rc=0 (04:41:01)
[lane 101] --> p1 instant_event_alert thr=0.0500 shard=2 (04:41:01, 706s left)
[lane 101] <-- instant_event_alert thr=0.0500 shard=2 rc=0 (04:42:09)
[lane 101] --> p1 instant_event_alert thr=0.0500 shard=2 (04:42:09, 638s left)
[lane 101] <-- instant_event_alert thr=0.0500 shard=2 rc=0 (04:43:15)
[lane 101] --> p1 instant_event_alert thr=0.0500 shard=2 (04:43:16, 572s left)
[lane 101] <-- instant_event_alert thr=0.0500 shard=2 rc=0 (04:44:24)
[lane 101] --> p1 instant_event_alert thr=0.0500 shard=3 (04:44:24, 503s left)
[lane 101] <-- instant_event_alert thr=0.0500 shard=3 rc=0 (04:45:30)
[lane 101] --> p1 instant_event_alert thr=0.0500 shard=2 (04:45:30, 437s left)
[lane 101] <-- instant_event_alert thr=0.0500 shard=2 rc=0 (04:46:35)
[lane 101] --> p1 instant_event_alert thr=0.0500 shard=2 (04:46:36, 372s left)
[lane 101] <-- instant_event_alert thr=0.0500 shard=2 rc=0 (04:47:43)
[lane 101] --> p1 instant_event_alert thr=0.0500 shard=1 (04:47:43, 304s left)
[lane 101] <-- instant_event_alert thr=0.0500 shard=1 rc=0 (04:48:53)
[lane 101] 234s left (< 240) -- stopping cleanly
[lane 101] done, 88 units attempted 04:48:53
[lane 101] clariden-ln004 gpu=1 start=04:49:29 deadline=06:19:09 max_dur=300
[lane 101] --> p1 instant_event_alert thr=0.0500 shard=1 (04:49:29, 5380s left)
[lane 101] <-- instant_event_alert thr=0.0500 shard=1 rc=0 (04:50:37)
[lane 101] --> p1 instant_event_alert thr=0.0500 shard=1 (04:50:37, 5312s left)
[lane 101] <-- instant_event_alert thr=0.0500 shard=1 rc=0 (04:51:34)
[lane 101] --> p1 instant_event_alert thr=0.0500 shard=0 (04:51:34, 5255s left)
[lane 101] <-- instant_event_alert thr=0.0500 shard=0 rc=0 (04:52:42)
[lane 101] --> p1 instant_event_alert thr=0.0500 shard=3 (04:52:42, 5187s left)
[lane 101] <-- instant_event_alert thr=0.0500 shard=3 rc=0 (04:53:49)
[lane 101] --> p1 instant_event_alert thr=0.0500 shard=1 (04:53:49, 5120s left)
[lane 101] <-- instant_event_alert thr=0.0500 shard=1 rc=0 (04:54:53)
[lane 101] --> p1 instant_event_alert thr=0.0500 shard=1 (04:54:53, 5056s left)
[lane 101] <-- instant_event_alert thr=0.0500 shard=1 rc=0 (04:56:00)
[lane 101] --> p1 instant_event_alert thr=0.0500 shard=1 (04:56:00, 4989s left)
[lane 101] <-- instant_event_alert thr=0.0500 shard=1 rc=0 (04:57:01)
[lane 101] --> p1 instant_event_alert thr=0.0500 shard=1 (04:57:01, 4928s left)
[lane 101] <-- instant_event_alert thr=0.0500 shard=1 rc=0 (04:58:06)
[lane 101] --> p1 instant_event_alert thr=0.0500 shard=0 (04:58:06, 4863s left)
[lane 101] <-- instant_event_alert thr=0.0500 shard=0 rc=0 (04:59:14)
[lane 101] --> p1 instant_event_alert thr=0.0500 shard=0 (04:59:14, 4795s left)
[lane 101] <-- instant_event_alert thr=0.0500 shard=0 rc=0 (05:00:19)
[lane 101] --> p1 instant_event_alert thr=0.0500 shard=0 (05:00:19, 4730s left)
[lane 101] <-- instant_event_alert thr=0.0500 shard=0 rc=0 (05:01:24)
[lane 101] --> p1 instant_event_alert thr=0.0500 shard=2 (05:01:24, 4665s left)
[lane 101] <-- instant_event_alert thr=0.0500 shard=2 rc=0 (05:02:28)
[lane 101] --> p1 instant_event_alert thr=0.0500 shard=2 (05:02:28, 4601s left)
[lane 101] <-- instant_event_alert thr=0.0500 shard=2 rc=0 (05:03:34)
[lane 101] --> p1 instant_event_alert thr=0.0500 shard=0 (05:03:34, 4535s left)
[lane 101] <-- instant_event_alert thr=0.0500 shard=0 rc=0 (05:04:37)
[lane 101] --> p1 instant_event_alert thr=0.0500 shard=0 (05:04:38, 4472s left)
[lane 101] <-- instant_event_alert thr=0.0500 shard=0 rc=0 (05:05:42)
[lane 101] --> p1 instant_event_alert thr=0.0500 shard=2 (05:05:42, 4407s left)
[lane 101] <-- instant_event_alert thr=0.0500 shard=2 rc=0 (05:06:43)
[lane 101] --> p1 instant_event_alert thr=0.0500 shard=2 (05:06:43, 4346s left)
[lane 101] <-- instant_event_alert thr=0.0500 shard=2 rc=0 (05:07:46)
[lane 101] --> p1 instant_event_alert thr=0.0500 shard=2 (05:07:46, 4283s left)
[lane 101] <-- instant_event_alert thr=0.0500 shard=2 rc=0 (05:08:48)
[lane 101] --> p1 instant_event_alert thr=0.0500 shard=0 (05:08:48, 4221s left)
[lane 101] <-- instant_event_alert thr=0.0500 shard=0 rc=0 (05:09:55)
[lane 101] --> p1 instant_event_alert thr=0.0500 shard=0 (05:09:55, 4154s left)
[lane 101] <-- instant_event_alert thr=0.0500 shard=0 rc=0 (05:10:57)
[lane 101] --> p1 instant_event_alert thr=0.0500 shard=0 (05:10:57, 4092s left)
[lane 101] <-- instant_event_alert thr=0.0500 shard=0 rc=0 (05:11:56)
[lane 101] --> p1 instant_event_alert thr=0.0500 shard=0 (05:11:56, 4033s left)
[lane 101] <-- instant_event_alert thr=0.0500 shard=0 rc=0 (05:13:01)
[lane 101] --> p1 instant_event_alert thr=0.0500 shard=1 (05:13:02, 3968s left)
[lane 101] <-- instant_event_alert thr=0.0500 shard=1 rc=0 (05:14:04)
[lane 101] --> p1 instant_event_alert thr=0.0500 shard=1 (05:14:04, 3905s left)
[lane 101] <-- instant_event_alert thr=0.0500 shard=1 rc=0 (05:15:10)
[lane 101] --> p1 instant_event_alert thr=0.0500 shard=0 (05:15:10, 3839s left)
[lane 101] <-- instant_event_alert thr=0.0500 shard=0 rc=0 (05:16:17)
[lane 101] --> p1 instant_event_alert thr=0.0500 shard=0 (05:16:17, 3772s left)
[lane 101] <-- instant_event_alert thr=0.0500 shard=0 rc=0 (05:17:21)
[lane 101] --> p1 instant_event_alert thr=0.0500 shard=2 (05:17:21, 3708s left)
[lane 101] <-- instant_event_alert thr=0.0500 shard=2 rc=0 (05:18:26)
[lane 101] --> p1 instant_event_alert thr=0.0500 shard=2 (05:18:26, 3643s left)
[lane 101] <-- instant_event_alert thr=0.0500 shard=2 rc=0 (05:19:23)
[lane 101] --> p1 instant_event_alert thr=0.0500 shard=1 (05:19:23, 3586s left)
[lane 101] <-- instant_event_alert thr=0.0500 shard=1 rc=0 (05:20:23)
[lane 101] --> p1 instant_event_alert thr=0.0500 shard=0 (05:20:23, 3526s left)
[lane 101] <-- instant_event_alert thr=0.0500 shard=0 rc=0 (05:21:29)
[lane 101] --> p1 instant_event_alert thr=0.0500 shard=0 (05:21:29, 3460s left)
[lane 101] <-- instant_event_alert thr=0.0500 shard=0 rc=0 (05:22:28)
[lane 101] --> p1 instant_event_alert thr=0.0500 shard=0 (05:22:28, 3401s left)
[lane 101] <-- instant_event_alert thr=0.0500 shard=0 rc=0 (05:23:24)
[lane 101] --> p1 instant_event_alert thr=0.0500 shard=0 (05:23:24, 3345s left)
[lane 101] <-- instant_event_alert thr=0.0500 shard=0 rc=0 (05:24:29)
[lane 101] --> p1 instant_event_alert thr=0.0500 shard=0 (05:24:29, 3280s left)
[lane 101] <-- instant_event_alert thr=0.0500 shard=0 rc=0 (05:25:29)
[lane 101] --> p1 instant_event_alert thr=0.0500 shard=0 (05:25:29, 3220s left)
[lane 101] <-- instant_event_alert thr=0.0500 shard=0 rc=0 (05:26:30)
[lane 101] --> p1 instant_event_alert thr=0.0500 shard=0 (05:26:30, 3159s left)
[lane 101] <-- instant_event_alert thr=0.0500 shard=0 rc=0 (05:27:32)
[lane 101] --> p1 instant_event_alert thr=0.0500 shard=2 (05:27:32, 3097s left)
[lane 101] <-- instant_event_alert thr=0.0500 shard=2 rc=0 (05:28:25)
[lane 101] --> p1 instant_event_alert thr=0.0500 shard=2 (05:28:25, 3044s left)
[lane 101] <-- instant_event_alert thr=0.0500 shard=2 rc=0 (05:29:25)
[lane 101] --> p1 instant_event_alert thr=0.0500 shard=0 (05:29:26, 2984s left)
[lane 101] <-- instant_event_alert thr=0.0500 shard=0 rc=0 (05:30:24)
[lane 101] --> p1 instant_event_alert thr=0.0500 shard=2 (05:30:26, 2925s left)
[lane 101] <-- instant_event_alert thr=0.0500 shard=2 rc=0 (05:31:29)
[lane 101] --> p1 instant_event_alert thr=0.0500 shard=1 (05:31:29, 2860s left)
[lane 101] <-- instant_event_alert thr=0.0500 shard=1 rc=0 (05:32:28)
[lane 101] --> p1 instant_event_alert thr=0.0500 shard=3 (05:32:28, 2801s left)
[lane 101] <-- instant_event_alert thr=0.0500 shard=3 rc=0 (05:33:38)
[lane 101] --> p1 instant_event_alert thr=0.0500 shard=0 (05:33:38, 2731s left)
[lane 101] <-- instant_event_alert thr=0.0500 shard=0 rc=0 (05:34:45)
[lane 101] --> p1 instant_event_alert thr=0.0500 shard=0 (05:34:45, 2664s left)
[lane 101] <-- instant_event_alert thr=0.0500 shard=0 rc=0 (05:35:49)
[lane 101] --> p1 instant_event_alert thr=0.0500 shard=0 (05:35:49, 2600s left)
[lane 101] <-- instant_event_alert thr=0.0500 shard=0 rc=0 (05:36:52)
[lane 101] --> p1 instant_event_alert thr=0.0500 shard=0 (05:36:52, 2537s left)
[lane 101] <-- instant_event_alert thr=0.0500 shard=0 rc=0 (05:37:55)
[lane 101] --> p1 instant_event_alert thr=0.0500 shard=0 (05:37:55, 2474s left)
[lane 101] <-- instant_event_alert thr=0.0500 shard=0 rc=0 (05:38:51)
[lane 101] --> p1 instant_event_alert thr=0.0500 shard=1 (05:38:51, 2418s left)
[lane 101] <-- instant_event_alert thr=0.0500 shard=1 rc=0 (05:39:55)
[lane 101] --> p1 instant_event_alert thr=0.0500 shard=2 (05:39:55, 2354s left)
[lane 101] <-- instant_event_alert thr=0.0500 shard=2 rc=0 (05:41:00)
[lane 101] --> p1 instant_event_alert thr=0.0500 shard=1 (05:41:00, 2289s left)
[lane 101] <-- instant_event_alert thr=0.0500 shard=1 rc=0 (05:42:09)
[lane 101] --> p1 instant_event_alert thr=0.0500 shard=0 (05:42:09, 2220s left)
[lane 101] <-- instant_event_alert thr=0.0500 shard=0 rc=0 (05:43:14)
[lane 101] --> p1 instant_event_alert thr=0.0500 shard=2 (05:43:14, 2155s left)
[lane 101] <-- instant_event_alert thr=0.0500 shard=2 rc=0 (05:44:14)
[lane 101] --> p1 instant_event_alert thr=0.0500 shard=0 (05:44:14, 2095s left)
[lane 101] clariden-ln002 gpu=1 start=05:44:35 deadline=07:14:15 max_dur=300
[lane 101] --> p1 instant_event_alert thr=0.1500 shard=1 (05:44:36, 5380s left)
[lane 101] <-- instant_event_alert thr=0.1500 shard=1 rc=0 BARREN (nothing under 300s) (05:45:12)
[lane 101] --> p1 instant_event_alert thr=0.1500 shard=3 (05:45:12, 5343s left)
[lane 101] <-- instant_event_alert thr=0.0500 shard=0 rc=0 (05:45:15)
[lane 101] --> p1 instant_event_alert thr=0.0500 shard=2 (05:45:15, 2034s left)
[lane 101] <-- instant_event_alert thr=0.0500 shard=2 rc=0 (05:46:11)
[lane 101] --> p1 instant_event_alert thr=0.0500 shard=2 (05:46:12, 1978s left)
[lane 101] <-- instant_event_alert thr=0.0500 shard=2 rc=0 (05:47:17)
[lane 101] --> p1 instant_event_alert thr=0.0500 shard=3 (05:47:17, 1912s left)
[lane 101] <-- instant_event_alert thr=0.1500 shard=3 rc=0 +1 samples (05:48:05)
[lane 101] --> p1 instant_event_alert thr=0.1500 shard=3 (05:48:05, 5170s left)
[lane 101] <-- instant_event_alert thr=0.0500 shard=3 rc=0 (05:48:17)
[lane 101] --> p1 instant_event_alert thr=0.0500 shard=3 (05:48:18, 1851s left)
[lane 101] <-- instant_event_alert thr=0.1500 shard=3 rc=0 BARREN (nothing under 300s) (05:48:34)
[lane 101] --> p1 instant_event_alert thr=0.2500 shard=1 (05:48:34, 5141s left)
[lane 101] <-- instant_event_alert thr=0.2500 shard=1 rc=0 BARREN (nothing under 300s) (05:49:14)
[lane 101] --> p1 instant_event_alert thr=0.2500 shard=2 (05:49:14, 5101s left)
[lane 101] <-- instant_event_alert thr=0.0500 shard=3 rc=0 (05:49:19)
[lane 101] --> p1 instant_event_alert thr=0.0500 shard=2 (05:49:20, 1790s left)
[lane 101] <-- instant_event_alert thr=0.2500 shard=2 rc=0 BARREN (nothing under 300s) (05:49:40)
[lane 101] --> p1 instant_event_alert thr=0.2500 shard=3 (05:49:40, 5075s left)
[lane 101] <-- instant_event_alert thr=0.0500 shard=2 rc=0 (05:50:18)
[lane 101] --> p1 instant_event_alert thr=0.0500 shard=1 (05:50:18, 1731s left)
[lane 101] <-- instant_event_alert thr=0.2500 shard=3 rc=0 BARREN (nothing under 300s) (05:50:23)
[lane 101] --> p1 instant_event_alert thr=0.3500 shard=0 (05:50:23, 5032s left)
[lane 101] <-- instant_event_alert thr=0.0500 shard=1 rc=0 (05:51:18)
[lane 101] --> p1 instant_event_alert thr=0.0500 shard=1 (05:51:19, 1671s left)
[lane 101] <-- instant_event_alert thr=0.0500 shard=1 rc=0 (05:52:18)
[lane 101] --> p1 instant_event_alert thr=0.0500 shard=2 (05:52:18, 1611s left)
[lane 101] <-- instant_event_alert thr=0.0500 shard=2 rc=0 (05:53:20)
[lane 101] --> p1 instant_event_alert thr=0.0500 shard=2 (05:53:20, 1549s left)
[lane 101] <-- instant_event_alert thr=0.0500 shard=2 rc=0 (05:54:23)
[lane 101] --> p1 instant_event_alert thr=0.0500 shard=0 (05:54:23, 1486s left)
[lane 101] <-- instant_event_alert thr=0.0500 shard=0 rc=0 (05:55:27)
[lane 101] --> p1 instant_event_alert thr=0.0500 shard=3 (05:55:27, 1422s left)
[lane 101] <-- instant_event_alert thr=0.0500 shard=3 rc=0 (05:56:26)
[lane 101] --> p1 instant_event_alert thr=0.0500 shard=2 (05:56:26, 1363s left)
[lane 101] <-- instant_event_alert thr=0.3500 shard=0 rc=0 +1 samples (05:57:30)
[lane 101] --> p1 instant_event_alert thr=0.1500 shard=2 (05:57:30, 4605s left)
[lane 101] <-- instant_event_alert thr=0.0500 shard=2 rc=0 (05:57:36)
[lane 101] --> p1 instant_event_alert thr=0.0500 shard=0 (05:57:36, 1293s left)
[lane 101] <-- instant_event_alert thr=0.1500 shard=2 rc=0 BARREN (nothing under 300s) (05:58:16)
[lane 101] --> p1 instant_event_alert thr=0.4500 shard=1 (05:58:16, 4559s left)
[lane 101] <-- instant_event_alert thr=0.0500 shard=0 rc=0 (05:58:37)
[lane 101] --> p1 instant_event_alert thr=0.0500 shard=0 (05:58:37, 1232s left)
[lane 101] <-- instant_event_alert thr=0.4500 shard=1 rc=0 BARREN (nothing under 300s) (05:58:38)
[lane 101] --> p1 instant_event_alert thr=0.4500 shard=2 (05:58:38, 4537s left)
[lane 101] <-- instant_event_alert thr=0.4500 shard=2 rc=0 BARREN (nothing under 300s) (05:59:19)
[lane 101] --> p1 instant_event_alert thr=0.4500 shard=3 (05:59:19, 4496s left)
[lane 101] <-- instant_event_alert thr=0.0500 shard=0 rc=0 (05:59:40)
[lane 101] --> p1 instant_event_alert thr=0.0500 shard=0 (05:59:40, 1169s left)
[lane 101] <-- instant_event_alert thr=0.4500 shard=3 rc=0 BARREN (nothing under 300s) (05:59:43)
[lane 101] --> p1 instant_event_alert thr=0.6500 shard=1 (05:59:43, 4472s left)
[lane 101] <-- instant_event_alert thr=0.6500 shard=1 rc=0 BARREN (nothing under 300s) (06:00:24)
[lane 101] --> p1 instant_event_alert thr=0.6500 shard=2 (06:00:24, 4431s left)
[lane 101] <-- instant_event_alert thr=0.0500 shard=0 rc=0 (06:00:40)
[lane 101] --> p1 instant_event_alert thr=0.0500 shard=3 (06:00:40, 1109s left)
[lane 101] <-- instant_event_alert thr=0.6500 shard=2 rc=0 BARREN (nothing under 300s) (06:00:41)
[lane 101] --> p1 instant_event_alert thr=0.6500 shard=3 (06:00:41, 4414s left)
[lane 101] <-- instant_event_alert thr=0.6500 shard=3 rc=0 BARREN (nothing under 300s) (06:01:04)
[lane 101] --> p1 instant_event_alert thr=0.7500 shard=0 (06:01:04, 4391s left)
[lane 101] <-- instant_event_alert thr=0.0500 shard=3 rc=0 (06:01:42)
[lane 101] --> p1 instant_event_alert thr=0.0500 shard=1 (06:01:42, 1047s left)
[lane 101] <-- instant_event_alert thr=0.0500 shard=1 rc=0 (06:02:49)
[lane 101] --> p1 instant_event_alert thr=0.0500 shard=0 (06:02:50, 980s left)
[lane 101] <-- instant_event_alert thr=0.0500 shard=0 rc=0 (06:03:55)
[lane 101] --> p1 instant_event_alert thr=0.0500 shard=0 (06:03:55, 914s left)
[lane 101] <-- instant_event_alert thr=0.0500 shard=0 rc=0 (06:05:05)
[lane 101] --> p1 instant_event_alert thr=0.0500 shard=0 (06:05:05, 844s left)
[lane 101] <-- instant_event_alert thr=0.0500 shard=0 rc=0 (06:06:21)
[lane 101] --> p1 instant_event_alert thr=0.0500 shard=1 (06:06:22, 768s left)
[lane 101] <-- instant_event_alert thr=0.7500 shard=0 rc=0 +1 samples (06:07:19)
[lane 101] --> p1 instant_event_alert thr=0.8500 shard=2 (06:07:19, 4016s left)
[lane 101] <-- instant_event_alert thr=0.0500 shard=1 rc=0 (06:07:40)
[lane 101] --> p1 instant_event_alert thr=0.0500 shard=1 (06:07:40, 689s left)
[lane 101] <-- instant_event_alert thr=0.8500 shard=2 rc=0 BARREN (nothing under 300s) (06:08:13)
[lane 101] --> p1 instant_event_alert thr=0.8500 shard=1 (06:08:13, 3962s left)
[lane 101] <-- instant_event_alert thr=0.8500 shard=1 rc=0 BARREN (nothing under 300s) (06:08:36)
[lane 101] --> p1 instant_event_alert thr=0.9500 shard=0 (06:08:36, 3939s left)
[lane 101] <-- instant_event_alert thr=0.0500 shard=1 rc=0 (06:08:50)
[lane 101] --> p1 instant_event_alert thr=0.0500 shard=0 (06:08:51, 619s left)
[lane 101] <-- instant_event_alert thr=0.9500 shard=0 rc=0 BARREN (nothing under 300s) (06:09:12)
[lane 101] --> p1 instant_event_alert thr=0.9500 shard=1 (06:09:12, 3903s left)
[lane 101] <-- instant_event_alert thr=0.9500 shard=1 rc=0 BARREN (nothing under 300s) (06:10:18)
[lane 101] --> p1 instant_event_alert thr=0.8500 shard=3 (06:10:18, 3837s left)
[lane 101] <-- instant_event_alert thr=0.0500 shard=0 rc=0 (06:10:18)
[lane 101] --> p1 instant_event_alert thr=0.0500 shard=0 (06:10:18, 531s left)
[lane 101] <-- instant_event_alert thr=0.8500 shard=3 rc=0 BARREN (nothing under 300s) (06:10:41)
[lane 101] --> p1 instant_event_alert thr=0.9500 shard=3 (06:10:41, 3814s left)
[lane 101] <-- instant_event_alert thr=0.9500 shard=3 rc=0 BARREN (nothing under 300s) (06:11:00)
[lane 101] --> p1 semantic_condition_alert thr=0.0100 shard=1 (06:11:00, 3795s left)
[lane 101] <-- semantic_condition_alert thr=0.0100 shard=1 rc=0 BARREN (nothing under 300s) (06:11:18)
[lane 101] --> p1 semantic_condition_alert thr=0.0100 shard=3 (06:11:18, 3777s left)
[lane 101] <-- instant_event_alert thr=0.0500 shard=0 rc=0 (06:11:22)
[lane 101] --> p1 instant_event_alert thr=0.0500 shard=0 (06:11:22, 467s left)
[lane 101] <-- semantic_condition_alert thr=0.0100 shard=3 rc=0 BARREN (nothing under 300s) (06:11:38)
[lane 101] --> p1 semantic_condition_alert thr=0.0100 shard=2 (06:11:38, 3757s left)
[lane 101] <-- semantic_condition_alert thr=0.0100 shard=2 rc=0 BARREN (nothing under 300s) (06:12:01)
[lane 101] --> p1 semantic_condition_alert thr=0.0200 shard=1 (06:12:01, 3734s left)
[lane 101] <-- semantic_condition_alert thr=0.0200 shard=1 rc=0 BARREN (nothing under 300s) (06:12:20)
[lane 101] --> p1 semantic_condition_alert thr=0.0200 shard=3 (06:12:20, 3715s left)
[lane 101] <-- instant_event_alert thr=0.0500 shard=0 rc=0 (06:12:27)
[lane 101] --> p1 instant_event_alert thr=0.0500 shard=1 (06:12:27, 402s left)
[lane 101] <-- semantic_condition_alert thr=0.0200 shard=3 rc=0 BARREN (nothing under 300s) (06:12:39)
[lane 101] --> p1 semantic_condition_alert thr=0.0200 shard=2 (06:12:39, 3696s left)
[lane 101] <-- semantic_condition_alert thr=0.0200 shard=2 rc=0 BARREN (nothing under 300s) (06:13:00)
[lane 101] --> p1 semantic_condition_alert thr=0.0500 shard=2 (06:13:00, 3675s left)
[lane 101] <-- semantic_condition_alert thr=0.0500 shard=2 rc=0 BARREN (nothing under 300s) (06:13:23)
[lane 101] --> p1 semantic_condition_alert thr=0.0500 shard=1 (06:13:23, 3652s left)
[lane 101] <-- instant_event_alert thr=0.0500 shard=1 rc=0 (06:13:31)
[lane 101] --> p1 instant_event_alert thr=0.0500 shard=3 (06:13:31, 338s left)
[lane 101] <-- semantic_condition_alert thr=0.0500 shard=1 rc=0 BARREN (nothing under 300s) (06:13:41)
[lane 101] --> p1 semantic_condition_alert thr=0.0500 shard=3 (06:13:41, 3634s left)
[lane 101] <-- semantic_condition_alert thr=0.0500 shard=3 rc=0 BARREN (nothing under 300s) (06:14:18)
[lane 101] --> p1 semantic_condition_alert thr=0.1500 shard=2 (06:14:18, 3597s left)
[lane 101] <-- instant_event_alert thr=0.0500 shard=3 rc=0 (06:14:37)
[lane 101] --> p1 instant_event_alert thr=0.0500 shard=2 (06:14:37, 272s left)
[lane 101] <-- semantic_condition_alert thr=0.1500 shard=2 rc=0 +1 samples (06:15:09)
[lane 101] --> p1 semantic_condition_alert thr=0.1500 shard=2 (06:15:09, 3546s left)
[lane 101] <-- semantic_condition_alert thr=0.1500 shard=2 rc=0 BARREN (nothing under 300s) (06:15:35)
[lane 101] --> p1 semantic_condition_alert thr=0.1500 shard=1 (06:15:35, 3520s left)
[lane 101] <-- instant_event_alert thr=0.0500 shard=2 rc=0 (06:15:40)
[lane 101] 209s left (< 240) -- stopping cleanly
[lane 101] <-- semantic_condition_alert thr=0.1500 shard=1 rc=0 BARREN (nothing under 300s) (06:16:21)
[lane 101] --> p1 semantic_condition_alert thr=0.1500 shard=3 (06:16:21, 3474s left)
[lane 101] <-- semantic_condition_alert thr=0.1500 shard=3 rc=0 BARREN (nothing under 300s) (06:16:40)
[lane 101] --> p1 semantic_condition_alert thr=0.2500 shard=2 (06:16:40, 3455s left)
[lane 101] <-- semantic_condition_alert thr=0.2500 shard=2 rc=0 +2 samples (06:17:00)
[lane 101] --> p1 semantic_condition_alert thr=0.2500 shard=2 (06:17:00, 3435s left)
[lane 101] <-- semantic_condition_alert thr=0.2500 shard=2 rc=0 BARREN (nothing under 300s) (06:17:18)
[lane 101] --> p1 semantic_condition_alert thr=0.6500 shard=0 (06:17:18, 3417s left)
[lane 101] clariden-ln004 gpu=1 start=06:17:51 deadline=07:47:31 max_dur=300
[lane 101] --> p1 semantic_condition_alert thr=0.0100 shard=2 (06:17:51, 5380s left)
[lane 101] <-- semantic_condition_alert thr=0.0100 shard=2 rc=0 BARREN (nothing under 300s) (06:18:30)
[lane 101] --> p1 semantic_condition_alert thr=0.0100 shard=1 (06:18:31, 5341s left)
[lane 101] <-- semantic_condition_alert thr=0.0100 shard=1 rc=0 BARREN (nothing under 300s) (06:19:24)
[lane 101] --> p1 semantic_condition_alert thr=0.0200 shard=2 (06:19:25, 5287s left)
[lane 101] <-- semantic_condition_alert thr=0.0200 shard=2 rc=0 BARREN (nothing under 300s) (06:20:29)
[lane 101] --> p1 semantic_condition_alert thr=0.0100 shard=3 (06:20:30, 5222s left)
[lane 101] <-- semantic_condition_alert thr=0.0100 shard=3 rc=0 BARREN (nothing under 300s) (06:21:35)
[lane 101] --> p1 semantic_condition_alert thr=0.0200 shard=1 (06:21:36, 5156s left)
[lane 101] <-- semantic_condition_alert thr=0.0200 shard=1 rc=0 BARREN (nothing under 300s) (06:22:39)
[lane 101] --> p1 semantic_condition_alert thr=0.0200 shard=3 (06:22:39, 5092s left)
[lane 101] <-- semantic_condition_alert thr=0.0200 shard=3 rc=0 BARREN (nothing under 300s) (06:23:46)
[lane 101] --> p1 semantic_condition_alert thr=0.2500 shard=1 (06:23:47, 5025s left)
[lane 101] <-- semantic_condition_alert thr=0.2500 shard=1 rc=0 +1 samples (06:24:48)
[lane 101] --> p1 semantic_condition_alert thr=0.2500 shard=0 (06:24:48, 4963s left)
[lane 101] <-- semantic_condition_alert thr=0.2500 shard=0 rc=0 +1 samples (06:35:55)
[lane 101] --> p1 semantic_condition_alert thr=0.3500 shard=2 (06:35:55, 4296s left)
[lane 101] <-- semantic_condition_alert thr=0.3500 shard=2 rc=0 BARREN (nothing under 300s) (06:37:00)
[lane 101] --> p1 semantic_condition_alert thr=0.4500 shard=1 (06:37:00, 4231s left)
[lane 101] <-- semantic_condition_alert thr=0.4500 shard=1 rc=0 BARREN (nothing under 300s) (06:38:07)
[lane 101] --> p1 semantic_condition_alert thr=0.3500 shard=3 (06:38:07, 4164s left)
[lane 101] <-- semantic_condition_alert thr=0.3500 shard=3 rc=0 +1 samples (06:39:05)
[lane 101] --> p1 semantic_condition_alert thr=0.6500 shard=2 (06:39:05, 4106s left)
[lane 101] <-- semantic_condition_alert thr=0.6500 shard=2 rc=0 BARREN (nothing under 300s) (06:40:02)
[lane 101] --> p1 semantic_condition_alert thr=0.4500 shard=2 (06:40:02, 4049s left)
[lane 101] <-- semantic_condition_alert thr=0.4500 shard=2 rc=0 BARREN (nothing under 300s) (06:40:57)
[lane 101] --> p1 semantic_condition_alert thr=0.5500 shard=1 (06:40:57, 3994s left)
[lane 101] <-- semantic_condition_alert thr=0.5500 shard=1 rc=0 BARREN (nothing under 300s) (06:42:04)
[lane 101] --> p1 semantic_condition_alert thr=0.7500 shard=1 (06:42:04, 3927s left)
[lane 101] <-- semantic_condition_alert thr=0.7500 shard=1 rc=0 BARREN (nothing under 300s) (06:43:09)
[lane 101] --> p1 semantic_condition_alert thr=0.5500 shard=2 (06:43:10, 3862s left)
[lane 101] <-- semantic_condition_alert thr=0.5500 shard=2 rc=0 BARREN (nothing under 300s) (06:44:16)
[lane 101] --> p1 semantic_condition_alert thr=0.5500 shard=3 (06:44:17, 3795s left)
[lane 101] <-- semantic_condition_alert thr=0.5500 shard=3 rc=0 BARREN (nothing under 300s) (06:45:23)
[lane 101] --> p1 semantic_condition_alert thr=0.8500 shard=1 (06:45:24, 3728s left)
[lane 101] <-- semantic_condition_alert thr=0.8500 shard=1 rc=0 BARREN (nothing under 300s) (06:46:26)
[lane 101] --> p1 semantic_condition_alert thr=0.6500 shard=1 (06:46:26, 3665s left)
[lane 101] <-- semantic_condition_alert thr=0.6500 shard=0 rc=0 +12 samples (06:46:58)
[lane 101] --> p1 semantic_condition_alert thr=0.6500 shard=0 (06:46:58, 1637s left)
[lane 101] <-- semantic_condition_alert thr=0.6500 shard=1 rc=0 +1 samples (06:47:16)
[lane 101] --> p1 semantic_condition_alert thr=0.6500 shard=1 (06:47:17, 3615s left)
[lane 101] <-- semantic_condition_alert thr=0.6500 shard=0 rc=0 BARREN (nothing under 300s) (06:47:33)
[lane 101] --> p1 semantic_condition_alert thr=0.5500 shard=2 (06:47:33, 1602s left)
[lane 101] <-- semantic_condition_alert thr=0.5500 shard=2 rc=0 BARREN (nothing under 300s) (06:47:49)
[lane 101] --> p1 semantic_condition_alert thr=0.5500 shard=1 (06:47:49, 1586s left)
[lane 101] <-- semantic_condition_alert thr=0.5500 shard=1 rc=0 BARREN (nothing under 300s) (06:48:07)
[lane 101] --> p1 semantic_condition_alert thr=0.7500 shard=1 (06:48:08, 1568s left)
[lane 101] <-- semantic_condition_alert thr=0.6500 shard=1 rc=0 BARREN (nothing under 300s) (06:48:17)
[lane 101] --> p1 semantic_condition_alert thr=0.7500 shard=2 (06:48:18, 3554s left)
[lane 101] <-- semantic_condition_alert thr=0.7500 shard=1 rc=0 BARREN (nothing under 300s) (06:48:29)
[lane 101] --> p1 semantic_condition_alert thr=0.6500 shard=2 (06:48:29, 1546s left)
[lane 101] <-- semantic_condition_alert thr=0.6500 shard=2 rc=0 BARREN (nothing under 300s) (06:48:48)
[lane 101] --> p1 semantic_condition_alert thr=0.6500 shard=1 (06:48:48, 1527s left)
[lane 101] <-- semantic_condition_alert thr=0.6500 shard=1 rc=0 BARREN (nothing under 300s) (06:49:05)
[lane 101] --> p1 semantic_condition_alert thr=0.7500 shard=3 (06:49:05, 1510s left)
[lane 101] <-- semantic_condition_alert thr=0.7500 shard=2 rc=0 BARREN (nothing under 300s) (06:49:16)
[lane 101] --> p1 semantic_condition_alert thr=0.8500 shard=2 (06:49:17, 3495s left)
[lane 101] <-- semantic_condition_alert thr=0.7500 shard=3 rc=0 BARREN (nothing under 300s) (06:49:22)
[lane 101] --> p1 semantic_condition_alert thr=0.8500 shard=1 (06:49:22, 1493s left)
[lane 101] <-- semantic_condition_alert thr=0.8500 shard=1 rc=0 BARREN (nothing under 300s) (06:49:39)
[lane 101] --> p1 semantic_condition_alert thr=0.5500 shard=3 (06:49:39, 1476s left)
[lane 101] <-- semantic_condition_alert thr=0.5500 shard=3 rc=0 BARREN (nothing under 300s) (06:49:54)
[lane 101] --> p1 semantic_condition_alert thr=0.8500 shard=3 (06:49:55, 1461s left)
[lane 101] <-- semantic_condition_alert thr=0.8500 shard=2 rc=0 BARREN (nothing under 300s) (06:50:10)
[lane 101] --> p1 semantic_condition_alert thr=0.7500 shard=3 (06:50:10, 3441s left)
[lane 101] <-- semantic_condition_alert thr=0.8500 shard=3 rc=0 BARREN (nothing under 300s) (06:50:12)
[lane 101] --> p1 semantic_condition_alert thr=0.7500 shard=2 (06:50:12, 1443s left)
[lane 101] <-- semantic_condition_alert thr=0.7500 shard=2 rc=0 BARREN (nothing under 300s) (06:50:32)
[lane 101] --> p1 semantic_condition_alert thr=0.9500 shard=2 (06:50:33, 1423s left)
[lane 101] <-- semantic_condition_alert thr=0.7500 shard=3 rc=0 BARREN (nothing under 300s) (06:51:07)
[lane 101] --> p1 semantic_condition_alert thr=0.8500 shard=3 (06:51:09, 3384s left)
[lane 101] <-- semantic_condition_alert thr=0.9500 shard=2 rc=0 BARREN (nothing under 300s) (06:51:10)
[lane 101] --> p1 semantic_condition_alert thr=0.8500 shard=2 (06:51:10, 1385s left)
[lane 101] <-- semantic_condition_alert thr=0.8500 shard=2 rc=0 BARREN (nothing under 300s) (06:51:31)
[lane 101] --> p1 explicit_target_grounding thr=0.3500 shard=0 (06:51:31, 1364s left)
[lane 101] <-- semantic_condition_alert thr=0.8500 shard=3 rc=0 BARREN (nothing under 300s) (06:52:07)
[lane 101] --> p1 semantic_condition_alert thr=0.9500 shard=2 (06:52:07, 3324s left)
[lane 101] <-- semantic_condition_alert thr=0.9500 shard=2 rc=0 BARREN (nothing under 300s) (06:53:36)
[lane 101] --> p1 semantic_condition_alert thr=0.9500 shard=1 (06:53:36, 3235s left)
[lane 101] <-- semantic_condition_alert thr=0.9500 shard=1 rc=0 BARREN (nothing under 300s) (06:54:49)
[lane 101] --> p1 explicit_target_grounding thr=0.4500 shard=1 (06:54:50, 3162s left)
[lane 101] <-- explicit_target_grounding thr=0.3500 shard=0 rc=0 +10 samples (07:03:51)
[lane 101] --> p1 explicit_target_grounding thr=0.1500 shard=0 (07:03:52, 624s left)
[lane 101] <-- explicit_target_grounding thr=0.1500 shard=0 rc=0 BARREN (nothing under 300s) (07:04:12)
[lane 101] --> p1 explicit_target_grounding thr=0.1500 shard=2 (07:04:12, 603s left)
[lane 101] <-- explicit_target_grounding thr=0.1500 shard=2 rc=0 BARREN (nothing under 300s) (07:04:30)
[lane 101] --> p1 explicit_target_grounding thr=0.8500 shard=0 (07:04:30, 585s left)
[lane 101] <-- explicit_target_grounding thr=0.8500 shard=0 rc=124 +9 samples (07:13:45)
[lane 101] 30s left (< 240) -- stopping cleanly
[lane 101] done, 54 units attempted 07:13:45
[lane 101] clariden-ln002 gpu=1 start=07:14:56 deadline=08:44:36 max_dur=300
[lane 101] --> p1 explicit_target_grounding thr=0.4500 shard=2 (07:14:57, 5380s left)
[lane 101] <-- explicit_target_grounding thr=0.4500 shard=2 rc=0 BARREN (nothing under 300s) (07:15:27)
[lane 101] --> p1 explicit_target_grounding thr=0.1500 shard=2 (07:15:27, 5349s left)
[lane 101] <-- explicit_target_grounding thr=0.1500 shard=2 rc=0 BARREN (nothing under 300s) (07:15:48)
[lane 101] --> p1 explicit_target_grounding thr=0.1500 shard=0 (07:15:48, 5328s left)
[lane 101] <-- explicit_target_grounding thr=0.1500 shard=0 rc=0 BARREN (nothing under 300s) (07:16:21)
[lane 101] --> p1 explicit_target_grounding thr=0.4500 shard=3 (07:16:23, 5295s left)
[lane 101] <-- explicit_target_grounding thr=0.4500 shard=3 rc=0 BARREN (nothing under 300s) (07:17:02)
[lane 101] --> p1 explicit_target_grounding thr=0.3500 shard=1 (07:17:02, 5254s left)
[lane 101] <-- explicit_target_grounding thr=0.3500 shard=1 rc=0 BARREN (nothing under 300s) (07:17:24)
[lane 101] --> p1 explicit_target_grounding thr=0.1500 shard=3 (07:17:25, 5232s left)
[lane 101] <-- explicit_target_grounding thr=0.1500 shard=3 rc=0 BARREN (nothing under 300s) (07:17:44)
[lane 101] --> p1 explicit_target_grounding thr=0.3500 shard=3 (07:17:44, 5212s left)
[lane 101] <-- explicit_target_grounding thr=0.3500 shard=3 rc=0 BARREN (nothing under 300s) (07:18:21)
[lane 101] --> p1 explicit_target_grounding thr=0.3500 shard=0 (07:18:21, 5175s left)
[lane 101] <-- explicit_target_grounding thr=0.3500 shard=0 rc=0 BARREN (nothing under 300s) (07:19:03)
[lane 101] --> p1 snapshot_counting thr=0.2500 shard=0 (07:19:04, 5133s left)
[lane 101] <-- explicit_target_grounding thr=0.4500 shard=1 rc=0 +12 samples (07:23:45)
[lane 101] --> p1 snapshot_counting thr=0.0500 shard=1 (07:23:48, 1426s left)
[lane 101] <-- snapshot_counting thr=0.0500 shard=1 rc=0 +4 samples (07:35:13)
[lane 101] --> p1 snapshot_counting thr=0.0500 shard=1 (07:35:14, 738s left)
[lane 101] <-- snapshot_counting thr=0.0500 shard=1 rc=0 BARREN (nothing under 300s) (07:36:34)
[lane 101] --> p1 snapshot_counting thr=0.0500 shard=3 (07:36:37, 657s left)
[lane 101] <-- snapshot_counting thr=0.0500 shard=3 rc=0 BARREN (nothing under 300s) (07:38:10)
[lane 101] --> p1 snapshot_counting thr=0.2500 shard=1 (07:38:11, 561s left)
[lane 101] <-- snapshot_counting thr=0.2500 shard=1 rc=0 BARREN (nothing under 300s) (07:39:32)
[lane 101] --> p1 snapshot_counting thr=0.4500 shard=3 (07:39:34, 479s left)
[lane 101] <-- snapshot_counting thr=0.4500 shard=3 rc=0 BARREN (nothing under 300s) (07:40:40)
[lane 101] --> p1 snapshot_counting thr=0.0500 shard=2 (07:40:42, 411s left)
[lane 101] <-- snapshot_counting thr=0.0500 shard=2 rc=0 BARREN (nothing under 300s) (07:42:02)
[lane 101] --> p1 snapshot_counting thr=0.2500 shard=3 (07:42:02, 329s left)
[lane 101] <-- snapshot_counting thr=0.2500 shard=3 rc=0 BARREN (nothing under 300s) (07:44:11)
[lane 101] 200s left (< 240) -- stopping cleanly
[lane 101] done, 34 units attempted 07:44:11
[lane 101] clariden-ln004 gpu=1 start=07:48:13 deadline=09:17:52 max_dur=300
[lane 101] --> p1 snapshot_counting thr=0.3500 shard=0 (07:48:16, 5379s left)
[lane 101] <-- snapshot_counting thr=0.3500 shard=0 rc=0 BARREN (nothing under 300s) (07:50:43)
[lane 101] --> p1 snapshot_counting thr=0.2500 shard=3 (07:50:47, 5229s left)
[lane 101] <-- snapshot_counting thr=0.2500 shard=3 rc=0 BARREN (nothing under 300s) (07:51:57)
[lane 101] --> p1 snapshot_counting thr=0.4500 shard=1 (07:52:00, 5155s left)
[lane 101] <-- snapshot_counting thr=0.4500 shard=1 rc=0 BARREN (nothing under 300s) (07:52:56)
[lane 101] --> p1 snapshot_counting thr=0.4500 shard=2 (07:52:57, 5096s left)
[lane 101] <-- snapshot_counting thr=0.4500 shard=2 rc=0 +1 samples (07:54:05)
[lane 101] --> p1 snapshot_counting thr=0.3500 shard=3 (07:54:06, 5027s left)
[lane 101] <-- snapshot_counting thr=0.3500 shard=3 rc=0 BARREN (nothing under 300s) (07:55:16)
[lane 101] --> p1 snapshot_counting thr=0.6500 shard=0 (07:55:17, 4956s left)
[lane 101] <-- snapshot_counting thr=0.6500 shard=0 rc=0 BARREN (nothing under 300s) (07:57:12)
[lane 101] --> p1 snapshot_counting thr=0.2500 shard=1 (07:57:14, 4840s left)
[lane 101] <-- snapshot_counting thr=0.2500 shard=1 rc=0 BARREN (nothing under 300s) (07:58:26)
[lane 101] --> p1 snapshot_counting thr=0.9500 shard=1 (07:58:28, 4766s left)
[lane 101] <-- snapshot_counting thr=0.9500 shard=1 rc=0 +1 samples (07:59:25)
[lane 101] --> p1 snapshot_counting thr=0.6500 shard=1 (07:59:27, 4707s left)
[lane 101] <-- snapshot_counting thr=0.6500 shard=1 rc=0 BARREN (nothing under 300s) (08:00:28)
[lane 101] --> p1 snapshot_counting thr=0.6500 shard=3 (08:00:28, 4644s left)
[lane 101] <-- snapshot_counting thr=0.6500 shard=3 rc=0 BARREN (nothing under 300s) (08:01:26)
[lane 101] --> p1 cumulative_counting thr=0.4500 shard=1 (08:01:28, 4586s left)
[lane 101] <-- snapshot_counting thr=0.2500 shard=0 rc=0 +11 samples (08:09:34)
[lane 101] --> p1 snapshot_counting thr=0.6500 shard=0 (08:09:34, 2102s left)
[lane 101] <-- snapshot_counting thr=0.6500 shard=0 rc=0 BARREN (nothing under 300s) (08:10:15)
[lane 101] --> p1 snapshot_counting thr=0.6500 shard=1 (08:10:15, 2061s left)
[lane 101] <-- snapshot_counting thr=0.6500 shard=1 rc=0 +1 samples (08:10:51)
[lane 101] --> p1 cumulative_counting thr=0.0500 shard=0 (08:10:52, 2025s left)
[lane 101] <-- cumulative_counting thr=0.0500 shard=0 rc=0 +1 samples (08:11:21)
[lane 101] --> p1 cumulative_counting thr=0.0500 shard=0 (08:11:24, 1995s left)
[lane 101] <-- cumulative_counting thr=0.0500 shard=0 rc=0 +1 samples (08:12:00)
[lane 101] --> p1 cumulative_counting thr=0.0500 shard=0 (08:12:00, 1956s left)
[lane 101] <-- cumulative_counting thr=0.0500 shard=0 rc=0 BARREN (nothing under 300s) (08:12:29)
[lane 101] --> p1 cumulative_counting thr=0.2500 shard=3 (08:12:30, 1927s left)
[lane 101] <-- cumulative_counting thr=0.2500 shard=3 rc=0 BARREN (nothing under 300s) (08:12:54)
[lane 101] --> p1 cumulative_counting thr=0.0500 shard=1 (08:12:54, 1902s left)
[lane 101] <-- cumulative_counting thr=0.0500 shard=1 rc=0 BARREN (nothing under 300s) (08:13:13)
[lane 101] --> p1 cumulative_counting thr=0.1500 shard=3 (08:13:13, 1883s left)
[lane 101] <-- cumulative_counting thr=0.1500 shard=3 rc=0 BARREN (nothing under 300s) (08:13:43)
[lane 101] --> p1 cumulative_counting thr=0.6500 shard=2 (08:13:44, 1853s left)
[lane 101] <-- cumulative_counting thr=0.6500 shard=2 rc=0 +11 samples (08:31:34)
[lane 101] --> p1 cumulative_counting thr=0.7500 shard=0 (08:31:35, 782s left)
[lane 101] <-- cumulative_counting thr=0.7500 shard=0 rc=0 +1 samples (08:32:16)
[lane 101] --> p1 cumulative_counting thr=0.3500 shard=0 (08:32:17, 740s left)
[lane 101] <-- cumulative_counting thr=0.3500 shard=0 rc=0 +1 samples (08:32:56)
[lane 101] --> p1 cumulative_counting thr=0.4500 shard=2 (08:32:57, 700s left)
[lane 101] <-- cumulative_counting thr=0.4500 shard=2 rc=0 BARREN (nothing under 300s) (08:33:16)
[lane 101] --> p1 cumulative_counting thr=0.6500 shard=2 (08:33:17, 680s left)
[lane 101] <-- cumulative_counting thr=0.6500 shard=2 rc=0 BARREN (nothing under 300s) (08:33:33)
[lane 101] --> p1 cumulative_counting thr=0.6500 shard=3 (08:33:34, 663s left)
[lane 101] <-- cumulative_counting thr=0.6500 shard=3 rc=0 BARREN (nothing under 300s) (08:33:52)
[lane 101] --> p1 cumulative_counting thr=0.4500 shard=3 (08:33:53, 644s left)
[lane 101] <-- cumulative_counting thr=0.4500 shard=3 rc=0 BARREN (nothing under 300s) (08:34:41)
[lane 101] --> p1 cumulative_counting thr=0.7500 shard=3 (08:34:42, 595s left)
[lane 101] <-- cumulative_counting thr=0.7500 shard=3 rc=0 BARREN (nothing under 300s) (08:35:15)
[lane 101] --> p1 cumulative_counting thr=0.6500 shard=0 (08:35:16, 561s left)
[lane 101] <-- cumulative_counting thr=0.6500 shard=0 rc=0 BARREN (nothing under 300s) (08:35:35)
[lane 101] --> p1 cumulative_counting thr=0.9500 shard=3 (08:35:36, 541s left)
[lane 101] <-- cumulative_counting thr=0.9500 shard=3 rc=0 +1 samples (08:36:19)
[lane 101] --> p1 cumulative_counting thr=0.8500 shard=0 (08:36:20, 497s left)
[lane 101] <-- cumulative_counting thr=0.8500 shard=0 rc=0 BARREN (nothing under 300s) (08:36:40)
[lane 101] --> p1 cumulative_counting thr=0.8500 shard=3 (08:36:41, 476s left)
[lane 101] <-- cumulative_counting thr=0.8500 shard=3 rc=0 +2 samples (08:37:19)
[lane 101] --> p1 cumulative_counting thr=0.7500 shard=1 (08:37:19, 437s left)
[lane 101] <-- cumulative_counting thr=0.7500 shard=1 rc=0 BARREN (nothing under 300s) (08:37:39)
[lane 101] --> p1 dedup_counting thr=0.2500 shard=2 (08:37:40, 417s left)
[lane 101] <-- cumulative_counting thr=0.4500 shard=1 rc=0 +12 samples (08:40:04)
[lane 101] --> p1 cumulative_counting thr=0.6500 shard=3 (08:40:05, 2268s left)
[lane 101] <-- cumulative_counting thr=0.6500 shard=3 rc=0 BARREN (nothing under 300s) (08:41:18)
[lane 101] --> p1 cumulative_counting thr=0.6500 shard=2 (08:41:21, 2194s left)
[lane 101] <-- cumulative_counting thr=0.6500 shard=2 rc=0 BARREN (nothing under 300s) (08:42:56)
[lane 101] --> p1 cumulative_counting thr=0.6500 shard=0 (08:42:57, 2096s left)
[lane 101] <-- dedup_counting thr=0.2500 shard=2 rc=124 +4 samples (08:44:07)
[lane 101] 29s left (< 240) -- stopping cleanly
[lane 101] done, 31 units attempted 08:44:07
[lane 101] <-- cumulative_counting thr=0.6500 shard=0 rc=0 BARREN (nothing under 300s) (08:44:29)
[lane 101] --> p1 cumulative_counting thr=0.9500 shard=3 (08:44:31, 2003s left)
[lane 101] clariden-ln002 gpu=1 start=08:45:17 deadline=10:14:57 max_dur=300
[lane 101] --> p1 cumulative_counting thr=0.6500 shard=3 (08:45:18, 5380s left)
[lane 101] <-- cumulative_counting thr=0.9500 shard=3 rc=0 +1 samples (08:45:42)
[lane 101] --> p1 dedup_counting thr=0.4500 shard=2 (08:45:43, 1930s left)
[lane 101] <-- cumulative_counting thr=0.6500 shard=3 rc=0 BARREN (nothing under 300s) (08:45:44)
[lane 101] --> p1 cumulative_counting thr=0.6500 shard=0 (08:45:45, 5353s left)
[lane 101] <-- cumulative_counting thr=0.6500 shard=0 rc=0 BARREN (nothing under 300s) (08:46:05)
[lane 101] --> p1 dedup_counting thr=0.5500 shard=0 (08:46:06, 5332s left)
[lane 101] <-- dedup_counting thr=0.4500 shard=2 rc=0 +8 samples (09:12:21)
[lane 101] --> p1 dedup_counting thr=0.0500 shard=0 (09:12:23, 331s left)
[lane 101] <-- dedup_counting thr=0.0500 shard=0 rc=0 BARREN (nothing under 300s) (09:13:13)
[lane 101] --> p1 dedup_counting thr=0.0500 shard=2 (09:13:15, 279s left)
[lane 101] <-- dedup_counting thr=0.0500 shard=2 rc=0 BARREN (nothing under 300s) (09:14:09)
[lane 101] 223s left (< 240) -- stopping cleanly
[lane 101] done, 18 units attempted 09:14:09
[lane 101] clariden-ln004 gpu=1 start=09:18:35 deadline=10:48:15 max_dur=300
[lane 101] --> p1 dedup_counting thr=0.0500 shard=2 (09:18:41, 5380s left)
[lane 101] <-- dedup_counting thr=0.0500 shard=2 rc=0 BARREN (nothing under 300s) (09:19:43)
[lane 101] --> p1 dedup_counting thr=0.0500 shard=0 (09:19:49, 5312s left)
[lane 101] <-- dedup_counting thr=0.0500 shard=0 rc=0 BARREN (nothing under 300s) (09:21:08)
[lane 101] --> p1 dedup_counting thr=0.0500 shard=3 (09:21:10, 5227s left)
[lane 101] <-- dedup_counting thr=0.0500 shard=3 rc=0 BARREN (nothing under 300s) (09:22:08)
[lane 101] --> p1 dedup_counting thr=0.1500 shard=2 (09:22:12, 5167s left)
[lane 101] <-- dedup_counting thr=0.1500 shard=2 rc=0 BARREN (nothing under 300s) (09:23:03)
[lane 101] --> p1 dedup_counting thr=0.1500 shard=3 (09:23:06, 5112s left)
[lane 101] <-- dedup_counting thr=0.1500 shard=3 rc=0 BARREN (nothing under 300s) (09:23:59)
[lane 101] --> p1 dedup_counting thr=0.1500 shard=0 (09:24:00, 5056s left)
[lane 101] <-- dedup_counting thr=0.1500 shard=0 rc=0 BARREN (nothing under 300s) (09:24:52)
[lane 101] --> p1 dedup_counting thr=0.2500 shard=0 (09:24:52, 5003s left)
[lane 101] <-- dedup_counting thr=0.2500 shard=0 rc=0 BARREN (nothing under 300s) (09:25:45)
[lane 101] --> p1 dedup_counting thr=0.2500 shard=3 (09:25:46, 4950s left)
[lane 101] <-- dedup_counting thr=0.2500 shard=3 rc=0 BARREN (nothing under 300s) (09:26:45)
[lane 101] --> p1 dedup_counting thr=0.2500 shard=2 (09:26:47, 4890s left)
[lane 101] <-- dedup_counting thr=0.2500 shard=2 rc=0 BARREN (nothing under 300s) (09:27:35)
[lane 101] --> p1 dedup_counting thr=0.3500 shard=1 (09:27:39, 4840s left)
[lane 101] <-- dedup_counting thr=0.5500 shard=0 rc=0 +11 samples (09:41:31)
[lane 101] --> p1 dedup_counting thr=0.0500 shard=0 (09:41:32, 2006s left)
[lane 101] <-- dedup_counting thr=0.0500 shard=0 rc=0 BARREN (nothing under 300s) (09:42:20)
[lane 101] --> p1 dedup_counting thr=0.0500 shard=2 (09:42:21, 1957s left)
[lane 101] <-- dedup_counting thr=0.0500 shard=2 rc=0 BARREN (nothing under 300s) (09:43:05)
[lane 101] --> p1 dedup_counting thr=0.0500 shard=3 (09:43:06, 1912s left)
[lane 101] <-- dedup_counting thr=0.0500 shard=3 rc=0 BARREN (nothing under 300s) (09:43:46)
[lane 101] --> p1 dedup_counting thr=0.1500 shard=0 (09:43:48, 1871s left)
[lane 101] <-- dedup_counting thr=0.1500 shard=0 rc=0 BARREN (nothing under 300s) (09:44:36)
[lane 101] --> p1 dedup_counting thr=0.1500 shard=2 (09:44:36, 1821s left)
[lane 101] <-- dedup_counting thr=0.1500 shard=2 rc=0 BARREN (nothing under 300s) (09:45:17)
[lane 101] --> p1 dedup_counting thr=0.1500 shard=3 (09:45:18, 1780s left)
[lane 101] <-- dedup_counting thr=0.1500 shard=3 rc=0 BARREN (nothing under 300s) (09:46:10)
[lane 101] --> p1 dedup_counting thr=0.2500 shard=0 (09:46:11, 1727s left)
[lane 101] <-- dedup_counting thr=0.2500 shard=0 rc=0 BARREN (nothing under 300s) (09:46:57)
[lane 101] --> p1 dedup_counting thr=0.2500 shard=2 (09:46:58, 1680s left)
[lane 101] <-- dedup_counting thr=0.2500 shard=2 rc=0 BARREN (nothing under 300s) (09:47:40)
[lane 101] --> p1 dedup_counting thr=0.2500 shard=3 (09:47:41, 1637s left)
[lane 101] <-- dedup_counting thr=0.2500 shard=3 rc=0 BARREN (nothing under 300s) (09:48:02)
[lane 101] --> p1 dedup_counting thr=0.3500 shard=0 (09:48:03, 1615s left)
[lane 101] <-- dedup_counting thr=0.3500 shard=0 rc=0 BARREN (nothing under 300s) (09:48:24)
[lane 101] --> p1 dedup_counting thr=0.3500 shard=2 (09:48:25, 1593s left)
[lane 101] <-- dedup_counting thr=0.3500 shard=2 rc=0 BARREN (nothing under 300s) (09:49:21)
[lane 101] --> p1 dedup_counting thr=0.3500 shard=3 (09:49:22, 1536s left)
[lane 101] <-- dedup_counting thr=0.3500 shard=3 rc=0 BARREN (nothing under 300s) (09:50:18)
[lane 101] --> p1 dedup_counting thr=0.4500 shard=0 (09:50:20, 1479s left)
[lane 101] <-- dedup_counting thr=0.4500 shard=0 rc=0 BARREN (nothing under 300s) (09:51:32)
[lane 101] --> p1 dedup_counting thr=0.4500 shard=2 (09:51:32, 1405s left)
[lane 101] <-- dedup_counting thr=0.4500 shard=2 rc=0 BARREN (nothing under 300s) (09:52:32)
[lane 101] --> p1 dedup_counting thr=0.4500 shard=3 (09:52:34, 1345s left)
[lane 101] <-- dedup_counting thr=0.4500 shard=3 rc=0 BARREN (nothing under 300s) (09:53:34)
[lane 101] --> p1 dedup_counting thr=0.5500 shard=3 (09:53:36, 1283s left)
[lane 101] <-- dedup_counting thr=0.5500 shard=3 rc=124 +1 samples (10:14:30)
[lane 101] 27s left (< 240) -- stopping cleanly
[lane 101] done, 19 units attempted 10:14:30
[lane 101] clariden-ln002 gpu=1 start=10:15:40 deadline=11:45:20 max_dur=300
[lane 101] --> p1 dedup_counting thr=0.2500 shard=2 (10:15:41, 5380s left)
[lane 101] <-- dedup_counting thr=0.2500 shard=2 rc=0 BARREN (nothing under 300s) (10:16:37)
[lane 101] --> p1 dedup_counting thr=0.2500 shard=0 (10:16:37, 5323s left)
[lane 101] <-- dedup_counting thr=0.2500 shard=0 rc=0 BARREN (nothing under 300s) (10:17:17)
[lane 101] --> p1 dedup_counting thr=0.2500 shard=3 (10:17:18, 5283s left)
[lane 101] <-- dedup_counting thr=0.2500 shard=3 rc=0 BARREN (nothing under 300s) (10:17:58)
[lane 101] --> p1 dedup_counting thr=0.3500 shard=3 (10:17:58, 5242s left)
[lane 101] <-- dedup_counting thr=0.3500 shard=3 rc=0 BARREN (nothing under 300s) (10:18:46)
[lane 101] --> p1 dedup_counting thr=0.3500 shard=0 (10:18:48, 5194s left)
[lane 101] <-- dedup_counting thr=0.3500 shard=0 rc=0 BARREN (nothing under 300s) (10:19:43)
[lane 101] --> p1 dedup_counting thr=0.6500 shard=0 (10:19:44, 5137s left)
[lane 101] <-- dedup_counting thr=0.6500 shard=0 rc=0 BARREN (nothing under 300s) (10:20:42)
[lane 101] --> p1 dedup_counting thr=0.3500 shard=2 (10:20:43, 5078s left)
[lane 101] <-- dedup_counting thr=0.3500 shard=2 rc=0 BARREN (nothing under 300s) (10:21:41)
[lane 101] --> p1 dedup_counting thr=0.6500 shard=3 (10:21:42, 5019s left)
[lane 101] <-- dedup_counting thr=0.6500 shard=3 rc=0 BARREN (nothing under 300s) (10:22:39)
[lane 101] --> p1 dedup_counting thr=0.7500 shard=0 (10:22:40, 4961s left)
[lane 101] <-- dedup_counting thr=0.7500 shard=0 rc=0 BARREN (nothing under 300s) (10:23:38)
[lane 101] --> p1 dedup_counting thr=0.6500 shard=2 (10:23:40, 4902s left)
[lane 101] <-- dedup_counting thr=0.6500 shard=2 rc=0 BARREN (nothing under 300s) (10:24:40)
[lane 101] --> p1 dedup_counting thr=0.7500 shard=2 (10:24:41, 4840s left)
[lane 101] <-- dedup_counting thr=0.7500 shard=2 rc=0 BARREN (nothing under 300s) (10:25:28)
[lane 101] --> p1 dedup_counting thr=0.7500 shard=3 (10:25:29, 4792s left)
[lane 101] <-- dedup_counting thr=0.7500 shard=3 rc=0 BARREN (nothing under 300s) (10:26:05)
[lane 101] --> p1 dedup_counting thr=0.8500 shard=0 (10:26:07, 4755s left)
[lane 101] <-- dedup_counting thr=0.8500 shard=0 rc=0 BARREN (nothing under 300s) (10:26:54)
[lane 101] --> p1 dedup_counting thr=0.8500 shard=2 (10:26:55, 4706s left)
[lane 101] <-- dedup_counting thr=0.8500 shard=2 rc=0 BARREN (nothing under 300s) (10:27:41)
[lane 101] --> p1 dedup_counting thr=0.8500 shard=3 (10:27:43, 4659s left)
[lane 101] <-- dedup_counting thr=0.8500 shard=3 rc=0 BARREN (nothing under 300s) (10:28:30)
[lane 101] --> p1 dedup_counting thr=0.9500 shard=0 (10:28:31, 4610s left)
[lane 101] <-- dedup_counting thr=0.9500 shard=0 rc=0 BARREN (nothing under 300s) (10:29:06)
[lane 101] --> p1 dedup_counting thr=0.9500 shard=2 (10:29:07, 4574s left)
[lane 101] <-- dedup_counting thr=0.9500 shard=2 rc=0 BARREN (nothing under 300s) (10:29:31)
[lane 101] --> p1 dedup_counting thr=0.9500 shard=3 (10:29:32, 4549s left)
[lane 101] <-- dedup_counting thr=0.9500 shard=3 rc=0 BARREN (nothing under 300s) (10:30:19)
[lane 101] --> p1 realtime_state_monitor thr=0.0500 shard=0 (10:30:20, 4501s left)
[lane 101] <-- dedup_counting thr=0.3500 shard=1 rc=0 +2 samples (10:37:49)
[lane 101] --> p1 dedup_counting thr=0.6500 shard=0 (10:37:49, 626s left)
[lane 101] <-- dedup_counting thr=0.6500 shard=0 rc=0 BARREN (nothing under 300s) (10:38:52)
[lane 101] --> p1 dedup_counting thr=0.6500 shard=3 (10:38:55, 563s left)
[lane 101] <-- dedup_counting thr=0.6500 shard=3 rc=0 BARREN (nothing under 300s) (10:40:01)
[lane 101] --> p1 dedup_counting thr=0.6500 shard=2 (10:40:02, 494s left)
[lane 101] <-- dedup_counting thr=0.6500 shard=2 rc=0 BARREN (nothing under 300s) (10:40:54)
[lane 101] --> p1 dedup_counting thr=0.7500 shard=0 (10:40:56, 441s left)
[lane 101] <-- dedup_counting thr=0.7500 shard=0 rc=0 BARREN (nothing under 300s) (10:41:58)
[lane 101] --> p1 dedup_counting thr=0.7500 shard=3 (10:42:02, 377s left)
[lane 101] <-- dedup_counting thr=0.7500 shard=3 rc=0 +1 samples (10:43:12)
[lane 101] --> p1 dedup_counting thr=0.8500 shard=2 (10:43:13, 303s left)
[lane 101] <-- dedup_counting thr=0.8500 shard=2 rc=0 BARREN (nothing under 300s) (10:44:16)
[lane 101] 239s left (< 240) -- stopping cleanly
[lane 101] done, 16 units attempted 10:44:16
[lane 101] clariden-ln004 gpu=1 start=10:44:57 deadline=12:14:37 max_dur=300
[lane 101] --> p1 dedup_counting thr=0.8500 shard=2 (10:44:59, 5380s left)
[lane 101] <-- dedup_counting thr=0.8500 shard=2 rc=0 BARREN (nothing under 300s) (10:45:48)
[lane 101] --> p1 dedup_counting thr=0.9500 shard=2 (10:45:49, 5329s left)
[lane 101] <-- dedup_counting thr=0.9500 shard=2 rc=0 BARREN (nothing under 300s) (10:46:59)
[lane 101] --> p1 dedup_counting thr=0.8500 shard=0 (10:47:00, 5258s left)
[lane 101] <-- dedup_counting thr=0.8500 shard=0 rc=0 BARREN (nothing under 300s) (10:48:04)
[lane 101] --> p1 dedup_counting thr=0.8500 shard=3 (10:48:05, 5193s left)
[lane 101] <-- realtime_state_monitor thr=0.0500 shard=0 rc=0 +1 samples (10:48:57)
[lane 101] --> p1 realtime_state_monitor thr=0.0500 shard=0 (10:48:59, 3383s left)
[lane 101] <-- dedup_counting thr=0.8500 shard=3 rc=0 BARREN (nothing under 300s) (10:49:02)
[lane 101] --> p1 dedup_counting thr=0.9500 shard=0 (10:49:04, 5135s left)
[lane 101] <-- dedup_counting thr=0.9500 shard=0 rc=0 BARREN (nothing under 300s) (10:50:04)
[lane 101] --> p1 dedup_counting thr=0.9500 shard=3 (10:50:06, 5073s left)
[lane 101] <-- realtime_state_monitor thr=0.0500 shard=0 rc=0 BARREN (nothing under 300s) (10:50:09)
[lane 101] --> p1 realtime_state_monitor thr=0.0500 shard=3 (10:50:11, 3311s left)
[lane 101] <-- realtime_state_monitor thr=0.0500 shard=3 rc=0 +1 samples (10:51:02)
[lane 101] --> p1 realtime_state_monitor thr=0.0500 shard=3 (10:51:05, 3258s left)
[lane 101] <-- dedup_counting thr=0.9500 shard=3 rc=0 BARREN (nothing under 300s) (10:51:13)
[lane 101] --> p1 realtime_state_monitor thr=0.0500 shard=0 (10:51:16, 5004s left)
[lane 101] <-- realtime_state_monitor thr=0.0500 shard=3 rc=0 BARREN (nothing under 300s) (10:51:55)
[lane 101] --> p1 realtime_state_monitor thr=0.0500 shard=1 (10:51:56, 3205s left)
[lane 101] <-- realtime_state_monitor thr=0.0500 shard=0 rc=0 BARREN (nothing under 300s) (10:52:23)
[lane 101] --> p1 realtime_state_monitor thr=0.1500 shard=2 (10:52:25, 4934s left)
[lane 101] <-- realtime_state_monitor thr=0.0500 shard=1 rc=0 BARREN (nothing under 300s) (10:52:57)
[lane 101] --> p1 realtime_state_monitor thr=0.1500 shard=3 (10:52:58, 3143s left)
[lane 101] <-- realtime_state_monitor thr=0.1500 shard=3 rc=0 BARREN (nothing under 300s) (10:54:02)
[lane 101] --> p1 realtime_state_monitor thr=0.2500 shard=1 (10:54:03, 3078s left)
[lane 101] <-- realtime_state_monitor thr=0.1500 shard=2 rc=0 +1 samples (11:02:27)
[lane 101] --> p1 realtime_state_monitor thr=0.1500 shard=2 (11:02:28, 4330s left)
[lane 101] <-- realtime_state_monitor thr=0.1500 shard=2 rc=0 BARREN (nothing under 300s) (11:04:39)
[lane 101] --> p1 realtime_state_monitor thr=0.2500 shard=3 (11:04:40, 4198s left)
[lane 101] <-- realtime_state_monitor thr=0.2500 shard=3 rc=0 BARREN (nothing under 300s) (11:06:40)
[lane 101] --> p1 realtime_state_monitor thr=0.3500 shard=3 (11:06:43, 4077s left)
[lane 101] <-- realtime_state_monitor thr=0.3500 shard=3 rc=0 BARREN (nothing under 300s) (11:07:41)
[lane 101] <-- realtime_state_monitor thr=0.2500 shard=1 rc=0 +1 samples (11:07:44)
[lane 101] --> p1 realtime_state_monitor thr=0.2500 shard=1 (11:07:44, 4016s left)
[lane 101] --> p1 realtime_state_monitor thr=0.3500 shard=3 (11:07:46, 2256s left)
[lane 101] <-- realtime_state_monitor thr=0.2500 shard=1 rc=0 +1 samples (11:08:42)
[lane 101] --> p1 realtime_state_monitor thr=0.2500 shard=1 (11:08:44, 3955s left)
[lane 101] <-- realtime_state_monitor thr=0.3500 shard=3 rc=0 BARREN (nothing under 300s) (11:08:51)
[lane 101] --> p1 realtime_state_monitor thr=0.4500 shard=0 (11:08:52, 2189s left)
[lane 101] <-- realtime_state_monitor thr=0.2500 shard=1 rc=0 +1 samples (11:09:45)
[lane 101] --> p1 realtime_state_monitor thr=0.4500 shard=3 (11:09:46, 3892s left)
[lane 101] <-- realtime_state_monitor thr=0.4500 shard=3 rc=0 BARREN (nothing under 300s) (11:10:49)
[lane 101] --> p1 realtime_state_monitor thr=0.3500 shard=0 (11:10:52, 3828s left)
[lane 101] <-- realtime_state_monitor thr=0.3500 shard=0 rc=0 BARREN (nothing under 300s) (11:11:51)
[lane 101] --> p1 realtime_state_monitor thr=0.5500 shard=1 (11:11:53, 3766s left)
[lane 101] <-- realtime_state_monitor thr=0.4500 shard=0 rc=0 +3 samples (11:21:25)
[lane 101] --> p1 realtime_state_monitor thr=0.6500 shard=1 (11:21:27, 1435s left)
[lane 101] <-- realtime_state_monitor thr=0.5500 shard=1 rc=0 +3 samples (11:24:26)
[lane 101] --> p1 realtime_state_monitor thr=0.6500 shard=3 (11:24:29, 3011s left)
[lane 101] <-- realtime_state_monitor thr=0.6500 shard=3 rc=0 BARREN (nothing under 300s) (11:26:25)
[lane 101] --> p1 realtime_state_monitor thr=0.7500 shard=3 (11:26:28, 2892s left)
[lane 101] <-- realtime_state_monitor thr=0.7500 shard=3 rc=0 BARREN (nothing under 300s) (11:27:19)
[lane 101] --> p1 realtime_state_monitor thr=0.8500 shard=1 (11:27:20, 2838s left)
[lane 101] <-- realtime_state_monitor thr=0.6500 shard=1 rc=0 +3 samples (11:32:11)
[lane 101] --> p1 realtime_state_monitor thr=0.7500 shard=3 (11:32:13, 789s left)
[lane 101] <-- realtime_state_monitor thr=0.7500 shard=3 rc=0 BARREN (nothing under 300s) (11:33:01)
[lane 101] --> p1 realtime_state_monitor thr=0.9500 shard=0 (11:33:03, 739s left)
[lane 101] <-- realtime_state_monitor thr=0.8500 shard=1 rc=0 +1 samples (11:35:22)
[lane 101] --> p1 realtime_state_monitor thr=0.8500 shard=1 (11:35:24, 2355s left)
[lane 101] <-- realtime_state_monitor thr=0.8500 shard=1 rc=0 +1 samples (11:36:05)
[lane 101] --> p1 realtime_state_monitor thr=0.8500 shard=1 (11:36:06, 2312s left)
[lane 101] <-- realtime_state_monitor thr=0.8500 shard=1 rc=0 BARREN (nothing under 300s) (11:36:42)
[lane 101] --> p1 realtime_state_monitor thr=0.8500 shard=3 (11:36:45, 2275s left)
[lane 101] <-- realtime_state_monitor thr=0.8500 shard=3 rc=0 BARREN (nothing under 300s) (11:37:42)
[lane 101] --> p1 realtime_state_monitor thr=0.9500 shard=3 (11:37:45, 2215s left)
[lane 101] <-- realtime_state_monitor thr=0.9500 shard=3 rc=0 BARREN (nothing under 300s) (11:38:36)
[lane 101] --> p1 realtime_state_monitor thr=0.8500 shard=0 (11:38:39, 2161s left)
[lane 101] <-- realtime_state_monitor thr=0.8500 shard=0 rc=0 BARREN (nothing under 300s) (11:39:35)
[lane 101] --> p1 event_narration thr=0.0500 shard=0 (11:39:39, 2102s left)
[lane 101] <-- event_narration thr=0.0500 shard=0 rc=0 BARREN (nothing under 300s) (11:40:36)
[lane 101] --> p1 event_narration thr=0.1500 shard=0 (11:40:38, 2041s left)
[lane 101] <-- event_narration thr=0.1500 shard=0 rc=0 BARREN (nothing under 300s) (11:41:38)
[lane 101] --> p1 event_narration thr=0.0500 shard=3 (11:41:40, 1979s left)
[lane 101] <-- realtime_state_monitor thr=0.9500 shard=0 rc=0 +2 samples (11:42:20)
[lane 101] 180s left (< 240) -- stopping cleanly
[lane 101] done, 30 units attempted 11:42:20
[lane 101] <-- event_narration thr=0.0500 shard=3 rc=0 BARREN (nothing under 300s) (11:42:33)
[lane 101] --> p1 event_narration thr=0.1500 shard=1 (11:42:36, 1924s left)
[lane 101] clariden-ln002 gpu=1 start=11:46:05 deadline=13:15:45 max_dur=300
[lane 101] --> p1 event_narration thr=0.0500 shard=3 (11:46:08, 5380s left)
[lane 101] <-- event_narration thr=0.0500 shard=3 rc=0 BARREN (nothing under 300s) (11:47:09)
[lane 101] --> p1 event_narration thr=0.0500 shard=0 (11:47:11, 5316s left)
[lane 101] <-- event_narration thr=0.0500 shard=0 rc=0 BARREN (nothing under 300s) (11:47:51)
[lane 101] --> p1 event_narration thr=0.1500 shard=3 (11:47:52, 5274s left)
[lane 101] <-- event_narration thr=0.1500 shard=3 rc=0 BARREN (nothing under 300s) (11:48:31)
[lane 101] --> p1 event_narration thr=0.1500 shard=0 (11:48:32, 5234s left)
[lane 101] <-- event_narration thr=0.1500 shard=0 rc=0 BARREN (nothing under 300s) (11:49:21)
[lane 101] --> p1 event_narration thr=0.2500 shard=0 (11:49:24, 5184s left)
[lane 101] <-- event_narration thr=0.2500 shard=0 rc=0 BARREN (nothing under 300s) (11:50:21)
[lane 101] --> p1 event_narration thr=0.2500 shard=1 (11:50:24, 5124s left)
[lane 101] <-- event_narration thr=0.1500 shard=1 rc=124 BARREN (nothing under 300s) (12:14:11)
[lane 101] 26s left (< 240) -- stopping cleanly
[lane 101] done, 28 units attempted 12:14:11
[lane 101] clariden-ln004 gpu=1 start=12:15:18 deadline=13:44:58 max_dur=300
[lane 101] --> p1 event_narration thr=0.0500 shard=1 (12:15:20, 5380s left)
[lane 101] <-- event_narration thr=0.2500 shard=1 rc=0 +1 samples (12:28:57)
[lane 101] --> p1 event_narration thr=0.2500 shard=1 (12:28:59, 2808s left)
[lane 101] <-- event_narration thr=0.2500 shard=1 rc=0 BARREN (nothing under 300s) (12:29:34)
[lane 101] --> p1 event_narration thr=0.2500 shard=3 (12:29:35, 2771s left)
[lane 101] <-- event_narration thr=0.2500 shard=3 rc=0 BARREN (nothing under 300s) (12:30:11)
[lane 101] --> p1 event_narration thr=0.3500 shard=0 (12:30:13, 2734s left)
[lane 101] <-- event_narration thr=0.3500 shard=0 rc=0 BARREN (nothing under 300s) (12:30:54)
[lane 101] --> p1 event_narration thr=0.3500 shard=1 (12:30:57, 2691s left)
[lane 101] <-- event_narration thr=0.3500 shard=1 rc=0 BARREN (nothing under 300s) (12:31:46)
[lane 101] --> p1 event_narration thr=0.3500 shard=3 (12:31:48, 2639s left)
[lane 101] <-- event_narration thr=0.3500 shard=3 rc=0 BARREN (nothing under 300s) (12:32:37)
[lane 101] --> p1 event_narration thr=0.4500 shard=0 (12:32:39, 2588s left)
[lane 101] <-- event_narration thr=0.4500 shard=0 rc=0 BARREN (nothing under 300s) (12:33:37)
[lane 101] --> p1 event_narration thr=0.4500 shard=2 (12:33:40, 2528s left)
[lane 101] <-- event_narration thr=0.0500 shard=1 rc=0 +1 samples (12:39:06)
[lane 101] --> p1 event_narration thr=0.0500 shard=0 (12:39:09, 3952s left)
[lane 101] <-- event_narration thr=0.0500 shard=0 rc=0 BARREN (nothing under 300s) (12:40:50)
[lane 101] --> p1 event_narration thr=0.0500 shard=1 (12:40:53, 3848s left)
[lane 101] <-- event_narration thr=0.0500 shard=1 rc=0 BARREN (nothing under 300s) (12:42:20)
[lane 101] --> p1 event_narration thr=0.0500 shard=3 (12:42:22, 3758s left)
[lane 101] <-- event_narration thr=0.0500 shard=3 rc=0 BARREN (nothing under 300s) (12:43:33)
[lane 101] --> p1 event_narration thr=0.1500 shard=0 (12:43:37, 3685s left)
[lane 101] <-- event_narration thr=0.1500 shard=0 rc=0 +1 samples (12:44:54)
[lane 101] --> p1 event_narration thr=0.1500 shard=0 (12:44:57, 3604s left)
[lane 101] <-- event_narration thr=0.1500 shard=0 rc=0 BARREN (nothing under 300s) (12:46:05)
[lane 101] --> p1 event_narration thr=0.1500 shard=1 (12:46:08, 3533s left)
[lane 101] <-- event_narration thr=0.1500 shard=1 rc=0 BARREN (nothing under 300s) (12:47:14)
[lane 101] --> p1 event_narration thr=0.1500 shard=3 (12:47:17, 3464s left)
[lane 101] <-- event_narration thr=0.1500 shard=3 rc=0 BARREN (nothing under 300s) (12:49:24)
[lane 101] --> p1 event_narration thr=0.4500 shard=0 (12:49:27, 3334s left)
[lane 101] <-- event_narration thr=0.4500 shard=0 rc=0 BARREN (nothing under 300s) (12:50:39)
[lane 101] --> p1 event_narration thr=0.4500 shard=3 (12:50:42, 3259s left)
[lane 101] <-- event_narration thr=0.4500 shard=3 rc=0 BARREN (nothing under 300s) (12:51:55)
[lane 101] --> p1 event_narration thr=0.5500 shard=0 (12:51:58, 3183s left)
[lane 101] <-- event_narration thr=0.5500 shard=0 rc=0 BARREN (nothing under 300s) (12:52:59)
[lane 101] --> p1 event_narration thr=0.5500 shard=3 (12:53:01, 3119s left)
[lane 101] <-- event_narration thr=0.5500 shard=3 rc=0 BARREN (nothing under 300s) (12:54:05)
[lane 101] --> p1 event_narration thr=0.6500 shard=3 (12:54:07, 3053s left)
[lane 101] <-- event_narration thr=0.6500 shard=3 rc=0 BARREN (nothing under 300s) (12:55:12)
[lane 101] --> p1 event_narration thr=0.6500 shard=0 (12:55:14, 2986s left)
[lane 101] <-- event_narration thr=0.6500 shard=0 rc=0 BARREN (nothing under 300s) (12:56:29)
[lane 101] --> p1 event_narration thr=0.7500 shard=0 (12:56:32, 2909s left)
[lane 101] <-- event_narration thr=0.7500 shard=0 rc=0 BARREN (nothing under 300s) (12:57:33)
[lane 101] --> p1 event_narration thr=0.7500 shard=2 (12:57:35, 2845s left)
[lane 101] <-- event_narration thr=0.4500 shard=2 rc=0 +2 samples (13:02:01)
[lane 101] --> p1 event_narration thr=0.5500 shard=0 (13:02:02, 824s left)
[lane 101] <-- event_narration thr=0.5500 shard=0 rc=0 BARREN (nothing under 300s) (13:02:40)
[lane 101] --> p1 event_narration thr=0.5500 shard=1 (13:02:41, 785s left)
[lane 101] <-- event_narration thr=0.5500 shard=1 rc=0 BARREN (nothing under 300s) (13:03:12)
[lane 101] --> p1 event_narration thr=0.5500 shard=3 (13:03:13, 753s left)
[lane 101] <-- event_narration thr=0.5500 shard=3 rc=0 BARREN (nothing under 300s) (13:03:48)
[lane 101] --> p1 event_narration thr=0.6500 shard=0 (13:03:50, 717s left)
[lane 101] <-- event_narration thr=0.6500 shard=0 rc=0 BARREN (nothing under 300s) (13:04:38)
[lane 101] --> p1 event_narration thr=0.6500 shard=3 (13:04:40, 667s left)
[lane 101] <-- event_narration thr=0.6500 shard=3 rc=0 BARREN (nothing under 300s) (13:05:33)
[lane 101] --> p1 event_narration thr=0.7500 shard=0 (13:05:35, 612s left)
[lane 101] <-- event_narration thr=0.7500 shard=0 rc=0 BARREN (nothing under 300s) (13:06:30)
[lane 101] --> p1 event_narration thr=0.7500 shard=3 (13:06:32, 555s left)
[lane 101] <-- event_narration thr=0.7500 shard=3 rc=0 BARREN (nothing under 300s) (13:07:28)
[lane 101] --> p1 event_narration thr=0.8500 shard=0 (13:07:30, 497s left)
[lane 101] <-- event_narration thr=0.8500 shard=0 rc=0 BARREN (nothing under 300s) (13:08:21)
[lane 101] --> p1 event_narration thr=0.8500 shard=3 (13:08:23, 444s left)
[lane 101] <-- event_narration thr=0.8500 shard=3 rc=0 BARREN (nothing under 300s) (13:09:09)
[lane 101] --> p1 event_narration thr=0.9500 shard=0 (13:09:10, 396s left)
[lane 101] <-- event_narration thr=0.9500 shard=0 rc=0 BARREN (nothing under 300s) (13:09:51)
[lane 101] --> p1 event_narration thr=0.9500 shard=1 (13:09:53, 354s left)
[lane 101] <-- event_narration thr=0.9500 shard=1 rc=124 BARREN (nothing under 300s) (13:15:17)
[lane 101] 28s left (< 240) -- stopping cleanly
[lane 101] done, 24 units attempted 13:15:17
[lane 101] clariden-ln002 gpu=1 start=13:16:27 deadline=14:46:07 max_dur=300
[lane 101] --> p1 event_narration thr=0.6500 shard=3 (13:16:31, 5380s left)
[lane 101] <-- event_narration thr=0.6500 shard=3 rc=0 BARREN (nothing under 300s) (13:17:45)
[lane 101] --> p1 event_narration thr=0.6500 shard=0 (13:17:48, 5302s left)
[lane 101] <-- event_narration thr=0.6500 shard=0 rc=0 BARREN (nothing under 300s) (13:18:48)
[lane 101] --> p1 event_narration thr=0.7500 shard=3 (13:18:52, 5239s left)
[lane 101] <-- event_narration thr=0.7500 shard=2 rc=0 +2 samples (13:19:50)
[lane 101] --> p1 event_narration thr=0.8500 shard=1 (13:19:52, 1508s left)
[lane 101] <-- event_narration thr=0.7500 shard=3 rc=0 +1 samples (13:19:56)
[lane 101] --> p1 event_narration thr=0.8500 shard=2 (13:19:57, 5171s left)
[lane 101] <-- event_narration thr=0.8500 shard=1 rc=0 +1 samples (13:32:08)
[lane 101] --> p1 event_narration thr=0.8500 shard=0 (13:32:12, 770s left)
[lane 101] <-- event_narration thr=0.8500 shard=0 rc=0 BARREN (nothing under 300s) (13:33:53)
[lane 101] --> p1 event_narration thr=0.8500 shard=3 (13:33:59, 665s left)
[lane 101] <-- event_narration thr=0.8500 shard=3 rc=0 BARREN (nothing under 300s) (13:35:43)
[lane 101] --> p1 event_narration thr=0.8500 shard=1 (13:35:45, 555s left)
[lane 101] <-- event_narration thr=0.8500 shard=2 rc=0 +2 samples (13:36:46)
[lane 101] <-- event_narration thr=0.8500 shard=1 rc=0 +1 samples (13:36:48)
[lane 101] no claimable units left
[lane 101] done, 4 units attempted 13:36:54
[lane 101] no claimable units left
[lane 101] done, 20 units attempted 13:36:58
[lane 101] clariden-ln004 gpu=1 start=13:37:41 deadline=15:07:21 max_dur=300
[lane 101] no claimable units left
[lane 101] done, 0 units attempted 13:37:45
[lane 101] clariden-ln002 gpu=1 start=13:37:49 deadline=15:07:29 max_dur=300
[lane 101] no claimable units left
[lane 101] done, 0 units attempted 13:37:54
[lane 101] clariden-ln004 gpu=1 start=13:39:01 deadline=15:08:41 max_dur=300
[lane 101] no claimable units left
[lane 101] done, 0 units attempted 13:39:04
[lane 101] clariden-ln002 gpu=1 start=13:39:11 deadline=15:08:51 max_dur=300
[lane 101] no claimable units left
[lane 101] done, 0 units attempted 13:39:14
[lane 101] clariden-ln004 gpu=1 start=13:40:22 deadline=15:10:02 max_dur=300
[lane 101] no claimable units left
[lane 101] done, 0 units attempted 13:40:25
[lane 101] clariden-ln002 gpu=1 start=13:40:33 deadline=15:10:13 max_dur=300
[lane 101] no claimable units left
[lane 101] done, 0 units attempted 13:40:35
[lane 101] clariden-ln004 gpu=1 start=13:41:43 deadline=15:11:23 max_dur=300
[lane 101] no claimable units left
[lane 101] done, 0 units attempted 13:41:45
[lane 101] clariden-ln002 gpu=1 start=13:41:54 deadline=15:11:34 max_dur=300
[lane 101] no claimable units left
[lane 101] done, 0 units attempted 13:41:56
[lane 101] clariden-ln004 gpu=1 start=13:43:04 deadline=15:12:44 max_dur=300
[lane 101] no claimable units left
[lane 101] done, 0 units attempted 13:43:06
[lane 101] clariden-ln002 gpu=1 start=13:43:14 deadline=15:12:54 max_dur=300
[lane 101] no claimable units left
[lane 101] done, 0 units attempted 13:43:17
[lane 101] clariden-ln004 gpu=1 start=13:44:25 deadline=15:14:05 max_dur=300
[lane 101] no claimable units left
[lane 101] done, 0 units attempted 13:44:27
[lane 101] clariden-ln002 gpu=1 start=13:44:36 deadline=15:14:16 max_dur=300
[lane 101] no claimable units left
[lane 101] done, 0 units attempted 13:44:38
[lane 101] clariden-ln004 gpu=1 start=13:45:46 deadline=15:15:26 max_dur=300
[lane 101] no claimable units left
[lane 101] done, 0 units attempted 13:45:48
[lane 101] clariden-ln002 gpu=1 start=13:45:57 deadline=15:15:37 max_dur=300
[lane 101] no claimable units left
[lane 101] done, 0 units attempted 13:46:00
[lane 101] clariden-ln004 gpu=1 start=13:47:06 deadline=15:16:46 max_dur=300
[lane 101] no claimable units left
[lane 101] done, 0 units attempted 13:47:08
[lane 101] clariden-ln002 gpu=1 start=13:47:18 deadline=15:16:58 max_dur=300
[lane 101] no claimable units left
[lane 101] done, 0 units attempted 13:47:19
[lane 101] clariden-ln004 gpu=1 start=13:48:27 deadline=15:18:07 max_dur=300
[lane 101] no claimable units left
[lane 101] done, 0 units attempted 13:48:29
[lane 101] clariden-ln002 gpu=1 start=13:48:39 deadline=15:18:19 max_dur=300
[lane 101] no claimable units left
[lane 101] done, 0 units attempted 13:48:41
[lane 101] clariden-ln004 gpu=1 start=13:49:48 deadline=15:19:28 max_dur=300
[lane 101] no claimable units left
[lane 101] done, 0 units attempted 13:49:50
[lane 101] clariden-ln002 gpu=1 start=13:50:00 deadline=15:19:40 max_dur=300
[lane 101] no claimable units left
[lane 101] done, 0 units attempted 13:50:03
[lane 101] clariden-ln004 gpu=1 start=13:51:10 deadline=15:20:50 max_dur=300
[lane 101] no claimable units left
[lane 101] done, 0 units attempted 13:51:11
[lane 101] clariden-ln002 gpu=1 start=13:51:22 deadline=15:21:02 max_dur=300
[lane 101] no claimable units left
[lane 101] done, 0 units attempted 13:51:24
[lane 101] clariden-ln004 gpu=1 start=13:52:10 deadline=15:21:50 max_dur=300
[lane 101] no claimable units left
[lane 101] done, 0 units attempted 13:52:12
[lane 101] clariden-ln002 gpu=1 start=13:52:42 deadline=15:22:22 max_dur=300
[lane 101] no claimable units left
[lane 101] done, 0 units attempted 13:52:44
[lane 101] clariden-ln004 gpu=1 start=13:53:11 deadline=15:22:51 max_dur=300
[lane 101] no claimable units left
[lane 101] done, 0 units attempted 13:53:13
[lane 101] clariden-ln002 gpu=1 start=13:54:03 deadline=15:23:43 max_dur=300
[lane 101] no claimable units left
[lane 101] done, 0 units attempted 13:54:05
[lane 101] clariden-ln004 gpu=1 start=13:54:12 deadline=15:23:52 max_dur=300
[lane 101] no claimable units left
[lane 101] done, 0 units attempted 13:54:13
[lane 101] clariden-ln004 gpu=1 start=13:55:13 deadline=15:24:53 max_dur=300
[lane 101] no claimable units left
[lane 101] done, 0 units attempted 13:55:14
[lane 101] clariden-ln002 gpu=1 start=13:55:24 deadline=15:25:04 max_dur=300
[lane 101] no claimable units left
[lane 101] done, 0 units attempted 13:55:26
[lane 101] clariden-ln004 gpu=1 start=13:56:13 deadline=15:25:53 max_dur=300
[lane 101] no claimable units left
[lane 101] done, 0 units attempted 13:56:15
[lane 101] clariden-ln002 gpu=1 start=13:56:45 deadline=15:26:25 max_dur=300
[lane 101] no claimable units left
[lane 101] done, 0 units attempted 13:56:46
[lane 101] clariden-ln004 gpu=1 start=13:57:34 deadline=15:27:14 max_dur=300
[lane 101] no claimable units left
[lane 101] done, 0 units attempted 13:57:35
[lane 101] clariden-ln002 gpu=1 start=13:58:06 deadline=15:27:45 max_dur=300
[lane 101] no claimable units left
[lane 101] done, 0 units attempted 13:58:07
[lane 101] clariden-ln004 gpu=1 start=13:58:55 deadline=15:28:35 max_dur=300
[lane 101] no claimable units left
[lane 101] done, 0 units attempted 13:58:56
[lane 101] clariden-ln002 gpu=1 start=13:59:26 deadline=15:29:06 max_dur=300
[lane 101] no claimable units left
[lane 101] done, 0 units attempted 13:59:28
[lane 101] clariden-ln004 gpu=1 start=14:00:15 deadline=15:29:55 max_dur=300
[lane 101] no claimable units left
[lane 101] done, 0 units attempted 14:00:17
[lane 101] clariden-ln002 gpu=1 start=14:00:47 deadline=15:30:27 max_dur=300
[lane 101] no claimable units left
[lane 101] done, 0 units attempted 14:00:48
[lane 101] clariden-ln004 gpu=1 start=14:01:36 deadline=15:31:16 max_dur=300
[lane 101] no claimable units left
[lane 101] done, 0 units attempted 14:01:37
[lane 101] clariden-ln002 gpu=1 start=14:01:48 deadline=15:31:28 max_dur=300
[lane 101] no claimable units left
[lane 101] done, 0 units attempted 14:01:49
[lane 101] clariden-ln004 gpu=1 start=14:02:57 deadline=15:32:37 max_dur=300
[lane 101] no claimable units left
[lane 101] done, 0 units attempted 14:02:59
[lane 101] clariden-ln002 gpu=1 start=14:03:09 deadline=15:32:49 max_dur=300
[lane 101] no claimable units left
[lane 101] done, 0 units attempted 14:03:10
[lane 101] clariden-ln004 gpu=1 start=14:04:18 deadline=15:33:58 max_dur=300
[lane 101] no claimable units left
[lane 101] done, 0 units attempted 14:04:19
[lane 101] clariden-ln002 gpu=1 start=14:04:30 deadline=15:34:10 max_dur=300
[lane 101] no claimable units left
[lane 101] done, 0 units attempted 14:04:33
[lane 101] clariden-ln004 gpu=1 start=14:05:39 deadline=15:35:19 max_dur=300
[lane 101] no claimable units left
[lane 101] done, 0 units attempted 14:05:41
[lane 101] clariden-ln002 gpu=1 start=14:05:51 deadline=15:35:31 max_dur=300
[lane 101] no claimable units left
[lane 101] done, 0 units attempted 14:05:53
[lane 101] clariden-ln004 gpu=1 start=14:07:00 deadline=15:36:40 max_dur=300
[lane 101] no claimable units left
[lane 101] done, 0 units attempted 14:07:02
[lane 101] clariden-ln002 gpu=1 start=14:07:12 deadline=15:36:52 max_dur=300
[lane 101] no claimable units left
[lane 101] done, 0 units attempted 14:07:12
[lane 101] clariden-ln004 gpu=1 start=14:08:21 deadline=15:38:01 max_dur=300
[lane 101] no claimable units left
[lane 101] done, 0 units attempted 14:08:23
[lane 101] clariden-ln002 gpu=1 start=14:08:33 deadline=15:38:12 max_dur=300
[lane 101] no claimable units left
[lane 101] done, 0 units attempted 14:08:34
[lane 101] clariden-ln004 gpu=1 start=14:09:24 deadline=15:39:04 max_dur=300
[lane 101] no claimable units left
[lane 101] done, 0 units attempted 14:09:27
[lane 101] clariden-ln002 gpu=1 start=14:09:53 deadline=15:39:33 max_dur=300
[lane 101] no claimable units left
[lane 101] done, 0 units attempted 14:09:55
[lane 101] clariden-ln004 gpu=1 start=14:10:45 deadline=15:40:25 max_dur=300
[lane 101] no claimable units left
[lane 101] done, 0 units attempted 14:10:46
[lane 101] clariden-ln002 gpu=1 start=14:11:14 deadline=15:40:53 max_dur=300
[lane 101] no claimable units left
[lane 101] done, 0 units attempted 14:11:15
[lane 101] clariden-ln004 gpu=1 start=14:12:05 deadline=15:41:45 max_dur=300
[lane 101] no claimable units left
[lane 101] done, 0 units attempted 14:12:06
[lane 101] clariden-ln002 gpu=1 start=14:12:14 deadline=15:41:54 max_dur=300
[lane 101] no claimable units left
[lane 101] done, 0 units attempted 14:12:15
[lane 101] clariden-ln002 gpu=1 start=14:13:15 deadline=15:42:55 max_dur=300
[lane 101] no claimable units left
[lane 101] done, 0 units attempted 14:13:16
[lane 101] clariden-ln004 gpu=1 start=14:13:26 deadline=15:43:06 max_dur=300
[lane 101] no claimable units left
[lane 101] done, 0 units attempted 14:13:27
[lane 101] clariden-ln004 gpu=1 start=14:14:26 deadline=15:44:06 max_dur=300
[lane 101] no claimable units left
[lane 101] done, 0 units attempted 14:14:27
[lane 101] clariden-ln002 gpu=1 start=14:14:44 deadline=15:44:24 max_dur=0
[lane 101] --> p1 semantic_condition_alert thr=0.0100 shard=3 (14:14:44, 5380s left)
[lane 101] <-- semantic_condition_alert thr=0.0100 shard=3 rc=0 BARREN (nothing under 0s) (14:15:17)
[lane 101] --> p1 semantic_condition_alert thr=0.0100 shard=2 (14:15:17, 5347s left)
[lane 101] clariden-ln004 gpu=1 start=14:15:27 deadline=15:45:07 max_dur=300
[lane 101] no claimable units left
[lane 101] done, 0 units attempted 14:15:29
[lane 101] <-- semantic_condition_alert thr=0.0100 shard=2 rc=0 BARREN (nothing under 0s) (14:16:01)
[lane 101] --> p1 semantic_condition_alert thr=0.0200 shard=2 (14:16:01, 5303s left)
[lane 101] clariden-ln004 gpu=1 start=14:16:47 deadline=15:46:27 max_dur=300
[lane 101] no claimable units left
[lane 101] done, 0 units attempted 14:16:51
[lane 101] <-- semantic_condition_alert thr=0.0200 shard=2 rc=0 BARREN (nothing under 0s) (14:17:05)
[lane 101] --> p1 semantic_condition_alert thr=0.0200 shard=3 (14:17:06, 5239s left)
[lane 101] <-- semantic_condition_alert thr=0.0200 shard=3 rc=0 BARREN (nothing under 0s) (14:18:01)
[lane 101] --> p1 semantic_condition_alert thr=0.0500 shard=3 (14:18:01, 5183s left)
[lane 101] clariden-ln004 gpu=1 start=14:18:08 deadline=15:47:48 max_dur=300
[lane 101] no claimable units left
[lane 101] done, 0 units attempted 14:18:10
[lane 101] <-- semantic_condition_alert thr=0.0500 shard=3 rc=0 BARREN (nothing under 0s) (14:19:07)
[lane 101] --> p1 semantic_condition_alert thr=0.0500 shard=2 (14:19:07, 5117s left)
[lane 101] clariden-ln004 gpu=1 start=14:19:29 deadline=15:49:09 max_dur=300
[lane 101] no claimable units left
[lane 101] done, 0 units attempted 14:19:31
[lane 101] <-- semantic_condition_alert thr=0.0500 shard=2 rc=0 BARREN (nothing under 0s) (14:20:07)
[lane 101] --> p1 semantic_condition_alert thr=0.1500 shard=2 (14:20:08, 5057s left)
[lane 101] clariden-ln004 gpu=1 start=14:20:50 deadline=15:50:30 max_dur=300
[lane 101] no claimable units left
[lane 101] done, 0 units attempted 14:20:51
[lane 101] <-- semantic_condition_alert thr=0.1500 shard=2 rc=0 BARREN (nothing under 0s) (14:21:10)
[lane 101] --> p1 semantic_condition_alert thr=0.1500 shard=3 (14:21:10, 4994s left)
[lane 101] clariden-ln004 gpu=1 start=14:22:10 deadline=15:51:50 max_dur=300
[lane 101] no claimable units left
[lane 101] done, 0 units attempted 14:22:12
[lane 101] <-- semantic_condition_alert thr=0.1500 shard=3 rc=0 BARREN (nothing under 0s) (14:22:15)
[lane 101] --> p1 semantic_condition_alert thr=0.2500 shard=1 (14:22:15, 4929s left)
[lane 101] clariden-ln004 gpu=1 start=14:23:31 deadline=15:53:11 max_dur=300
[lane 101] no claimable units left
[lane 101] done, 0 units attempted 14:23:32
[lane 101] clariden-ln004 gpu=1 start=14:24:52 deadline=15:54:32 max_dur=300
[lane 101] no claimable units left
[lane 101] done, 0 units attempted 14:24:53
[lane 101] clariden-ln004 gpu=1 start=14:26:13 deadline=15:55:53 max_dur=300
[lane 101] no claimable units left
[lane 101] done, 0 units attempted 14:26:14
[lane 101] clariden-ln004 gpu=1 start=14:27:33 deadline=15:57:13 max_dur=300
[lane 101] no claimable units left
[lane 101] done, 0 units attempted 14:27:35
[lane 101] clariden-ln004 gpu=1 start=14:28:54 deadline=15:58:34 max_dur=300
[lane 101] no claimable units left
[lane 101] done, 0 units attempted 14:28:55
[lane 101] clariden-ln004 gpu=1 start=14:30:14 deadline=15:59:54 max_dur=300
[lane 101] no claimable units left
[lane 101] done, 0 units attempted 14:30:15
[lane 101] clariden-ln004 gpu=1 start=14:31:35 deadline=16:01:15 max_dur=300
[lane 101] no claimable units left
[lane 101] done, 0 units attempted 14:31:36
[lane 101] clariden-ln004 gpu=1 start=14:32:56 deadline=16:02:36 max_dur=300
[lane 101] no claimable units left
[lane 101] done, 0 units attempted 14:32:57
[lane 101] clariden-ln004 gpu=1 start=14:34:18 deadline=16:03:57 max_dur=300
[lane 101] no claimable units left
[lane 101] done, 0 units attempted 14:34:19
[lane 101] clariden-ln004 gpu=1 start=14:35:37 deadline=16:05:17 max_dur=300
[lane 101] no claimable units left
[lane 101] done, 0 units attempted 14:35:38
[lane 101] clariden-ln004 gpu=1 start=14:36:58 deadline=16:06:38 max_dur=300
[lane 101] no claimable units left
[lane 101] done, 0 units attempted 14:36:59
[lane 101] clariden-ln004 gpu=1 start=14:38:19 deadline=16:07:59 max_dur=300
[lane 101] no claimable units left
[lane 101] done, 0 units attempted 14:38:21
[lane 101] clariden-ln004 gpu=1 start=14:39:39 deadline=16:09:19 max_dur=300
[lane 101] no claimable units left
[lane 101] done, 0 units attempted 14:39:41
[lane 101] clariden-ln004 gpu=1 start=14:41:00 deadline=16:10:40 max_dur=300
[lane 101] no claimable units left
[lane 101] done, 0 units attempted 14:41:02
[lane 101] clariden-ln004 gpu=1 start=14:42:21 deadline=16:12:01 max_dur=300
[lane 101] no claimable units left
[lane 101] done, 0 units attempted 14:42:21
[lane 101] clariden-ln004 gpu=1 start=14:43:41 deadline=16:13:21 max_dur=300
[lane 101] no claimable units left
[lane 101] done, 0 units attempted 14:43:43
[lane 101] clariden-ln004 gpu=1 start=14:45:02 deadline=16:14:42 max_dur=300
[lane 101] no claimable units left
[lane 101] done, 0 units attempted 14:45:03
[lane 101] clariden-ln004 gpu=1 start=14:46:22 deadline=16:16:02 max_dur=300
[lane 101] no claimable units left
[lane 101] done, 0 units attempted 14:46:24
[lane 101] clariden-ln004 gpu=1 start=14:47:42 deadline=16:17:22 max_dur=300
[lane 101] no claimable units left
[lane 101] done, 0 units attempted 14:47:43
[lane 101] clariden-ln004 gpu=1 start=14:49:04 deadline=16:18:44 max_dur=300
[lane 101] no claimable units left
[lane 101] done, 0 units attempted 14:49:05
[lane 101] clariden-ln004 gpu=1 start=14:50:25 deadline=16:20:05 max_dur=300
[lane 101] no claimable units left
[lane 101] done, 0 units attempted 14:50:26
[lane 101] clariden-ln004 gpu=1 start=14:51:46 deadline=16:21:26 max_dur=300
[lane 101] no claimable units left
[lane 101] done, 0 units attempted 14:51:47
[lane 101] clariden-ln004 gpu=1 start=14:53:07 deadline=16:22:47 max_dur=300
[lane 101] no claimable units left
[lane 101] done, 0 units attempted 14:53:07
[lane 101] clariden-ln004 gpu=1 start=14:54:27 deadline=16:24:07 max_dur=300
[lane 101] no claimable units left
[lane 101] done, 0 units attempted 14:54:28
[lane 101] clariden-ln004 gpu=1 start=14:55:48 deadline=16:25:28 max_dur=300
[lane 101] no claimable units left
[lane 101] done, 0 units attempted 14:55:49
[lane 101] clariden-ln004 gpu=1 start=14:57:09 deadline=16:26:49 max_dur=300
[lane 101] no claimable units left
[lane 101] done, 0 units attempted 14:57:10
[lane 101] clariden-ln004 gpu=1 start=14:58:29 deadline=16:28:09 max_dur=300
[lane 101] no claimable units left
[lane 101] done, 0 units attempted 14:58:30
[lane 101] clariden-ln004 gpu=1 start=14:59:49 deadline=16:29:29 max_dur=300
[lane 101] no claimable units left
[lane 101] done, 0 units attempted 14:59:50
[lane 101] clariden-ln004 gpu=1 start=15:01:10 deadline=16:30:50 max_dur=300
[lane 101] no claimable units left
[lane 101] done, 0 units attempted 15:01:11
[lane 101] clariden-ln004 gpu=1 start=15:02:31 deadline=16:32:11 max_dur=300
[lane 101] no claimable units left
[lane 101] done, 0 units attempted 15:02:32
[lane 101] clariden-ln004 gpu=1 start=15:03:53 deadline=16:33:32 max_dur=300
[lane 101] no claimable units left
[lane 101] done, 0 units attempted 15:03:54
[lane 101] clariden-ln004 gpu=1 start=15:05:13 deadline=16:34:53 max_dur=300
[lane 101] no claimable units left
[lane 101] done, 0 units attempted 15:05:14
[lane 101] clariden-ln004 gpu=1 start=15:06:34 deadline=16:36:13 max_dur=300
[lane 101] no claimable units left
[lane 101] done, 0 units attempted 15:06:35
[lane 101] clariden-ln004 gpu=1 start=15:07:54 deadline=16:37:34 max_dur=300
[lane 101] no claimable units left
[lane 101] done, 0 units attempted 15:07:55
[lane 101] clariden-ln004 gpu=1 start=15:09:15 deadline=16:38:55 max_dur=300
[lane 101] no claimable units left
[lane 101] done, 0 units attempted 15:09:16
[lane 101] clariden-ln004 gpu=1 start=15:10:35 deadline=16:40:15 max_dur=300
[lane 101] no claimable units left
[lane 101] done, 0 units attempted 15:10:36
[lane 101] clariden-ln004 gpu=1 start=15:11:56 deadline=16:41:36 max_dur=300
[lane 101] no claimable units left
[lane 101] done, 0 units attempted 15:11:57
[lane 101] clariden-ln004 gpu=1 start=15:13:17 deadline=16:42:57 max_dur=300
[lane 101] no claimable units left
[lane 101] done, 0 units attempted 15:13:18
[lane 101] clariden-ln004 gpu=1 start=15:14:38 deadline=16:44:18 max_dur=300
[lane 101] no claimable units left
[lane 101] done, 0 units attempted 15:14:40
[lane 101] clariden-ln004 gpu=1 start=15:16:00 deadline=16:45:40 max_dur=300
[lane 101] no claimable units left
[lane 101] done, 0 units attempted 15:16:01
[lane 101] clariden-ln004 gpu=1 start=15:17:20 deadline=16:47:00 max_dur=300
[lane 101] no claimable units left
[lane 101] done, 0 units attempted 15:17:22
[lane 101] clariden-ln004 gpu=1 start=15:18:41 deadline=16:48:21 max_dur=300
[lane 101] no claimable units left
[lane 101] done, 0 units attempted 15:18:42
[lane 101] clariden-ln004 gpu=1 start=15:20:01 deadline=16:49:41 max_dur=300
[lane 101] no claimable units left
[lane 101] done, 0 units attempted 15:20:03
[lane 101] clariden-ln004 gpu=1 start=15:21:22 deadline=16:51:02 max_dur=300
[lane 101] no claimable units left
[lane 101] done, 0 units attempted 15:21:24
[lane 101] clariden-ln004 gpu=1 start=15:22:43 deadline=16:52:23 max_dur=300
[lane 101] no claimable units left
[lane 101] done, 0 units attempted 15:22:44
[lane 101] clariden-ln004 gpu=1 start=15:24:04 deadline=16:53:44 max_dur=300
[lane 101] no claimable units left
[lane 101] done, 0 units attempted 15:24:07
[lane 101] clariden-ln004 gpu=1 start=15:25:25 deadline=16:55:05 max_dur=300
[lane 101] no claimable units left
[lane 101] done, 0 units attempted 15:25:26
[lane 101] clariden-ln004 gpu=1 start=15:26:46 deadline=16:56:26 max_dur=300
[lane 101] no claimable units left
[lane 101] done, 0 units attempted 15:26:49
[lane 101] clariden-ln004 gpu=1 start=15:28:07 deadline=16:57:47 max_dur=300
[lane 101] no claimable units left
[lane 101] done, 0 units attempted 15:28:09
[lane 101] clariden-ln004 gpu=1 start=15:29:28 deadline=16:59:08 max_dur=300
[lane 101] no claimable units left
[lane 101] done, 0 units attempted 15:29:30
[lane 101] clariden-ln004 gpu=1 start=15:30:48 deadline=17:00:28 max_dur=300
[lane 101] no claimable units left
[lane 101] done, 0 units attempted 15:30:50
[lane 101] clariden-ln004 gpu=1 start=15:32:10 deadline=17:01:50 max_dur=300
[lane 101] no claimable units left
[lane 101] done, 0 units attempted 15:32:12
[lane 101] clariden-ln004 gpu=1 start=15:33:30 deadline=17:03:10 max_dur=300
[lane 101] no claimable units left
[lane 101] done, 0 units attempted 15:33:31
[lane 101] clariden-ln004 gpu=1 start=15:34:51 deadline=17:04:31 max_dur=300
[lane 101] no claimable units left
[lane 101] done, 0 units attempted 15:34:53
[lane 101] clariden-ln004 gpu=1 start=15:36:12 deadline=17:05:52 max_dur=300
[lane 101] no claimable units left
[lane 101] done, 0 units attempted 15:36:13
[lane 101] clariden-ln004 gpu=1 start=15:37:33 deadline=17:07:13 max_dur=300
[lane 101] no claimable units left
[lane 101] done, 0 units attempted 15:37:35
[lane 101] clariden-ln004 gpu=1 start=15:38:53 deadline=17:08:33 max_dur=300
[lane 101] no claimable units left
[lane 101] done, 0 units attempted 15:38:55
[lane 101] clariden-ln004 gpu=1 start=15:40:14 deadline=17:09:54 max_dur=300
[lane 101] no claimable units left
[lane 101] done, 0 units attempted 15:40:15
[lane 101] clariden-ln004 gpu=1 start=15:41:36 deadline=17:11:15 max_dur=300
[lane 101] no claimable units left
[lane 101] done, 0 units attempted 15:41:37
[lane 101] clariden-ln004 gpu=1 start=15:42:57 deadline=17:12:37 max_dur=300
[lane 101] no claimable units left
[lane 101] done, 0 units attempted 15:43:01
[lane 101] <-- semantic_condition_alert thr=0.2500 shard=1 rc=124 BARREN (nothing under 0s) (15:43:54)
[lane 101] 30s left (< 240) -- stopping cleanly
[lane 101] done, 9 units attempted 15:43:54
[lane 101] clariden-ln004 gpu=1 start=15:44:19 deadline=17:13:59 max_dur=300
[lane 101] no claimable units left
[lane 101] done, 0 units attempted 15:44:22
[lane 101] clariden-ln002 gpu=1 start=15:45:05 deadline=17:14:45 max_dur=0
[lane 101] --> p1 semantic_condition_alert thr=0.2500 shard=1 (15:45:06, 5380s left)
[lane 101] clariden-ln004 gpu=1 start=15:45:40 deadline=17:15:20 max_dur=300
[lane 101] no claimable units left
[lane 101] done, 0 units attempted 15:45:41
[lane 101] clariden-ln004 gpu=1 start=15:47:01 deadline=17:16:41 max_dur=300
[lane 101] no claimable units left
[lane 101] done, 0 units attempted 15:47:03
[lane 101] clariden-ln004 gpu=1 start=15:48:23 deadline=17:18:03 max_dur=300
[lane 101] no claimable units left
[lane 101] done, 0 units attempted 15:48:25
[lane 101] clariden-ln004 gpu=1 start=15:49:44 deadline=17:19:24 max_dur=300
[lane 101] no claimable units left
[lane 101] done, 0 units attempted 15:49:45
[lane 101] clariden-ln004 gpu=1 start=15:51:06 deadline=17:20:46 max_dur=300
[lane 101] no claimable units left
[lane 101] done, 0 units attempted 15:51:08
[lane 101] clariden-ln004 gpu=1 start=15:52:27 deadline=17:22:07 max_dur=300
[lane 101] no claimable units left
[lane 101] done, 0 units attempted 15:52:30
[lane 101] clariden-ln004 gpu=1 start=15:53:49 deadline=17:23:29 max_dur=300
[lane 101] no claimable units left
[lane 101] done, 0 units attempted 15:53:52
[lane 101] clariden-ln004 gpu=1 start=15:55:11 deadline=17:24:51 max_dur=300
[lane 101] no claimable units left
[lane 101] done, 0 units attempted 15:55:13
[lane 101] clariden-ln004 gpu=1 start=15:56:33 deadline=17:26:13 max_dur=300
[lane 101] no claimable units left
[lane 101] done, 0 units attempted 15:56:34
[lane 101] clariden-ln004 gpu=1 start=15:57:54 deadline=17:27:34 max_dur=300
[lane 101] no claimable units left
[lane 101] done, 0 units attempted 15:57:55
[lane 101] clariden-ln004 gpu=1 start=15:59:14 deadline=17:28:54 max_dur=300
[lane 101] no claimable units left
[lane 101] done, 0 units attempted 15:59:15
[lane 101] clariden-ln004 gpu=1 start=16:00:35 deadline=17:30:15 max_dur=300
[lane 101] no claimable units left
[lane 101] done, 0 units attempted 16:00:36
[lane 101] clariden-ln004 gpu=1 start=16:01:56 deadline=17:31:36 max_dur=300
[lane 101] no claimable units left
[lane 101] done, 0 units attempted 16:01:58
[lane 101] clariden-ln004 gpu=1 start=16:03:18 deadline=17:32:58 max_dur=300
[lane 101] no claimable units left
[lane 101] done, 0 units attempted 16:03:20
[lane 101] clariden-ln004 gpu=1 start=16:04:39 deadline=17:34:19 max_dur=300
[lane 101] no claimable units left
[lane 101] done, 0 units attempted 16:04:40
[lane 101] clariden-ln004 gpu=1 start=16:06:00 deadline=17:35:40 max_dur=300
[lane 101] no claimable units left
[lane 101] done, 0 units attempted 16:06:05
[lane 101] clariden-ln004 gpu=1 start=16:07:21 deadline=17:37:01 max_dur=300
[lane 101] no claimable units left
[lane 101] done, 0 units attempted 16:07:22
[lane 101] clariden-ln004 gpu=1 start=16:08:42 deadline=17:38:22 max_dur=300
[lane 101] no claimable units left
[lane 101] done, 0 units attempted 16:08:44
[lane 101] clariden-ln004 gpu=1 start=16:10:03 deadline=17:39:43 max_dur=300
[lane 101] no claimable units left
[lane 101] done, 0 units attempted 16:10:05
[lane 101] clariden-ln004 gpu=1 start=16:11:25 deadline=17:41:05 max_dur=300
[lane 101] no claimable units left
[lane 101] done, 0 units attempted 16:11:26
[lane 101] clariden-ln004 gpu=1 start=16:12:46 deadline=17:42:26 max_dur=300
[lane 101] no claimable units left
[lane 101] done, 0 units attempted 16:12:47
[lane 101] clariden-ln004 gpu=1 start=16:14:06 deadline=17:43:46 max_dur=300
[lane 101] no claimable units left
[lane 101] done, 0 units attempted 16:14:07
[lane 101] clariden-ln004 gpu=1 start=16:15:27 deadline=17:45:07 max_dur=300
[lane 101] no claimable units left
[lane 101] done, 0 units attempted 16:15:28
[lane 101] clariden-ln004 gpu=1 start=16:16:48 deadline=17:46:28 max_dur=300
[lane 101] no claimable units left
[lane 101] done, 0 units attempted 16:16:49
[lane 101] clariden-ln004 gpu=1 start=16:18:09 deadline=17:47:49 max_dur=300
[lane 101] no claimable units left
[lane 101] done, 0 units attempted 16:18:11
[lane 101] clariden-ln004 gpu=1 start=16:19:29 deadline=17:49:09 max_dur=300
[lane 101] no claimable units left
[lane 101] done, 0 units attempted 16:19:30
[lane 101] clariden-ln004 gpu=1 start=16:20:50 deadline=17:50:30 max_dur=300
[lane 101] no claimable units left
[lane 101] done, 0 units attempted 16:20:51
[lane 101] clariden-ln004 gpu=1 start=16:22:11 deadline=17:51:51 max_dur=300
[lane 101] no claimable units left
[lane 101] done, 0 units attempted 16:22:12
[lane 101] clariden-ln004 gpu=1 start=16:23:32 deadline=17:53:12 max_dur=300
[lane 101] no claimable units left
[lane 101] done, 0 units attempted 16:23:33
[lane 101] clariden-ln004 gpu=1 start=16:24:52 deadline=17:54:32 max_dur=300
[lane 101] no claimable units left
[lane 101] done, 0 units attempted 16:24:53
[lane 101] clariden-ln004 gpu=1 start=16:26:13 deadline=17:55:53 max_dur=300
[lane 101] no claimable units left
[lane 101] done, 0 units attempted 16:26:14
[lane 101] clariden-ln004 gpu=1 start=16:27:34 deadline=17:57:14 max_dur=300
[lane 101] no claimable units left
[lane 101] done, 0 units attempted 16:27:35
[lane 101] clariden-ln004 gpu=1 start=16:28:55 deadline=17:58:35 max_dur=300
[lane 101] no claimable units left
[lane 101] done, 0 units attempted 16:28:56
[lane 101] clariden-ln004 gpu=1 start=16:30:16 deadline=17:59:56 max_dur=300
[lane 101] no claimable units left
[lane 101] done, 0 units attempted 16:30:18
[lane 101] clariden-ln004 gpu=1 start=16:31:37 deadline=18:01:17 max_dur=300
[lane 101] no claimable units left
[lane 101] done, 0 units attempted 16:31:39
[lane 101] clariden-ln004 gpu=1 start=16:32:58 deadline=18:02:38 max_dur=300
[lane 101] no claimable units left
[lane 101] done, 0 units attempted 16:33:00
[lane 101] clariden-ln004 gpu=1 start=16:34:19 deadline=18:03:59 max_dur=300
[lane 101] no claimable units left
[lane 101] done, 0 units attempted 16:34:20
[lane 101] clariden-ln004 gpu=1 start=16:35:41 deadline=18:05:20 max_dur=300
[lane 101] no claimable units left
[lane 101] done, 0 units attempted 16:35:42
[lane 101] clariden-ln004 gpu=1 start=16:37:02 deadline=18:06:42 max_dur=300
[lane 101] no claimable units left
[lane 101] done, 0 units attempted 16:37:04
[lane 101] clariden-ln004 gpu=1 start=16:38:24 deadline=18:08:03 max_dur=300
[lane 101] no claimable units left
[lane 101] done, 0 units attempted 16:38:25
[lane 101] clariden-ln004 gpu=1 start=16:39:46 deadline=18:09:26 max_dur=300
[lane 101] no claimable units left
[lane 101] done, 0 units attempted 16:39:48
[lane 101] clariden-ln004 gpu=1 start=16:41:07 deadline=18:10:47 max_dur=300
[lane 101] no claimable units left
[lane 101] done, 0 units attempted 16:41:08
[lane 101] clariden-ln004 gpu=1 start=16:42:30 deadline=18:12:10 max_dur=300
[lane 101] no claimable units left
[lane 101] done, 0 units attempted 16:42:31
[lane 101] clariden-ln004 gpu=1 start=16:43:53 deadline=18:13:33 max_dur=300
[lane 101] no claimable units left
[lane 101] done, 0 units attempted 16:43:55
[lane 101] clariden-ln004 gpu=1 start=16:45:15 deadline=18:14:55 max_dur=300
[lane 101] no claimable units left
[lane 101] done, 0 units attempted 16:45:16
[lane 101] clariden-ln004 gpu=1 start=16:46:36 deadline=18:16:16 max_dur=300
[lane 101] no claimable units left
[lane 101] done, 0 units attempted 16:46:37
[lane 101] clariden-ln004 gpu=1 start=16:47:57 deadline=18:17:37 max_dur=300
[lane 101] no claimable units left
[lane 101] done, 0 units attempted 16:47:58
[lane 101] clariden-ln004 gpu=1 start=16:49:19 deadline=18:18:59 max_dur=300
[lane 101] no claimable units left
[lane 101] done, 0 units attempted 16:49:22
[lane 101] clariden-ln004 gpu=1 start=16:50:40 deadline=18:20:20 max_dur=300
[lane 101] no claimable units left
[lane 101] done, 0 units attempted 16:50:42
[lane 101] clariden-ln004 gpu=1 start=16:52:01 deadline=18:21:41 max_dur=300
[lane 101] no claimable units left
[lane 101] done, 0 units attempted 16:52:04
[lane 101] clariden-ln004 gpu=1 start=16:53:23 deadline=18:23:03 max_dur=300
[lane 101] no claimable units left
[lane 101] done, 0 units attempted 16:53:25
[lane 101] clariden-ln004 gpu=1 start=16:54:44 deadline=18:24:24 max_dur=300
[lane 101] no claimable units left
[lane 101] done, 0 units attempted 16:54:49
[lane 101] clariden-ln004 gpu=1 start=16:56:05 deadline=18:25:45 max_dur=300
[lane 101] no claimable units left
[lane 101] done, 0 units attempted 16:56:06
[lane 101] clariden-ln004 gpu=1 start=16:57:26 deadline=18:27:06 max_dur=300
[lane 101] no claimable units left
[lane 101] done, 0 units attempted 16:57:27
[lane 101] clariden-ln004 gpu=1 start=16:58:47 deadline=18:28:27 max_dur=300
[lane 101] no claimable units left
[lane 101] done, 0 units attempted 16:58:49
[lane 101] clariden-ln004 gpu=1 start=17:00:09 deadline=18:29:49 max_dur=300
[lane 101] no claimable units left
[lane 101] done, 0 units attempted 17:00:10
[lane 101] clariden-ln004 gpu=1 start=17:01:30 deadline=18:31:10 max_dur=300
[lane 101] no claimable units left
[lane 101] done, 0 units attempted 17:01:31
[lane 101] clariden-ln004 gpu=1 start=17:02:51 deadline=18:32:31 max_dur=300
[lane 101] no claimable units left
[lane 101] done, 0 units attempted 17:02:52
[lane 101] clariden-ln004 gpu=1 start=17:04:12 deadline=18:33:52 max_dur=300
[lane 101] no claimable units left
[lane 101] done, 0 units attempted 17:04:14
[lane 101] clariden-ln004 gpu=1 start=17:05:33 deadline=18:35:13 max_dur=300
[lane 101] no claimable units left
[lane 101] done, 0 units attempted 17:05:36
[lane 101] clariden-ln004 gpu=1 start=17:06:55 deadline=18:36:35 max_dur=300
[lane 101] no claimable units left
[lane 101] done, 0 units attempted 17:06:58
[lane 101] clariden-ln004 gpu=1 start=17:08:18 deadline=18:37:58 max_dur=300
[lane 101] no claimable units left
[lane 101] done, 0 units attempted 17:08:20
[lane 101] clariden-ln004 gpu=1 start=17:09:41 deadline=18:39:21 max_dur=300
[lane 101] no claimable units left
[lane 101] done, 0 units attempted 17:09:43
[lane 101] clariden-ln004 gpu=1 start=17:11:03 deadline=18:40:43 max_dur=300
[lane 101] no claimable units left
[lane 101] done, 0 units attempted 17:11:08
[lane 101] clariden-ln004 gpu=1 start=17:12:27 deadline=18:42:07 max_dur=300
[lane 101] no claimable units left
[lane 101] done, 0 units attempted 17:12:37
[lane 101] clariden-ln004 gpu=1 start=17:13:51 deadline=18:43:31 max_dur=300
[lane 101] no claimable units left
[lane 101] done, 0 units attempted 17:13:54
[lane 101] <-- semantic_condition_alert thr=0.2500 shard=1 rc=124 BARREN (nothing under 0s) (17:14:16)
[lane 101] 29s left (< 240) -- stopping cleanly
[lane 101] done, 1 units attempted 17:14:16
[lane 101] clariden-ln004 gpu=1 start=17:15:16 deadline=18:44:56 max_dur=300
[lane 101] clariden-ln002 gpu=1 start=17:15:26 deadline=18:45:06 max_dur=0
[lane 101] --> p1 semantic_condition_alert thr=0.2500 shard=1 (17:15:26, 5380s left)
[lane 101] no claimable units left
[lane 101] done, 0 units attempted 17:15:28
[lane 101] clariden-ln004 gpu=1 start=17:16:40 deadline=18:46:20 max_dur=300
[lane 101] no claimable units left
[lane 101] done, 0 units attempted 17:16:47
[lane 101] clariden-ln004 gpu=1 start=17:18:04 deadline=18:47:44 max_dur=300
[lane 101] no claimable units left
[lane 101] done, 0 units attempted 17:18:16
[lane 101] clariden-ln004 gpu=1 start=17:19:27 deadline=18:49:07 max_dur=300
[lane 101] no claimable units left
[lane 101] done, 0 units attempted 17:19:37
[lane 101] clariden-ln004 gpu=1 start=17:20:53 deadline=18:50:33 max_dur=300
[lane 101] no claimable units left
[lane 101] done, 0 units attempted 17:20:59
[lane 101] clariden-ln004 gpu=1 start=17:22:15 deadline=18:51:55 max_dur=300
[lane 101] no claimable units left
[lane 101] done, 0 units attempted 17:22:17
[lane 101] clariden-ln004 gpu=1 start=17:23:39 deadline=18:53:19 max_dur=300
[lane 101] no claimable units left
[lane 101] done, 0 units attempted 17:23:51
[lane 101] clariden-ln004 gpu=1 start=17:25:02 deadline=18:54:42 max_dur=300
[lane 101] no claimable units left
[lane 101] done, 0 units attempted 17:25:07
[lane 101] clariden-ln004 gpu=1 start=17:26:26 deadline=18:56:05 max_dur=300
[lane 101] no claimable units left
[lane 101] done, 0 units attempted 17:26:27
[lane 101] clariden-ln004 gpu=1 start=17:27:57 deadline=18:57:37 max_dur=300
[lane 101] no claimable units left
[lane 101] done, 0 units attempted 17:27:58
[lane 101] clariden-ln004 gpu=1 start=17:29:20 deadline=18:59:00 max_dur=300
[lane 101] no claimable units left
[lane 101] done, 0 units attempted 17:29:21
[lane 101] clariden-ln004 gpu=1 start=17:30:46 deadline=19:00:26 max_dur=300
[lane 101] no claimable units left
[lane 101] done, 0 units attempted 17:30:48
[lane 101] clariden-ln004 gpu=1 start=17:32:08 deadline=19:01:48 max_dur=300
[lane 101] no claimable units left
[lane 101] done, 0 units attempted 17:32:10
[lane 101] clariden-ln004 gpu=1 start=17:33:30 deadline=19:03:10 max_dur=300
[lane 101] no claimable units left
[lane 101] done, 0 units attempted 17:33:33
[lane 101] clariden-ln004 gpu=1 start=17:34:51 deadline=19:04:31 max_dur=300
[lane 101] no claimable units left
[lane 101] done, 0 units attempted 17:34:56
[lane 101] clariden-ln004 gpu=1 start=17:36:14 deadline=19:05:54 max_dur=300
[lane 101] no claimable units left
[lane 101] done, 0 units attempted 17:36:16
[lane 101] clariden-ln004 gpu=1 start=17:37:35 deadline=19:07:15 max_dur=300
[lane 101] no claimable units left
[lane 101] done, 0 units attempted 17:37:38
[lane 101] clariden-ln004 gpu=1 start=17:38:58 deadline=19:08:38 max_dur=300
[lane 101] no claimable units left
[lane 101] done, 0 units attempted 17:39:08
[lane 101] clariden-ln004 gpu=1 start=17:40:20 deadline=19:10:00 max_dur=300
[lane 101] no claimable units left
[lane 101] done, 0 units attempted 17:40:22
[lane 101] clariden-ln004 gpu=1 start=17:41:41 deadline=19:11:21 max_dur=300
[lane 101] no claimable units left
[lane 101] done, 0 units attempted 17:41:42
[lane 101] clariden-ln004 gpu=1 start=17:43:03 deadline=19:12:42 max_dur=300
[lane 101] no claimable units left
[lane 101] done, 0 units attempted 17:43:04
[lane 101] clariden-ln004 gpu=1 start=17:44:24 deadline=19:14:04 max_dur=300
[lane 101] no claimable units left
[lane 101] done, 0 units attempted 17:44:26
[lane 101] clariden-ln004 gpu=1 start=17:45:46 deadline=19:15:26 max_dur=300
[lane 101] no claimable units left
[lane 101] done, 0 units attempted 17:45:48
[lane 101] clariden-ln004 gpu=1 start=17:47:07 deadline=19:16:47 max_dur=300
[lane 101] no claimable units left
[lane 101] done, 0 units attempted 17:47:09
[lane 101] clariden-ln004 gpu=1 start=17:48:29 deadline=19:18:09 max_dur=300
[lane 101] no claimable units left
[lane 101] done, 0 units attempted 17:48:30
[lane 101] <-- semantic_condition_alert thr=0.2500 shard=1 rc=124 BARREN (nothing under 0s) (18:44:37)
[lane 101] 29s left (< 240) -- stopping cleanly
[lane 101] done, 1 units attempted 18:44:37
[lane 101] clariden-ln002 gpu=1 start=18:45:47 deadline=20:15:27 max_dur=0
[lane 101] --> p1 semantic_condition_alert thr=0.2500 shard=2 (18:45:48, 5380s left)
[lane 101] <-- semantic_condition_alert thr=0.2500 shard=2 rc=0 BARREN (nothing under 0s) (18:46:22)
[lane 101] --> p1 semantic_condition_alert thr=0.3500 shard=0 (18:46:22, 5345s left)
[lane 101] <-- semantic_condition_alert thr=0.3500 shard=0 rc=0 BARREN (nothing under 0s) (18:46:36)
[lane 101] --> p1 semantic_condition_alert thr=0.3500 shard=1 (18:46:36, 5331s left)
[lane 101] clariden-ln002 gpu=3 start=19:21:30 deadline=20:51:10 max_dur=0
[lane 101] --> p1 semantic_condition_alert thr=0.2500 shard=1 (19:21:30, 5380s left)
[lane 101] <-- semantic_condition_alert thr=0.2500 shard=1 rc=0 +1 samples (19:46:55)
[lane 101] --> p1 semantic_condition_alert thr=0.2500 shard=1 (19:46:56, 3855s left)
[lane 101] <-- semantic_condition_alert thr=0.2500 shard=1 rc=0 BARREN (nothing under 0s) (19:47:54)
[lane 101] --> p1 semantic_condition_alert thr=0.2500 shard=2 (19:47:55, 3796s left)
[lane 101] <-- semantic_condition_alert thr=0.2500 shard=2 rc=0 BARREN (nothing under 0s) (19:48:48)
[lane 101] --> p1 semantic_condition_alert thr=0.2500 shard=3 (19:48:48, 3742s left)
[lane 101] <-- semantic_condition_alert thr=0.2500 shard=3 rc=0 BARREN (nothing under 0s) (19:49:49)
[lane 101] --> p1 semantic_condition_alert thr=0.3500 shard=0 (19:49:49, 3681s left)
[lane 101] <-- semantic_condition_alert thr=0.3500 shard=0 rc=0 BARREN (nothing under 0s) (19:50:42)
[lane 101] --> p1 semantic_condition_alert thr=0.3500 shard=2 (19:50:42, 3628s left)
[lane 101] <-- semantic_condition_alert thr=0.3500 shard=2 rc=0 BARREN (nothing under 0s) (19:51:38)
[lane 101] --> p1 semantic_condition_alert thr=0.3500 shard=3 (19:51:38, 3572s left)
[lane 101] <-- semantic_condition_alert thr=0.3500 shard=3 rc=0 BARREN (nothing under 0s) (19:52:31)
[lane 101] --> p1 dedup_counting thr=0.0500 shard=0 (19:52:32, 3519s left)
[lane 101] <-- dedup_counting thr=0.0500 shard=0 rc=124 BARREN (nothing under 0s) (20:50:41)
[lane 101] 29s left (< 240) -- stopping cleanly
[lane 101] done, 8 units attempted 20:50:41
[lane 101] clariden-ln002 gpu=3 start=20:51:12 deadline=22:20:52 max_dur=0
[lane 101] --> p1 dedup_counting thr=0.0500 shard=1 (20:51:12, 5380s left)
[lane 101] <-- dedup_counting thr=0.0500 shard=1 rc=0 BARREN (nothing under 0s) (20:51:53)
[lane 101] --> p1 dedup_counting thr=0.0500 shard=2 (20:51:53, 5339s left)
[lane 101] <-- dedup_counting thr=0.0500 shard=2 rc=0 BARREN (nothing under 0s) (20:52:36)
[lane 101] --> p1 dedup_counting thr=0.0500 shard=3 (20:52:36, 5296s left)
[lane 101] <-- dedup_counting thr=0.0500 shard=3 rc=0 BARREN (nothing under 0s) (20:53:18)
[lane 101] --> p1 dedup_counting thr=0.1500 shard=0 (20:53:19, 5254s left)
[lane 101] <-- dedup_counting thr=0.1500 shard=0 rc=0 +1 samples (22:15:43)
[lane 101] --> p1 dedup_counting thr=0.2500 shard=1 (22:15:43, 309s left)
[lane 101] <-- dedup_counting thr=0.2500 shard=1 rc=0 BARREN (nothing under 0s) (22:16:23)
[lane 101] --> p1 dedup_counting thr=0.2500 shard=2 (22:16:23, 269s left)
[lane 101] <-- dedup_counting thr=0.2500 shard=2 rc=0 BARREN (nothing under 0s) (22:17:02)
[lane 101] 230s left (< 240) -- stopping cleanly
[lane 101] done, 6 units attempted 22:17:02
[lane 101] clariden-ln002 gpu=3 start=22:20:53 deadline=23:50:33 max_dur=0
[lane 101] --> p1 dedup_counting thr=0.2500 shard=1 (22:20:53, 5380s left)
[lane 101] <-- dedup_counting thr=0.2500 shard=1 rc=0 BARREN (nothing under 0s) (22:21:09)
[lane 101] --> p1 dedup_counting thr=0.2500 shard=2 (22:21:10, 5364s left)
[lane 101] <-- dedup_counting thr=0.2500 shard=2 rc=0 BARREN (nothing under 0s) (22:21:23)
[lane 101] --> p1 dedup_counting thr=0.2500 shard=3 (22:21:23, 5350s left)
[lane 101] <-- dedup_counting thr=0.2500 shard=3 rc=0 BARREN (nothing under 0s) (22:21:36)
[lane 101] --> p1 dedup_counting thr=0.3500 shard=0 (22:21:36, 5337s left)
[lane 101] <-- dedup_counting thr=0.3500 shard=0 rc=124 BARREN (nothing under 0s) (23:50:04)
[lane 101] 29s left (< 240) -- stopping cleanly
[lane 101] done, 4 units attempted 23:50:04
[lane 101] clariden-ln002 gpu=3 start=23:50:34 deadline=01:20:14 max_dur=0
[lane 101] --> p1 dedup_counting thr=0.2500 shard=1 (23:50:35, 5380s left)
[lane 101] <-- dedup_counting thr=0.2500 shard=1 rc=0 BARREN (nothing under 0s) (23:51:16)
[lane 101] --> p1 dedup_counting thr=0.2500 shard=2 (23:51:16, 5338s left)
[lane 101] <-- dedup_counting thr=0.2500 shard=2 rc=0 BARREN (nothing under 0s) (23:51:56)
[lane 101] --> p1 dedup_counting thr=0.2500 shard=3 (23:51:56, 5298s left)
[lane 101] <-- dedup_counting thr=0.2500 shard=3 rc=0 BARREN (nothing under 0s) (23:52:36)
[lane 101] --> p1 dedup_counting thr=0.3500 shard=1 (23:52:36, 5258s left)
[lane 101] <-- dedup_counting thr=0.3500 shard=1 rc=0 BARREN (nothing under 0s) (23:53:18)
[lane 101] --> p1 dedup_counting thr=0.3500 shard=3 (23:53:18, 5216s left)
[lane 101] <-- dedup_counting thr=0.3500 shard=3 rc=0 BARREN (nothing under 0s) (23:53:58)
[lane 101] --> p1 dedup_counting thr=0.3500 shard=2 (23:53:59, 5176s left)
[lane 101] <-- dedup_counting thr=0.3500 shard=2 rc=0 BARREN (nothing under 0s) (23:54:38)
[lane 101] --> p1 dedup_counting thr=0.8500 shard=1 (23:54:38, 5136s left)
[lane 101] <-- dedup_counting thr=0.8500 shard=1 rc=0 BARREN (nothing under 0s) (23:55:16)
[lane 101] --> p1 dedup_counting thr=0.8500 shard=2 (23:55:17, 5098s left)
[lane 101] <-- dedup_counting thr=0.8500 shard=2 rc=0 BARREN (nothing under 0s) (23:55:56)
[lane 101] --> p1 dedup_counting thr=0.8500 shard=3 (23:55:56, 5058s left)
[lane 101] <-- dedup_counting thr=0.8500 shard=3 rc=0 BARREN (nothing under 0s) (23:56:33)
[lane 101] --> p1 dedup_counting thr=0.9500 shard=1 (23:56:33, 5021s left)
[lane 101] <-- dedup_counting thr=0.9500 shard=1 rc=0 BARREN (nothing under 0s) (23:57:11)
[lane 101] --> p1 dedup_counting thr=0.9500 shard=2 (23:57:11, 4983s left)
[lane 101] <-- dedup_counting thr=0.9500 shard=2 rc=0 BARREN (nothing under 0s) (23:57:51)
[lane 101] --> p1 dedup_counting thr=0.9500 shard=3 (23:57:52, 4943s left)
[lane 101] <-- dedup_counting thr=0.9500 shard=3 rc=0 BARREN (nothing under 0s) (23:58:30)
[lane 101] --> p1 event_narration thr=0.0500 shard=0 (23:58:30, 4904s left)
[lane 101] <-- event_narration thr=0.0500 shard=0 rc=0 BARREN (nothing under 0s) (23:59:08)
[lane 101] --> p1 event_narration thr=0.0500 shard=2 (23:59:08, 4866s left)
[lane 101] <-- event_narration thr=0.0500 shard=2 rc=0 BARREN (nothing under 0s) (23:59:44)
[lane 101] --> p1 event_narration thr=0.0500 shard=3 (23:59:44, 4830s left)
[lane 101] <-- event_narration thr=0.0500 shard=3 rc=0 BARREN (nothing under 0s) (00:00:22)
[lane 101] --> p1 event_narration thr=0.1500 shard=0 (00:00:22, 4792s left)
[lane 101] <-- event_narration thr=0.1500 shard=0 rc=0 BARREN (nothing under 0s) (00:00:40)
[lane 101] --> p1 event_narration thr=0.1500 shard=1 (00:00:41, 4774s left)
[lane 101] <-- event_narration thr=0.1500 shard=1 rc=137 +1 samples (01:01:45)
[lane 101] --> p1 event_narration thr=0.1500 shard=1 (01:01:45, 1109s left)
[lane 101] <-- event_narration thr=0.1500 shard=1 rc=124 BARREN (nothing under 0s) (01:19:45)
[lane 101] 29s left (< 240) -- stopping cleanly
[lane 101] done, 18 units attempted 01:19:45
[lane 101] clariden-ln002 gpu=3 start=01:20:15 deadline=02:49:55 max_dur=0
[lane 101] --> p1 event_narration thr=0.0500 shard=2 (01:20:16, 5380s left)
[lane 101] <-- event_narration thr=0.0500 shard=2 rc=0 BARREN (nothing under 0s) (01:20:39)
[lane 101] --> p1 event_narration thr=0.0500 shard=0 (01:20:39, 5356s left)
[lane 101] <-- event_narration thr=0.0500 shard=0 rc=0 BARREN (nothing under 0s) (01:21:13)
[lane 101] --> p1 event_narration thr=0.1500 shard=0 (01:21:14, 5322s left)
[lane 101] <-- event_narration thr=0.1500 shard=0 rc=0 BARREN (nothing under 0s) (01:21:49)
[lane 101] --> p1 event_narration thr=0.0500 shard=3 (01:21:50, 5286s left)
[lane 101] <-- event_narration thr=0.0500 shard=3 rc=0 BARREN (nothing under 0s) (01:22:21)
[lane 101] --> p1 event_narration thr=0.1500 shard=1 (01:22:22, 5254s left)
[lane 101] <-- event_narration thr=0.1500 shard=1 rc=0 +1 samples (02:17:38)
[lane 101] --> p1 event_narration thr=0.6500 shard=0 (02:17:40, 1937s left)
[lane 101] <-- event_narration thr=0.6500 shard=0 rc=0 BARREN (nothing under 0s) (02:17:57)
[lane 101] --> p1 event_narration thr=0.6500 shard=2 (02:17:58, 1918s left)
[lane 101] <-- event_narration thr=0.6500 shard=2 rc=0 BARREN (nothing under 0s) (02:18:11)
[lane 101] --> p1 event_narration thr=0.6500 shard=3 (02:18:12, 1904s left)
[lane 101] <-- event_narration thr=0.6500 shard=3 rc=0 BARREN (nothing under 0s) (02:18:29)
[lane 101] --> p1 event_narration thr=0.7500 shard=0 (02:18:30, 1886s left)
[lane 101] <-- event_narration thr=0.7500 shard=0 rc=0 BARREN (nothing under 0s) (02:18:42)
[lane 101] --> p1 event_narration thr=0.7500 shard=2 (02:18:43, 1873s left)
[lane 101] <-- event_narration thr=0.7500 shard=2 rc=0 BARREN (nothing under 0s) (02:18:57)
[lane 101] --> p1 event_narration thr=0.7500 shard=3 (02:18:58, 1858s left)
[lane 101] <-- event_narration thr=0.7500 shard=3 rc=0 BARREN (nothing under 0s) (02:19:15)
[lane 101] --> p1 event_narration thr=0.8500 shard=0 (02:19:16, 1840s left)
[lane 101] <-- event_narration thr=0.8500 shard=0 rc=0 BARREN (nothing under 0s) (02:19:32)
[lane 101] --> p1 event_narration thr=0.8500 shard=2 (02:19:33, 1823s left)
[lane 101] <-- event_narration thr=0.8500 shard=2 rc=0 BARREN (nothing under 0s) (02:19:47)
[lane 101] --> p1 event_narration thr=0.8500 shard=3 (02:19:48, 1808s left)
[lane 101] <-- event_narration thr=0.8500 shard=3 rc=0 BARREN (nothing under 0s) (02:20:01)
[lane 101] --> p1 event_narration thr=0.9500 shard=0 (02:20:02, 1794s left)
[lane 101] <-- event_narration thr=0.9500 shard=0 rc=0 BARREN (nothing under 0s) (02:20:16)
[lane 101] --> p1 event_narration thr=0.9500 shard=2 (02:20:17, 1779s left)
[lane 101] <-- event_narration thr=0.9500 shard=2 rc=0 BARREN (nothing under 0s) (02:20:35)
[lane 101] --> p1 event_narration thr=0.9500 shard=3 (02:20:36, 1760s left)
[lane 101] <-- event_narration thr=0.9500 shard=3 rc=0 BARREN (nothing under 0s) (02:20:51)
[lane 101] --> p1 sequential_step_instruction thr=0.0100 shard=0 (02:20:51, 1744s left)
[lane 101] <-- sequential_step_instruction thr=0.0100 shard=0 rc=0 BARREN (nothing under 0s) (02:21:08)
[lane 101] --> p1 sequential_step_instruction thr=0.0100 shard=1 (02:21:09, 1727s left)
[lane 101] <-- sequential_step_instruction thr=0.0100 shard=1 rc=0 BARREN (nothing under 0s) (02:21:23)
[lane 101] --> p1 sequential_step_instruction thr=0.0100 shard=2 (02:21:24, 1712s left)
[lane 101] <-- sequential_step_instruction thr=0.0100 shard=2 rc=0 BARREN (nothing under 0s) (02:21:38)
[lane 101] --> p1 sequential_step_instruction thr=0.0200 shard=0 (02:21:39, 1697s left)
[lane 101] <-- sequential_step_instruction thr=0.0200 shard=0 rc=0 BARREN (nothing under 0s) (02:21:57)
[lane 101] --> p1 sequential_step_instruction thr=0.0200 shard=1 (02:21:58, 1678s left)
[lane 101] <-- sequential_step_instruction thr=0.0200 shard=1 rc=0 BARREN (nothing under 0s) (02:22:12)
[lane 101] --> p1 sequential_step_instruction thr=0.0200 shard=2 (02:22:12, 1663s left)
[lane 101] <-- sequential_step_instruction thr=0.0200 shard=2 rc=0 BARREN (nothing under 0s) (02:22:26)
[lane 101] --> p1 sequential_step_instruction thr=0.0200 shard=3 (02:22:26, 1649s left)
[lane 101] <-- sequential_step_instruction thr=0.0200 shard=3 rc=124 BARREN (nothing under 0s) (02:49:26)
[lane 101] 29s left (< 240) -- stopping cleanly
[lane 101] done, 24 units attempted 02:49:26
[lane 101] clariden-ln002 gpu=3 start=02:50:00 deadline=04:19:40 max_dur=0
[lane 101] --> p1 event_narration thr=0.7500 shard=2 (02:50:02, 5380s left)
[lane 101] <-- event_narration thr=0.7500 shard=2 rc=0 BARREN (nothing under 0s) (02:51:22)
[lane 101] --> p1 event_narration thr=0.7500 shard=0 (02:51:25, 5298s left)
[lane 101] <-- event_narration thr=0.7500 shard=0 rc=0 BARREN (nothing under 0s) (02:52:18)
[lane 101] --> p1 event_narration thr=0.7500 shard=3 (02:52:19, 5242s left)
[lane 101] <-- event_narration thr=0.7500 shard=3 rc=0 BARREN (nothing under 0s) (02:53:30)
[lane 101] --> p1 event_narration thr=0.8500 shard=2 (02:53:31, 5170s left)
[lane 101] <-- event_narration thr=0.8500 shard=2 rc=0 BARREN (nothing under 0s) (02:54:45)
[lane 101] --> p1 event_narration thr=0.8500 shard=0 (02:54:47, 5095s left)
[lane 101] <-- event_narration thr=0.8500 shard=0 rc=0 BARREN (nothing under 0s) (02:55:56)
[lane 101] --> p1 event_narration thr=0.9500 shard=0 (02:55:57, 5024s left)
[lane 101] <-- event_narration thr=0.9500 shard=0 rc=0 BARREN (nothing under 0s) (02:57:17)
[lane 101] --> p1 event_narration thr=0.8500 shard=3 (02:57:20, 4942s left)
[lane 101] <-- event_narration thr=0.8500 shard=3 rc=0 BARREN (nothing under 0s) (02:58:23)
[lane 101] --> p1 event_narration thr=0.9500 shard=2 (02:58:24, 4877s left)
[lane 101] <-- event_narration thr=0.9500 shard=2 rc=0 BARREN (nothing under 0s) (02:59:31)
[lane 101] --> p1 sequential_step_instruction thr=0.0200 shard=0 (02:59:35, 4809s left)
[lane 101] <-- sequential_step_instruction thr=0.0200 shard=0 rc=0 BARREN (nothing under 0s) (03:00:47)
[lane 101] --> p1 event_narration thr=0.9500 shard=3 (03:00:49, 4733s left)
[lane 101] <-- event_narration thr=0.9500 shard=3 rc=0 BARREN (nothing under 0s) (03:01:52)
[lane 101] --> p1 sequential_step_instruction thr=0.0200 shard=3 (03:01:55, 4668s left)
[lane 101] <-- sequential_step_instruction thr=0.0200 shard=3 rc=0 +1 samples (03:43:18)
[lane 101] --> p1 sequential_step_instruction thr=0.1500 shard=0 (03:43:19, 2182s left)
[lane 101] <-- sequential_step_instruction thr=0.1500 shard=0 rc=0 BARREN (nothing under 0s) (03:43:34)
[lane 101] --> p1 sequential_step_instruction thr=0.1500 shard=1 (03:43:34, 2166s left)
[lane 101] <-- sequential_step_instruction thr=0.1500 shard=1 rc=0 BARREN (nothing under 0s) (03:43:49)
[lane 101] --> p1 sequential_step_instruction thr=0.1500 shard=2 (03:43:50, 2151s left)
[lane 101] <-- sequential_step_instruction thr=0.1500 shard=2 rc=0 BARREN (nothing under 0s) (03:44:05)
[lane 101] --> p1 sequential_step_instruction thr=0.3500 shard=0 (03:44:05, 2135s left)
[lane 101] <-- sequential_step_instruction thr=0.3500 shard=0 rc=0 BARREN (nothing under 0s) (03:44:21)
[lane 101] --> p1 sequential_step_instruction thr=0.3500 shard=1 (03:44:21, 2119s left)
[lane 101] <-- sequential_step_instruction thr=0.3500 shard=1 rc=0 BARREN (nothing under 0s) (03:44:38)
[lane 101] --> p1 sequential_step_instruction thr=0.3500 shard=2 (03:44:38, 2102s left)
[lane 101] <-- sequential_step_instruction thr=0.3500 shard=2 rc=0 BARREN (nothing under 0s) (03:44:54)
[lane 101] --> p1 sequential_step_instruction thr=0.4500 shard=0 (03:44:55, 2086s left)
[lane 101] <-- sequential_step_instruction thr=0.4500 shard=0 rc=0 BARREN (nothing under 0s) (03:45:11)
[lane 101] --> p1 sequential_step_instruction thr=0.4500 shard=1 (03:45:11, 2069s left)
[lane 101] <-- sequential_step_instruction thr=0.4500 shard=1 rc=0 BARREN (nothing under 0s) (03:45:25)
[lane 101] --> p1 sequential_step_instruction thr=0.4500 shard=2 (03:45:25, 2055s left)
[lane 101] <-- sequential_step_instruction thr=0.4500 shard=2 rc=0 BARREN (nothing under 0s) (03:45:43)
[lane 101] --> p1 sequential_step_instruction thr=0.5500 shard=0 (03:45:44, 2037s left)
[lane 101] <-- sequential_step_instruction thr=0.5500 shard=0 rc=0 BARREN (nothing under 0s) (03:45:59)
[lane 101] --> p1 sequential_step_instruction thr=0.5500 shard=1 (03:45:59, 2021s left)
[lane 101] <-- sequential_step_instruction thr=0.5500 shard=1 rc=0 BARREN (nothing under 0s) (03:46:14)
[lane 101] --> p1 sequential_step_instruction thr=0.5500 shard=2 (03:46:15, 2006s left)
[lane 101] <-- sequential_step_instruction thr=0.5500 shard=2 rc=0 BARREN (nothing under 0s) (03:46:30)
[lane 101] --> p1 sequential_step_instruction thr=0.6500 shard=0 (03:46:30, 1990s left)
[lane 101] <-- sequential_step_instruction thr=0.6500 shard=0 rc=0 BARREN (nothing under 0s) (03:46:45)
[lane 101] --> p1 sequential_step_instruction thr=0.6500 shard=1 (03:46:46, 1975s left)
[lane 101] <-- sequential_step_instruction thr=0.6500 shard=1 rc=0 BARREN (nothing under 0s) (03:47:01)
[lane 101] --> p1 sequential_step_instruction thr=0.6500 shard=2 (03:47:01, 1959s left)
[lane 101] <-- sequential_step_instruction thr=0.6500 shard=2 rc=0 BARREN (nothing under 0s) (03:47:18)
[lane 101] --> p1 sequential_step_instruction thr=0.7500 shard=0 (03:47:19, 1942s left)
[lane 101] <-- sequential_step_instruction thr=0.7500 shard=0 rc=0 BARREN (nothing under 0s) (03:47:35)
[lane 101] --> p1 sequential_step_instruction thr=0.7500 shard=1 (03:47:35, 1925s left)
[lane 101] <-- sequential_step_instruction thr=0.7500 shard=1 rc=0 BARREN (nothing under 0s) (03:47:51)
[lane 101] --> p1 sequential_step_instruction thr=0.7500 shard=2 (03:47:53, 1909s left)
[lane 101] <-- sequential_step_instruction thr=0.7500 shard=2 rc=0 BARREN (nothing under 0s) (03:48:08)
[lane 101] --> p1 sequential_step_instruction thr=0.7500 shard=3 (03:48:08, 1892s left)
[lane 101] <-- sequential_step_instruction thr=0.7500 shard=3 rc=0 +1 samples (04:08:13)
[lane 101] --> p1 sequential_step_instruction thr=0.8500 shard=0 (04:08:14, 687s left)
[lane 101] <-- sequential_step_instruction thr=0.8500 shard=0 rc=0 BARREN (nothing under 0s) (04:08:32)
[lane 101] --> p1 sequential_step_instruction thr=0.8500 shard=1 (04:08:32, 668s left)
[lane 101] <-- sequential_step_instruction thr=0.8500 shard=1 rc=0 BARREN (nothing under 0s) (04:08:48)
[lane 101] --> p1 sequential_step_instruction thr=0.8500 shard=2 (04:08:48, 652s left)
[lane 101] <-- sequential_step_instruction thr=0.8500 shard=2 rc=0 BARREN (nothing under 0s) (04:09:06)
[lane 101] --> p1 sequential_step_instruction thr=0.9500 shard=0 (04:09:07, 634s left)
[lane 101] <-- sequential_step_instruction thr=0.9500 shard=0 rc=0 BARREN (nothing under 0s) (04:09:23)
[lane 101] --> p1 sequential_step_instruction thr=0.9500 shard=1 (04:09:23, 617s left)
[lane 101] <-- sequential_step_instruction thr=0.9500 shard=1 rc=0 BARREN (nothing under 0s) (04:09:39)
[lane 101] --> p1 sequential_step_instruction thr=0.9500 shard=2 (04:09:40, 601s left)
[lane 101] <-- sequential_step_instruction thr=0.9500 shard=2 rc=0 BARREN (nothing under 0s) (04:09:57)
[lane 101] no claimable units left
[lane 101] done, 36 units attempted 04:09:58
[lane 101] clariden-ln002 gpu=3 start=04:10:42 deadline=05:40:22 max_dur=0
[lane 101] --> p1 sequential_step_instruction thr=0.8500 shard=0 (04:10:42, 5380s left)
[lane 101] <-- sequential_step_instruction thr=0.8500 shard=0 rc=0 BARREN (nothing under 0s) (04:10:59)
[lane 101] --> p1 sequential_step_instruction thr=0.8500 shard=1 (04:10:59, 5363s left)
[lane 101] <-- sequential_step_instruction thr=0.8500 shard=1 rc=0 BARREN (nothing under 0s) (04:11:18)
[lane 101] --> p1 sequential_step_instruction thr=0.8500 shard=2 (04:11:18, 5344s left)
[lane 101] <-- sequential_step_instruction thr=0.8500 shard=2 rc=0 BARREN (nothing under 0s) (04:11:34)
[lane 101] --> p1 sequential_step_instruction thr=0.9500 shard=0 (04:11:35, 5328s left)
[lane 101] <-- sequential_step_instruction thr=0.9500 shard=0 rc=0 BARREN (nothing under 0s) (04:11:50)
[lane 101] --> p1 sequential_step_instruction thr=0.9500 shard=1 (04:11:51, 5312s left)
[lane 101] <-- sequential_step_instruction thr=0.9500 shard=1 rc=0 BARREN (nothing under 0s) (04:12:08)
[lane 101] --> p1 sequential_step_instruction thr=0.9500 shard=2 (04:12:08, 5294s left)
[lane 101] <-- sequential_step_instruction thr=0.9500 shard=2 rc=0 BARREN (nothing under 0s) (04:12:25)
[lane 101] no claimable units left
[lane 101] done, 6 units attempted 04:12:25
[lane 101] clariden-ln002 gpu=3 start=04:13:22 deadline=05:43:02 max_dur=0
[lane 101] --> p1 sequential_step_instruction thr=0.8500 shard=1 (04:13:23, 5380s left)
[lane 101] <-- sequential_step_instruction thr=0.8500 shard=1 rc=0 BARREN (nothing under 0s) (04:13:54)
[lane 101] --> p1 sequential_step_instruction thr=0.8500 shard=0 (04:13:56, 5348s left)
[lane 101] <-- sequential_step_instruction thr=0.8500 shard=0 rc=0 BARREN (nothing under 0s) (04:14:11)
[lane 101] --> p1 sequential_step_instruction thr=0.8500 shard=2 (04:14:12, 5331s left)
[lane 101] <-- sequential_step_instruction thr=0.8500 shard=2 rc=0 BARREN (nothing under 0s) (04:14:26)
[lane 101] --> p1 sequential_step_instruction thr=0.9500 shard=1 (04:14:27, 5316s left)
[lane 101] <-- sequential_step_instruction thr=0.9500 shard=1 rc=0 BARREN (nothing under 0s) (04:15:06)
[lane 101] --> p1 sequential_step_instruction thr=0.9500 shard=0 (04:15:08, 5276s left)
[lane 101] <-- sequential_step_instruction thr=0.9500 shard=0 rc=0 BARREN (nothing under 0s) (04:15:33)
[lane 101] --> p1 sequential_step_instruction thr=0.9500 shard=2 (04:15:34, 5249s left)
[lane 101] <-- sequential_step_instruction thr=0.9500 shard=2 rc=0 BARREN (nothing under 0s) (04:15:50)
[lane 101] no claimable units left
[lane 101] done, 6 units attempted 04:15:50
[lane 101] clariden-ln002 gpu=3 start=04:17:03 deadline=05:46:43 max_dur=0
[lane 101] --> p1 sequential_step_instruction thr=0.8500 shard=0 (04:17:03, 5380s left)
[lane 101] <-- sequential_step_instruction thr=0.8500 shard=0 rc=0 BARREN (nothing under 0s) (04:17:19)
[lane 101] --> p1 sequential_step_instruction thr=0.8500 shard=1 (04:17:19, 5364s left)
[lane 101] <-- sequential_step_instruction thr=0.8500 shard=1 rc=0 BARREN (nothing under 0s) (04:17:35)
[lane 101] --> p1 sequential_step_instruction thr=0.8500 shard=2 (04:17:37, 5347s left)
[lane 101] <-- sequential_step_instruction thr=0.8500 shard=2 rc=0 BARREN (nothing under 0s) (04:17:53)
[lane 101] --> p1 sequential_step_instruction thr=0.9500 shard=1 (04:17:54, 5330s left)
[lane 101] <-- sequential_step_instruction thr=0.9500 shard=1 rc=0 BARREN (nothing under 0s) (04:18:10)
[lane 101] --> p1 sequential_step_instruction thr=0.9500 shard=0 (04:18:11, 5313s left)
[lane 101] <-- sequential_step_instruction thr=0.9500 shard=0 rc=0 BARREN (nothing under 0s) (04:18:25)
[lane 101] --> p1 sequential_step_instruction thr=0.9500 shard=2 (04:18:26, 5298s left)
[lane 101] <-- sequential_step_instruction thr=0.9500 shard=2 rc=0 BARREN (nothing under 0s) (04:18:42)
[lane 101] no claimable units left
[lane 101] done, 6 units attempted 04:18:42
[lane 101] clariden-ln002 gpu=3 start=04:19:44 deadline=05:49:23 max_dur=0
[lane 101] --> p1 sequential_step_instruction thr=0.8500 shard=1 (04:19:46, 5379s left)
[lane 101] <-- sequential_step_instruction thr=0.8500 shard=1 rc=0 BARREN (nothing under 0s) (04:20:21)
[lane 101] --> p1 sequential_step_instruction thr=0.8500 shard=0 (04:20:21, 5342s left)
[lane 101] <-- sequential_step_instruction thr=0.8500 shard=0 rc=0 BARREN (nothing under 0s) (04:20:40)
[lane 101] --> p1 sequential_step_instruction thr=0.8500 shard=2 (04:20:41, 5323s left)
[lane 101] <-- sequential_step_instruction thr=0.8500 shard=2 rc=0 BARREN (nothing under 0s) (04:20:56)
[lane 101] --> p1 sequential_step_instruction thr=0.9500 shard=1 (04:20:57, 5307s left)
[lane 101] <-- sequential_step_instruction thr=0.9500 shard=1 rc=0 BARREN (nothing under 0s) (04:21:15)
[lane 101] --> p1 sequential_step_instruction thr=0.9500 shard=0 (04:21:16, 5288s left)
[lane 101] <-- sequential_step_instruction thr=0.9500 shard=0 rc=0 BARREN (nothing under 0s) (04:21:32)
[lane 101] --> p1 sequential_step_instruction thr=0.9500 shard=2 (04:21:32, 5271s left)
[lane 101] <-- sequential_step_instruction thr=0.9500 shard=2 rc=0 BARREN (nothing under 0s) (04:22:06)
[lane 101] no claimable units left
[lane 101] done, 6 units attempted 04:22:07
[lane 101] clariden-ln002 gpu=3 start=04:23:25 deadline=05:53:05 max_dur=0
[lane 101] --> p1 sequential_step_instruction thr=0.8500 shard=1 (04:23:25, 5380s left)
[lane 101] <-- sequential_step_instruction thr=0.8500 shard=1 rc=0 BARREN (nothing under 0s) (04:23:45)
[lane 101] no claimable units left
[lane 101] done, 1 units attempted 04:23:46
[lane 101] clariden-ln004 gpu=3 start=05:53:38 deadline=07:23:18 max_dur=0
[lane 101] --> p2 instant_event_alert thr=0.0667 shard=1 (05:53:39, 5380s left)
[lane 101] <-- instant_event_alert thr=0.0667 shard=1 rc=137 +15 samples (06:58:15)
[lane 101] --> p2 instant_event_alert thr=0.0667 shard=0 (06:58:15, 1503s left)
[lane 101] <-- instant_event_alert thr=0.0667 shard=0 rc=0 BARREN (nothing under 0s) (06:58:59)
[lane 101] --> p2 instant_event_alert thr=0.0667 shard=1 (06:58:59, 1459s left)
[lane 101] <-- instant_event_alert thr=0.0667 shard=1 rc=124 +1 samples (07:22:48)
[lane 101] 30s left (< 240) -- stopping cleanly
[lane 101] done, 3 units attempted 07:22:48
[lane 101] clariden-ln004 gpu=3 start=07:23:19 deadline=08:52:59 max_dur=0
[lane 101] --> p2 instant_event_alert thr=0.0667 shard=1 (07:23:20, 5380s left)
[lane 101] <-- instant_event_alert thr=0.0667 shard=1 rc=0 +1 samples (07:47:48)
[lane 101] --> p2 instant_event_alert thr=0.0833 shard=0 (07:47:48, 3911s left)
[lane 101] <-- instant_event_alert thr=0.0833 shard=0 rc=0 BARREN (nothing under 0s) (07:48:49)
[lane 101] --> p2 instant_event_alert thr=0.0833 shard=2 (07:48:49, 3850s left)
[lane 101] <-- instant_event_alert thr=0.0833 shard=2 rc=0 +1 samples (08:06:03)
[lane 101] --> p2 instant_event_alert thr=0.0833 shard=2 (08:06:03, 2816s left)
[lane 101] <-- instant_event_alert thr=0.0833 shard=2 rc=0 BARREN (nothing under 0s) (08:07:05)
[lane 101] --> p2 instant_event_alert thr=0.0833 shard=3 (08:07:05, 2754s left)
[lane 101] <-- instant_event_alert thr=0.0833 shard=3 rc=0 +2 samples (08:34:11)
[lane 101] --> p2 instant_event_alert thr=0.0833 shard=3 (08:34:11, 1128s left)
[lane 101] <-- instant_event_alert thr=0.0833 shard=3 rc=0 BARREN (nothing under 0s) (08:35:13)
[lane 101] --> p2 instant_event_alert thr=0.1000 shard=0 (08:35:13, 1066s left)
[lane 101] <-- instant_event_alert thr=0.1000 shard=0 rc=0 BARREN (nothing under 0s) (08:35:54)
[lane 101] --> p2 instant_event_alert thr=0.1000 shard=1 (08:35:54, 1025s left)
[lane 101] <-- instant_event_alert thr=0.1000 shard=1 rc=124 BARREN (nothing under 0s) (08:52:30)
[lane 101] 29s left (< 240) -- stopping cleanly
[lane 101] done, 8 units attempted 08:52:30
[lane 101] clariden-ln004 gpu=3 start=08:53:02 deadline=10:22:41 max_dur=0
[lane 101] --> p2 instant_event_alert thr=0.0833 shard=1 (08:53:02, 5379s left)
[lane 101] <-- instant_event_alert thr=0.0833 shard=1 rc=0 +1 samples (10:19:07)
[lane 101] 214s left (< 240) -- stopping cleanly
[lane 101] done, 1 units attempted 10:19:07
[lane 101] clariden-ln004 gpu=3 start=10:22:43 deadline=11:52:23 max_dur=0
[lane 101] --> p2 instant_event_alert thr=0.1000 shard=1 (10:22:43, 5380s left)
[lane 101] <-- instant_event_alert thr=0.1000 shard=1 rc=124 BARREN (nothing under 0s) (11:51:55)
[lane 101] 28s left (< 240) -- stopping cleanly
[lane 101] done, 1 units attempted 11:51:55
[lane 101] clariden-ln004 gpu=3 start=11:52:26 deadline=13:22:06 max_dur=0
[lane 101] --> p2 snapshot_counting thr=0.1333 shard=1 (11:52:27, 5380s left)
[lane 101] <-- snapshot_counting thr=0.1333 shard=1 rc=0 +1 samples (12:29:52)
[lane 101] --> p2 snapshot_counting thr=0.1333 shard=1 (12:29:52, 3134s left)
[lane 101] <-- snapshot_counting thr=0.1333 shard=1 rc=0 BARREN (nothing under 0s) (12:30:48)
[lane 101] --> p2 snapshot_counting thr=0.1333 shard=2 (12:30:48, 3078s left)
[lane 101] <-- snapshot_counting thr=0.1333 shard=2 rc=0 BARREN (nothing under 0s) (12:31:52)
[lane 101] --> p2 snapshot_counting thr=0.1333 shard=3 (12:31:52, 3014s left)
[lane 101] <-- snapshot_counting thr=0.1333 shard=3 rc=0 BARREN (nothing under 0s) (12:33:16)
[lane 101] --> p2 snapshot_counting thr=0.1333 shard=0 (12:33:17, 2930s left)
[lane 101] <-- snapshot_counting thr=0.1333 shard=0 rc=124 BARREN (nothing under 0s) (13:21:38)
[lane 101] 28s left (< 240) -- stopping cleanly
[lane 101] done, 5 units attempted 13:21:38
[lane 101] clariden-ln004 gpu=3 start=13:22:13 deadline=14:51:53 max_dur=0
[lane 101] --> p2 snapshot_counting thr=0.1333 shard=2 (13:22:18, 5380s left)
[lane 101] <-- snapshot_counting thr=0.1333 shard=2 rc=0 +1 samples (14:50:45)
[lane 101] 68s left (< 240) -- stopping cleanly
[lane 101] done, 1 units attempted 14:50:45
[lane 101] clariden-ln004 gpu=3 start=14:51:55 deadline=16:21:35 max_dur=0
[lane 101] --> p2 dedup_counting thr=0.3833 shard=2 (14:51:56, 5380s left)
[lane 101] <-- dedup_counting thr=0.3833 shard=2 rc=0 BARREN (nothing under 0s) (14:52:35)
[lane 101] --> p2 dedup_counting thr=0.3833 shard=1 (14:52:36, 5340s left)
[lane 101] <-- dedup_counting thr=0.3833 shard=1 rc=0 BARREN (nothing under 0s) (14:53:14)
[lane 101] --> p2 dedup_counting thr=0.3833 shard=3 (14:53:14, 5301s left)
[lane 101] <-- dedup_counting thr=0.3833 shard=3 rc=0 BARREN (nothing under 0s) (14:53:50)
[lane 101] --> p2 dedup_counting thr=0.4167 shard=1 (14:53:51, 5265s left)
[lane 101] <-- dedup_counting thr=0.4167 shard=1 rc=0 BARREN (nothing under 0s) (14:54:26)
[lane 101] --> p2 dedup_counting thr=0.4167 shard=2 (14:54:26, 5229s left)
[lane 101] <-- dedup_counting thr=0.4167 shard=2 rc=0 BARREN (nothing under 0s) (14:55:06)
[lane 101] --> p2 dedup_counting thr=0.4167 shard=3 (14:55:06, 5189s left)
[lane 101] <-- dedup_counting thr=0.4167 shard=3 rc=0 BARREN (nothing under 0s) (14:55:47)
[lane 101] --> p2 dedup_counting thr=0.4500 shard=2 (14:55:48, 5148s left)
[lane 101] <-- dedup_counting thr=0.4500 shard=2 rc=0 BARREN (nothing under 0s) (14:56:22)
[lane 101] --> p2 dedup_counting thr=0.4833 shard=2 (14:56:22, 5113s left)
[lane 101] <-- dedup_counting thr=0.4833 shard=2 rc=0 BARREN (nothing under 0s) (14:56:56)
[lane 101] --> p2 dedup_counting thr=0.5167 shard=1 (14:56:56, 5079s left)
[lane 101] <-- dedup_counting thr=0.5167 shard=1 rc=0 +3 samples (16:19:09)
[lane 101] 146s left (< 240) -- stopping cleanly
[lane 101] done, 9 units attempted 16:19:09
[lane 101] clariden-ln004 gpu=3 start=16:21:38 deadline=17:51:17 max_dur=0
[lane 101] --> p2 dedup_counting thr=0.5167 shard=2 (16:21:38, 5379s left)
[lane 101] <-- dedup_counting thr=0.5167 shard=2 rc=0 +1 samples (17:06:04)
[lane 101] --> p2 dedup_counting thr=0.5167 shard=0 (17:06:05, 2713s left)
[lane 101] <-- dedup_counting thr=0.5167 shard=0 rc=124 BARREN (nothing under 0s) (17:50:48)
[lane 101] 29s left (< 240) -- stopping cleanly
[lane 101] done, 2 units attempted 17:50:48
[lane 101] clariden-ln004 gpu=3 start=17:51:23 deadline=19:21:03 max_dur=0
[lane 101] --> p2 dedup_counting thr=0.5167 shard=1 (17:51:23, 5380s left)
[lane 101] <-- dedup_counting thr=0.5167 shard=1 rc=0 BARREN (nothing under 0s) (19:00:46)
[lane 101] --> p2 dedup_counting thr=0.5167 shard=2 (19:00:47, 1217s left)
[lane 101] <-- dedup_counting thr=0.5167 shard=2 rc=0 BARREN (nothing under 0s) (19:01:27)
[lane 101] --> p2 dedup_counting thr=0.5167 shard=3 (19:01:27, 1176s left)
[lane 101] <-- dedup_counting thr=0.5167 shard=3 rc=0 BARREN (nothing under 0s) (19:02:09)
[lane 101] no claimable units left
[lane 101] done, 3 units attempted 19:02:09
