[lane 103] clariden-ln004 gpu=3 start=21:34:02 deadline=23:03:02 max_dur=300
[lane 103] --> p1 instant_event_alert thr=0.5500 shard=2 (21:34:03, 5340s left)
[lane 103] <-- instant_event_alert thr=0.5500 shard=2 rc=0 (21:36:14)
[lane 103] --> p1 instant_event_alert thr=0.5500 shard=2 (21:36:14, 5208s left)
[lane 103] <-- instant_event_alert thr=0.5500 shard=2 rc=0 (21:37:55)
[lane 103] --> p1 instant_event_alert thr=0.5500 shard=2 (21:37:56, 5107s left)
[lane 103] <-- instant_event_alert thr=0.5500 shard=2 rc=0 (21:39:42)
[lane 103] --> p1 instant_event_alert thr=0.5500 shard=2 (21:39:43, 5000s left)
[lane 103] <-- instant_event_alert thr=0.5500 shard=2 rc=0 (21:41:24)
[lane 103] --> p1 instant_event_alert thr=0.5500 shard=2 (21:41:25, 4898s left)
[lane 103] <-- instant_event_alert thr=0.5500 shard=2 rc=0 (21:43:13)
[lane 103] --> p1 instant_event_alert thr=0.5500 shard=2 (21:43:14, 4789s left)
[lane 103] <-- instant_event_alert thr=0.5500 shard=2 rc=0 (21:44:53)
[lane 103] --> p1 instant_event_alert thr=0.5500 shard=2 (21:44:53, 4689s left)
[lane 103] <-- instant_event_alert thr=0.5500 shard=2 rc=0 (21:46:40)
[lane 103] --> p1 instant_event_alert thr=0.5500 shard=2 (21:46:40, 4582s left)
[lane 103] <-- instant_event_alert thr=0.5500 shard=2 rc=0 (21:48:11)
[lane 103] --> p1 instant_event_alert thr=0.5500 shard=2 (21:48:11, 4491s left)
[lane 103] <-- instant_event_alert thr=0.5500 shard=2 rc=0 (21:49:36)
[lane 103] --> p1 instant_event_alert thr=0.0500 shard=3 (21:49:36, 4406s left)
[lane 103] <-- instant_event_alert thr=0.0500 shard=3 rc=0 (21:51:06)
[lane 103] --> p1 instant_event_alert thr=0.0500 shard=3 (21:51:06, 4316s left)
[lane 103] <-- instant_event_alert thr=0.0500 shard=3 rc=0 (21:52:11)
[lane 103] --> p1 instant_event_alert thr=0.5500 shard=1 (21:52:11, 4251s left)
[lane 103] <-- instant_event_alert thr=0.5500 shard=1 rc=0 (21:53:19)
[lane 103] --> p1 instant_event_alert thr=0.0500 shard=3 (21:53:19, 4183s left)
[lane 103] <-- instant_event_alert thr=0.0500 shard=3 rc=0 (21:54:53)
[lane 103] --> p1 instant_event_alert thr=0.0500 shard=3 (21:54:53, 4089s left)
[lane 103] <-- instant_event_alert thr=0.0500 shard=3 rc=0 (21:56:22)
[lane 103] --> p1 instant_event_alert thr=0.5500 shard=1 (21:56:22, 4000s left)
[lane 103] <-- instant_event_alert thr=0.5500 shard=1 rc=0 (21:57:26)
[lane 103] --> p1 instant_event_alert thr=0.5500 shard=1 (21:57:26, 3936s left)
[lane 103] <-- instant_event_alert thr=0.5500 shard=1 rc=0 (21:59:10)
[lane 103] --> p1 instant_event_alert thr=0.5500 shard=1 (21:59:10, 3832s left)
[lane 103] <-- instant_event_alert thr=0.5500 shard=1 rc=0 (22:00:52)
[lane 103] --> p1 instant_event_alert thr=0.0500 shard=1 (22:00:52, 3730s left)
[lane 103] <-- instant_event_alert thr=0.0500 shard=1 rc=0 (22:03:36)
[lane 103] --> p1 instant_event_alert thr=0.0500 shard=2 (22:03:36, 3566s left)
[lane 103] <-- instant_event_alert thr=0.0500 shard=2 rc=0 (22:06:22)
[lane 103] --> p1 instant_event_alert thr=0.0500 shard=2 (22:06:22, 3400s left)
[lane 103] <-- instant_event_alert thr=0.0500 shard=2 rc=0 (22:07:54)
[lane 103] --> p1 instant_event_alert thr=0.0500 shard=2 (22:07:54, 3308s left)
[lane 103] <-- instant_event_alert thr=0.0500 shard=2 rc=0 (22:10:06)
[lane 103] --> p1 instant_event_alert thr=0.0500 shard=2 (22:10:06, 3176s left)
[lane 103] <-- instant_event_alert thr=0.0500 shard=2 rc=0 (22:11:49)
[lane 103] --> p1 instant_event_alert thr=0.0500 shard=2 (22:11:49, 3073s left)
[lane 103] <-- instant_event_alert thr=0.0500 shard=2 rc=0 (22:13:12)
[lane 103] --> p1 instant_event_alert thr=0.0500 shard=1 (22:13:12, 2990s left)
[lane 103] <-- instant_event_alert thr=0.0500 shard=1 rc=0 (22:14:13)
[lane 103] --> p1 instant_event_alert thr=0.0500 shard=1 (22:14:13, 2929s left)
[lane 103] <-- instant_event_alert thr=0.0500 shard=1 rc=0 (22:15:09)
[lane 103] --> p1 instant_event_alert thr=0.0500 shard=1 (22:15:09, 2873s left)
[lane 103] <-- instant_event_alert thr=0.0500 shard=1 rc=0 (22:16:00)
[lane 103] --> p1 instant_event_alert thr=0.0500 shard=1 (22:16:00, 2822s left)
[lane 103] <-- instant_event_alert thr=0.0500 shard=1 rc=0 (22:17:02)
[lane 103] --> p1 instant_event_alert thr=0.0500 shard=3 (22:17:02, 2760s left)
[lane 103] <-- instant_event_alert thr=0.0500 shard=3 rc=0 (22:18:00)
[lane 103] --> p1 instant_event_alert thr=0.0500 shard=3 (22:18:00, 2702s left)
[lane 103] <-- instant_event_alert thr=0.0500 shard=3 rc=0 (22:18:50)
[lane 103] --> p1 instant_event_alert thr=0.0500 shard=3 (22:18:50, 2652s left)
[lane 103] <-- instant_event_alert thr=0.0500 shard=3 rc=0 (22:20:08)
[lane 103] --> p1 instant_event_alert thr=0.0500 shard=0 (22:20:08, 2574s left)
[lane 103] <-- instant_event_alert thr=0.0500 shard=0 rc=0 (22:21:04)
[lane 103] --> p1 instant_event_alert thr=0.0500 shard=3 (22:21:04, 2518s left)
[lane 103] <-- instant_event_alert thr=0.0500 shard=3 rc=0 (22:21:48)
[lane 103] --> p1 instant_event_alert thr=0.0500 shard=3 (22:21:48, 2474s left)
[lane 103] <-- instant_event_alert thr=0.0500 shard=3 rc=0 (22:22:34)
[lane 103] --> p1 instant_event_alert thr=0.0500 shard=3 (22:22:34, 2428s left)
[lane 103] <-- instant_event_alert thr=0.0500 shard=3 rc=0 (22:23:15)
[lane 103] --> p1 instant_event_alert thr=0.0500 shard=3 (22:23:15, 2387s left)
[lane 103] <-- instant_event_alert thr=0.0500 shard=3 rc=0 (22:23:58)
[lane 103] --> p1 instant_event_alert thr=0.0500 shard=0 (22:23:58, 2344s left)
[lane 103] <-- instant_event_alert thr=0.0500 shard=0 rc=0 (22:24:41)
[lane 103] --> p1 instant_event_alert thr=0.0500 shard=0 (22:24:41, 2301s left)
[lane 103] <-- instant_event_alert thr=0.0500 shard=0 rc=0 (22:25:21)
[lane 103] --> p1 instant_event_alert thr=0.0500 shard=3 (22:25:21, 2261s left)
[lane 103] <-- instant_event_alert thr=0.0500 shard=3 rc=0 (22:26:05)
[lane 103] --> p1 instant_event_alert thr=0.0500 shard=2 (22:26:05, 2217s left)
[lane 103] <-- instant_event_alert thr=0.0500 shard=2 rc=0 (22:26:46)
[lane 103] --> p1 instant_event_alert thr=0.0500 shard=1 (22:26:46, 2176s left)
[lane 103] <-- instant_event_alert thr=0.0500 shard=1 rc=0 (22:27:30)
[lane 103] --> p1 instant_event_alert thr=0.0500 shard=1 (22:27:30, 2132s left)
[lane 103] <-- instant_event_alert thr=0.0500 shard=1 rc=0 (22:28:16)
[lane 103] --> p1 instant_event_alert thr=0.0500 shard=1 (22:28:16, 2086s left)
[lane 103] <-- instant_event_alert thr=0.0500 shard=1 rc=0 (22:28:58)
[lane 103] --> p1 instant_event_alert thr=0.0500 shard=1 (22:28:58, 2044s left)
[lane 103] <-- instant_event_alert thr=0.0500 shard=1 rc=0 (22:29:41)
[lane 103] --> p1 instant_event_alert thr=0.0500 shard=1 (22:29:42, 2001s left)
[lane 103] <-- instant_event_alert thr=0.0500 shard=1 rc=0 (22:30:28)
[lane 103] --> p1 instant_event_alert thr=0.0500 shard=1 (22:30:28, 1954s left)
[lane 103] <-- instant_event_alert thr=0.0500 shard=1 rc=0 (22:31:11)
[lane 103] --> p1 instant_event_alert thr=0.0500 shard=1 (22:31:11, 1911s left)
[lane 103] <-- instant_event_alert thr=0.0500 shard=1 rc=0 (22:32:10)
[lane 103] --> p1 instant_event_alert thr=0.0500 shard=1 (22:32:10, 1852s left)
[lane 103] <-- instant_event_alert thr=0.0500 shard=1 rc=0 (22:32:55)
[lane 103] --> p1 instant_event_alert thr=0.0500 shard=2 (22:32:55, 1807s left)
[lane 103] <-- instant_event_alert thr=0.0500 shard=2 rc=0 (22:33:43)
[lane 103] --> p1 instant_event_alert thr=0.0500 shard=2 (22:33:43, 1759s left)
[lane 103] <-- instant_event_alert thr=0.0500 shard=2 rc=0 (22:34:25)
[lane 103] --> p1 instant_event_alert thr=0.0500 shard=1 (22:34:25, 1717s left)
[lane 103] <-- instant_event_alert thr=0.0500 shard=1 rc=0 (22:35:11)
[lane 103] --> p1 instant_event_alert thr=0.0500 shard=1 (22:35:11, 1671s left)
[lane 103] <-- instant_event_alert thr=0.0500 shard=1 rc=0 (22:36:01)
[lane 103] --> p1 instant_event_alert thr=0.0500 shard=1 (22:36:01, 1621s left)
[lane 103] <-- instant_event_alert thr=0.0500 shard=1 rc=0 (22:36:44)
[lane 103] --> p1 instant_event_alert thr=0.0500 shard=1 (22:36:44, 1578s left)
[lane 103] <-- instant_event_alert thr=0.0500 shard=1 rc=0 (22:37:32)
[lane 103] --> p1 instant_event_alert thr=0.0500 shard=1 (22:37:32, 1530s left)
[lane 103] <-- instant_event_alert thr=0.0500 shard=1 rc=0 (22:38:17)
[lane 103] --> p1 instant_event_alert thr=0.0500 shard=1 (22:38:17, 1485s left)
[lane 103] <-- instant_event_alert thr=0.0500 shard=1 rc=0 (22:39:01)
[lane 103] --> p1 instant_event_alert thr=0.0500 shard=1 (22:39:01, 1441s left)
[lane 103] <-- instant_event_alert thr=0.0500 shard=1 rc=0 (22:39:45)
[lane 103] --> p1 instant_event_alert thr=0.0500 shard=1 (22:39:45, 1397s left)
[lane 103] <-- instant_event_alert thr=0.0500 shard=1 rc=0 (22:40:31)
[lane 103] --> p1 instant_event_alert thr=0.0500 shard=1 (22:40:31, 1351s left)
[lane 103] <-- instant_event_alert thr=0.0500 shard=1 rc=0 (22:41:34)
[lane 103] --> p1 instant_event_alert thr=0.0500 shard=1 (22:41:34, 1288s left)
[lane 103] <-- instant_event_alert thr=0.0500 shard=1 rc=0 (22:42:31)
[lane 103] --> p1 instant_event_alert thr=0.0500 shard=2 (22:42:31, 1231s left)
[lane 103] <-- instant_event_alert thr=0.0500 shard=2 rc=0 (22:43:26)
[lane 103] --> p1 instant_event_alert thr=0.0500 shard=2 (22:43:26, 1176s left)
[lane 103] <-- instant_event_alert thr=0.0500 shard=2 rc=0 (22:44:08)
[lane 103] --> p1 instant_event_alert thr=0.0500 shard=2 (22:44:08, 1134s left)
[lane 103] <-- instant_event_alert thr=0.0500 shard=2 rc=0 (22:44:52)
[lane 103] --> p1 instant_event_alert thr=0.0500 shard=2 (22:44:52, 1090s left)
[lane 103] <-- instant_event_alert thr=0.0500 shard=2 rc=0 (22:45:41)
[lane 103] --> p1 instant_event_alert thr=0.0500 shard=2 (22:45:41, 1041s left)
[lane 103] <-- instant_event_alert thr=0.0500 shard=2 rc=0 (22:46:26)
[lane 103] --> p1 instant_event_alert thr=0.0500 shard=2 (22:46:26, 996s left)
[lane 103] <-- instant_event_alert thr=0.0500 shard=2 rc=0 (22:47:17)
[lane 103] --> p1 instant_event_alert thr=0.0500 shard=2 (22:47:18, 945s left)
[lane 103] <-- instant_event_alert thr=0.0500 shard=2 rc=0 (22:48:02)
[lane 103] --> p1 instant_event_alert thr=0.0500 shard=2 (22:48:02, 900s left)
[lane 103] <-- instant_event_alert thr=0.0500 shard=2 rc=0 (22:48:48)
[lane 103] --> p1 instant_event_alert thr=0.0500 shard=2 (22:48:48, 854s left)
[lane 103] <-- instant_event_alert thr=0.0500 shard=2 rc=0 (22:49:33)
[lane 103] --> p1 instant_event_alert thr=0.0500 shard=2 (22:49:33, 809s left)
[lane 103] <-- instant_event_alert thr=0.0500 shard=2 rc=0 (22:50:17)
[lane 103] --> p1 instant_event_alert thr=0.0500 shard=2 (22:50:18, 765s left)
[lane 103] <-- instant_event_alert thr=0.0500 shard=2 rc=0 (22:51:02)
[lane 103] --> p1 instant_event_alert thr=0.0500 shard=2 (22:51:02, 720s left)
[lane 103] <-- instant_event_alert thr=0.0500 shard=2 rc=0 (22:51:53)
[lane 103] --> p1 instant_event_alert thr=0.0500 shard=3 (22:51:54, 669s left)
[lane 103] <-- instant_event_alert thr=0.0500 shard=3 rc=0 (22:52:45)
[lane 103] --> p1 instant_event_alert thr=0.0500 shard=3 (22:52:45, 617s left)
[lane 103] <-- instant_event_alert thr=0.0500 shard=3 rc=0 (22:53:32)
[lane 103] --> p1 instant_event_alert thr=0.0500 shard=3 (22:53:32, 570s left)
[lane 103] <-- instant_event_alert thr=0.0500 shard=3 rc=0 (22:54:27)
[lane 103] --> p1 instant_event_alert thr=0.0500 shard=3 (22:54:27, 515s left)
[lane 103] <-- instant_event_alert thr=0.0500 shard=3 rc=0 (22:55:15)
[lane 103] --> p1 instant_event_alert thr=0.0500 shard=3 (22:55:15, 467s left)
[lane 103] <-- instant_event_alert thr=0.0500 shard=3 rc=0 (22:56:01)
[lane 103] --> p1 instant_event_alert thr=0.0500 shard=3 (22:56:01, 421s left)
[lane 103] <-- instant_event_alert thr=0.0500 shard=3 rc=0 (22:56:47)
[lane 103] --> p1 instant_event_alert thr=0.0500 shard=3 (22:56:47, 375s left)
[lane 103] <-- instant_event_alert thr=0.0500 shard=3 rc=0 (22:57:40)
[lane 103] --> p1 instant_event_alert thr=0.0500 shard=3 (22:57:40, 322s left)
[lane 103] <-- instant_event_alert thr=0.0500 shard=3 rc=0 (22:58:36)
[lane 103] --> p1 instant_event_alert thr=0.0500 shard=0 (22:58:36, 266s left)
[lane 103] <-- instant_event_alert thr=0.0500 shard=0 rc=0 (22:59:26)
[lane 103] 216s left (< 240) -- stopping cleanly
[lane 103] done, 80 units attempted 22:59:26
[lane 103] clariden-ln004 gpu=3 start=01:55:25 deadline=03:24:25 max_dur=300
[lane 103] --> p1 instant_event_alert thr=0.0500 shard=3 (01:55:25, 5340s left)
[lane 103] <-- instant_event_alert thr=0.0500 shard=3 rc=0 (01:56:32)
[lane 103] --> p1 instant_event_alert thr=0.0500 shard=3 (01:56:32, 5273s left)
[lane 103] <-- instant_event_alert thr=0.0500 shard=3 rc=0 (01:57:27)
[lane 103] --> p1 instant_event_alert thr=0.0500 shard=3 (01:57:28, 5218s left)
[lane 103] <-- instant_event_alert thr=0.0500 shard=3 rc=0 (01:58:16)
[lane 103] --> p1 instant_event_alert thr=0.0500 shard=3 (01:58:16, 5169s left)
[lane 103] <-- instant_event_alert thr=0.0500 shard=3 rc=0 (01:59:01)
[lane 103] --> p1 instant_event_alert thr=0.0500 shard=1 (01:59:01, 5124s left)
[lane 103] <-- instant_event_alert thr=0.0500 shard=1 rc=0 (01:59:47)
[lane 103] --> p1 instant_event_alert thr=0.0500 shard=1 (01:59:47, 5078s left)
[lane 103] <-- instant_event_alert thr=0.0500 shard=1 rc=0 (02:00:32)
[lane 103] --> p1 instant_event_alert thr=0.0500 shard=1 (02:00:32, 5033s left)
[lane 103] <-- instant_event_alert thr=0.0500 shard=1 rc=0 (02:01:18)
[lane 103] --> p1 instant_event_alert thr=0.0500 shard=1 (02:01:18, 4987s left)
[lane 103] <-- instant_event_alert thr=0.0500 shard=1 rc=0 (02:02:02)
[lane 103] --> p1 instant_event_alert thr=0.0500 shard=1 (02:02:02, 4943s left)
[lane 103] <-- instant_event_alert thr=0.0500 shard=1 rc=0 (02:02:47)
[lane 103] --> p1 instant_event_alert thr=0.0500 shard=1 (02:02:47, 4898s left)
[lane 103] <-- instant_event_alert thr=0.0500 shard=1 rc=0 (02:03:31)
[lane 103] --> p1 instant_event_alert thr=0.0500 shard=1 (02:03:31, 4854s left)
[lane 103] <-- instant_event_alert thr=0.0500 shard=1 rc=0 (02:04:24)
[lane 103] --> p1 instant_event_alert thr=0.0500 shard=1 (02:04:24, 4801s left)
[lane 103] <-- instant_event_alert thr=0.0500 shard=1 rc=0 (02:05:06)
[lane 103] --> p1 instant_event_alert thr=0.0500 shard=1 (02:05:06, 4759s left)
[lane 103] <-- instant_event_alert thr=0.0500 shard=1 rc=0 (02:05:50)
[lane 103] --> p1 instant_event_alert thr=0.0500 shard=1 (02:05:50, 4715s left)
[lane 103] <-- instant_event_alert thr=0.0500 shard=1 rc=0 (02:06:32)
[lane 103] --> p1 instant_event_alert thr=0.0500 shard=1 (02:06:32, 4673s left)
[lane 103] <-- instant_event_alert thr=0.0500 shard=1 rc=0 (02:07:19)
[lane 103] --> p1 instant_event_alert thr=0.0500 shard=3 (02:07:19, 4626s left)
[lane 103] <-- instant_event_alert thr=0.0500 shard=3 rc=0 (02:08:03)
[lane 103] --> p1 instant_event_alert thr=0.0500 shard=3 (02:08:03, 4582s left)
[lane 103] <-- instant_event_alert thr=0.0500 shard=3 rc=0 (02:08:49)
[lane 103] --> p1 instant_event_alert thr=0.0500 shard=3 (02:08:49, 4536s left)
[lane 103] <-- instant_event_alert thr=0.0500 shard=3 rc=0 (02:09:34)
[lane 103] --> p1 instant_event_alert thr=0.0500 shard=3 (02:09:34, 4491s left)
[lane 103] <-- instant_event_alert thr=0.0500 shard=3 rc=0 (02:10:25)
[lane 103] --> p1 instant_event_alert thr=0.0500 shard=3 (02:10:25, 4440s left)
[lane 103] <-- instant_event_alert thr=0.0500 shard=3 rc=0 (02:11:09)
[lane 103] --> p1 instant_event_alert thr=0.0500 shard=3 (02:11:09, 4396s left)
[lane 103] <-- instant_event_alert thr=0.0500 shard=3 rc=0 (02:11:51)
[lane 103] --> p1 instant_event_alert thr=0.0500 shard=3 (02:11:51, 4354s left)
[lane 103] <-- instant_event_alert thr=0.0500 shard=3 rc=0 (02:12:37)
[lane 103] --> p1 instant_event_alert thr=0.0500 shard=3 (02:12:37, 4308s left)
[lane 103] <-- instant_event_alert thr=0.0500 shard=3 rc=0 (02:13:32)
[lane 103] --> p1 instant_event_alert thr=0.0500 shard=3 (02:13:32, 4253s left)
[lane 103] <-- instant_event_alert thr=0.0500 shard=3 rc=0 (02:14:15)
[lane 103] --> p1 instant_event_alert thr=0.0500 shard=2 (02:14:15, 4210s left)
[lane 103] <-- instant_event_alert thr=0.0500 shard=2 rc=0 (02:14:57)
[lane 103] --> p1 instant_event_alert thr=0.0500 shard=2 (02:14:57, 4168s left)
[lane 103] <-- instant_event_alert thr=0.0500 shard=2 rc=0 (02:15:45)
[lane 103] --> p1 instant_event_alert thr=0.0500 shard=1 (02:15:45, 4120s left)
[lane 103] <-- instant_event_alert thr=0.0500 shard=1 rc=0 (02:16:34)
[lane 103] --> p1 instant_event_alert thr=0.0500 shard=1 (02:16:34, 4071s left)
[lane 103] <-- instant_event_alert thr=0.0500 shard=1 rc=0 (02:17:18)
[lane 103] --> p1 instant_event_alert thr=0.0500 shard=1 (02:17:18, 4027s left)
[lane 103] <-- instant_event_alert thr=0.0500 shard=1 rc=0 (02:18:02)
[lane 103] --> p1 instant_event_alert thr=0.0500 shard=1 (02:18:02, 3983s left)
[lane 103] <-- instant_event_alert thr=0.0500 shard=1 rc=0 (02:18:48)
[lane 103] --> p1 instant_event_alert thr=0.0500 shard=1 (02:18:48, 3937s left)
[lane 103] <-- instant_event_alert thr=0.0500 shard=1 rc=0 (02:19:33)
[lane 103] --> p1 instant_event_alert thr=0.0500 shard=1 (02:19:33, 3892s left)
[lane 103] <-- instant_event_alert thr=0.0500 shard=1 rc=0 (02:20:16)
[lane 103] --> p1 instant_event_alert thr=0.0500 shard=1 (02:20:16, 3849s left)
[lane 103] <-- instant_event_alert thr=0.0500 shard=1 rc=0 (02:21:00)
[lane 103] --> p1 instant_event_alert thr=0.0500 shard=1 (02:21:00, 3805s left)
[lane 103] <-- instant_event_alert thr=0.0500 shard=1 rc=0 (02:21:44)
[lane 103] --> p1 instant_event_alert thr=0.0500 shard=0 (02:21:44, 3761s left)
[lane 103] <-- instant_event_alert thr=0.0500 shard=0 rc=0 (02:22:34)
[lane 103] --> p1 instant_event_alert thr=0.0500 shard=3 (02:22:34, 3711s left)
[lane 103] <-- instant_event_alert thr=0.0500 shard=3 rc=0 (02:23:16)
[lane 103] --> p1 instant_event_alert thr=0.0500 shard=3 (02:23:16, 3669s left)
[lane 103] <-- instant_event_alert thr=0.0500 shard=3 rc=0 (02:24:00)
[lane 103] --> p1 instant_event_alert thr=0.0500 shard=3 (02:24:00, 3625s left)
[lane 103] <-- instant_event_alert thr=0.0500 shard=3 rc=0 (02:24:48)
[lane 103] --> p1 instant_event_alert thr=0.0500 shard=2 (02:24:48, 3577s left)
[lane 103] <-- instant_event_alert thr=0.0500 shard=2 rc=0 (02:25:33)
[lane 103] --> p1 instant_event_alert thr=0.0500 shard=2 (02:25:33, 3532s left)
[lane 103] <-- instant_event_alert thr=0.0500 shard=2 rc=0 (02:26:17)
[lane 103] --> p1 instant_event_alert thr=0.0500 shard=2 (02:26:18, 3488s left)
[lane 103] <-- instant_event_alert thr=0.0500 shard=2 rc=0 (02:27:01)
[lane 103] --> p1 instant_event_alert thr=0.0500 shard=0 (02:27:01, 3444s left)
[lane 103] <-- instant_event_alert thr=0.0500 shard=0 rc=0 (02:27:48)
[lane 103] --> p1 instant_event_alert thr=0.0500 shard=0 (02:27:48, 3397s left)
[lane 103] <-- instant_event_alert thr=0.0500 shard=0 rc=0 (02:28:35)
[lane 103] --> p1 instant_event_alert thr=0.0500 shard=2 (02:28:36, 3350s left)
[lane 103] <-- instant_event_alert thr=0.0500 shard=2 rc=0 (02:29:32)
[lane 103] --> p1 instant_event_alert thr=0.0500 shard=1 (02:29:32, 3293s left)
[lane 103] <-- instant_event_alert thr=0.0500 shard=1 rc=0 (02:30:18)
[lane 103] --> p1 instant_event_alert thr=0.0500 shard=1 (02:30:18, 3247s left)
[lane 103] <-- instant_event_alert thr=0.0500 shard=1 rc=0 (02:31:08)
[lane 103] --> p1 instant_event_alert thr=0.0500 shard=1 (02:31:09, 3197s left)
[lane 103] <-- instant_event_alert thr=0.0500 shard=1 rc=0 (02:31:53)
[lane 103] --> p1 instant_event_alert thr=0.0500 shard=1 (02:31:53, 3152s left)
[lane 103] <-- instant_event_alert thr=0.0500 shard=1 rc=0 (02:32:38)
[lane 103] --> p1 instant_event_alert thr=0.0500 shard=3 (02:32:38, 3107s left)
[lane 103] <-- instant_event_alert thr=0.0500 shard=3 rc=0 (02:33:25)
[lane 103] --> p1 instant_event_alert thr=0.0500 shard=1 (02:33:25, 3060s left)
[lane 103] <-- instant_event_alert thr=0.0500 shard=1 rc=0 (02:34:13)
[lane 103] --> p1 instant_event_alert thr=0.0500 shard=1 (02:34:13, 3012s left)
[lane 103] <-- instant_event_alert thr=0.0500 shard=1 rc=0 (02:35:02)
[lane 103] --> p1 instant_event_alert thr=0.0500 shard=1 (02:35:02, 2963s left)
[lane 103] <-- instant_event_alert thr=0.0500 shard=1 rc=0 (02:35:48)
[lane 103] --> p1 instant_event_alert thr=0.0500 shard=1 (02:35:48, 2917s left)
[lane 103] <-- instant_event_alert thr=0.0500 shard=1 rc=0 (02:36:43)
[lane 103] --> p1 instant_event_alert thr=0.0500 shard=2 (02:36:43, 2862s left)
[lane 103] <-- instant_event_alert thr=0.0500 shard=2 rc=0 (02:37:29)
[lane 103] --> p1 instant_event_alert thr=0.0500 shard=3 (02:37:29, 2816s left)
[lane 103] <-- instant_event_alert thr=0.0500 shard=3 rc=0 (02:38:17)
[lane 103] --> p1 instant_event_alert thr=0.0500 shard=3 (02:38:17, 2768s left)
[lane 103] <-- instant_event_alert thr=0.0500 shard=3 rc=0 (02:39:08)
[lane 103] --> p1 instant_event_alert thr=0.0500 shard=0 (02:39:08, 2717s left)
[lane 103] <-- instant_event_alert thr=0.0500 shard=0 rc=0 (02:40:00)
[lane 103] --> p1 instant_event_alert thr=0.0500 shard=0 (02:40:00, 2665s left)
[lane 103] <-- instant_event_alert thr=0.0500 shard=0 rc=0 (02:40:48)
[lane 103] --> p1 instant_event_alert thr=0.0500 shard=0 (02:40:48, 2617s left)
[lane 103] <-- instant_event_alert thr=0.0500 shard=0 rc=0 (02:41:35)
[lane 103] --> p1 instant_event_alert thr=0.0500 shard=0 (02:41:35, 2570s left)
[lane 103] <-- instant_event_alert thr=0.0500 shard=0 rc=0 (02:42:26)
[lane 103] --> p1 instant_event_alert thr=0.0500 shard=0 (02:42:26, 2519s left)
[lane 103] <-- instant_event_alert thr=0.0500 shard=0 rc=0 (02:43:16)
[lane 103] --> p1 instant_event_alert thr=0.0500 shard=0 (02:43:16, 2469s left)
[lane 103] <-- instant_event_alert thr=0.0500 shard=0 rc=0 (02:44:04)
[lane 103] --> p1 instant_event_alert thr=0.0500 shard=0 (02:44:04, 2421s left)
[lane 103] <-- instant_event_alert thr=0.0500 shard=0 rc=0 (02:44:56)
[lane 103] --> p1 instant_event_alert thr=0.0500 shard=0 (02:44:56, 2369s left)
[lane 103] <-- instant_event_alert thr=0.0500 shard=0 rc=0 (02:45:47)
[lane 103] --> p1 instant_event_alert thr=0.0500 shard=0 (02:45:47, 2318s left)
[lane 103] <-- instant_event_alert thr=0.0500 shard=0 rc=0 (02:46:39)
[lane 103] --> p1 instant_event_alert thr=0.0500 shard=0 (02:46:39, 2266s left)
[lane 103] <-- instant_event_alert thr=0.0500 shard=0 rc=0 (02:47:26)
[lane 103] --> p1 instant_event_alert thr=0.0500 shard=2 (02:47:26, 2219s left)
[lane 103] <-- instant_event_alert thr=0.0500 shard=2 rc=0 (02:48:16)
[lane 103] --> p1 instant_event_alert thr=0.0500 shard=2 (02:48:16, 2169s left)
[lane 103] <-- instant_event_alert thr=0.0500 shard=2 rc=0 (02:49:02)
[lane 103] --> p1 instant_event_alert thr=0.0500 shard=2 (02:49:02, 2123s left)
[lane 103] <-- instant_event_alert thr=0.0500 shard=2 rc=0 (02:49:49)
[lane 103] --> p1 instant_event_alert thr=0.0500 shard=2 (02:49:49, 2076s left)
[lane 103] <-- instant_event_alert thr=0.0500 shard=2 rc=0 (02:50:39)
[lane 103] --> p1 instant_event_alert thr=0.0500 shard=2 (02:50:39, 2026s left)
[lane 103] <-- instant_event_alert thr=0.0500 shard=2 rc=0 (02:51:40)
[lane 103] --> p1 instant_event_alert thr=0.0500 shard=2 (02:51:40, 1965s left)
[lane 103] <-- instant_event_alert thr=0.0500 shard=2 rc=0 (02:52:26)
[lane 103] --> p1 instant_event_alert thr=0.0500 shard=2 (02:52:26, 1919s left)
[lane 103] <-- instant_event_alert thr=0.0500 shard=2 rc=0 (02:53:11)
[lane 103] --> p1 instant_event_alert thr=0.0500 shard=2 (02:53:11, 1874s left)
[lane 103] <-- instant_event_alert thr=0.0500 shard=2 rc=0 (02:54:05)
[lane 103] --> p1 instant_event_alert thr=0.0500 shard=2 (02:54:05, 1820s left)
[lane 103] <-- instant_event_alert thr=0.0500 shard=2 rc=0 (02:54:51)
[lane 103] --> p1 instant_event_alert thr=0.0500 shard=2 (02:54:51, 1774s left)
[lane 103] <-- instant_event_alert thr=0.0500 shard=2 rc=0 (02:55:41)
[lane 103] --> p1 instant_event_alert thr=0.0500 shard=1 (02:55:41, 1724s left)
[lane 103] <-- instant_event_alert thr=0.0500 shard=1 rc=0 (02:56:34)
[lane 103] --> p1 instant_event_alert thr=0.0500 shard=1 (02:56:34, 1671s left)
[lane 103] <-- instant_event_alert thr=0.0500 shard=1 rc=0 (02:57:30)
[lane 103] --> p1 instant_event_alert thr=0.0500 shard=1 (02:57:30, 1615s left)
[lane 103] <-- instant_event_alert thr=0.0500 shard=1 rc=0 (02:58:17)
[lane 103] --> p1 instant_event_alert thr=0.0500 shard=1 (02:58:17, 1568s left)
[lane 103] <-- instant_event_alert thr=0.0500 shard=1 rc=0 (02:59:10)
[lane 103] --> p1 instant_event_alert thr=0.0500 shard=1 (02:59:10, 1515s left)
[lane 103] <-- instant_event_alert thr=0.0500 shard=1 rc=0 (03:00:05)
[lane 103] --> p1 instant_event_alert thr=0.0500 shard=1 (03:00:05, 1460s left)
[lane 103] <-- instant_event_alert thr=0.0500 shard=1 rc=0 (03:00:52)
[lane 103] --> p1 instant_event_alert thr=0.0500 shard=1 (03:00:52, 1413s left)
[lane 103] <-- instant_event_alert thr=0.0500 shard=1 rc=0 (03:01:49)
[lane 103] --> p1 instant_event_alert thr=0.0500 shard=3 (03:01:49, 1356s left)
[lane 103] <-- instant_event_alert thr=0.0500 shard=3 rc=0 (03:02:39)
[lane 103] --> p1 instant_event_alert thr=0.0500 shard=3 (03:02:39, 1306s left)
[lane 103] <-- instant_event_alert thr=0.0500 shard=3 rc=0 (03:03:35)
[lane 103] --> p1 instant_event_alert thr=0.0500 shard=3 (03:03:35, 1250s left)
[lane 103] <-- instant_event_alert thr=0.0500 shard=3 rc=0 (03:04:23)
[lane 103] --> p1 instant_event_alert thr=0.0500 shard=3 (03:04:23, 1202s left)
[lane 103] <-- instant_event_alert thr=0.0500 shard=3 rc=0 (03:05:08)
[lane 103] --> p1 instant_event_alert thr=0.0500 shard=3 (03:05:08, 1157s left)
[lane 103] <-- instant_event_alert thr=0.0500 shard=3 rc=0 (03:06:06)
[lane 103] --> p1 instant_event_alert thr=0.0500 shard=3 (03:06:06, 1099s left)
[lane 103] <-- instant_event_alert thr=0.0500 shard=3 rc=0 (03:06:52)
[lane 103] --> p1 instant_event_alert thr=0.0500 shard=3 (03:06:52, 1053s left)
[lane 103] <-- instant_event_alert thr=0.0500 shard=3 rc=0 (03:07:38)
[lane 103] --> p1 instant_event_alert thr=0.0500 shard=3 (03:07:38, 1007s left)
[lane 103] <-- instant_event_alert thr=0.0500 shard=3 rc=0 (03:08:23)
[lane 103] --> p1 instant_event_alert thr=0.0500 shard=3 (03:08:23, 962s left)
[lane 103] <-- instant_event_alert thr=0.0500 shard=3 rc=0 (03:09:17)
[lane 103] --> p1 instant_event_alert thr=0.0500 shard=3 (03:09:17, 908s left)
[lane 103] <-- instant_event_alert thr=0.0500 shard=3 rc=0 (03:10:03)
[lane 103] --> p1 instant_event_alert thr=0.0500 shard=0 (03:10:03, 862s left)
[lane 103] <-- instant_event_alert thr=0.0500 shard=0 rc=0 (03:10:52)
[lane 103] --> p1 instant_event_alert thr=0.0500 shard=0 (03:10:52, 813s left)
[lane 103] <-- instant_event_alert thr=0.0500 shard=0 rc=0 (03:11:51)
[lane 103] --> p1 instant_event_alert thr=0.0500 shard=0 (03:11:51, 754s left)
[lane 103] <-- instant_event_alert thr=0.0500 shard=0 rc=0 (03:12:41)
[lane 103] --> p1 instant_event_alert thr=0.0500 shard=0 (03:12:41, 704s left)
[lane 103] <-- instant_event_alert thr=0.0500 shard=0 rc=0 (03:13:28)
[lane 103] --> p1 instant_event_alert thr=0.0500 shard=0 (03:13:28, 657s left)
[lane 103] <-- instant_event_alert thr=0.0500 shard=0 rc=0 (03:14:23)
[lane 103] --> p1 instant_event_alert thr=0.0500 shard=0 (03:14:23, 602s left)
[lane 103] <-- instant_event_alert thr=0.0500 shard=0 rc=0 (03:15:18)
[lane 103] --> p1 instant_event_alert thr=0.0500 shard=0 (03:15:18, 547s left)
[lane 103] <-- instant_event_alert thr=0.0500 shard=0 rc=0 (03:16:06)
[lane 103] --> p1 instant_event_alert thr=0.0500 shard=0 (03:16:06, 499s left)
[lane 103] <-- instant_event_alert thr=0.0500 shard=0 rc=0 (03:16:53)
[lane 103] --> p1 instant_event_alert thr=0.0500 shard=0 (03:16:53, 452s left)
[lane 103] <-- instant_event_alert thr=0.0500 shard=0 rc=0 (03:17:50)
[lane 103] --> p1 instant_event_alert thr=0.0500 shard=2 (03:17:50, 395s left)
[lane 103] <-- instant_event_alert thr=0.0500 shard=2 rc=0 (03:18:40)
[lane 103] --> p1 instant_event_alert thr=0.0500 shard=0 (03:18:40, 345s left)
[lane 103] <-- instant_event_alert thr=0.0500 shard=0 rc=0 (03:19:26)
[lane 103] --> p1 instant_event_alert thr=0.0500 shard=3 (03:19:26, 299s left)
[lane 103] <-- instant_event_alert thr=0.0500 shard=3 rc=0 (03:20:15)
[lane 103] --> p1 instant_event_alert thr=0.0500 shard=3 (03:20:15, 250s left)
[lane 103] <-- instant_event_alert thr=0.0500 shard=3 rc=0 (03:22:16)
[lane 103] 129s left (< 240) -- stopping cleanly
[lane 103] done, 106 units attempted 03:22:16
[lane 103] clariden-ln004 gpu=3 start=03:23:47 deadline=04:52:47 max_dur=300
[lane 103] --> p1 instant_event_alert thr=0.0500 shard=3 (03:23:47, 5340s left)
[lane 103] <-- instant_event_alert thr=0.0500 shard=3 rc=0 (03:25:26)
[lane 103] --> p1 instant_event_alert thr=0.0500 shard=3 (03:25:27, 5241s left)
[lane 103] <-- instant_event_alert thr=0.0500 shard=3 rc=0 (03:26:39)
[lane 103] --> p1 instant_event_alert thr=0.0500 shard=3 (03:26:39, 5168s left)
[lane 103] <-- instant_event_alert thr=0.0500 shard=3 rc=0 (03:27:56)
[lane 103] --> p1 instant_event_alert thr=0.0500 shard=3 (03:27:56, 5091s left)
[lane 103] <-- instant_event_alert thr=0.0500 shard=3 rc=0 (03:28:53)
[lane 103] --> p1 instant_event_alert thr=0.0500 shard=3 (03:28:53, 5034s left)
[lane 103] <-- instant_event_alert thr=0.0500 shard=3 rc=0 (03:29:47)
[lane 103] --> p1 instant_event_alert thr=0.0500 shard=3 (03:29:47, 4980s left)
[lane 103] <-- instant_event_alert thr=0.0500 shard=3 rc=0 (03:30:45)
[lane 103] --> p1 instant_event_alert thr=0.0500 shard=3 (03:30:45, 4922s left)
[lane 103] <-- instant_event_alert thr=0.0500 shard=3 rc=0 (03:31:37)
[lane 103] --> p1 instant_event_alert thr=0.0500 shard=3 (03:31:37, 4870s left)
[lane 103] <-- instant_event_alert thr=0.0500 shard=3 rc=0 (03:32:27)
[lane 103] --> p1 instant_event_alert thr=0.0500 shard=0 (03:32:27, 4820s left)
[lane 103] <-- instant_event_alert thr=0.0500 shard=0 rc=0 (03:33:18)
[lane 103] --> p1 instant_event_alert thr=0.0500 shard=0 (03:33:18, 4769s left)
[lane 103] <-- instant_event_alert thr=0.0500 shard=0 rc=0 (03:34:10)
[lane 103] --> p1 instant_event_alert thr=0.0500 shard=0 (03:34:10, 4717s left)
[lane 103] <-- instant_event_alert thr=0.0500 shard=0 rc=0 (03:35:01)
[lane 103] --> p1 instant_event_alert thr=0.0500 shard=0 (03:35:01, 4666s left)
[lane 103] <-- instant_event_alert thr=0.0500 shard=0 rc=0 (03:35:56)
[lane 103] --> p1 instant_event_alert thr=0.0500 shard=0 (03:35:56, 4611s left)
[lane 103] <-- instant_event_alert thr=0.0500 shard=0 rc=0 (03:36:43)
[lane 103] --> p1 instant_event_alert thr=0.0500 shard=0 (03:36:43, 4564s left)
[lane 103] <-- instant_event_alert thr=0.0500 shard=0 rc=0 (03:37:30)
[lane 103] --> p1 instant_event_alert thr=0.0500 shard=3 (03:37:30, 4517s left)
[lane 103] <-- instant_event_alert thr=0.0500 shard=3 rc=0 (03:38:17)
[lane 103] --> p1 instant_event_alert thr=0.0500 shard=3 (03:38:17, 4470s left)
[lane 103] <-- instant_event_alert thr=0.0500 shard=3 rc=0 (03:39:12)
[lane 103] --> p1 instant_event_alert thr=0.0500 shard=3 (03:39:12, 4415s left)
[lane 103] <-- instant_event_alert thr=0.0500 shard=3 rc=0 (03:39:59)
[lane 103] --> p1 instant_event_alert thr=0.0500 shard=3 (03:39:59, 4368s left)
[lane 103] <-- instant_event_alert thr=0.0500 shard=3 rc=0 (03:40:52)
[lane 103] --> p1 instant_event_alert thr=0.0500 shard=0 (03:40:52, 4315s left)
[lane 103] <-- instant_event_alert thr=0.0500 shard=0 rc=0 (03:41:48)
[lane 103] --> p1 instant_event_alert thr=0.0500 shard=0 (03:41:49, 4259s left)
[lane 103] <-- instant_event_alert thr=0.0500 shard=0 rc=0 (03:42:35)
[lane 103] --> p1 instant_event_alert thr=0.0500 shard=0 (03:42:35, 4212s left)
[lane 103] <-- instant_event_alert thr=0.0500 shard=0 rc=0 (03:43:21)
[lane 103] --> p1 instant_event_alert thr=0.0500 shard=0 (03:43:21, 4166s left)
[lane 103] <-- instant_event_alert thr=0.0500 shard=0 rc=0 (03:44:12)
[lane 103] --> p1 instant_event_alert thr=0.0500 shard=2 (03:44:12, 4115s left)
[lane 103] <-- instant_event_alert thr=0.0500 shard=2 rc=0 (03:45:03)
[lane 103] --> p1 instant_event_alert thr=0.0500 shard=2 (03:45:03, 4064s left)
[lane 103] <-- instant_event_alert thr=0.0500 shard=2 rc=0 (03:45:52)
[lane 103] --> p1 instant_event_alert thr=0.0500 shard=3 (03:45:52, 4015s left)
[lane 103] <-- instant_event_alert thr=0.0500 shard=3 rc=0 (03:46:40)
[lane 103] --> p1 instant_event_alert thr=0.0500 shard=3 (03:46:40, 3967s left)
[lane 103] <-- instant_event_alert thr=0.0500 shard=3 rc=0 (03:47:28)
[lane 103] --> p1 instant_event_alert thr=0.0500 shard=3 (03:47:28, 3919s left)
[lane 103] <-- instant_event_alert thr=0.0500 shard=3 rc=0 (03:48:16)
[lane 103] --> p1 instant_event_alert thr=0.0500 shard=3 (03:48:16, 3871s left)
[lane 103] <-- instant_event_alert thr=0.0500 shard=3 rc=0 (03:49:09)
[lane 103] --> p1 instant_event_alert thr=0.0500 shard=2 (03:49:10, 3818s left)
[lane 103] <-- instant_event_alert thr=0.0500 shard=2 rc=0 (03:49:55)
[lane 103] --> p1 instant_event_alert thr=0.0500 shard=2 (03:49:55, 3772s left)
[lane 103] <-- instant_event_alert thr=0.0500 shard=2 rc=0 (03:50:47)
[lane 103] --> p1 instant_event_alert thr=0.0500 shard=1 (03:50:47, 3720s left)
[lane 103] <-- instant_event_alert thr=0.0500 shard=1 rc=0 (03:51:35)
[lane 103] --> p1 instant_event_alert thr=0.0500 shard=1 (03:51:35, 3672s left)
[lane 103] <-- instant_event_alert thr=0.0500 shard=1 rc=0 (03:52:25)
[lane 103] --> p1 instant_event_alert thr=0.0500 shard=1 (03:52:25, 3622s left)
[lane 103] <-- instant_event_alert thr=0.0500 shard=1 rc=0 (03:53:17)
[lane 103] --> p1 instant_event_alert thr=0.0500 shard=1 (03:53:17, 3570s left)
[lane 103] <-- instant_event_alert thr=0.0500 shard=1 rc=0 (03:54:06)
[lane 103] --> p1 instant_event_alert thr=0.0500 shard=1 (03:54:06, 3521s left)
[lane 103] <-- instant_event_alert thr=0.0500 shard=1 rc=0 (03:54:56)
[lane 103] --> p1 instant_event_alert thr=0.0500 shard=0 (03:54:56, 3471s left)
[lane 103] <-- instant_event_alert thr=0.0500 shard=0 rc=0 (03:55:45)
[lane 103] --> p1 instant_event_alert thr=0.0500 shard=0 (03:55:45, 3422s left)
[lane 103] <-- instant_event_alert thr=0.0500 shard=0 rc=0 (03:56:41)
[lane 103] --> p1 instant_event_alert thr=0.0500 shard=0 (03:56:41, 3366s left)
[lane 103] <-- instant_event_alert thr=0.0500 shard=0 rc=0 (03:57:30)
[lane 103] --> p1 instant_event_alert thr=0.0500 shard=0 (03:57:30, 3317s left)
[lane 103] <-- instant_event_alert thr=0.0500 shard=0 rc=0 (03:58:21)
[lane 103] --> p1 instant_event_alert thr=0.0500 shard=0 (03:58:21, 3266s left)
[lane 103] <-- instant_event_alert thr=0.0500 shard=0 rc=0 (03:59:14)
[lane 103] --> p1 instant_event_alert thr=0.0500 shard=3 (03:59:14, 3213s left)
[lane 103] <-- instant_event_alert thr=0.0500 shard=3 rc=0 (04:00:07)
[lane 103] --> p1 instant_event_alert thr=0.0500 shard=3 (04:00:07, 3160s left)
[lane 103] <-- instant_event_alert thr=0.0500 shard=3 rc=0 (04:01:01)
[lane 103] --> p1 instant_event_alert thr=0.0500 shard=3 (04:01:01, 3106s left)
[lane 103] <-- instant_event_alert thr=0.0500 shard=3 rc=0 (04:01:53)
[lane 103] --> p1 instant_event_alert thr=0.0500 shard=3 (04:01:53, 3054s left)
[lane 103] <-- instant_event_alert thr=0.0500 shard=3 rc=0 (04:02:54)
[lane 103] --> p1 instant_event_alert thr=0.0500 shard=3 (04:02:54, 2993s left)
[lane 103] <-- instant_event_alert thr=0.0500 shard=3 rc=0 (04:03:51)
[lane 103] --> p1 instant_event_alert thr=0.0500 shard=3 (04:03:51, 2936s left)
[lane 103] <-- instant_event_alert thr=0.0500 shard=3 rc=0 (04:04:48)
[lane 103] --> p1 instant_event_alert thr=0.0500 shard=0 (04:04:48, 2879s left)
[lane 103] <-- instant_event_alert thr=0.0500 shard=0 rc=0 (04:05:44)
[lane 103] --> p1 instant_event_alert thr=0.0500 shard=0 (04:05:44, 2823s left)
[lane 103] <-- instant_event_alert thr=0.0500 shard=0 rc=0 (04:06:40)
[lane 103] --> p1 instant_event_alert thr=0.0500 shard=2 (04:06:40, 2767s left)
[lane 103] <-- instant_event_alert thr=0.0500 shard=2 rc=0 (04:07:37)
[lane 103] --> p1 instant_event_alert thr=0.0500 shard=3 (04:07:38, 2710s left)
[lane 103] <-- instant_event_alert thr=0.0500 shard=3 rc=0 (04:08:39)
[lane 103] --> p1 instant_event_alert thr=0.0500 shard=2 (04:08:39, 2648s left)
[lane 103] <-- instant_event_alert thr=0.0500 shard=2 rc=0 (04:09:36)
[lane 103] --> p1 instant_event_alert thr=0.0500 shard=2 (04:09:36, 2591s left)
[lane 103] <-- instant_event_alert thr=0.0500 shard=2 rc=0 (04:10:34)
[lane 103] --> p1 instant_event_alert thr=0.0500 shard=2 (04:10:34, 2533s left)
[lane 103] <-- instant_event_alert thr=0.0500 shard=2 rc=0 (04:11:29)
[lane 103] --> p1 instant_event_alert thr=0.0500 shard=3 (04:11:29, 2478s left)
[lane 103] <-- instant_event_alert thr=0.0500 shard=3 rc=0 (04:12:26)
[lane 103] --> p1 instant_event_alert thr=0.0500 shard=2 (04:12:26, 2421s left)
[lane 103] <-- instant_event_alert thr=0.0500 shard=2 rc=0 (04:13:24)
[lane 103] --> p1 instant_event_alert thr=0.0500 shard=2 (04:13:24, 2363s left)
[lane 103] <-- instant_event_alert thr=0.0500 shard=2 rc=0 (04:14:22)
[lane 103] --> p1 instant_event_alert thr=0.0500 shard=3 (04:14:22, 2305s left)
[lane 103] <-- instant_event_alert thr=0.0500 shard=3 rc=0 (04:15:32)
[lane 103] --> p1 instant_event_alert thr=0.0500 shard=3 (04:15:33, 2235s left)
[lane 103] <-- instant_event_alert thr=0.0500 shard=3 rc=0 (04:16:37)
[lane 103] --> p1 instant_event_alert thr=0.0500 shard=3 (04:16:37, 2170s left)
[lane 103] <-- instant_event_alert thr=0.0500 shard=3 rc=0 (04:17:49)
[lane 103] --> p1 instant_event_alert thr=0.0500 shard=3 (04:17:49, 2098s left)
[lane 103] <-- instant_event_alert thr=0.0500 shard=3 rc=0 (04:18:59)
[lane 103] --> p1 instant_event_alert thr=0.0500 shard=0 (04:18:59, 2028s left)
[lane 103] <-- instant_event_alert thr=0.0500 shard=0 rc=0 (04:20:03)
[lane 103] --> p1 instant_event_alert thr=0.0500 shard=3 (04:20:04, 1964s left)
[lane 103] <-- instant_event_alert thr=0.0500 shard=3 rc=0 (04:21:06)
[lane 103] --> p1 instant_event_alert thr=0.0500 shard=3 (04:21:06, 1901s left)
[lane 103] <-- instant_event_alert thr=0.0500 shard=3 rc=0 (04:22:13)
[lane 103] --> p1 instant_event_alert thr=0.0500 shard=3 (04:22:13, 1834s left)
[lane 103] <-- instant_event_alert thr=0.0500 shard=3 rc=0 (04:23:17)
[lane 103] --> p1 instant_event_alert thr=0.0500 shard=2 (04:23:17, 1770s left)
[lane 103] <-- instant_event_alert thr=0.0500 shard=2 rc=0 (04:24:24)
[lane 103] --> p1 instant_event_alert thr=0.0500 shard=2 (04:24:25, 1702s left)
[lane 103] <-- instant_event_alert thr=0.0500 shard=2 rc=0 (04:25:47)
[lane 103] --> p1 instant_event_alert thr=0.0500 shard=2 (04:25:47, 1620s left)
[lane 103] <-- instant_event_alert thr=0.0500 shard=2 rc=0 (04:26:46)
[lane 103] --> p1 instant_event_alert thr=0.0500 shard=2 (04:26:46, 1561s left)
[lane 103] <-- instant_event_alert thr=0.0500 shard=2 rc=0 (04:27:52)
[lane 103] --> p1 instant_event_alert thr=0.0500 shard=1 (04:27:52, 1495s left)
[lane 103] <-- instant_event_alert thr=0.0500 shard=1 rc=0 (04:29:00)
[lane 103] --> p1 instant_event_alert thr=0.0500 shard=2 (04:29:00, 1427s left)
[lane 103] <-- instant_event_alert thr=0.0500 shard=2 rc=0 (04:30:07)
[lane 103] --> p1 instant_event_alert thr=0.0500 shard=2 (04:30:07, 1360s left)
[lane 103] <-- instant_event_alert thr=0.0500 shard=2 rc=0 (04:31:11)
[lane 103] --> p1 instant_event_alert thr=0.0500 shard=2 (04:31:11, 1296s left)
[lane 103] <-- instant_event_alert thr=0.0500 shard=2 rc=0 (04:32:15)
[lane 103] --> p1 instant_event_alert thr=0.0500 shard=3 (04:32:15, 1232s left)
[lane 103] <-- instant_event_alert thr=0.0500 shard=3 rc=0 (04:33:22)
[lane 103] --> p1 instant_event_alert thr=0.0500 shard=1 (04:33:23, 1164s left)
[lane 103] <-- instant_event_alert thr=0.0500 shard=1 rc=0 (04:34:29)
[lane 103] --> p1 instant_event_alert thr=0.0500 shard=0 (04:34:29, 1098s left)
[lane 103] <-- instant_event_alert thr=0.0500 shard=0 rc=0 (04:35:32)
[lane 103] --> p1 instant_event_alert thr=0.0500 shard=3 (04:35:32, 1035s left)
[lane 103] <-- instant_event_alert thr=0.0500 shard=3 rc=0 (04:36:37)
[lane 103] --> p1 instant_event_alert thr=0.0500 shard=0 (04:36:37, 970s left)
[lane 103] <-- instant_event_alert thr=0.0500 shard=0 rc=0 (04:37:42)
[lane 103] --> p1 instant_event_alert thr=0.0500 shard=0 (04:37:42, 905s left)
[lane 103] <-- instant_event_alert thr=0.0500 shard=0 rc=0 (04:38:48)
[lane 103] --> p1 instant_event_alert thr=0.0500 shard=0 (04:38:49, 839s left)
[lane 103] <-- instant_event_alert thr=0.0500 shard=0 rc=0 (04:39:54)
[lane 103] --> p1 instant_event_alert thr=0.0500 shard=3 (04:39:54, 773s left)
[lane 103] <-- instant_event_alert thr=0.0500 shard=3 rc=0 (04:41:01)
[lane 103] --> p1 instant_event_alert thr=0.0500 shard=0 (04:41:01, 706s left)
[lane 103] <-- instant_event_alert thr=0.0500 shard=0 rc=0 (04:42:08)
[lane 103] --> p1 instant_event_alert thr=0.0500 shard=1 (04:42:09, 639s left)
[lane 103] <-- instant_event_alert thr=0.0500 shard=1 rc=0 (04:43:15)
[lane 103] --> p1 instant_event_alert thr=0.0500 shard=1 (04:43:15, 572s left)
[lane 103] <-- instant_event_alert thr=0.0500 shard=1 rc=0 (04:44:24)
[lane 103] --> p1 instant_event_alert thr=0.0500 shard=2 (04:44:24, 503s left)
[lane 103] <-- instant_event_alert thr=0.0500 shard=2 rc=0 (04:45:30)
[lane 103] --> p1 instant_event_alert thr=0.0500 shard=3 (04:45:30, 437s left)
[lane 103] <-- instant_event_alert thr=0.0500 shard=3 rc=0 (04:46:35)
[lane 103] --> p1 instant_event_alert thr=0.0500 shard=1 (04:46:36, 372s left)
[lane 103] <-- instant_event_alert thr=0.0500 shard=1 rc=0 (04:47:43)
[lane 103] --> p1 instant_event_alert thr=0.0500 shard=3 (04:47:43, 304s left)
[lane 103] <-- instant_event_alert thr=0.0500 shard=3 rc=0 (04:48:53)
[lane 103] 234s left (< 240) -- stopping cleanly
[lane 103] done, 87 units attempted 04:48:53
[lane 103] clariden-ln004 gpu=3 start=04:50:09 deadline=06:19:09 max_dur=300
[lane 103] --> p1 instant_event_alert thr=0.0500 shard=3 (04:50:10, 5340s left)
[lane 103] <-- instant_event_alert thr=0.0500 shard=3 rc=0 (04:51:34)
[lane 103] --> p1 instant_event_alert thr=0.0500 shard=1 (04:51:34, 5255s left)
[lane 103] <-- instant_event_alert thr=0.0500 shard=1 rc=0 (04:52:42)
[lane 103] --> p1 instant_event_alert thr=0.0500 shard=0 (04:52:42, 5187s left)
[lane 103] <-- instant_event_alert thr=0.0500 shard=0 rc=0 (04:53:49)
[lane 103] --> p1 instant_event_alert thr=0.0500 shard=0 (04:53:49, 5120s left)
[lane 103] <-- instant_event_alert thr=0.0500 shard=0 rc=0 (04:54:54)
[lane 103] --> p1 instant_event_alert thr=0.0500 shard=0 (04:54:54, 5055s left)
[lane 103] <-- instant_event_alert thr=0.0500 shard=0 rc=0 (04:55:59)
[lane 103] --> p1 instant_event_alert thr=0.0500 shard=2 (04:56:00, 4990s left)
[lane 103] <-- instant_event_alert thr=0.0500 shard=2 rc=0 (04:57:01)
[lane 103] --> p1 instant_event_alert thr=0.0500 shard=2 (04:57:01, 4928s left)
[lane 103] <-- instant_event_alert thr=0.0500 shard=2 rc=0 (04:58:07)
[lane 103] --> p1 instant_event_alert thr=0.0500 shard=2 (04:58:07, 4862s left)
[lane 103] <-- instant_event_alert thr=0.0500 shard=2 rc=0 (04:59:11)
[lane 103] --> p1 instant_event_alert thr=0.0500 shard=1 (04:59:11, 4798s left)
[lane 103] <-- instant_event_alert thr=0.0500 shard=1 rc=0 (05:00:19)
[lane 103] --> p1 instant_event_alert thr=0.0500 shard=2 (05:00:19, 4730s left)
[lane 103] <-- instant_event_alert thr=0.0500 shard=2 rc=0 (05:01:24)
[lane 103] --> p1 instant_event_alert thr=0.0500 shard=3 (05:01:24, 4665s left)
[lane 103] <-- instant_event_alert thr=0.0500 shard=3 rc=0 (05:02:27)
[lane 103] --> p1 instant_event_alert thr=0.0500 shard=1 (05:02:27, 4602s left)
[lane 103] <-- instant_event_alert thr=0.0500 shard=1 rc=0 (05:03:34)
[lane 103] --> p1 instant_event_alert thr=0.0500 shard=2 (05:03:34, 4535s left)
[lane 103] <-- instant_event_alert thr=0.0500 shard=2 rc=0 (05:04:38)
[lane 103] --> p1 instant_event_alert thr=0.0500 shard=2 (05:04:38, 4471s left)
[lane 103] <-- instant_event_alert thr=0.0500 shard=2 rc=0 (05:05:42)
[lane 103] --> p1 instant_event_alert thr=0.0500 shard=0 (05:05:42, 4407s left)
[lane 103] <-- instant_event_alert thr=0.0500 shard=0 rc=0 (05:06:42)
[lane 103] --> p1 instant_event_alert thr=0.0500 shard=0 (05:06:42, 4347s left)
[lane 103] <-- instant_event_alert thr=0.0500 shard=0 rc=0 (05:07:46)
[lane 103] --> p1 instant_event_alert thr=0.0500 shard=0 (05:07:46, 4283s left)
[lane 103] <-- instant_event_alert thr=0.0500 shard=0 rc=0 (05:08:48)
[lane 103] --> p1 instant_event_alert thr=0.0500 shard=2 (05:08:49, 4221s left)
[lane 103] <-- instant_event_alert thr=0.0500 shard=2 rc=0 (05:09:55)
[lane 103] --> p1 instant_event_alert thr=0.0500 shard=2 (05:09:55, 4154s left)
[lane 103] <-- instant_event_alert thr=0.0500 shard=2 rc=0 (05:10:57)
[lane 103] --> p1 instant_event_alert thr=0.0500 shard=2 (05:10:57, 4092s left)
[lane 103] <-- instant_event_alert thr=0.0500 shard=2 rc=0 (05:11:56)
[lane 103] --> p1 instant_event_alert thr=0.0500 shard=2 (05:11:56, 4033s left)
[lane 103] <-- instant_event_alert thr=0.0500 shard=2 rc=0 (05:13:01)
[lane 103] --> p1 instant_event_alert thr=0.0500 shard=3 (05:13:02, 3967s left)
[lane 103] <-- instant_event_alert thr=0.0500 shard=3 rc=0 (05:14:04)
[lane 103] --> p1 instant_event_alert thr=0.0500 shard=3 (05:14:04, 3905s left)
[lane 103] <-- instant_event_alert thr=0.0500 shard=3 rc=0 (05:15:10)
[lane 103] --> p1 instant_event_alert thr=0.0500 shard=2 (05:15:10, 3839s left)
[lane 103] <-- instant_event_alert thr=0.0500 shard=2 rc=0 (05:16:18)
[lane 103] --> p1 instant_event_alert thr=0.0500 shard=2 (05:16:18, 3771s left)
[lane 103] <-- instant_event_alert thr=0.0500 shard=2 rc=0 (05:17:21)
[lane 103] --> p1 instant_event_alert thr=0.0500 shard=1 (05:17:21, 3708s left)
[lane 103] <-- instant_event_alert thr=0.0500 shard=1 rc=0 (05:18:26)
[lane 103] --> p1 instant_event_alert thr=0.0500 shard=1 (05:18:26, 3643s left)
[lane 103] <-- instant_event_alert thr=0.0500 shard=1 rc=0 (05:19:23)
[lane 103] --> p1 instant_event_alert thr=0.0500 shard=3 (05:19:23, 3586s left)
[lane 103] <-- instant_event_alert thr=0.0500 shard=3 rc=0 (05:20:24)
[lane 103] --> p1 instant_event_alert thr=0.0500 shard=3 (05:20:24, 3525s left)
[lane 103] <-- instant_event_alert thr=0.0500 shard=3 rc=0 (05:21:29)
[lane 103] --> p1 instant_event_alert thr=0.0500 shard=1 (05:21:29, 3460s left)
[lane 103] <-- instant_event_alert thr=0.0500 shard=1 rc=0 (05:22:28)
[lane 103] --> p1 instant_event_alert thr=0.0500 shard=3 (05:22:28, 3401s left)
[lane 103] <-- instant_event_alert thr=0.0500 shard=3 rc=0 (05:23:24)
[lane 103] --> p1 instant_event_alert thr=0.0500 shard=3 (05:23:24, 3345s left)
[lane 103] <-- instant_event_alert thr=0.0500 shard=3 rc=0 (05:24:29)
[lane 103] --> p1 instant_event_alert thr=0.0500 shard=2 (05:24:29, 3280s left)
[lane 103] <-- instant_event_alert thr=0.0500 shard=2 rc=0 (05:25:29)
[lane 103] --> p1 instant_event_alert thr=0.0500 shard=2 (05:25:29, 3220s left)
[lane 103] <-- instant_event_alert thr=0.0500 shard=2 rc=0 (05:26:30)
[lane 103] --> p1 instant_event_alert thr=0.0500 shard=2 (05:26:30, 3159s left)
[lane 103] <-- instant_event_alert thr=0.0500 shard=2 rc=0 (05:27:32)
[lane 103] --> p1 instant_event_alert thr=0.0500 shard=1 (05:27:32, 3097s left)
[lane 103] <-- instant_event_alert thr=0.0500 shard=1 rc=0 (05:28:25)
[lane 103] --> p1 instant_event_alert thr=0.0500 shard=3 (05:28:25, 3044s left)
[lane 103] <-- instant_event_alert thr=0.0500 shard=3 rc=0 (05:29:26)
[lane 103] --> p1 instant_event_alert thr=0.0500 shard=3 (05:29:26, 2983s left)
[lane 103] <-- instant_event_alert thr=0.0500 shard=3 rc=0 (05:30:24)
[lane 103] --> p1 instant_event_alert thr=0.0500 shard=0 (05:30:26, 2925s left)
[lane 103] <-- instant_event_alert thr=0.0500 shard=0 rc=0 (05:31:29)
[lane 103] --> p1 instant_event_alert thr=0.0500 shard=0 (05:31:29, 2860s left)
[lane 103] <-- instant_event_alert thr=0.0500 shard=0 rc=0 (05:32:28)
[lane 103] --> p1 instant_event_alert thr=0.0500 shard=0 (05:32:28, 2801s left)
[lane 103] <-- instant_event_alert thr=0.0500 shard=0 rc=0 (05:33:38)
[lane 103] --> p1 instant_event_alert thr=0.0500 shard=2 (05:33:38, 2731s left)
[lane 103] <-- instant_event_alert thr=0.0500 shard=2 rc=0 (05:34:45)
[lane 103] --> p1 instant_event_alert thr=0.0500 shard=1 (05:34:45, 2664s left)
[lane 103] <-- instant_event_alert thr=0.0500 shard=1 rc=0 (05:35:49)
[lane 103] --> p1 instant_event_alert thr=0.0500 shard=1 (05:35:49, 2600s left)
[lane 103] <-- instant_event_alert thr=0.0500 shard=1 rc=0 (05:36:52)
[lane 103] --> p1 instant_event_alert thr=0.0500 shard=1 (05:36:52, 2537s left)
[lane 103] <-- instant_event_alert thr=0.0500 shard=1 rc=0 (05:37:55)
[lane 103] --> p1 instant_event_alert thr=0.0500 shard=1 (05:37:55, 2474s left)
[lane 103] <-- instant_event_alert thr=0.0500 shard=1 rc=0 (05:38:51)
[lane 103] --> p1 instant_event_alert thr=0.0500 shard=2 (05:38:51, 2418s left)
[lane 103] <-- instant_event_alert thr=0.0500 shard=2 rc=0 (05:39:55)
[lane 103] --> p1 instant_event_alert thr=0.0500 shard=3 (05:39:55, 2354s left)
[lane 103] <-- instant_event_alert thr=0.0500 shard=3 rc=0 (05:41:00)
[lane 103] --> p1 instant_event_alert thr=0.0500 shard=2 (05:41:00, 2289s left)
[lane 103] <-- instant_event_alert thr=0.0500 shard=2 rc=0 (05:42:09)
[lane 103] --> p1 instant_event_alert thr=0.0500 shard=3 (05:42:09, 2220s left)
[lane 103] <-- instant_event_alert thr=0.0500 shard=3 rc=0 (05:43:14)
[lane 103] --> p1 instant_event_alert thr=0.0500 shard=3 (05:43:14, 2155s left)
[lane 103] <-- instant_event_alert thr=0.0500 shard=3 rc=0 (05:44:14)
[lane 103] --> p1 instant_event_alert thr=0.0500 shard=1 (05:44:15, 2095s left)
[lane 103] <-- instant_event_alert thr=0.0500 shard=1 rc=0 (05:45:15)
[lane 103] --> p1 instant_event_alert thr=0.0500 shard=1 (05:45:15, 2034s left)
[lane 103] clariden-ln002 gpu=3 start=05:45:15 deadline=07:14:15 max_dur=300
[lane 103] --> p1 instant_event_alert thr=0.1500 shard=1 (05:45:16, 5340s left)
[lane 103] <-- instant_event_alert thr=0.1500 shard=1 rc=0 BARREN (nothing under 300s) (05:45:34)
[lane 103] --> p1 instant_event_alert thr=0.2500 shard=0 (05:45:34, 5321s left)
[lane 103] <-- instant_event_alert thr=0.0500 shard=1 rc=0 (05:46:12)
[lane 103] --> p1 instant_event_alert thr=0.0500 shard=3 (05:46:12, 1977s left)
[lane 103] <-- instant_event_alert thr=0.0500 shard=3 rc=0 (05:47:17)
[lane 103] --> p1 instant_event_alert thr=0.0500 shard=0 (05:47:17, 1912s left)
[lane 103] <-- instant_event_alert thr=0.0500 shard=0 rc=0 (05:48:18)
[lane 103] --> p1 instant_event_alert thr=0.0500 shard=0 (05:48:18, 1851s left)
[lane 103] <-- instant_event_alert thr=0.0500 shard=0 rc=0 (05:49:19)
[lane 103] --> p1 instant_event_alert thr=0.0500 shard=0 (05:49:20, 1790s left)
[lane 103] <-- instant_event_alert thr=0.0500 shard=0 rc=0 (05:50:18)
[lane 103] --> p1 instant_event_alert thr=0.0500 shard=0 (05:50:18, 1731s left)
[lane 103] <-- instant_event_alert thr=0.0500 shard=0 rc=0 (05:51:18)
[lane 103] --> p1 instant_event_alert thr=0.0500 shard=2 (05:51:19, 1671s left)
[lane 103] <-- instant_event_alert thr=0.0500 shard=2 rc=0 (05:52:18)
[lane 103] --> p1 instant_event_alert thr=0.0500 shard=1 (05:52:18, 1611s left)
[lane 103] <-- instant_event_alert thr=0.0500 shard=1 rc=0 (05:53:20)
[lane 103] --> p1 instant_event_alert thr=0.0500 shard=0 (05:53:20, 1549s left)
[lane 103] <-- instant_event_alert thr=0.2500 shard=0 rc=0 +1 samples (05:53:28)
[lane 103] --> p1 instant_event_alert thr=0.1500 shard=3 (05:53:28, 4847s left)
[lane 103] <-- instant_event_alert thr=0.1500 shard=3 rc=0 +1 samples (05:54:16)
[lane 103] --> p1 instant_event_alert thr=0.1500 shard=3 (05:54:17, 4799s left)
[lane 103] <-- instant_event_alert thr=0.0500 shard=0 rc=0 (05:54:23)
[lane 103] --> p1 instant_event_alert thr=0.0500 shard=1 (05:54:23, 1486s left)
[lane 103] <-- instant_event_alert thr=0.1500 shard=3 rc=0 BARREN (nothing under 300s) (05:54:48)
[lane 103] --> p1 instant_event_alert thr=0.1500 shard=2 (05:54:48, 4767s left)
[lane 103] <-- instant_event_alert thr=0.0500 shard=1 rc=0 (05:55:27)
[lane 103] --> p1 instant_event_alert thr=0.0500 shard=0 (05:55:27, 1422s left)
[lane 103] <-- instant_event_alert thr=0.1500 shard=2 rc=0 +1 samples (05:55:35)
[lane 103] --> p1 instant_event_alert thr=0.1500 shard=2 (05:55:35, 4720s left)
[lane 103] <-- instant_event_alert thr=0.1500 shard=2 rc=0 BARREN (nothing under 300s) (05:56:15)
[lane 103] --> p1 instant_event_alert thr=0.3500 shard=2 (05:56:15, 4680s left)
[lane 103] <-- instant_event_alert thr=0.0500 shard=0 rc=0 (05:56:26)
[lane 103] --> p1 instant_event_alert thr=0.0500 shard=3 (05:56:26, 1363s left)
[lane 103] <-- instant_event_alert thr=0.3500 shard=2 rc=0 BARREN (nothing under 300s) (05:56:36)
[lane 103] --> p1 instant_event_alert thr=0.3500 shard=1 (05:56:36, 4659s left)
[lane 103] <-- instant_event_alert thr=0.3500 shard=1 rc=0 BARREN (nothing under 300s) (05:57:05)
[lane 103] --> p1 instant_event_alert thr=0.3500 shard=3 (05:57:05, 4630s left)
[lane 103] <-- instant_event_alert thr=0.3500 shard=3 rc=0 +1 samples (05:57:30)
[lane 103] --> p1 instant_event_alert thr=0.4500 shard=1 (05:57:30, 4605s left)
[lane 103] <-- instant_event_alert thr=0.0500 shard=3 rc=0 (05:57:36)
[lane 103] --> p1 instant_event_alert thr=0.0500 shard=2 (05:57:36, 1293s left)
[lane 103] <-- instant_event_alert thr=0.4500 shard=1 rc=0 BARREN (nothing under 300s) (05:58:16)
[lane 103] --> p1 instant_event_alert thr=0.4500 shard=2 (05:58:16, 4559s left)
[lane 103] <-- instant_event_alert thr=0.0500 shard=2 rc=0 (05:58:37)
[lane 103] --> p1 instant_event_alert thr=0.0500 shard=2 (05:58:37, 1232s left)
[lane 103] <-- instant_event_alert thr=0.4500 shard=2 rc=0 BARREN (nothing under 300s) (05:58:38)
[lane 103] --> p1 instant_event_alert thr=0.4500 shard=3 (05:58:38, 4537s left)
[lane 103] <-- instant_event_alert thr=0.4500 shard=3 rc=0 BARREN (nothing under 300s) (05:59:19)
[lane 103] --> p1 instant_event_alert thr=0.6500 shard=0 (05:59:19, 4496s left)
[lane 103] <-- instant_event_alert thr=0.0500 shard=2 rc=0 (05:59:39)
[lane 103] --> p1 instant_event_alert thr=0.0500 shard=1 (05:59:39, 1170s left)
[lane 103] <-- instant_event_alert thr=0.0500 shard=1 rc=0 (06:00:40)
[lane 103] --> p1 instant_event_alert thr=0.0500 shard=1 (06:00:40, 1109s left)
[lane 103] <-- instant_event_alert thr=0.0500 shard=1 rc=0 (06:01:42)
[lane 103] --> p1 instant_event_alert thr=0.0500 shard=2 (06:01:42, 1047s left)
[lane 103] <-- instant_event_alert thr=0.0500 shard=2 rc=0 (06:02:49)
[lane 103] --> p1 instant_event_alert thr=0.0500 shard=1 (06:02:50, 980s left)
[lane 103] <-- instant_event_alert thr=0.0500 shard=1 rc=0 (06:03:55)
[lane 103] --> p1 instant_event_alert thr=0.0500 shard=2 (06:03:55, 914s left)
[lane 103] <-- instant_event_alert thr=0.0500 shard=2 rc=0 (06:05:05)
[lane 103] --> p1 instant_event_alert thr=0.0500 shard=2 (06:05:05, 844s left)
[lane 103] <-- instant_event_alert thr=0.6500 shard=0 rc=0 +1 samples (06:06:02)
[lane 103] --> p1 instant_event_alert thr=0.7500 shard=2 (06:06:03, 4093s left)
[lane 103] <-- instant_event_alert thr=0.7500 shard=2 rc=0 BARREN (nothing under 300s) (06:06:19)
[lane 103] --> p1 instant_event_alert thr=0.7500 shard=1 (06:06:19, 4076s left)
[lane 103] <-- instant_event_alert thr=0.0500 shard=2 rc=0 (06:06:21)
[lane 103] --> p1 instant_event_alert thr=0.0500 shard=2 (06:06:22, 768s left)
[lane 103] <-- instant_event_alert thr=0.7500 shard=1 rc=0 BARREN (nothing under 300s) (06:06:36)
[lane 103] --> p1 instant_event_alert thr=0.8500 shard=1 (06:06:36, 4059s left)
[lane 103] <-- instant_event_alert thr=0.8500 shard=1 rc=0 BARREN (nothing under 300s) (06:07:07)
[lane 103] --> p1 instant_event_alert thr=0.7500 shard=3 (06:07:07, 4028s left)
[lane 103] <-- instant_event_alert thr=0.0500 shard=2 rc=0 (06:07:39)
[lane 103] --> p1 instant_event_alert thr=0.0500 shard=2 (06:07:39, 690s left)
[lane 103] <-- instant_event_alert thr=0.7500 shard=3 rc=0 +1 samples (06:08:13)
[lane 103] --> p1 instant_event_alert thr=0.8500 shard=3 (06:08:13, 3962s left)
[lane 103] <-- instant_event_alert thr=0.8500 shard=3 rc=0 BARREN (nothing under 300s) (06:08:36)
[lane 103] --> p1 instant_event_alert thr=0.8500 shard=2 (06:08:36, 3939s left)
[lane 103] <-- instant_event_alert thr=0.0500 shard=2 rc=0 (06:08:50)
[lane 103] --> p1 instant_event_alert thr=0.0500 shard=2 (06:08:51, 619s left)
[lane 103] <-- instant_event_alert thr=0.8500 shard=2 rc=0 BARREN (nothing under 300s) (06:09:12)
[lane 103] --> p1 instant_event_alert thr=0.9500 shard=0 (06:09:12, 3903s left)
[lane 103] <-- instant_event_alert thr=0.9500 shard=0 rc=0 BARREN (nothing under 300s) (06:10:17)
[lane 103] --> p1 instant_event_alert thr=0.9500 shard=3 (06:10:18, 3838s left)
[lane 103] <-- instant_event_alert thr=0.0500 shard=2 rc=0 (06:10:18)
[lane 103] --> p1 instant_event_alert thr=0.0500 shard=1 (06:10:18, 531s left)
[lane 103] <-- instant_event_alert thr=0.9500 shard=3 rc=0 BARREN (nothing under 300s) (06:10:41)
[lane 103] --> p1 semantic_condition_alert thr=0.0100 shard=3 (06:10:41, 3814s left)
[lane 103] <-- semantic_condition_alert thr=0.0100 shard=3 rc=0 BARREN (nothing under 300s) (06:11:00)
[lane 103] --> p1 semantic_condition_alert thr=0.0200 shard=1 (06:11:00, 3795s left)
[lane 103] <-- semantic_condition_alert thr=0.0200 shard=1 rc=0 BARREN (nothing under 300s) (06:11:18)
[lane 103] --> p1 semantic_condition_alert thr=0.0100 shard=1 (06:11:18, 3777s left)
[lane 103] <-- instant_event_alert thr=0.0500 shard=1 rc=0 (06:11:22)
[lane 103] --> p1 instant_event_alert thr=0.0500 shard=2 (06:11:22, 467s left)
[lane 103] <-- semantic_condition_alert thr=0.0100 shard=1 rc=0 BARREN (nothing under 300s) (06:11:38)
[lane 103] --> p1 semantic_condition_alert thr=0.0200 shard=3 (06:11:38, 3757s left)
[lane 103] <-- semantic_condition_alert thr=0.0200 shard=3 rc=0 BARREN (nothing under 300s) (06:11:57)
[lane 103] --> p1 semantic_condition_alert thr=0.0200 shard=2 (06:11:57, 3738s left)
[lane 103] <-- semantic_condition_alert thr=0.0200 shard=2 rc=0 BARREN (nothing under 300s) (06:12:16)
[lane 103] --> p1 semantic_condition_alert thr=0.0100 shard=2 (06:12:16, 3719s left)
[lane 103] <-- instant_event_alert thr=0.0500 shard=2 rc=0 (06:12:27)
[lane 103] --> p1 instant_event_alert thr=0.0500 shard=2 (06:12:27, 402s left)
[lane 103] <-- semantic_condition_alert thr=0.0100 shard=2 rc=0 BARREN (nothing under 300s) (06:12:34)
[lane 103] --> p1 semantic_condition_alert thr=0.0500 shard=2 (06:12:34, 3701s left)
[lane 103] <-- semantic_condition_alert thr=0.0500 shard=2 rc=0 BARREN (nothing under 300s) (06:12:53)
[lane 103] --> p1 semantic_condition_alert thr=0.0500 shard=1 (06:12:53, 3682s left)
[lane 103] <-- semantic_condition_alert thr=0.0500 shard=1 rc=0 BARREN (nothing under 300s) (06:13:13)
[lane 103] --> p1 semantic_condition_alert thr=0.0500 shard=3 (06:13:14, 3662s left)
[lane 103] <-- instant_event_alert thr=0.0500 shard=2 rc=0 (06:13:31)
[lane 103] --> p1 instant_event_alert thr=0.0500 shard=1 (06:13:31, 338s left)
[lane 103] <-- semantic_condition_alert thr=0.0500 shard=3 rc=0 BARREN (nothing under 300s) (06:13:31)
[lane 103] --> p1 semantic_condition_alert thr=0.1500 shard=3 (06:13:31, 3644s left)
[lane 103] <-- semantic_condition_alert thr=0.1500 shard=3 rc=0 BARREN (nothing under 300s) (06:13:54)
[lane 103] --> p1 semantic_condition_alert thr=0.1500 shard=2 (06:13:54, 3621s left)
[lane 103] <-- semantic_condition_alert thr=0.1500 shard=2 rc=0 BARREN (nothing under 300s) (06:14:18)
[lane 103] --> p1 semantic_condition_alert thr=0.1500 shard=1 (06:14:18, 3597s left)
[lane 103] <-- instant_event_alert thr=0.0500 shard=1 rc=0 (06:14:37)
[lane 103] --> p1 instant_event_alert thr=0.0500 shard=1 (06:14:37, 272s left)
[lane 103] <-- semantic_condition_alert thr=0.1500 shard=1 rc=0 +1 samples (06:15:09)
[lane 103] --> p1 semantic_condition_alert thr=0.1500 shard=1 (06:15:09, 3546s left)
[lane 103] <-- semantic_condition_alert thr=0.1500 shard=1 rc=0 BARREN (nothing under 300s) (06:15:35)
[lane 103] --> p1 semantic_condition_alert thr=0.2500 shard=2 (06:15:35, 3520s left)
[lane 103] <-- instant_event_alert thr=0.0500 shard=1 rc=0 (06:15:40)
[lane 103] 209s left (< 240) -- stopping cleanly
[lane 103] <-- semantic_condition_alert thr=0.2500 shard=2 rc=0 BARREN (nothing under 300s) (06:16:21)
[lane 103] --> p1 semantic_condition_alert thr=0.5500 shard=2 (06:16:21, 3474s left)
[lane 103] clariden-ln004 gpu=3 start=06:18:31 deadline=07:47:31 max_dur=300
[lane 103] --> p1 semantic_condition_alert thr=0.0200 shard=1 (06:18:31, 5340s left)
[lane 103] <-- semantic_condition_alert thr=0.0200 shard=1 rc=0 BARREN (nothing under 300s) (06:19:17)
[lane 103] --> p1 semantic_condition_alert thr=0.0100 shard=2 (06:19:18, 5294s left)
[lane 103] <-- semantic_condition_alert thr=0.0100 shard=2 rc=0 BARREN (nothing under 300s) (06:20:29)
[lane 103] --> p1 semantic_condition_alert thr=0.0100 shard=1 (06:20:30, 5222s left)
[lane 103] <-- semantic_condition_alert thr=0.0100 shard=1 rc=0 BARREN (nothing under 300s) (06:21:35)
[lane 103] --> p1 semantic_condition_alert thr=0.0100 shard=3 (06:21:36, 5156s left)
[lane 103] <-- semantic_condition_alert thr=0.0100 shard=3 rc=0 BARREN (nothing under 300s) (06:22:39)
[lane 103] --> p1 semantic_condition_alert thr=0.0200 shard=2 (06:22:39, 5092s left)
[lane 103] <-- semantic_condition_alert thr=0.0200 shard=2 rc=0 BARREN (nothing under 300s) (06:23:46)
[lane 103] --> p1 semantic_condition_alert thr=0.2500 shard=2 (06:23:47, 5025s left)
[lane 103] <-- semantic_condition_alert thr=0.2500 shard=2 rc=0 +1 samples (06:24:48)
[lane 103] --> p1 semantic_condition_alert thr=0.2500 shard=1 (06:24:48, 4963s left)
[lane 103] <-- semantic_condition_alert thr=0.2500 shard=1 rc=0 BARREN (nothing under 300s) (06:25:54)
[lane 103] --> p1 semantic_condition_alert thr=0.0200 shard=3 (06:25:55, 4897s left)
[lane 103] <-- semantic_condition_alert thr=0.5500 shard=2 rc=0 +8 samples (06:26:42)
[lane 103] --> p1 semantic_condition_alert thr=0.3500 shard=2 (06:26:42, 2853s left)
[lane 103] <-- semantic_condition_alert thr=0.0200 shard=3 rc=0 BARREN (nothing under 300s) (06:27:02)
[lane 103] --> p1 semantic_condition_alert thr=0.2500 shard=2 (06:27:03, 4829s left)
[lane 103] <-- semantic_condition_alert thr=0.3500 shard=2 rc=0 BARREN (nothing under 300s) (06:27:26)
[lane 103] --> p1 semantic_condition_alert thr=0.3500 shard=1 (06:27:26, 2809s left)
[lane 103] <-- semantic_condition_alert thr=0.3500 shard=1 rc=0 BARREN (nothing under 300s) (06:28:00)
[lane 103] --> p1 semantic_condition_alert thr=0.3500 shard=3 (06:28:00, 2775s left)
[lane 103] <-- semantic_condition_alert thr=0.2500 shard=2 rc=0 BARREN (nothing under 300s) (06:28:03)
[lane 103] --> p1 semantic_condition_alert thr=0.3500 shard=2 (06:28:03, 4768s left)
[lane 103] <-- semantic_condition_alert thr=0.3500 shard=3 rc=0 BARREN (nothing under 300s) (06:28:22)
[lane 103] --> p1 semantic_condition_alert thr=0.5500 shard=2 (06:28:22, 2753s left)
[lane 103] <-- semantic_condition_alert thr=0.5500 shard=2 rc=0 BARREN (nothing under 300s) (06:28:42)
[lane 103] --> p1 semantic_condition_alert thr=0.6500 shard=2 (06:28:42, 2733s left)
[lane 103] <-- semantic_condition_alert thr=0.6500 shard=2 rc=0 BARREN (nothing under 300s) (06:29:02)
[lane 103] --> p1 semantic_condition_alert thr=0.5500 shard=3 (06:29:02, 2713s left)
[lane 103] <-- semantic_condition_alert thr=0.3500 shard=2 rc=0 BARREN (nothing under 300s) (06:29:08)
[lane 103] --> p1 semantic_condition_alert thr=0.2500 shard=3 (06:29:09, 4703s left)
[lane 103] <-- semantic_condition_alert thr=0.5500 shard=3 rc=0 BARREN (nothing under 300s) (06:29:26)
[lane 103] --> p1 semantic_condition_alert thr=0.2500 shard=1 (06:29:26, 2689s left)
[lane 103] <-- semantic_condition_alert thr=0.2500 shard=1 rc=0 BARREN (nothing under 300s) (06:30:05)
[lane 103] --> p1 semantic_condition_alert thr=0.8500 shard=2 (06:30:06, 2650s left)
[lane 103] <-- semantic_condition_alert thr=0.2500 shard=3 rc=0 BARREN (nothing under 300s) (06:30:18)
[lane 103] --> p1 semantic_condition_alert thr=0.3500 shard=3 (06:30:19, 4632s left)
[lane 103] <-- semantic_condition_alert thr=0.3500 shard=3 rc=0 +1 samples (06:31:16)
[lane 103] --> p1 semantic_condition_alert thr=0.3500 shard=3 (06:31:16, 4575s left)
[lane 103] <-- semantic_condition_alert thr=0.3500 shard=3 rc=0 BARREN (nothing under 300s) (06:32:26)
[lane 103] --> p1 semantic_condition_alert thr=0.3500 shard=1 (06:32:26, 4505s left)
[lane 103] <-- semantic_condition_alert thr=0.3500 shard=1 rc=0 BARREN (nothing under 300s) (06:33:34)
[lane 103] --> p1 semantic_condition_alert thr=0.4500 shard=1 (06:33:34, 4437s left)
[lane 103] <-- semantic_condition_alert thr=0.4500 shard=1 rc=0 +1 samples (06:34:46)
[lane 103] --> p1 semantic_condition_alert thr=0.4500 shard=2 (06:34:47, 4365s left)
[lane 103] <-- semantic_condition_alert thr=0.4500 shard=2 rc=0 BARREN (nothing under 300s) (06:35:54)
[lane 103] --> p1 semantic_condition_alert thr=0.4500 shard=1 (06:35:54, 4297s left)
[lane 103] <-- semantic_condition_alert thr=0.4500 shard=1 rc=0 BARREN (nothing under 300s) (06:36:59)
[lane 103] --> p1 semantic_condition_alert thr=0.5500 shard=1 (06:37:00, 4232s left)
[lane 103] <-- semantic_condition_alert thr=0.8500 shard=2 rc=0 +9 samples (06:37:36)
[lane 103] --> p1 semantic_condition_alert thr=0.4500 shard=3 (06:37:37, 2199s left)
[lane 103] <-- semantic_condition_alert thr=0.4500 shard=3 rc=0 BARREN (nothing under 300s) (06:38:02)
[lane 103] --> p1 semantic_condition_alert thr=0.7500 shard=1 (06:38:03, 2173s left)
[lane 103] <-- semantic_condition_alert thr=0.5500 shard=1 rc=0 BARREN (nothing under 300s) (06:38:07)
[lane 103] --> p1 semantic_condition_alert thr=0.4500 shard=3 (06:38:07, 4164s left)
[lane 103] <-- semantic_condition_alert thr=0.7500 shard=1 rc=0 BARREN (nothing under 300s) (06:38:45)
[lane 103] --> p1 semantic_condition_alert thr=0.4500 shard=2 (06:38:46, 2129s left)
[lane 103] <-- semantic_condition_alert thr=0.4500 shard=3 rc=0 BARREN (nothing under 300s) (06:39:05)
[lane 103] --> p1 semantic_condition_alert thr=0.6500 shard=1 (06:39:05, 4106s left)
[lane 103] <-- semantic_condition_alert thr=0.4500 shard=2 rc=0 BARREN (nothing under 300s) (06:39:15)
[lane 103] --> p1 semantic_condition_alert thr=0.4500 shard=1 (06:39:16, 2100s left)
[lane 103] <-- semantic_condition_alert thr=0.4500 shard=1 rc=0 BARREN (nothing under 300s) (06:39:51)
[lane 103] --> p1 semantic_condition_alert thr=0.8500 shard=1 (06:39:52, 2064s left)
[lane 103] <-- semantic_condition_alert thr=0.6500 shard=1 rc=0 BARREN (nothing under 300s) (06:40:02)
[lane 103] --> p1 semantic_condition_alert thr=0.6500 shard=2 (06:40:03, 4049s left)
[lane 103] <-- semantic_condition_alert thr=0.8500 shard=1 rc=0 BARREN (nothing under 300s) (06:40:40)
[lane 103] --> p1 semantic_condition_alert thr=0.7500 shard=3 (06:40:41, 2015s left)
[lane 103] <-- semantic_condition_alert thr=0.6500 shard=2 rc=0 BARREN (nothing under 300s) (06:40:57)
[lane 103] --> p1 semantic_condition_alert thr=0.5500 shard=2 (06:40:58, 3994s left)
[lane 103] <-- semantic_condition_alert thr=0.7500 shard=3 rc=0 BARREN (nothing under 300s) (06:41:10)
[lane 103] --> p1 semantic_condition_alert thr=0.7500 shard=2 (06:41:10, 1985s left)
[lane 103] <-- semantic_condition_alert thr=0.7500 shard=2 rc=0 BARREN (nothing under 300s) (06:41:39)
[lane 103] --> p1 semantic_condition_alert thr=0.6500 shard=1 (06:41:39, 1956s left)
[lane 103] <-- semantic_condition_alert thr=0.5500 shard=2 rc=0 BARREN (nothing under 300s) (06:42:21)
[lane 103] --> p1 semantic_condition_alert thr=0.7500 shard=3 (06:42:21, 3910s left)
[lane 103] <-- semantic_condition_alert thr=0.6500 shard=1 rc=0 BARREN (nothing under 300s) (06:42:32)
[lane 103] --> p1 semantic_condition_alert thr=0.8500 shard=2 (06:42:32, 1903s left)
[lane 103] <-- semantic_condition_alert thr=0.7500 shard=3 rc=0 BARREN (nothing under 300s) (06:43:09)
[lane 103] --> p1 semantic_condition_alert thr=0.7500 shard=1 (06:43:10, 3862s left)
[lane 103] <-- semantic_condition_alert thr=0.8500 shard=2 rc=0 BARREN (nothing under 300s) (06:43:32)
[lane 103] --> p1 semantic_condition_alert thr=0.5500 shard=1 (06:43:32, 1843s left)
[lane 103] <-- semantic_condition_alert thr=0.7500 shard=1 rc=0 BARREN (nothing under 300s) (06:44:19)
[lane 103] --> p1 semantic_condition_alert thr=0.8500 shard=1 (06:44:19, 3792s left)
[lane 103] <-- semantic_condition_alert thr=0.5500 shard=1 rc=0 BARREN (nothing under 300s) (06:44:22)
[lane 103] --> p1 semantic_condition_alert thr=0.8500 shard=3 (06:44:22, 1793s left)
[lane 103] <-- semantic_condition_alert thr=0.8500 shard=3 rc=0 BARREN (nothing under 300s) (06:45:03)
[lane 103] --> p1 explicit_target_grounding thr=0.1500 shard=0 (06:45:03, 1752s left)
[lane 103] <-- semantic_condition_alert thr=0.8500 shard=1 rc=0 BARREN (nothing under 300s) (06:45:23)
[lane 103] --> p1 semantic_condition_alert thr=0.5500 shard=3 (06:45:24, 3728s left)
[lane 103] <-- semantic_condition_alert thr=0.5500 shard=3 rc=0 BARREN (nothing under 300s) (06:46:21)
[lane 103] --> p1 semantic_condition_alert thr=0.8500 shard=2 (06:46:21, 3670s left)
[lane 103] <-- semantic_condition_alert thr=0.8500 shard=2 rc=0 BARREN (nothing under 300s) (06:47:16)
[lane 103] --> p1 semantic_condition_alert thr=0.8500 shard=3 (06:47:17, 3615s left)
[lane 103] <-- semantic_condition_alert thr=0.8500 shard=3 rc=0 BARREN (nothing under 300s) (06:48:17)
[lane 103] --> p1 semantic_condition_alert thr=0.9500 shard=2 (06:48:18, 3554s left)
[lane 103] <-- semantic_condition_alert thr=0.9500 shard=2 rc=0 +1 samples (06:49:16)
[lane 103] --> p1 semantic_condition_alert thr=0.7500 shard=2 (06:49:17, 3495s left)
[lane 103] <-- semantic_condition_alert thr=0.7500 shard=2 rc=0 BARREN (nothing under 300s) (06:50:10)
[lane 103] --> p1 semantic_condition_alert thr=0.9500 shard=1 (06:50:10, 3441s left)
[lane 103] <-- semantic_condition_alert thr=0.9500 shard=1 rc=0 +1 samples (06:51:07)
[lane 103] --> p1 semantic_condition_alert thr=0.9500 shard=1 (06:51:09, 3384s left)
[lane 103] <-- semantic_condition_alert thr=0.9500 shard=1 rc=0 BARREN (nothing under 300s) (06:52:30)
[lane 103] --> p1 semantic_condition_alert thr=0.9500 shard=3 (06:52:31, 3301s left)
[lane 103] <-- semantic_condition_alert thr=0.9500 shard=3 rc=0 BARREN (nothing under 300s) (06:53:36)
[lane 103] --> p1 semantic_condition_alert thr=0.9500 shard=2 (06:53:36, 3235s left)
[lane 103] <-- semantic_condition_alert thr=0.9500 shard=2 rc=0 BARREN (nothing under 300s) (06:54:49)
[lane 103] --> p1 explicit_target_grounding thr=0.4500 shard=0 (06:54:49, 3162s left)
[lane 103] <-- explicit_target_grounding thr=0.1500 shard=0 rc=0 +10 samples (06:57:35)
[lane 103] --> p1 explicit_target_grounding thr=0.0500 shard=3 (06:57:35, 1000s left)
[lane 103] <-- explicit_target_grounding thr=0.0500 shard=3 rc=0 +1 samples (06:57:59)
[lane 103] --> p1 explicit_target_grounding thr=0.0500 shard=3 (06:57:59, 976s left)
[lane 103] <-- explicit_target_grounding thr=0.0500 shard=3 rc=0 BARREN (nothing under 300s) (06:58:18)
[lane 103] --> p1 explicit_target_grounding thr=0.1500 shard=3 (06:58:18, 957s left)
[lane 103] <-- explicit_target_grounding thr=0.1500 shard=3 rc=0 BARREN (nothing under 300s) (06:58:50)
[lane 103] --> p1 explicit_target_grounding thr=0.1500 shard=0 (06:58:50, 925s left)
[lane 103] <-- explicit_target_grounding thr=0.1500 shard=0 rc=0 BARREN (nothing under 300s) (06:59:12)
[lane 103] --> p1 explicit_target_grounding thr=0.2500 shard=0 (06:59:13, 903s left)
[lane 103] <-- explicit_target_grounding thr=0.2500 shard=0 rc=0 BARREN (nothing under 300s) (06:59:49)
[lane 103] --> p1 explicit_target_grounding thr=0.3500 shard=3 (06:59:49, 866s left)
[lane 103] <-- explicit_target_grounding thr=0.3500 shard=3 rc=0 BARREN (nothing under 300s) (07:00:11)
[lane 103] --> p1 explicit_target_grounding thr=0.6500 shard=3 (07:00:11, 844s left)
[lane 103] <-- explicit_target_grounding thr=0.6500 shard=3 rc=0 +7 samples (07:07:04)
[lane 103] --> p1 explicit_target_grounding thr=0.1500 shard=2 (07:07:05, 431s left)
[lane 103] <-- explicit_target_grounding thr=0.1500 shard=2 rc=0 BARREN (nothing under 300s) (07:07:20)
[lane 103] --> p1 explicit_target_grounding thr=0.3500 shard=0 (07:07:20, 415s left)
[lane 103] <-- explicit_target_grounding thr=0.3500 shard=0 rc=0 BARREN (nothing under 300s) (07:07:41)
[lane 103] --> p1 explicit_target_grounding thr=0.4500 shard=3 (07:07:42, 394s left)
[lane 103] <-- explicit_target_grounding thr=0.4500 shard=3 rc=0 BARREN (nothing under 300s) (07:08:17)
[lane 103] --> p1 explicit_target_grounding thr=0.5500 shard=3 (07:08:17, 358s left)
[lane 103] <-- explicit_target_grounding thr=0.5500 shard=3 rc=0 BARREN (nothing under 300s) (07:08:34)
[lane 103] --> p1 explicit_target_grounding thr=0.6500 shard=3 (07:08:34, 341s left)
[lane 103] <-- explicit_target_grounding thr=0.6500 shard=3 rc=0 BARREN (nothing under 300s) (07:08:53)
[lane 103] --> p1 explicit_target_grounding thr=0.9500 shard=3 (07:08:54, 322s left)
[lane 103] <-- explicit_target_grounding thr=0.9500 shard=3 rc=124 +7 samples (07:13:46)
[lane 103] 29s left (< 240) -- stopping cleanly
[lane 103] done, 69 units attempted 07:13:46
[lane 103] clariden-ln002 gpu=3 start=07:15:36 deadline=08:44:36 max_dur=300
[lane 103] --> p1 explicit_target_grounding thr=0.3500 shard=0 (07:15:37, 5340s left)
[lane 103] <-- explicit_target_grounding thr=0.3500 shard=0 rc=0 BARREN (nothing under 300s) (07:15:59)
[lane 103] --> p1 explicit_target_grounding thr=0.7500 shard=2 (07:15:59, 5317s left)
[lane 103] <-- explicit_target_grounding thr=0.7500 shard=2 rc=0 BARREN (nothing under 300s) (07:16:50)
[lane 103] --> p1 explicit_target_grounding thr=0.1500 shard=2 (07:16:51, 5266s left)
[lane 103] <-- explicit_target_grounding thr=0.1500 shard=2 rc=0 BARREN (nothing under 300s) (07:17:12)
[lane 103] --> p1 explicit_target_grounding thr=0.1500 shard=0 (07:17:12, 5244s left)
[lane 103] <-- explicit_target_grounding thr=0.1500 shard=0 rc=0 BARREN (nothing under 300s) (07:17:31)
[lane 103] --> p1 explicit_target_grounding thr=0.8500 shard=2 (07:17:32, 5225s left)
[lane 103] <-- explicit_target_grounding thr=0.8500 shard=2 rc=0 BARREN (nothing under 300s) (07:17:49)
[lane 103] --> p1 explicit_target_grounding thr=0.7500 shard=3 (07:17:50, 5207s left)
[lane 103] <-- explicit_target_grounding thr=0.7500 shard=3 rc=0 BARREN (nothing under 300s) (07:18:21)
[lane 103] --> p1 explicit_target_grounding thr=0.1500 shard=3 (07:18:21, 5175s left)
[lane 103] <-- explicit_target_grounding thr=0.1500 shard=3 rc=0 +1 samples (07:19:03)
[lane 103] --> p1 explicit_target_grounding thr=0.3500 shard=3 (07:19:04, 5133s left)
[lane 103] <-- explicit_target_grounding thr=0.3500 shard=3 rc=0 BARREN (nothing under 300s) (07:19:31)
[lane 103] --> p1 explicit_target_grounding thr=0.4500 shard=3 (07:19:31, 5105s left)
[lane 103] <-- explicit_target_grounding thr=0.4500 shard=0 rc=0 +11 samples (07:19:37)
[lane 103] --> p1 explicit_target_grounding thr=0.3500 shard=0 (07:19:39, 1674s left)
[lane 103] <-- explicit_target_grounding thr=0.4500 shard=3 rc=0 +1 samples (07:19:48)
[lane 103] --> p1 explicit_target_grounding thr=0.4500 shard=2 (07:19:49, 5088s left)
[lane 103] <-- explicit_target_grounding thr=0.4500 shard=2 rc=0 BARREN (nothing under 300s) (07:20:05)
[lane 103] --> p1 snapshot_counting thr=0.3500 shard=1 (07:20:06, 5071s left)
[lane 103] <-- explicit_target_grounding thr=0.3500 shard=0 rc=0 +1 samples (07:20:32)
[lane 103] --> p1 explicit_target_grounding thr=0.7500 shard=3 (07:20:33, 1619s left)
[lane 103] <-- explicit_target_grounding thr=0.7500 shard=3 rc=0 +1 samples (07:21:30)
[lane 103] --> p1 explicit_target_grounding thr=0.4500 shard=3 (07:21:31, 1561s left)
[lane 103] <-- explicit_target_grounding thr=0.4500 shard=3 rc=0 BARREN (nothing under 300s) (07:22:27)
[lane 103] --> p1 explicit_target_grounding thr=0.4500 shard=2 (07:22:28, 1504s left)
[lane 103] <-- explicit_target_grounding thr=0.4500 shard=2 rc=0 BARREN (nothing under 300s) (07:23:37)
[lane 103] --> p1 snapshot_counting thr=0.4500 shard=0 (07:23:37, 1434s left)
[lane 103] <-- snapshot_counting thr=0.4500 shard=0 rc=124 +10 samples (07:47:02)
[lane 103] 29s left (< 240) -- stopping cleanly
[lane 103] done, 40 units attempted 07:47:02
[lane 103] clariden-ln004 gpu=3 start=07:48:52 deadline=09:17:52 max_dur=300
[lane 103] --> p1 snapshot_counting thr=0.4500 shard=2 (07:48:57, 5340s left)
[lane 103] <-- snapshot_counting thr=0.4500 shard=2 rc=0 BARREN (nothing under 300s) (07:51:57)
[lane 103] --> p1 snapshot_counting thr=0.2500 shard=3 (07:51:59, 5155s left)
[lane 103] <-- snapshot_counting thr=0.2500 shard=3 rc=0 BARREN (nothing under 300s) (07:52:56)
[lane 103] --> p1 snapshot_counting thr=0.3500 shard=3 (07:52:57, 5096s left)
[lane 103] <-- snapshot_counting thr=0.3500 shard=3 rc=0 BARREN (nothing under 300s) (07:54:05)
[lane 103] --> p1 snapshot_counting thr=0.6500 shard=1 (07:54:07, 5027s left)
[lane 103] <-- snapshot_counting thr=0.6500 shard=1 rc=0 BARREN (nothing under 300s) (07:55:20)
[lane 103] --> p1 snapshot_counting thr=0.9500 shard=1 (07:55:21, 4952s left)
[lane 103] <-- snapshot_counting thr=0.9500 shard=1 rc=0 +1 samples (07:57:12)
[lane 103] --> p1 snapshot_counting thr=0.3500 shard=0 (07:57:14, 4840s left)
[lane 103] <-- snapshot_counting thr=0.3500 shard=0 rc=0 BARREN (nothing under 300s) (07:58:24)
[lane 103] --> p1 snapshot_counting thr=0.6500 shard=0 (07:58:25, 4768s left)
[lane 103] <-- snapshot_counting thr=0.6500 shard=0 rc=0 BARREN (nothing under 300s) (07:59:34)
[lane 103] --> p1 snapshot_counting thr=0.6500 shard=3 (07:59:35, 4698s left)
[lane 103] <-- snapshot_counting thr=0.6500 shard=3 rc=0 BARREN (nothing under 300s) (08:00:28)
[lane 103] --> p1 snapshot_counting thr=0.2500 shard=1 (08:00:29, 4644s left)
[lane 103] <-- snapshot_counting thr=0.2500 shard=1 rc=0 BARREN (nothing under 300s) (08:01:26)
[lane 103] --> p1 cumulative_counting thr=0.4500 shard=0 (08:01:27, 4586s left)
[lane 103] <-- snapshot_counting thr=0.3500 shard=1 rc=0 +10 samples (08:04:50)
[lane 103] --> p1 snapshot_counting thr=0.3500 shard=1 (08:04:51, 2386s left)
[lane 103] <-- snapshot_counting thr=0.3500 shard=1 rc=0 +1 samples (08:05:38)
[lane 103] --> p1 snapshot_counting thr=0.2500 shard=1 (08:05:39, 2338s left)
[lane 103] <-- snapshot_counting thr=0.2500 shard=1 rc=0 BARREN (nothing under 300s) (08:06:15)
[lane 103] --> p1 snapshot_counting thr=0.2500 shard=3 (08:06:16, 2301s left)
[lane 103] <-- snapshot_counting thr=0.2500 shard=3 rc=0 +1 samples (08:07:01)
[lane 103] --> p1 snapshot_counting thr=0.2500 shard=3 (08:07:01, 2255s left)
[lane 103] <-- snapshot_counting thr=0.2500 shard=3 rc=0 BARREN (nothing under 300s) (08:07:34)
[lane 103] --> p1 snapshot_counting thr=0.2500 shard=2 (08:07:35, 2222s left)
[lane 103] <-- snapshot_counting thr=0.2500 shard=2 rc=0 BARREN (nothing under 300s) (08:08:06)
[lane 103] --> p1 snapshot_counting thr=0.6500 shard=0 (08:08:07, 2190s left)
[lane 103] <-- snapshot_counting thr=0.6500 shard=0 rc=0 BARREN (nothing under 300s) (08:08:28)
[lane 103] --> p1 snapshot_counting thr=0.6500 shard=1 (08:08:29, 2168s left)
[lane 103] <-- snapshot_counting thr=0.6500 shard=1 rc=0 BARREN (nothing under 300s) (08:09:05)
[lane 103] --> p1 cumulative_counting thr=0.0500 shard=0 (08:09:05, 2131s left)
[lane 103] <-- cumulative_counting thr=0.0500 shard=0 rc=0 BARREN (nothing under 300s) (08:09:50)
[lane 103] --> p1 snapshot_counting thr=0.6500 shard=3 (08:09:50, 2086s left)
[lane 103] <-- snapshot_counting thr=0.6500 shard=3 rc=0 +1 samples (08:10:43)
[lane 103] --> p1 cumulative_counting thr=0.5500 shard=3 (08:10:45, 2033s left)
[lane 103] <-- cumulative_counting thr=0.5500 shard=3 rc=0 +8 samples (08:19:38)
[lane 103] --> p1 cumulative_counting thr=0.0500 shard=1 (08:19:39, 1498s left)
[lane 103] <-- cumulative_counting thr=0.0500 shard=1 rc=0 +1 samples (08:20:10)
[lane 103] --> p1 cumulative_counting thr=0.0500 shard=1 (08:20:11, 1466s left)
[lane 103] <-- cumulative_counting thr=0.0500 shard=1 rc=0 +1 samples (08:20:29)
[lane 103] --> p1 cumulative_counting thr=0.3500 shard=0 (08:20:30, 1447s left)
[lane 103] <-- cumulative_counting thr=0.3500 shard=0 rc=0 BARREN (nothing under 300s) (08:20:48)
[lane 103] --> p1 cumulative_counting thr=0.4500 shard=3 (08:20:49, 1428s left)
[lane 103] <-- cumulative_counting thr=0.4500 shard=3 rc=0 BARREN (nothing under 300s) (08:21:23)
[lane 103] --> p1 cumulative_counting thr=0.5500 shard=3 (08:21:24, 1393s left)
[lane 103] <-- cumulative_counting thr=0.5500 shard=3 rc=0 +1 samples (08:22:11)
[lane 103] --> p1 cumulative_counting thr=0.5500 shard=0 (08:22:11, 1345s left)
[lane 103] <-- cumulative_counting thr=0.5500 shard=0 rc=0 BARREN (nothing under 300s) (08:22:33)
[lane 103] --> p1 cumulative_counting thr=0.3500 shard=3 (08:22:34, 1323s left)
[lane 103] <-- cumulative_counting thr=0.3500 shard=3 rc=0 BARREN (nothing under 300s) (08:23:18)
[lane 103] --> p1 cumulative_counting thr=0.8500 shard=3 (08:23:19, 1278s left)
[lane 103] <-- cumulative_counting thr=0.8500 shard=3 rc=0 +7 samples (08:30:50)
[lane 103] --> p1 cumulative_counting thr=0.5500 shard=3 (08:30:51, 826s left)
[lane 103] <-- cumulative_counting thr=0.5500 shard=3 rc=0 BARREN (nothing under 300s) (08:31:14)
[lane 103] --> p1 cumulative_counting thr=0.6500 shard=0 (08:31:16, 802s left)
[lane 103] <-- cumulative_counting thr=0.6500 shard=0 rc=0 +1 samples (08:31:37)
[lane 103] --> p1 cumulative_counting thr=0.6500 shard=0 (08:31:37, 779s left)
[lane 103] <-- cumulative_counting thr=0.6500 shard=0 rc=0 BARREN (nothing under 300s) (08:32:16)
[lane 103] --> p1 cumulative_counting thr=0.6500 shard=2 (08:32:17, 740s left)
[lane 103] <-- cumulative_counting thr=0.6500 shard=2 rc=0 BARREN (nothing under 300s) (08:32:56)
[lane 103] --> p1 dedup_counting thr=0.1500 shard=0 (08:32:57, 700s left)
[lane 103] <-- cumulative_counting thr=0.4500 shard=0 rc=0 +11 samples (08:38:12)
[lane 103] --> p1 cumulative_counting thr=0.4500 shard=0 (08:38:14, 2380s left)
[lane 103] <-- cumulative_counting thr=0.4500 shard=0 rc=0 BARREN (nothing under 300s) (08:40:01)
[lane 103] --> p1 cumulative_counting thr=0.6500 shard=2 (08:40:03, 2271s left)
[lane 103] <-- cumulative_counting thr=0.6500 shard=2 rc=0 BARREN (nothing under 300s) (08:41:17)
[lane 103] --> p1 cumulative_counting thr=0.6500 shard=0 (08:41:20, 2195s left)
[lane 103] <-- cumulative_counting thr=0.6500 shard=0 rc=0 BARREN (nothing under 300s) (08:42:56)
[lane 103] --> p1 cumulative_counting thr=0.6500 shard=3 (08:42:57, 2096s left)
[lane 103] <-- dedup_counting thr=0.1500 shard=0 rc=124 +5 samples (08:44:07)
[lane 103] 29s left (< 240) -- stopping cleanly
[lane 103] done, 34 units attempted 08:44:07
[lane 103] <-- cumulative_counting thr=0.6500 shard=3 rc=0 BARREN (nothing under 300s) (08:44:29)
[lane 103] --> p1 cumulative_counting thr=0.9500 shard=1 (08:44:31, 2003s left)
[lane 103] <-- cumulative_counting thr=0.9500 shard=1 rc=0 +1 samples (08:45:42)
[lane 103] --> p1 dedup_counting thr=0.2500 shard=2 (08:45:43, 1930s left)
[lane 103] clariden-ln002 gpu=3 start=08:45:57 deadline=10:14:57 max_dur=300
[lane 103] --> p1 cumulative_counting thr=0.6500 shard=2 (08:45:58, 5340s left)
[lane 103] <-- cumulative_counting thr=0.6500 shard=2 rc=0 BARREN (nothing under 300s) (08:46:14)
[lane 103] --> p1 cumulative_counting thr=0.6500 shard=3 (08:46:15, 5323s left)
[lane 103] <-- cumulative_counting thr=0.6500 shard=3 rc=0 BARREN (nothing under 300s) (08:46:53)
[lane 103] --> p1 cumulative_counting thr=0.6500 shard=0 (08:46:54, 5284s left)
[lane 103] <-- cumulative_counting thr=0.6500 shard=0 rc=0 BARREN (nothing under 300s) (08:47:11)
[lane 103] --> p1 dedup_counting thr=0.5500 shard=2 (08:47:12, 5266s left)
[lane 103] <-- dedup_counting thr=0.5500 shard=2 rc=0 +6 samples (08:58:33)
[lane 103] --> p1 dedup_counting thr=0.0500 shard=0 (08:58:35, 4584s left)
[lane 103] <-- dedup_counting thr=0.0500 shard=0 rc=0 BARREN (nothing under 300s) (08:59:16)
[lane 103] --> p1 dedup_counting thr=0.0500 shard=1 (08:59:17, 4541s left)
[lane 103] <-- dedup_counting thr=0.2500 shard=2 rc=0 +5 samples (09:05:26)
[lane 103] --> p1 dedup_counting thr=0.0500 shard=0 (09:05:29, 746s left)
[lane 103] <-- dedup_counting thr=0.0500 shard=0 rc=0 BARREN (nothing under 300s) (09:07:03)
[lane 103] --> p1 dedup_counting thr=0.0500 shard=2 (09:07:06, 649s left)
[lane 103] <-- dedup_counting thr=0.0500 shard=2 rc=0 BARREN (nothing under 300s) (09:08:57)
[lane 103] --> p1 dedup_counting thr=0.0500 shard=3 (09:08:58, 535s left)
[lane 103] <-- dedup_counting thr=0.0500 shard=3 rc=0 BARREN (nothing under 300s) (09:10:33)
[lane 103] --> p1 dedup_counting thr=0.1500 shard=0 (09:10:34, 439s left)
[lane 103] <-- dedup_counting thr=0.1500 shard=0 rc=0 BARREN (nothing under 300s) (09:11:29)
[lane 103] --> p1 dedup_counting thr=0.1500 shard=2 (09:11:30, 383s left)
[lane 103] <-- dedup_counting thr=0.1500 shard=2 rc=0 BARREN (nothing under 300s) (09:12:31)
[lane 103] --> p1 dedup_counting thr=0.1500 shard=3 (09:12:32, 321s left)
[lane 103] <-- dedup_counting thr=0.1500 shard=3 rc=0 BARREN (nothing under 300s) (09:13:13)
[lane 103] --> p1 dedup_counting thr=0.2500 shard=1 (09:13:16, 279s left)
[lane 103] <-- dedup_counting thr=0.2500 shard=1 rc=124 BARREN (nothing under 300s) (09:17:25)
[lane 103] 27s left (< 240) -- stopping cleanly
[lane 103] done, 23 units attempted 09:17:25
[lane 103] clariden-ln004 gpu=3 start=09:19:16 deadline=10:48:15 max_dur=300
[lane 103] --> p1 dedup_counting thr=0.1500 shard=0 (09:19:29, 5339s left)
[lane 103] <-- dedup_counting thr=0.1500 shard=0 rc=0 BARREN (nothing under 300s) (09:21:08)
[lane 103] --> p1 dedup_counting thr=0.1500 shard=2 (09:21:13, 5227s left)
[lane 103] <-- dedup_counting thr=0.1500 shard=2 rc=0 BARREN (nothing under 300s) (09:22:08)
[lane 103] --> p1 dedup_counting thr=0.0500 shard=0 (09:22:11, 5167s left)
[lane 103] <-- dedup_counting thr=0.0500 shard=0 rc=0 BARREN (nothing under 300s) (09:23:02)
[lane 103] --> p1 dedup_counting thr=0.0500 shard=2 (09:23:04, 5113s left)
[lane 103] <-- dedup_counting thr=0.0500 shard=2 rc=0 BARREN (nothing under 300s) (09:23:59)
[lane 103] --> p1 dedup_counting thr=0.0500 shard=3 (09:24:01, 5056s left)
[lane 103] <-- dedup_counting thr=0.0500 shard=3 rc=0 BARREN (nothing under 300s) (09:24:51)
[lane 103] --> p1 dedup_counting thr=0.2500 shard=2 (09:24:53, 5004s left)
[lane 103] <-- dedup_counting thr=0.2500 shard=2 rc=0 BARREN (nothing under 300s) (09:25:45)
[lane 103] --> p1 dedup_counting thr=0.1500 shard=3 (09:25:47, 4950s left)
[lane 103] <-- dedup_counting thr=0.1500 shard=3 rc=0 BARREN (nothing under 300s) (09:26:45)
[lane 103] --> p1 dedup_counting thr=0.2500 shard=0 (09:26:48, 4890s left)
[lane 103] <-- dedup_counting thr=0.2500 shard=0 rc=0 BARREN (nothing under 300s) (09:27:35)
[lane 103] --> p1 dedup_counting thr=0.2500 shard=3 (09:27:39, 4840s left)
[lane 103] <-- dedup_counting thr=0.2500 shard=3 rc=0 BARREN (nothing under 300s) (09:28:26)
[lane 103] --> p1 dedup_counting thr=0.3500 shard=0 (09:28:28, 4789s left)
[lane 103] <-- dedup_counting thr=0.3500 shard=0 rc=0 BARREN (nothing under 300s) (09:29:12)
[lane 103] --> p1 dedup_counting thr=0.3500 shard=2 (09:29:13, 4743s left)
[lane 103] <-- dedup_counting thr=0.3500 shard=2 rc=0 BARREN (nothing under 300s) (09:30:19)
[lane 103] --> p1 dedup_counting thr=0.3500 shard=3 (09:30:22, 4676s left)
[lane 103] <-- dedup_counting thr=0.3500 shard=3 rc=0 BARREN (nothing under 300s) (09:31:23)
[lane 103] --> p1 dedup_counting thr=0.4500 shard=1 (09:31:25, 4612s left)
[lane 103] <-- dedup_counting thr=0.0500 shard=1 rc=0 +1 samples (09:45:29)
[lane 103] --> p1 dedup_counting thr=0.1500 shard=0 (09:45:30, 1768s left)
[lane 103] <-- dedup_counting thr=0.1500 shard=0 rc=0 BARREN (nothing under 300s) (09:46:10)
[lane 103] --> p1 dedup_counting thr=0.1500 shard=2 (09:46:11, 1727s left)
[lane 103] <-- dedup_counting thr=0.1500 shard=2 rc=0 BARREN (nothing under 300s) (09:46:57)
[lane 103] --> p1 dedup_counting thr=0.1500 shard=3 (09:46:58, 1680s left)
[lane 103] <-- dedup_counting thr=0.1500 shard=3 rc=0 BARREN (nothing under 300s) (09:47:41)
[lane 103] --> p1 dedup_counting thr=0.2500 shard=0 (09:47:41, 1636s left)
[lane 103] <-- dedup_counting thr=0.2500 shard=0 rc=0 BARREN (nothing under 300s) (09:48:02)
[lane 103] --> p1 dedup_counting thr=0.2500 shard=2 (09:48:02, 1615s left)
[lane 103] <-- dedup_counting thr=0.2500 shard=2 rc=0 BARREN (nothing under 300s) (09:48:24)
[lane 103] --> p1 dedup_counting thr=0.2500 shard=3 (09:48:25, 1593s left)
[lane 103] <-- dedup_counting thr=0.2500 shard=3 rc=0 BARREN (nothing under 300s) (09:49:21)
[lane 103] --> p1 dedup_counting thr=0.3500 shard=0 (09:49:22, 1536s left)
[lane 103] <-- dedup_counting thr=0.3500 shard=0 rc=0 BARREN (nothing under 300s) (09:50:18)
[lane 103] --> p1 dedup_counting thr=0.3500 shard=2 (09:50:20, 1479s left)
[lane 103] <-- dedup_counting thr=0.3500 shard=2 rc=0 BARREN (nothing under 300s) (09:51:31)
[lane 103] --> p1 dedup_counting thr=0.3500 shard=3 (09:51:32, 1406s left)
[lane 103] <-- dedup_counting thr=0.3500 shard=3 rc=0 BARREN (nothing under 300s) (09:52:34)
[lane 103] --> p1 dedup_counting thr=0.4500 shard=0 (09:52:35, 1343s left)
[lane 103] <-- dedup_counting thr=0.4500 shard=0 rc=0 BARREN (nothing under 300s) (09:53:34)
[lane 103] --> p1 dedup_counting thr=0.4500 shard=2 (09:53:36, 1283s left)
[lane 103] <-- dedup_counting thr=0.4500 shard=2 rc=0 BARREN (nothing under 300s) (09:54:34)
[lane 103] --> p1 dedup_counting thr=0.4500 shard=3 (09:54:35, 1223s left)
[lane 103] <-- dedup_counting thr=0.4500 shard=3 rc=0 BARREN (nothing under 300s) (09:55:30)
[lane 103] --> p1 dedup_counting thr=0.6500 shard=0 (09:55:32, 1167s left)
[lane 103] <-- dedup_counting thr=0.6500 shard=0 rc=0 BARREN (nothing under 300s) (09:56:32)
[lane 103] --> p1 dedup_counting thr=0.6500 shard=2 (09:56:34, 1105s left)
[lane 103] <-- dedup_counting thr=0.6500 shard=2 rc=0 BARREN (nothing under 300s) (09:57:31)
[lane 103] --> p1 dedup_counting thr=0.6500 shard=3 (09:57:33, 1046s left)
[lane 103] <-- dedup_counting thr=0.6500 shard=3 rc=0 BARREN (nothing under 300s) (09:58:37)
[lane 103] --> p1 dedup_counting thr=0.7500 shard=0 (09:58:38, 980s left)
[lane 103] <-- dedup_counting thr=0.7500 shard=0 rc=0 BARREN (nothing under 300s) (09:59:43)
[lane 103] --> p1 dedup_counting thr=0.7500 shard=1 (09:59:45, 914s left)
[lane 103] <-- dedup_counting thr=0.4500 shard=1 rc=0 +1 samples (10:11:05)
[lane 103] --> p1 dedup_counting thr=0.6500 shard=0 (10:11:08, 2230s left)
[lane 103] <-- dedup_counting thr=0.6500 shard=0 rc=0 +1 samples (10:12:03)
[lane 103] --> p1 dedup_counting thr=0.6500 shard=0 (10:12:04, 2172s left)
[lane 103] <-- dedup_counting thr=0.6500 shard=0 rc=0 BARREN (nothing under 300s) (10:13:01)
[lane 103] --> p1 dedup_counting thr=0.6500 shard=2 (10:13:03, 2114s left)
[lane 103] <-- dedup_counting thr=0.7500 shard=1 rc=124 +1 samples (10:14:30)
[lane 103] 27s left (< 240) -- stopping cleanly
[lane 103] done, 23 units attempted 10:14:30
[lane 103] <-- dedup_counting thr=0.6500 shard=2 rc=0 BARREN (nothing under 300s) (10:14:35)
[lane 103] --> p1 dedup_counting thr=0.6500 shard=3 (10:14:38, 2020s left)
[lane 103] <-- dedup_counting thr=0.6500 shard=3 rc=0 BARREN (nothing under 300s) (10:15:34)
[lane 103] --> p1 dedup_counting thr=0.7500 shard=0 (10:15:35, 1961s left)
[lane 103] clariden-ln002 gpu=3 start=10:16:20 deadline=11:45:20 max_dur=300
[lane 103] --> p1 dedup_counting thr=0.3500 shard=0 (10:16:22, 5340s left)
[lane 103] <-- dedup_counting thr=0.7500 shard=0 rc=0 BARREN (nothing under 300s) (10:16:25)
[lane 103] --> p1 dedup_counting thr=0.7500 shard=1 (10:16:28, 1910s left)
[lane 103] <-- dedup_counting thr=0.3500 shard=0 rc=0 BARREN (nothing under 300s) (10:17:17)
[lane 103] --> p1 dedup_counting thr=0.2500 shard=0 (10:17:18, 5283s left)
[lane 103] <-- dedup_counting thr=0.2500 shard=0 rc=0 BARREN (nothing under 300s) (10:18:00)
[lane 103] --> p1 dedup_counting thr=0.2500 shard=3 (10:18:00, 5240s left)
[lane 103] <-- dedup_counting thr=0.2500 shard=3 rc=0 BARREN (nothing under 300s) (10:18:48)
[lane 103] --> p1 dedup_counting thr=0.2500 shard=2 (10:18:49, 5192s left)
[lane 103] <-- dedup_counting thr=0.2500 shard=2 rc=0 BARREN (nothing under 300s) (10:19:43)
[lane 103] --> p1 dedup_counting thr=0.3500 shard=2 (10:19:44, 5137s left)
[lane 103] <-- dedup_counting thr=0.3500 shard=2 rc=0 BARREN (nothing under 300s) (10:20:42)
[lane 103] --> p1 dedup_counting thr=0.3500 shard=3 (10:20:43, 5078s left)
[lane 103] <-- dedup_counting thr=0.3500 shard=3 rc=0 BARREN (nothing under 300s) (10:21:41)
[lane 103] --> p1 dedup_counting thr=0.6500 shard=0 (10:21:42, 5019s left)
[lane 103] <-- dedup_counting thr=0.6500 shard=0 rc=0 BARREN (nothing under 300s) (10:22:39)
[lane 103] --> p1 dedup_counting thr=0.6500 shard=2 (10:22:40, 4961s left)
[lane 103] <-- dedup_counting thr=0.6500 shard=2 rc=0 BARREN (nothing under 300s) (10:23:39)
[lane 103] --> p1 dedup_counting thr=0.7500 shard=2 (10:23:40, 4901s left)
[lane 103] <-- dedup_counting thr=0.7500 shard=2 rc=0 BARREN (nothing under 300s) (10:24:40)
[lane 103] --> p1 dedup_counting thr=0.6500 shard=3 (10:24:41, 4840s left)
[lane 103] <-- dedup_counting thr=0.6500 shard=3 rc=0 BARREN (nothing under 300s) (10:25:27)
[lane 103] --> p1 dedup_counting thr=0.7500 shard=0 (10:25:29, 4793s left)
[lane 103] <-- dedup_counting thr=0.7500 shard=0 rc=0 BARREN (nothing under 300s) (10:26:05)
[lane 103] --> p1 dedup_counting thr=0.7500 shard=3 (10:26:06, 4755s left)
[lane 103] <-- dedup_counting thr=0.7500 shard=3 rc=0 BARREN (nothing under 300s) (10:26:54)
[lane 103] --> p1 dedup_counting thr=0.8500 shard=0 (10:26:55, 4706s left)
[lane 103] <-- dedup_counting thr=0.8500 shard=0 rc=0 BARREN (nothing under 300s) (10:27:41)
[lane 103] --> p1 dedup_counting thr=0.8500 shard=2 (10:27:43, 4659s left)
[lane 103] <-- dedup_counting thr=0.8500 shard=2 rc=0 BARREN (nothing under 300s) (10:28:28)
[lane 103] --> p1 dedup_counting thr=0.8500 shard=3 (10:28:31, 4612s left)
[lane 103] <-- dedup_counting thr=0.8500 shard=3 rc=0 BARREN (nothing under 300s) (10:29:06)
[lane 103] --> p1 dedup_counting thr=0.9500 shard=0 (10:29:07, 4574s left)
[lane 103] <-- dedup_counting thr=0.9500 shard=0 rc=0 BARREN (nothing under 300s) (10:29:31)
[lane 103] --> p1 dedup_counting thr=0.9500 shard=2 (10:29:32, 4549s left)
[lane 103] <-- dedup_counting thr=0.9500 shard=2 rc=0 BARREN (nothing under 300s) (10:30:19)
[lane 103] --> p1 dedup_counting thr=0.9500 shard=3 (10:30:20, 4501s left)
[lane 103] <-- dedup_counting thr=0.9500 shard=3 rc=0 BARREN (nothing under 300s) (10:30:40)
[lane 103] --> p1 realtime_state_monitor thr=0.0500 shard=1 (10:30:41, 4480s left)
[lane 103] <-- dedup_counting thr=0.7500 shard=1 rc=0 +1 samples (10:43:11)
[lane 103] --> p1 dedup_counting thr=0.8500 shard=0 (10:43:12, 304s left)
[lane 103] <-- dedup_counting thr=0.8500 shard=0 rc=0 BARREN (nothing under 300s) (10:44:16)
[lane 103] 239s left (< 240) -- stopping cleanly
[lane 103] done, 20 units attempted 10:44:16
[lane 103] clariden-ln004 gpu=3 start=10:45:38 deadline=12:14:37 max_dur=300
[lane 103] --> p1 dedup_counting thr=0.8500 shard=0 (10:45:40, 5339s left)
[lane 103] <-- dedup_counting thr=0.8500 shard=0 rc=0 BARREN (nothing under 300s) (10:46:59)
[lane 103] --> p1 dedup_counting thr=0.8500 shard=3 (10:47:00, 5258s left)
[lane 103] <-- dedup_counting thr=0.8500 shard=3 rc=0 BARREN (nothing under 300s) (10:48:04)
[lane 103] --> p1 dedup_counting thr=0.9500 shard=0 (10:48:05, 5193s left)
[lane 103] <-- dedup_counting thr=0.9500 shard=0 rc=0 BARREN (nothing under 300s) (10:49:02)
[lane 103] --> p1 dedup_counting thr=0.8500 shard=2 (10:49:04, 5135s left)
[lane 103] <-- dedup_counting thr=0.8500 shard=2 rc=0 BARREN (nothing under 300s) (10:50:04)
[lane 103] --> p1 realtime_state_monitor thr=0.0500 shard=2 (10:50:07, 5073s left)
[lane 103] <-- realtime_state_monitor thr=0.0500 shard=1 rc=0 +2 samples (10:50:19)
[lane 103] --> p1 realtime_state_monitor thr=0.0500 shard=0 (10:50:21, 3301s left)
[lane 103] <-- realtime_state_monitor thr=0.0500 shard=0 rc=0 BARREN (nothing under 300s) (10:51:02)
[lane 103] --> p1 realtime_state_monitor thr=0.1500 shard=1 (10:51:05, 3258s left)
[lane 103] <-- realtime_state_monitor thr=0.0500 shard=2 rc=0 +2 samples (11:01:50)
[lane 103] --> p1 realtime_state_monitor thr=0.1500 shard=3 (11:01:52, 4367s left)
[lane 103] <-- realtime_state_monitor thr=0.1500 shard=3 rc=0 +1 samples (11:04:01)
[lane 103] --> p1 realtime_state_monitor thr=0.1500 shard=3 (11:04:04, 4236s left)
[lane 103] <-- realtime_state_monitor thr=0.1500 shard=1 rc=0 +3 samples (11:05:19)
[lane 103] --> p1 realtime_state_monitor thr=0.3500 shard=1 (11:05:20, 2401s left)
[lane 103] <-- realtime_state_monitor thr=0.1500 shard=3 rc=0 +2 samples (11:06:04)
[lane 103] --> p1 realtime_state_monitor thr=0.3500 shard=2 (11:06:05, 4113s left)
[lane 103] <-- realtime_state_monitor thr=0.3500 shard=2 rc=0 +2 samples (11:15:55)
[lane 103] --> p1 realtime_state_monitor thr=0.3500 shard=0 (11:15:56, 3522s left)
[lane 103] <-- realtime_state_monitor thr=0.3500 shard=0 rc=0 BARREN (nothing under 300s) (11:16:42)
[lane 103] --> p1 realtime_state_monitor thr=0.3500 shard=2 (11:16:44, 3475s left)
[lane 103] <-- realtime_state_monitor thr=0.3500 shard=2 rc=0 BARREN (nothing under 300s) (11:17:29)
[lane 103] --> p1 realtime_state_monitor thr=0.3500 shard=3 (11:17:30, 3428s left)
[lane 103] <-- realtime_state_monitor thr=0.3500 shard=1 rc=0 +3 samples (11:18:14)
[lane 103] --> p1 realtime_state_monitor thr=0.4500 shard=3 (11:18:15, 1626s left)
[lane 103] <-- realtime_state_monitor thr=0.4500 shard=3 rc=0 BARREN (nothing under 300s) (11:19:16)
[lane 103] --> p1 realtime_state_monitor thr=0.5500 shard=3 (11:19:19, 1564s left)
[lane 103] <-- realtime_state_monitor thr=0.3500 shard=3 rc=0 +1 samples (11:19:35)
[lane 103] --> p1 realtime_state_monitor thr=0.4500 shard=3 (11:19:37, 3302s left)
[lane 103] <-- realtime_state_monitor thr=0.5500 shard=3 rc=0 BARREN (nothing under 300s) (11:20:22)
[lane 103] --> p1 realtime_state_monitor thr=0.6500 shard=0 (11:20:23, 1498s left)
[lane 103] <-- realtime_state_monitor thr=0.4500 shard=3 rc=0 BARREN (nothing under 300s) (11:20:44)
[lane 103] --> p1 realtime_state_monitor thr=0.5500 shard=3 (11:20:47, 3233s left)
[lane 103] <-- realtime_state_monitor thr=0.5500 shard=3 rc=0 BARREN (nothing under 300s) (11:21:42)
[lane 103] --> p1 realtime_state_monitor thr=0.6500 shard=3 (11:21:43, 3175s left)
[lane 103] <-- realtime_state_monitor thr=0.6500 shard=3 rc=0 BARREN (nothing under 300s) (11:22:37)
[lane 103] --> p1 realtime_state_monitor thr=0.7500 shard=0 (11:22:40, 3120s left)
[lane 103] <-- realtime_state_monitor thr=0.6500 shard=0 rc=0 +3 samples (11:32:12)
[lane 103] --> p1 realtime_state_monitor thr=0.8500 shard=2 (11:32:13, 788s left)
[lane 103] <-- realtime_state_monitor thr=0.7500 shard=0 rc=0 +3 samples (11:36:03)
[lane 103] --> p1 realtime_state_monitor thr=0.8500 shard=3 (11:36:04, 2314s left)
[lane 103] <-- realtime_state_monitor thr=0.8500 shard=3 rc=0 BARREN (nothing under 300s) (11:36:42)
[lane 103] --> p1 realtime_state_monitor thr=0.8500 shard=0 (11:36:45, 2275s left)
[lane 103] <-- realtime_state_monitor thr=0.8500 shard=0 rc=0 BARREN (nothing under 300s) (11:37:42)
[lane 103] --> p1 realtime_state_monitor thr=0.8500 shard=1 (11:37:45, 2215s left)
[lane 103] <-- realtime_state_monitor thr=0.8500 shard=1 rc=0 BARREN (nothing under 300s) (11:38:36)
[lane 103] --> p1 realtime_state_monitor thr=0.9500 shard=3 (11:38:40, 2161s left)
[lane 103] <-- realtime_state_monitor thr=0.9500 shard=3 rc=0 BARREN (nothing under 300s) (11:39:36)
[lane 103] --> p1 event_narration thr=0.0500 shard=1 (11:39:39, 2101s left)
[lane 103] <-- realtime_state_monitor thr=0.8500 shard=2 rc=0 +3 samples (11:40:29)
[lane 103] --> p1 event_narration thr=0.0500 shard=2 (11:40:32, 291s left)
[lane 103] <-- event_narration thr=0.0500 shard=2 rc=124 BARREN (nothing under 300s) (11:44:53)
[lane 103] 27s left (< 240) -- stopping cleanly
[lane 103] done, 27 units attempted 11:44:53
[lane 103] clariden-ln002 gpu=3 start=11:46:46 deadline=13:15:45 max_dur=300
[lane 103] --> p1 event_narration thr=0.1500 shard=3 (11:46:48, 5339s left)
[lane 103] <-- event_narration thr=0.1500 shard=3 rc=0 BARREN (nothing under 300s) (11:47:43)
[lane 103] --> p1 event_narration thr=0.2500 shard=0 (11:47:44, 5282s left)
[lane 103] <-- event_narration thr=0.2500 shard=0 rc=0 BARREN (nothing under 300s) (11:48:24)
[lane 103] --> p1 event_narration thr=0.0500 shard=0 (11:48:25, 5241s left)
[lane 103] <-- event_narration thr=0.0500 shard=0 rc=0 BARREN (nothing under 300s) (11:49:21)
[lane 103] --> p1 event_narration thr=0.0500 shard=3 (11:49:24, 5184s left)
[lane 103] <-- event_narration thr=0.0500 shard=3 rc=0 BARREN (nothing under 300s) (11:50:22)
[lane 103] --> p1 event_narration thr=0.1500 shard=0 (11:50:24, 5123s left)
[lane 103] <-- event_narration thr=0.1500 shard=0 rc=0 BARREN (nothing under 300s) (11:51:18)
[lane 103] --> p1 event_narration thr=0.2500 shard=3 (11:51:19, 5067s left)
[lane 103] <-- event_narration thr=0.2500 shard=3 rc=0 BARREN (nothing under 300s) (11:52:05)
[lane 103] --> p1 event_narration thr=0.3500 shard=0 (11:52:06, 5020s left)
[lane 103] <-- event_narration thr=0.3500 shard=0 rc=0 BARREN (nothing under 300s) (11:52:50)
[lane 103] --> p1 event_narration thr=0.3500 shard=1 (11:52:53, 4975s left)
[lane 103] <-- event_narration thr=0.0500 shard=1 rc=124 BARREN (nothing under 300s) (12:14:10)
[lane 103] 27s left (< 240) -- stopping cleanly
[lane 103] done, 20 units attempted 12:14:10
[lane 103] clariden-ln004 gpu=3 start=12:15:58 deadline=13:44:58 max_dur=300
[lane 103] --> p1 event_narration thr=0.0500 shard=3 (12:16:10, 5340s left)
[lane 103] <-- event_narration thr=0.0500 shard=3 rc=0 BARREN (nothing under 300s) (12:17:12)
[lane 103] --> p1 event_narration thr=0.0500 shard=0 (12:17:13, 5266s left)
[lane 103] <-- event_narration thr=0.0500 shard=0 rc=0 BARREN (nothing under 300s) (12:18:05)
[lane 103] --> p1 event_narration thr=0.1500 shard=0 (12:18:07, 5213s left)
[lane 103] <-- event_narration thr=0.1500 shard=0 rc=0 BARREN (nothing under 300s) (12:19:49)
[lane 103] --> p1 event_narration thr=0.1500 shard=2 (12:19:51, 5109s left)
[lane 103] <-- event_narration thr=0.3500 shard=1 rc=0 +1 samples (12:28:29)
[lane 103] --> p1 event_narration thr=0.3500 shard=1 (12:28:31, 2836s left)
[lane 103] <-- event_narration thr=0.3500 shard=1 rc=0 BARREN (nothing under 300s) (12:29:25)
[lane 103] --> p1 event_narration thr=0.3500 shard=3 (12:29:27, 2780s left)
[lane 103] <-- event_narration thr=0.3500 shard=3 rc=0 BARREN (nothing under 300s) (12:30:11)
[lane 103] --> p1 event_narration thr=0.2500 shard=1 (12:30:13, 2734s left)
[lane 103] <-- event_narration thr=0.2500 shard=1 rc=0 BARREN (nothing under 300s) (12:30:54)
[lane 103] --> p1 event_narration thr=0.4500 shard=0 (12:30:57, 2691s left)
[lane 103] <-- event_narration thr=0.4500 shard=0 rc=0 BARREN (nothing under 300s) (12:31:46)
[lane 103] --> p1 event_narration thr=0.4500 shard=1 (12:31:48, 2639s left)
[lane 103] <-- event_narration thr=0.1500 shard=2 rc=0 +2 samples (12:49:55)
[lane 103] --> p1 event_narration thr=0.5500 shard=3 (12:49:57, 3303s left)
[lane 103] <-- event_narration thr=0.5500 shard=3 rc=0 BARREN (nothing under 300s) (12:50:56)
[lane 103] --> p1 event_narration thr=0.4500 shard=0 (12:50:58, 3242s left)
[lane 103] <-- event_narration thr=0.4500 shard=0 rc=0 BARREN (nothing under 300s) (12:51:55)
[lane 103] --> p1 event_narration thr=0.4500 shard=3 (12:51:58, 3183s left)
[lane 103] <-- event_narration thr=0.4500 shard=3 rc=0 BARREN (nothing under 300s) (12:52:59)
[lane 103] --> p1 event_narration thr=0.5500 shard=0 (12:53:03, 3119s left)
[lane 103] <-- event_narration thr=0.5500 shard=0 rc=0 BARREN (nothing under 300s) (12:54:05)
[lane 103] --> p1 event_narration thr=0.6500 shard=0 (12:54:07, 3053s left)
[lane 103] <-- event_narration thr=0.6500 shard=0 rc=0 BARREN (nothing under 300s) (12:55:12)
[lane 103] --> p1 event_narration thr=0.6500 shard=3 (12:55:14, 2986s left)
[lane 103] <-- event_narration thr=0.6500 shard=3 rc=0 BARREN (nothing under 300s) (12:56:29)
[lane 103] --> p1 event_narration thr=0.7500 shard=1 (12:56:32, 2909s left)
[lane 103] <-- event_narration thr=0.4500 shard=1 rc=0 +1 samples (12:58:43)
[lane 103] --> p1 event_narration thr=0.4500 shard=1 (12:58:46, 1022s left)
[lane 103] <-- event_narration thr=0.4500 shard=1 rc=0 BARREN (nothing under 300s) (12:59:44)
[lane 103] --> p1 event_narration thr=0.4500 shard=3 (12:59:47, 961s left)
[lane 103] <-- event_narration thr=0.4500 shard=3 rc=0 BARREN (nothing under 300s) (13:00:37)
[lane 103] --> p1 event_narration thr=0.5500 shard=0 (13:00:40, 908s left)
[lane 103] <-- event_narration thr=0.5500 shard=0 rc=0 BARREN (nothing under 300s) (13:01:30)
[lane 103] --> p1 event_narration thr=0.5500 shard=1 (13:01:33, 855s left)
[lane 103] <-- event_narration thr=0.5500 shard=1 rc=0 BARREN (nothing under 300s) (13:02:22)
[lane 103] --> p1 event_narration thr=0.5500 shard=3 (13:02:24, 803s left)
[lane 103] <-- event_narration thr=0.5500 shard=3 rc=0 BARREN (nothing under 300s) (13:03:06)
[lane 103] --> p1 event_narration thr=0.6500 shard=0 (13:03:08, 759s left)
[lane 103] <-- event_narration thr=0.6500 shard=0 rc=0 BARREN (nothing under 300s) (13:03:44)
[lane 103] --> p1 event_narration thr=0.6500 shard=3 (13:03:46, 721s left)
[lane 103] <-- event_narration thr=0.6500 shard=3 rc=0 BARREN (nothing under 300s) (13:04:38)
[lane 103] --> p1 event_narration thr=0.7500 shard=0 (13:04:40, 667s left)
[lane 103] <-- event_narration thr=0.7500 shard=0 rc=0 BARREN (nothing under 300s) (13:05:33)
[lane 103] --> p1 event_narration thr=0.7500 shard=3 (13:05:35, 612s left)
[lane 103] <-- event_narration thr=0.7500 shard=3 rc=0 BARREN (nothing under 300s) (13:06:30)
[lane 103] --> p1 event_narration thr=0.8500 shard=0 (13:06:32, 555s left)
[lane 103] <-- event_narration thr=0.8500 shard=0 rc=0 BARREN (nothing under 300s) (13:07:28)
[lane 103] --> p1 event_narration thr=0.8500 shard=2 (13:07:30, 497s left)
[lane 103] <-- event_narration thr=0.8500 shard=2 rc=124 BARREN (nothing under 300s) (13:15:17)
[lane 103] 28s left (< 240) -- stopping cleanly
[lane 103] done, 24 units attempted 13:15:17
[lane 103] <-- event_narration thr=0.7500 shard=1 rc=0 +1 samples (13:15:56)
[lane 103] --> p1 event_narration thr=0.7500 shard=0 (13:15:59, 1742s left)
[lane 103] clariden-ln002 gpu=3 start=13:17:07 deadline=14:46:07 max_dur=300
[lane 103] --> p1 event_narration thr=0.7500 shard=3 (13:17:12, 5340s left)
[lane 103] <-- event_narration thr=0.7500 shard=0 rc=0 BARREN (nothing under 300s) (13:17:48)
[lane 103] --> p1 event_narration thr=0.8500 shard=0 (13:17:51, 1630s left)
[lane 103] <-- event_narration thr=0.7500 shard=3 rc=0 BARREN (nothing under 300s) (13:18:02)
[lane 103] --> p1 event_narration thr=0.7500 shard=1 (13:18:07, 5285s left)
[lane 103] <-- event_narration thr=0.7500 shard=1 rc=0 BARREN (nothing under 300s) (13:18:55)
[lane 103] --> p1 event_narration thr=0.6500 shard=1 (13:18:57, 5232s left)
[lane 103] <-- event_narration thr=0.8500 shard=0 rc=0 BARREN (nothing under 300s) (13:19:19)
[lane 103] --> p1 event_narration thr=0.7500 shard=1 (13:19:22, 1539s left)
[lane 103] <-- event_narration thr=0.6500 shard=1 rc=0 BARREN (nothing under 300s) (13:19:54)
[lane 103] --> p1 event_narration thr=0.6500 shard=3 (13:19:56, 5173s left)
[lane 103] <-- event_narration thr=0.7500 shard=1 rc=0 +1 samples (13:20:20)
[lane 103] --> p1 event_narration thr=0.9500 shard=0 (13:20:23, 1478s left)
[lane 103] <-- event_narration thr=0.6500 shard=3 rc=0 BARREN (nothing under 300s) (13:20:53)
[lane 103] --> p1 event_narration thr=0.6500 shard=0 (13:20:56, 5114s left)
[lane 103] <-- event_narration thr=0.9500 shard=0 rc=0 BARREN (nothing under 300s) (13:21:36)
[lane 103] --> p1 event_narration thr=0.6500 shard=1 (13:21:38, 1402s left)
[lane 103] <-- event_narration thr=0.6500 shard=0 rc=0 BARREN (nothing under 300s) (13:21:46)
[lane 103] --> p1 event_narration thr=0.8500 shard=0 (13:21:48, 5061s left)
[lane 103] <-- event_narration thr=0.8500 shard=0 rc=0 BARREN (nothing under 300s) (13:22:29)
[lane 103] --> p1 event_narration thr=0.8500 shard=3 (13:22:31, 5018s left)
[lane 103] <-- event_narration thr=0.6500 shard=1 rc=0 BARREN (nothing under 300s) (13:22:36)
[lane 103] --> p1 event_narration thr=0.9500 shard=2 (13:22:37, 1342s left)
[lane 103] <-- event_narration thr=0.8500 shard=3 rc=0 BARREN (nothing under 300s) (13:23:14)
[lane 103] --> p1 event_narration thr=0.9500 shard=0 (13:23:16, 4973s left)
[lane 103] <-- event_narration thr=0.9500 shard=0 rc=0 BARREN (nothing under 300s) (13:24:05)
[lane 103] --> p1 event_narration thr=0.9500 shard=3 (13:24:07, 4922s left)
[lane 103] <-- event_narration thr=0.9500 shard=3 rc=0 BARREN (nothing under 300s) (13:25:05)
[lane 103] no claimable units left
[lane 103] done, 9 units attempted 13:25:07
[lane 103] <-- event_narration thr=0.9500 shard=2 rc=0 +2 samples (13:32:42)
[lane 103] --> p1 event_narration thr=0.8500 shard=3 (13:32:46, 736s left)
[lane 103] <-- event_narration thr=0.8500 shard=3 rc=0 BARREN (nothing under 300s) (13:33:53)
[lane 103] no claimable units left
[lane 103] done, 18 units attempted 13:33:59
[lane 103] clariden-ln004 gpu=3 start=13:38:21 deadline=15:07:21 max_dur=300
[lane 103] no claimable units left
[lane 103] done, 0 units attempted 13:38:24
[lane 103] clariden-ln002 gpu=3 start=13:38:29 deadline=15:07:29 max_dur=300
[lane 103] no claimable units left
[lane 103] done, 0 units attempted 13:38:33
[lane 103] clariden-ln004 gpu=3 start=13:39:41 deadline=15:08:41 max_dur=300
[lane 103] no claimable units left
[lane 103] done, 0 units attempted 13:39:44
[lane 103] clariden-ln002 gpu=3 start=13:39:51 deadline=15:08:51 max_dur=300
[lane 103] no claimable units left
[lane 103] done, 0 units attempted 13:39:54
[lane 103] clariden-ln004 gpu=3 start=13:41:02 deadline=15:10:02 max_dur=300
[lane 103] no claimable units left
[lane 103] done, 0 units attempted 13:41:04
[lane 103] clariden-ln002 gpu=3 start=13:41:13 deadline=15:10:13 max_dur=300
[lane 103] no claimable units left
[lane 103] done, 0 units attempted 13:41:16
[lane 103] clariden-ln004 gpu=3 start=13:42:23 deadline=15:11:23 max_dur=300
[lane 103] no claimable units left
[lane 103] done, 0 units attempted 13:42:25
[lane 103] clariden-ln002 gpu=3 start=13:42:34 deadline=15:11:34 max_dur=300
[lane 103] no claimable units left
[lane 103] done, 0 units attempted 13:42:36
[lane 103] clariden-ln004 gpu=3 start=13:43:44 deadline=15:12:44 max_dur=300
[lane 103] no claimable units left
[lane 103] done, 0 units attempted 13:43:46
[lane 103] clariden-ln002 gpu=3 start=13:43:54 deadline=15:12:54 max_dur=300
[lane 103] no claimable units left
[lane 103] done, 0 units attempted 13:43:56
[lane 103] clariden-ln004 gpu=3 start=13:45:05 deadline=15:14:05 max_dur=300
[lane 103] no claimable units left
[lane 103] done, 0 units attempted 13:45:07
[lane 103] clariden-ln002 gpu=3 start=13:45:16 deadline=15:14:16 max_dur=300
[lane 103] no claimable units left
[lane 103] done, 0 units attempted 13:45:18
[lane 103] clariden-ln004 gpu=3 start=13:46:26 deadline=15:15:26 max_dur=300
[lane 103] no claimable units left
[lane 103] done, 0 units attempted 13:46:28
[lane 103] clariden-ln002 gpu=3 start=13:46:37 deadline=15:15:37 max_dur=300
[lane 103] no claimable units left
[lane 103] done, 0 units attempted 13:46:40
[lane 103] clariden-ln004 gpu=3 start=13:47:46 deadline=15:16:46 max_dur=300
[lane 103] no claimable units left
[lane 103] done, 0 units attempted 13:47:48
[lane 103] clariden-ln002 gpu=3 start=13:47:58 deadline=15:16:58 max_dur=300
[lane 103] no claimable units left
[lane 103] done, 0 units attempted 13:48:00
[lane 103] clariden-ln004 gpu=3 start=13:49:07 deadline=15:18:07 max_dur=300
[lane 103] no claimable units left
[lane 103] done, 0 units attempted 13:49:09
[lane 103] clariden-ln002 gpu=3 start=13:49:19 deadline=15:18:19 max_dur=300
[lane 103] no claimable units left
[lane 103] done, 0 units attempted 13:49:21
[lane 103] clariden-ln004 gpu=3 start=13:50:28 deadline=15:19:28 max_dur=300
[lane 103] no claimable units left
[lane 103] done, 0 units attempted 13:50:30
[lane 103] clariden-ln002 gpu=3 start=13:50:40 deadline=15:19:40 max_dur=300
[lane 103] no claimable units left
[lane 103] done, 0 units attempted 13:50:42
[lane 103] clariden-ln002 gpu=3 start=13:52:02 deadline=15:21:02 max_dur=300
[lane 103] no claimable units left
[lane 103] done, 0 units attempted 13:52:03
[lane 103] clariden-ln002 gpu=3 start=13:53:22 deadline=15:22:22 max_dur=300
[lane 103] no claimable units left
[lane 103] done, 0 units attempted 13:53:24
[lane 103] clariden-ln002 gpu=3 start=13:54:43 deadline=15:23:43 max_dur=300
[lane 103] no claimable units left
[lane 103] done, 0 units attempted 13:54:46
[lane 103] clariden-ln002 gpu=3 start=13:56:04 deadline=15:25:04 max_dur=300
[lane 103] no claimable units left
[lane 103] done, 0 units attempted 13:56:06
[lane 103] clariden-ln004 gpu=3 start=13:56:53 deadline=15:25:53 max_dur=300
[lane 103] no claimable units left
[lane 103] done, 0 units attempted 13:56:55
[lane 103] clariden-ln002 gpu=3 start=13:57:25 deadline=15:26:25 max_dur=300
[lane 103] no claimable units left
[lane 103] done, 0 units attempted 13:57:26
[lane 103] clariden-ln004 gpu=3 start=13:58:14 deadline=15:27:14 max_dur=300
[lane 103] no claimable units left
[lane 103] done, 0 units attempted 13:58:15
[lane 103] clariden-ln002 gpu=3 start=13:58:46 deadline=15:27:45 max_dur=300
[lane 103] no claimable units left
[lane 103] done, 0 units attempted 13:58:47
[lane 103] clariden-ln004 gpu=3 start=13:59:35 deadline=15:28:35 max_dur=300
[lane 103] no claimable units left
[lane 103] done, 0 units attempted 13:59:36
[lane 103] clariden-ln002 gpu=3 start=14:00:06 deadline=15:29:06 max_dur=300
[lane 103] no claimable units left
[lane 103] done, 0 units attempted 14:00:08
[lane 103] clariden-ln004 gpu=3 start=14:00:55 deadline=15:29:55 max_dur=300
[lane 103] no claimable units left
[lane 103] done, 0 units attempted 14:00:57
[lane 103] clariden-ln004 gpu=3 start=14:02:16 deadline=15:31:16 max_dur=300
[lane 103] no claimable units left
[lane 103] done, 0 units attempted 14:02:17
[lane 103] clariden-ln002 gpu=3 start=14:02:28 deadline=15:31:28 max_dur=300
[lane 103] no claimable units left
[lane 103] done, 0 units attempted 14:02:29
[lane 103] clariden-ln004 gpu=3 start=14:03:37 deadline=15:32:37 max_dur=300
[lane 103] no claimable units left
[lane 103] done, 0 units attempted 14:03:39
[lane 103] clariden-ln002 gpu=3 start=14:03:49 deadline=15:32:49 max_dur=300
[lane 103] no claimable units left
[lane 103] done, 0 units attempted 14:03:50
[lane 103] clariden-ln004 gpu=3 start=14:04:58 deadline=15:33:58 max_dur=300
[lane 103] no claimable units left
[lane 103] done, 0 units attempted 14:04:59
[lane 103] clariden-ln002 gpu=3 start=14:05:10 deadline=15:34:10 max_dur=300
[lane 103] no claimable units left
[lane 103] done, 0 units attempted 14:05:11
[lane 103] clariden-ln004 gpu=3 start=14:06:19 deadline=15:35:19 max_dur=300
[lane 103] no claimable units left
[lane 103] done, 0 units attempted 14:06:21
[lane 103] clariden-ln002 gpu=3 start=14:06:31 deadline=15:35:31 max_dur=300
[lane 103] no claimable units left
[lane 103] done, 0 units attempted 14:06:32
[lane 103] clariden-ln004 gpu=3 start=14:07:40 deadline=15:36:40 max_dur=300
[lane 103] no claimable units left
[lane 103] done, 0 units attempted 14:07:41
[lane 103] clariden-ln002 gpu=3 start=14:07:52 deadline=15:36:52 max_dur=300
[lane 103] no claimable units left
[lane 103] done, 0 units attempted 14:07:53
[lane 103] clariden-ln002 gpu=3 start=14:09:12 deadline=15:38:12 max_dur=300
[lane 103] no claimable units left
[lane 103] done, 0 units attempted 14:09:13
[lane 103] clariden-ln004 gpu=3 start=14:10:04 deadline=15:39:04 max_dur=300
[lane 103] no claimable units left
[lane 103] done, 0 units attempted 14:10:05
[lane 103] clariden-ln002 gpu=3 start=14:10:33 deadline=15:39:33 max_dur=300
[lane 103] no claimable units left
[lane 103] done, 0 units attempted 14:10:33
[lane 103] clariden-ln004 gpu=3 start=14:11:26 deadline=15:40:25 max_dur=300
[lane 103] no claimable units left
[lane 103] done, 0 units attempted 14:11:27
[lane 103] clariden-ln004 gpu=3 start=14:12:45 deadline=15:41:45 max_dur=300
[lane 103] no claimable units left
[lane 103] done, 0 units attempted 14:12:46
[lane 103] clariden-ln002 gpu=3 start=14:13:55 deadline=15:42:55 max_dur=300
[lane 103] no claimable units left
[lane 103] done, 0 units attempted 14:13:57
[lane 103] clariden-ln002 gpu=3 start=14:15:24 deadline=15:44:24 max_dur=0
[lane 103] --> p1 semantic_condition_alert thr=0.0200 shard=3 (14:15:24, 5340s left)
[lane 103] <-- semantic_condition_alert thr=0.0200 shard=3 rc=0 BARREN (nothing under 0s) (14:16:01)
[lane 103] --> p1 semantic_condition_alert thr=0.0100 shard=3 (14:16:01, 5303s left)
[lane 103] clariden-ln004 gpu=3 start=14:16:07 deadline=15:45:07 max_dur=300
[lane 103] no claimable units left
[lane 103] done, 0 units attempted 14:16:08
[lane 103] <-- semantic_condition_alert thr=0.0100 shard=3 rc=0 BARREN (nothing under 0s) (14:17:05)
[lane 103] --> p1 semantic_condition_alert thr=0.0100 shard=2 (14:17:05, 5239s left)
[lane 103] clariden-ln004 gpu=3 start=14:17:28 deadline=15:46:27 max_dur=300
[lane 103] no claimable units left
[lane 103] done, 0 units attempted 14:17:29
[lane 103] <-- semantic_condition_alert thr=0.0100 shard=2 rc=0 BARREN (nothing under 0s) (14:18:01)
[lane 103] --> p1 semantic_condition_alert thr=0.0500 shard=2 (14:18:01, 5183s left)
[lane 103] clariden-ln004 gpu=3 start=14:18:49 deadline=15:47:48 max_dur=300
[lane 103] no claimable units left
[lane 103] done, 0 units attempted 14:18:50
[lane 103] <-- semantic_condition_alert thr=0.0500 shard=2 rc=0 BARREN (nothing under 0s) (14:19:07)
[lane 103] --> p1 semantic_condition_alert thr=0.0200 shard=2 (14:19:07, 5117s left)
[lane 103] <-- semantic_condition_alert thr=0.0200 shard=2 rc=0 BARREN (nothing under 0s) (14:20:07)
[lane 103] --> p1 semantic_condition_alert thr=0.0500 shard=3 (14:20:08, 5057s left)
[lane 103] clariden-ln004 gpu=3 start=14:20:09 deadline=15:49:09 max_dur=300
[lane 103] no claimable units left
[lane 103] done, 0 units attempted 14:20:10
[lane 103] <-- semantic_condition_alert thr=0.0500 shard=3 rc=0 BARREN (nothing under 0s) (14:21:10)
[lane 103] --> p1 semantic_condition_alert thr=0.1500 shard=2 (14:21:10, 4994s left)
[lane 103] clariden-ln004 gpu=3 start=14:21:30 deadline=15:50:30 max_dur=300
[lane 103] no claimable units left
[lane 103] done, 0 units attempted 14:21:31
[lane 103] <-- semantic_condition_alert thr=0.1500 shard=2 rc=0 BARREN (nothing under 0s) (14:22:15)
[lane 103] --> p1 semantic_condition_alert thr=0.2500 shard=2 (14:22:15, 4929s left)
[lane 103] clariden-ln004 gpu=3 start=14:22:50 deadline=15:51:50 max_dur=300
[lane 103] no claimable units left
[lane 103] done, 0 units attempted 14:22:53
[lane 103] <-- semantic_condition_alert thr=0.2500 shard=2 rc=0 BARREN (nothing under 0s) (14:23:02)
[lane 103] --> p1 semantic_condition_alert thr=0.2500 shard=3 (14:23:02, 4882s left)
[lane 103] <-- semantic_condition_alert thr=0.2500 shard=3 rc=0 BARREN (nothing under 0s) (14:23:32)
[lane 103] --> p1 semantic_condition_alert thr=0.1500 shard=3 (14:23:32, 4852s left)
[lane 103] clariden-ln004 gpu=3 start=14:24:11 deadline=15:53:11 max_dur=300
[lane 103] no claimable units left
[lane 103] done, 0 units attempted 14:24:13
[lane 103] <-- semantic_condition_alert thr=0.1500 shard=3 rc=0 BARREN (nothing under 0s) (14:24:16)
[lane 103] --> p1 semantic_condition_alert thr=0.3500 shard=0 (14:24:17, 4808s left)
[lane 103] clariden-ln004 gpu=3 start=14:25:32 deadline=15:54:32 max_dur=300
[lane 103] no claimable units left
[lane 103] done, 0 units attempted 14:25:33
[lane 103] clariden-ln004 gpu=3 start=14:26:53 deadline=15:55:53 max_dur=300
[lane 103] no claimable units left
[lane 103] done, 0 units attempted 14:26:54
[lane 103] clariden-ln004 gpu=3 start=14:28:13 deadline=15:57:13 max_dur=300
[lane 103] no claimable units left
[lane 103] done, 0 units attempted 14:28:14
[lane 103] clariden-ln004 gpu=3 start=14:29:34 deadline=15:58:34 max_dur=300
[lane 103] no claimable units left
[lane 103] done, 0 units attempted 14:29:34
[lane 103] clariden-ln004 gpu=3 start=14:30:54 deadline=15:59:54 max_dur=300
[lane 103] no claimable units left
[lane 103] done, 0 units attempted 14:30:55
[lane 103] clariden-ln004 gpu=3 start=14:32:15 deadline=16:01:15 max_dur=300
[lane 103] no claimable units left
[lane 103] done, 0 units attempted 14:32:17
[lane 103] clariden-ln004 gpu=3 start=14:33:36 deadline=16:02:36 max_dur=300
[lane 103] no claimable units left
[lane 103] done, 0 units attempted 14:33:37
[lane 103] clariden-ln004 gpu=3 start=14:34:57 deadline=16:03:57 max_dur=300
[lane 103] no claimable units left
[lane 103] done, 0 units attempted 14:34:58
[lane 103] clariden-ln004 gpu=3 start=14:36:17 deadline=16:05:17 max_dur=300
[lane 103] no claimable units left
[lane 103] done, 0 units attempted 14:36:18
[lane 103] clariden-ln004 gpu=3 start=14:37:38 deadline=16:06:38 max_dur=300
[lane 103] no claimable units left
[lane 103] done, 0 units attempted 14:37:39
[lane 103] clariden-ln004 gpu=3 start=14:38:59 deadline=16:07:59 max_dur=300
[lane 103] no claimable units left
[lane 103] done, 0 units attempted 14:39:00
[lane 103] clariden-ln004 gpu=3 start=14:40:20 deadline=16:09:19 max_dur=300
[lane 103] no claimable units left
[lane 103] done, 0 units attempted 14:40:20
[lane 103] clariden-ln004 gpu=3 start=14:41:40 deadline=16:10:40 max_dur=300
[lane 103] no claimable units left
[lane 103] done, 0 units attempted 14:41:41
[lane 103] clariden-ln004 gpu=3 start=14:43:01 deadline=16:12:01 max_dur=300
[lane 103] no claimable units left
[lane 103] done, 0 units attempted 14:43:01
[lane 103] clariden-ln004 gpu=3 start=14:44:22 deadline=16:13:21 max_dur=300
[lane 103] no claimable units left
[lane 103] done, 0 units attempted 14:44:23
[lane 103] clariden-ln004 gpu=3 start=14:45:42 deadline=16:14:42 max_dur=300
[lane 103] no claimable units left
[lane 103] done, 0 units attempted 14:45:42
[lane 103] clariden-ln004 gpu=3 start=14:47:02 deadline=16:16:02 max_dur=300
[lane 103] no claimable units left
[lane 103] done, 0 units attempted 14:47:04
[lane 103] clariden-ln004 gpu=3 start=14:48:22 deadline=16:17:22 max_dur=300
[lane 103] no claimable units left
[lane 103] done, 0 units attempted 14:48:23
[lane 103] clariden-ln004 gpu=3 start=14:49:44 deadline=16:18:44 max_dur=300
[lane 103] no claimable units left
[lane 103] done, 0 units attempted 14:49:45
[lane 103] clariden-ln004 gpu=3 start=14:51:05 deadline=16:20:05 max_dur=300
[lane 103] no claimable units left
[lane 103] done, 0 units attempted 14:51:06
[lane 103] clariden-ln004 gpu=3 start=14:52:27 deadline=16:21:26 max_dur=300
[lane 103] no claimable units left
[lane 103] done, 0 units attempted 14:52:28
[lane 103] clariden-ln004 gpu=3 start=14:53:47 deadline=16:22:47 max_dur=300
[lane 103] no claimable units left
[lane 103] done, 0 units attempted 14:53:47
[lane 103] clariden-ln004 gpu=3 start=14:55:07 deadline=16:24:07 max_dur=300
[lane 103] no claimable units left
[lane 103] done, 0 units attempted 14:55:08
[lane 103] clariden-ln004 gpu=3 start=14:56:28 deadline=16:25:28 max_dur=300
[lane 103] no claimable units left
[lane 103] done, 0 units attempted 14:56:30
[lane 103] clariden-ln004 gpu=3 start=14:57:49 deadline=16:26:49 max_dur=300
[lane 103] no claimable units left
[lane 103] done, 0 units attempted 14:57:49
[lane 103] clariden-ln004 gpu=3 start=14:59:09 deadline=16:28:09 max_dur=300
[lane 103] no claimable units left
[lane 103] done, 0 units attempted 14:59:10
[lane 103] clariden-ln004 gpu=3 start=15:00:29 deadline=16:29:29 max_dur=300
[lane 103] no claimable units left
[lane 103] done, 0 units attempted 15:00:30
[lane 103] clariden-ln004 gpu=3 start=15:01:50 deadline=16:30:50 max_dur=300
[lane 103] no claimable units left
[lane 103] done, 0 units attempted 15:01:51
[lane 103] clariden-ln004 gpu=3 start=15:03:11 deadline=16:32:11 max_dur=300
[lane 103] no claimable units left
[lane 103] done, 0 units attempted 15:03:13
[lane 103] clariden-ln004 gpu=3 start=15:04:32 deadline=16:33:32 max_dur=300
[lane 103] no claimable units left
[lane 103] done, 0 units attempted 15:04:34
[lane 103] clariden-ln004 gpu=3 start=15:05:53 deadline=16:34:53 max_dur=300
[lane 103] no claimable units left
[lane 103] done, 0 units attempted 15:05:54
[lane 103] clariden-ln004 gpu=3 start=15:07:13 deadline=16:36:13 max_dur=300
[lane 103] no claimable units left
[lane 103] done, 0 units attempted 15:07:14
[lane 103] clariden-ln004 gpu=3 start=15:08:34 deadline=16:37:34 max_dur=300
[lane 103] no claimable units left
[lane 103] done, 0 units attempted 15:08:37
[lane 103] clariden-ln004 gpu=3 start=15:09:55 deadline=16:38:55 max_dur=300
[lane 103] no claimable units left
[lane 103] done, 0 units attempted 15:09:56
[lane 103] clariden-ln004 gpu=3 start=15:11:15 deadline=16:40:15 max_dur=300
[lane 103] no claimable units left
[lane 103] done, 0 units attempted 15:11:16
[lane 103] clariden-ln004 gpu=3 start=15:12:36 deadline=16:41:36 max_dur=300
[lane 103] no claimable units left
[lane 103] done, 0 units attempted 15:12:37
[lane 103] clariden-ln004 gpu=3 start=15:13:57 deadline=16:42:57 max_dur=300
[lane 103] no claimable units left
[lane 103] done, 0 units attempted 15:13:58
[lane 103] clariden-ln004 gpu=3 start=15:15:20 deadline=16:44:18 max_dur=300
[lane 103] no claimable units left
[lane 103] done, 0 units attempted 15:15:21
[lane 103] clariden-ln004 gpu=3 start=15:16:40 deadline=16:45:40 max_dur=300
[lane 103] no claimable units left
[lane 103] done, 0 units attempted 15:16:41
[lane 103] clariden-ln004 gpu=3 start=15:18:01 deadline=16:47:00 max_dur=300
[lane 103] no claimable units left
[lane 103] done, 0 units attempted 15:18:01
[lane 103] clariden-ln004 gpu=3 start=15:19:21 deadline=16:48:21 max_dur=300
[lane 103] no claimable units left
[lane 103] done, 0 units attempted 15:19:22
[lane 103] clariden-ln004 gpu=3 start=15:20:42 deadline=16:49:41 max_dur=300
[lane 103] no claimable units left
[lane 103] done, 0 units attempted 15:20:43
[lane 103] clariden-ln004 gpu=3 start=15:22:02 deadline=16:51:02 max_dur=300
[lane 103] no claimable units left
[lane 103] done, 0 units attempted 15:22:04
[lane 103] clariden-ln004 gpu=3 start=15:23:23 deadline=16:52:23 max_dur=300
[lane 103] no claimable units left
[lane 103] done, 0 units attempted 15:23:26
[lane 103] clariden-ln004 gpu=3 start=15:24:44 deadline=16:53:44 max_dur=300
[lane 103] no claimable units left
[lane 103] done, 0 units attempted 15:24:46
[lane 103] clariden-ln004 gpu=3 start=15:26:05 deadline=16:55:05 max_dur=300
[lane 103] no claimable units left
[lane 103] done, 0 units attempted 15:26:07
[lane 103] clariden-ln004 gpu=3 start=15:27:26 deadline=16:56:26 max_dur=300
[lane 103] no claimable units left
[lane 103] done, 0 units attempted 15:27:28
[lane 103] clariden-ln004 gpu=3 start=15:28:47 deadline=16:57:47 max_dur=300
[lane 103] no claimable units left
[lane 103] done, 0 units attempted 15:28:49
[lane 103] clariden-ln004 gpu=3 start=15:30:08 deadline=16:59:08 max_dur=300
[lane 103] no claimable units left
[lane 103] done, 0 units attempted 15:30:09
[lane 103] clariden-ln004 gpu=3 start=15:31:28 deadline=17:00:28 max_dur=300
[lane 103] no claimable units left
[lane 103] done, 0 units attempted 15:31:29
[lane 103] clariden-ln004 gpu=3 start=15:32:50 deadline=17:01:50 max_dur=300
[lane 103] no claimable units left
[lane 103] done, 0 units attempted 15:32:51
[lane 103] clariden-ln004 gpu=3 start=15:34:11 deadline=17:03:10 max_dur=300
[lane 103] no claimable units left
[lane 103] done, 0 units attempted 15:34:12
[lane 103] clariden-ln004 gpu=3 start=15:35:31 deadline=17:04:31 max_dur=300
[lane 103] no claimable units left
[lane 103] done, 0 units attempted 15:35:33
[lane 103] clariden-ln004 gpu=3 start=15:36:52 deadline=17:05:52 max_dur=300
[lane 103] no claimable units left
[lane 103] done, 0 units attempted 15:36:53
[lane 103] clariden-ln004 gpu=3 start=15:38:13 deadline=17:07:13 max_dur=300
[lane 103] no claimable units left
[lane 103] done, 0 units attempted 15:38:14
[lane 103] clariden-ln004 gpu=3 start=15:39:33 deadline=17:08:33 max_dur=300
[lane 103] no claimable units left
[lane 103] done, 0 units attempted 15:39:35
[lane 103] clariden-ln004 gpu=3 start=15:40:54 deadline=17:09:54 max_dur=300
[lane 103] no claimable units left
[lane 103] done, 0 units attempted 15:40:55
[lane 103] clariden-ln004 gpu=3 start=15:42:15 deadline=17:11:15 max_dur=300
[lane 103] no claimable units left
[lane 103] done, 0 units attempted 15:42:18
[lane 103] clariden-ln004 gpu=3 start=15:43:37 deadline=17:12:37 max_dur=300
[lane 103] no claimable units left
[lane 103] done, 0 units attempted 15:43:40
[lane 103] <-- semantic_condition_alert thr=0.3500 shard=0 rc=124 BARREN (nothing under 0s) (15:43:55)
[lane 103] 29s left (< 240) -- stopping cleanly
[lane 103] done, 11 units attempted 15:43:55
[lane 103] clariden-ln004 gpu=3 start=15:44:59 deadline=17:13:59 max_dur=300
[lane 103] no claimable units left
[lane 103] done, 0 units attempted 15:45:01
[lane 103] clariden-ln002 gpu=3 start=15:45:45 deadline=17:14:45 max_dur=0
[lane 103] --> p1 semantic_condition_alert thr=0.2500 shard=3 (15:45:45, 5340s left)
[lane 103] <-- semantic_condition_alert thr=0.2500 shard=3 rc=0 BARREN (nothing under 0s) (15:46:14)
[lane 103] --> p1 semantic_condition_alert thr=0.2500 shard=2 (15:46:14, 5311s left)
[lane 103] clariden-ln004 gpu=3 start=15:46:20 deadline=17:15:20 max_dur=300
[lane 103] no claimable units left
[lane 103] done, 0 units attempted 15:46:22
[lane 103] <-- semantic_condition_alert thr=0.2500 shard=2 rc=0 BARREN (nothing under 0s) (15:46:44)
[lane 103] --> p1 semantic_condition_alert thr=0.3500 shard=1 (15:46:45, 5281s left)
[lane 103] clariden-ln004 gpu=3 start=15:47:41 deadline=17:16:41 max_dur=300
[lane 103] no claimable units left
[lane 103] done, 0 units attempted 15:47:43
[lane 103] clariden-ln004 gpu=3 start=15:49:03 deadline=17:18:03 max_dur=300
[lane 103] no claimable units left
[lane 103] done, 0 units attempted 15:49:04
[lane 103] clariden-ln004 gpu=3 start=15:50:24 deadline=17:19:24 max_dur=300
[lane 103] no claimable units left
[lane 103] done, 0 units attempted 15:50:26
[lane 103] clariden-ln004 gpu=3 start=15:51:46 deadline=17:20:46 max_dur=300
[lane 103] no claimable units left
[lane 103] done, 0 units attempted 15:51:48
[lane 103] clariden-ln004 gpu=3 start=15:53:07 deadline=17:22:07 max_dur=300
[lane 103] no claimable units left
[lane 103] done, 0 units attempted 15:53:10
[lane 103] clariden-ln004 gpu=3 start=15:54:29 deadline=17:23:29 max_dur=300
[lane 103] no claimable units left
[lane 103] done, 0 units attempted 15:54:34
[lane 103] clariden-ln004 gpu=3 start=15:55:51 deadline=17:24:51 max_dur=300
[lane 103] no claimable units left
[lane 103] done, 0 units attempted 15:55:53
[lane 103] clariden-ln004 gpu=3 start=15:57:13 deadline=17:26:13 max_dur=300
[lane 103] no claimable units left
[lane 103] done, 0 units attempted 15:57:15
[lane 103] clariden-ln004 gpu=3 start=15:58:34 deadline=17:27:34 max_dur=300
[lane 103] no claimable units left
[lane 103] done, 0 units attempted 15:58:35
[lane 103] clariden-ln004 gpu=3 start=15:59:54 deadline=17:28:54 max_dur=300
[lane 103] no claimable units left
[lane 103] done, 0 units attempted 15:59:55
[lane 103] clariden-ln004 gpu=3 start=16:01:15 deadline=17:30:15 max_dur=300
[lane 103] no claimable units left
[lane 103] done, 0 units attempted 16:01:16
[lane 103] clariden-ln004 gpu=3 start=16:02:36 deadline=17:31:36 max_dur=300
[lane 103] no claimable units left
[lane 103] done, 0 units attempted 16:02:38
[lane 103] clariden-ln004 gpu=3 start=16:03:58 deadline=17:32:58 max_dur=300
[lane 103] no claimable units left
[lane 103] done, 0 units attempted 16:03:59
[lane 103] clariden-ln004 gpu=3 start=16:05:19 deadline=17:34:19 max_dur=300
[lane 103] no claimable units left
[lane 103] done, 0 units attempted 16:05:20
[lane 103] clariden-ln004 gpu=3 start=16:06:40 deadline=17:35:40 max_dur=300
[lane 103] no claimable units left
[lane 103] done, 0 units attempted 16:06:44
[lane 103] clariden-ln004 gpu=3 start=16:08:01 deadline=17:37:01 max_dur=300
[lane 103] no claimable units left
[lane 103] done, 0 units attempted 16:08:02
[lane 103] clariden-ln004 gpu=3 start=16:09:22 deadline=17:38:22 max_dur=300
[lane 103] no claimable units left
[lane 103] done, 0 units attempted 16:09:24
[lane 103] clariden-ln004 gpu=3 start=16:10:44 deadline=17:39:43 max_dur=300
[lane 103] no claimable units left
[lane 103] done, 0 units attempted 16:10:45
[lane 103] clariden-ln004 gpu=3 start=16:12:05 deadline=17:41:05 max_dur=300
[lane 103] no claimable units left
[lane 103] done, 0 units attempted 16:12:06
[lane 103] clariden-ln004 gpu=3 start=16:13:26 deadline=17:42:26 max_dur=300
[lane 103] no claimable units left
[lane 103] done, 0 units attempted 16:13:27
[lane 103] clariden-ln004 gpu=3 start=16:14:46 deadline=17:43:46 max_dur=300
[lane 103] no claimable units left
[lane 103] done, 0 units attempted 16:14:47
[lane 103] clariden-ln004 gpu=3 start=16:16:07 deadline=17:45:07 max_dur=300
[lane 103] no claimable units left
[lane 103] done, 0 units attempted 16:16:08
[lane 103] clariden-ln004 gpu=3 start=16:17:28 deadline=17:46:28 max_dur=300
[lane 103] no claimable units left
[lane 103] done, 0 units attempted 16:17:29
[lane 103] clariden-ln004 gpu=3 start=16:18:49 deadline=17:47:49 max_dur=300
[lane 103] no claimable units left
[lane 103] done, 0 units attempted 16:18:50
[lane 103] clariden-ln004 gpu=3 start=16:20:09 deadline=17:49:09 max_dur=300
[lane 103] no claimable units left
[lane 103] done, 0 units attempted 16:20:10
[lane 103] clariden-ln004 gpu=3 start=16:21:30 deadline=17:50:30 max_dur=300
[lane 103] no claimable units left
[lane 103] done, 0 units attempted 16:21:32
[lane 103] clariden-ln004 gpu=3 start=16:22:51 deadline=17:51:51 max_dur=300
[lane 103] no claimable units left
[lane 103] done, 0 units attempted 16:22:53
[lane 103] clariden-ln004 gpu=3 start=16:24:12 deadline=17:53:12 max_dur=300
[lane 103] no claimable units left
[lane 103] done, 0 units attempted 16:24:13
[lane 103] clariden-ln004 gpu=3 start=16:25:32 deadline=17:54:32 max_dur=300
[lane 103] no claimable units left
[lane 103] done, 0 units attempted 16:25:34
[lane 103] clariden-ln004 gpu=3 start=16:26:53 deadline=17:55:53 max_dur=300
[lane 103] no claimable units left
[lane 103] done, 0 units attempted 16:26:54
[lane 103] clariden-ln004 gpu=3 start=16:28:14 deadline=17:57:14 max_dur=300
[lane 103] no claimable units left
[lane 103] done, 0 units attempted 16:28:15
[lane 103] clariden-ln004 gpu=3 start=16:29:35 deadline=17:58:35 max_dur=300
[lane 103] no claimable units left
[lane 103] done, 0 units attempted 16:29:36
[lane 103] clariden-ln004 gpu=3 start=16:30:56 deadline=17:59:56 max_dur=300
[lane 103] no claimable units left
[lane 103] done, 0 units attempted 16:30:57
[lane 103] clariden-ln004 gpu=3 start=16:32:17 deadline=18:01:17 max_dur=300
[lane 103] no claimable units left
[lane 103] done, 0 units attempted 16:32:20
[lane 103] clariden-ln004 gpu=3 start=16:33:38 deadline=18:02:38 max_dur=300
[lane 103] no claimable units left
[lane 103] done, 0 units attempted 16:33:39
[lane 103] clariden-ln004 gpu=3 start=16:34:59 deadline=18:03:59 max_dur=300
[lane 103] no claimable units left
[lane 103] done, 0 units attempted 16:35:01
[lane 103] clariden-ln004 gpu=3 start=16:36:21 deadline=18:05:20 max_dur=300
[lane 103] no claimable units left
[lane 103] done, 0 units attempted 16:36:21
[lane 103] clariden-ln004 gpu=3 start=16:37:42 deadline=18:06:42 max_dur=300
[lane 103] no claimable units left
[lane 103] done, 0 units attempted 16:37:44
[lane 103] clariden-ln004 gpu=3 start=16:39:04 deadline=18:08:03 max_dur=300
[lane 103] no claimable units left
[lane 103] done, 0 units attempted 16:39:05
[lane 103] clariden-ln004 gpu=3 start=16:40:26 deadline=18:09:26 max_dur=300
[lane 103] no claimable units left
[lane 103] done, 0 units attempted 16:40:27
[lane 103] clariden-ln004 gpu=3 start=16:41:47 deadline=18:10:47 max_dur=300
[lane 103] no claimable units left
[lane 103] done, 0 units attempted 16:41:49
[lane 103] clariden-ln004 gpu=3 start=16:43:10 deadline=18:12:10 max_dur=300
[lane 103] no claimable units left
[lane 103] done, 0 units attempted 16:43:14
[lane 103] clariden-ln004 gpu=3 start=16:44:33 deadline=18:13:33 max_dur=300
[lane 103] no claimable units left
[lane 103] done, 0 units attempted 16:44:37
[lane 103] clariden-ln004 gpu=3 start=16:45:55 deadline=18:14:55 max_dur=300
[lane 103] no claimable units left
[lane 103] done, 0 units attempted 16:45:56
[lane 103] clariden-ln004 gpu=3 start=16:47:16 deadline=18:16:16 max_dur=300
[lane 103] no claimable units left
[lane 103] done, 0 units attempted 16:47:18
[lane 103] clariden-ln004 gpu=3 start=16:48:37 deadline=18:17:37 max_dur=300
[lane 103] no claimable units left
[lane 103] done, 0 units attempted 16:48:38
[lane 103] clariden-ln004 gpu=3 start=16:49:59 deadline=18:18:59 max_dur=300
[lane 103] no claimable units left
[lane 103] done, 0 units attempted 16:50:00
[lane 103] clariden-ln004 gpu=3 start=16:51:20 deadline=18:20:20 max_dur=300
[lane 103] no claimable units left
[lane 103] done, 0 units attempted 16:51:22
[lane 103] clariden-ln004 gpu=3 start=16:52:41 deadline=18:21:41 max_dur=300
[lane 103] no claimable units left
[lane 103] done, 0 units attempted 16:52:43
[lane 103] clariden-ln004 gpu=3 start=16:54:03 deadline=18:23:03 max_dur=300
[lane 103] no claimable units left
[lane 103] done, 0 units attempted 16:54:05
[lane 103] clariden-ln004 gpu=3 start=16:55:24 deadline=18:24:24 max_dur=300
[lane 103] no claimable units left
[lane 103] done, 0 units attempted 16:55:25
[lane 103] clariden-ln004 gpu=3 start=16:56:45 deadline=18:25:45 max_dur=300
[lane 103] no claimable units left
[lane 103] done, 0 units attempted 16:56:47
[lane 103] clariden-ln004 gpu=3 start=16:58:06 deadline=18:27:06 max_dur=300
[lane 103] no claimable units left
[lane 103] done, 0 units attempted 16:58:08
[lane 103] clariden-ln004 gpu=3 start=16:59:27 deadline=18:28:27 max_dur=300
[lane 103] no claimable units left
[lane 103] done, 0 units attempted 16:59:29
[lane 103] clariden-ln004 gpu=3 start=17:00:49 deadline=18:29:49 max_dur=300
[lane 103] no claimable units left
[lane 103] done, 0 units attempted 17:00:50
[lane 103] clariden-ln004 gpu=3 start=17:02:10 deadline=18:31:10 max_dur=300
[lane 103] no claimable units left
[lane 103] done, 0 units attempted 17:02:11
[lane 103] clariden-ln004 gpu=3 start=17:03:31 deadline=18:32:31 max_dur=300
[lane 103] no claimable units left
[lane 103] done, 0 units attempted 17:03:32
[lane 103] clariden-ln004 gpu=3 start=17:04:52 deadline=18:33:52 max_dur=300
[lane 103] no claimable units left
[lane 103] done, 0 units attempted 17:04:54
[lane 103] clariden-ln004 gpu=3 start=17:06:13 deadline=18:35:13 max_dur=300
[lane 103] no claimable units left
[lane 103] done, 0 units attempted 17:06:15
[lane 103] clariden-ln004 gpu=3 start=17:07:36 deadline=18:36:35 max_dur=300
[lane 103] no claimable units left
[lane 103] done, 0 units attempted 17:07:38
[lane 103] clariden-ln004 gpu=3 start=17:08:58 deadline=18:37:58 max_dur=300
[lane 103] no claimable units left
[lane 103] done, 0 units attempted 17:09:01
[lane 103] clariden-ln004 gpu=3 start=17:10:21 deadline=18:39:21 max_dur=300
[lane 103] no claimable units left
[lane 103] done, 0 units attempted 17:10:25
[lane 103] clariden-ln004 gpu=3 start=17:11:43 deadline=18:40:43 max_dur=300
[lane 103] no claimable units left
[lane 103] done, 0 units attempted 17:11:51
[lane 103] clariden-ln004 gpu=3 start=17:13:07 deadline=18:42:07 max_dur=300
[lane 103] no claimable units left
[lane 103] done, 0 units attempted 17:13:16
[lane 103] <-- semantic_condition_alert thr=0.3500 shard=1 rc=124 +1 samples (17:14:16)
[lane 103] 29s left (< 240) -- stopping cleanly
[lane 103] done, 3 units attempted 17:14:16
[lane 103] clariden-ln004 gpu=3 start=17:14:31 deadline=18:43:31 max_dur=300
[lane 103] no claimable units left
[lane 103] done, 0 units attempted 17:14:38
[lane 103] clariden-ln004 gpu=3 start=17:15:56 deadline=18:44:56 max_dur=300
[lane 103] clariden-ln002 gpu=3 start=17:16:06 deadline=18:45:06 max_dur=0
[lane 103] --> p1 semantic_condition_alert thr=0.2500 shard=3 (17:16:07, 5340s left)
[lane 103] no claimable units left
[lane 103] done, 0 units attempted 17:16:08
[lane 103] <-- semantic_condition_alert thr=0.2500 shard=3 rc=0 BARREN (nothing under 0s) (17:16:52)
[lane 103] --> p1 semantic_condition_alert thr=0.2500 shard=2 (17:16:52, 5294s left)
[lane 103] clariden-ln004 gpu=3 start=17:17:20 deadline=18:46:20 max_dur=300
[lane 103] no claimable units left
[lane 103] done, 0 units attempted 17:17:21
[lane 103] <-- semantic_condition_alert thr=0.2500 shard=2 rc=0 BARREN (nothing under 0s) (17:17:36)
[lane 103] --> p1 semantic_condition_alert thr=0.3500 shard=0 (17:17:36, 5250s left)
[lane 103] <-- semantic_condition_alert thr=0.3500 shard=0 rc=0 BARREN (nothing under 0s) (17:18:22)
[lane 103] --> p1 semantic_condition_alert thr=0.3500 shard=2 (17:18:22, 5204s left)
[lane 103] clariden-ln004 gpu=3 start=17:18:44 deadline=18:47:44 max_dur=300
[lane 103] no claimable units left
[lane 103] done, 0 units attempted 17:18:57
[lane 103] <-- semantic_condition_alert thr=0.3500 shard=2 rc=0 BARREN (nothing under 0s) (17:19:09)
[lane 103] --> p1 semantic_condition_alert thr=0.3500 shard=3 (17:19:10, 5157s left)
[lane 103] <-- semantic_condition_alert thr=0.3500 shard=3 rc=0 BARREN (nothing under 0s) (17:19:51)
[lane 103] --> p1 snapshot_counting thr=0.5500 shard=1 (17:19:52, 5115s left)
[lane 103] clariden-ln004 gpu=3 start=17:20:07 deadline=18:49:07 max_dur=300
[lane 103] no claimable units left
[lane 103] done, 0 units attempted 17:20:09
[lane 103] <-- snapshot_counting thr=0.5500 shard=1 rc=0 BARREN (nothing under 0s) (17:20:35)
[lane 103] --> p1 snapshot_counting thr=0.5500 shard=2 (17:20:36, 5071s left)
[lane 103] <-- snapshot_counting thr=0.5500 shard=2 rc=0 +1 samples (17:21:21)
[lane 103] --> p1 snapshot_counting thr=0.5500 shard=2 (17:21:21, 5025s left)
[lane 103] clariden-ln004 gpu=3 start=17:21:33 deadline=18:50:33 max_dur=300
[lane 103] no claimable units left
[lane 103] done, 0 units attempted 17:21:39
[lane 103] <-- snapshot_counting thr=0.5500 shard=2 rc=0 BARREN (nothing under 0s) (17:22:02)
[lane 103] --> p1 snapshot_counting thr=0.5500 shard=3 (17:22:02, 4984s left)
[lane 103] <-- snapshot_counting thr=0.5500 shard=3 rc=0 BARREN (nothing under 0s) (17:22:48)
[lane 103] --> p1 snapshot_counting thr=0.6500 shard=1 (17:22:49, 4938s left)
[lane 103] clariden-ln004 gpu=3 start=17:22:55 deadline=18:51:55 max_dur=300
[lane 103] no claimable units left
[lane 103] done, 0 units attempted 17:23:09
[lane 103] <-- snapshot_counting thr=0.6500 shard=1 rc=0 BARREN (nothing under 0s) (17:23:30)
[lane 103] --> p1 snapshot_counting thr=0.6500 shard=3 (17:23:31, 4896s left)
[lane 103] <-- snapshot_counting thr=0.6500 shard=3 rc=0 +1 samples (17:24:14)
[lane 103] --> p1 snapshot_counting thr=0.6500 shard=3 (17:24:14, 4852s left)
[lane 103] clariden-ln004 gpu=3 start=17:24:19 deadline=18:53:19 max_dur=300
[lane 103] no claimable units left
[lane 103] done, 0 units attempted 17:24:20
[lane 103] <-- snapshot_counting thr=0.6500 shard=3 rc=0 +1 samples (17:24:59)
[lane 103] --> p1 snapshot_counting thr=0.6500 shard=2 (17:24:59, 4807s left)
[lane 103] <-- snapshot_counting thr=0.6500 shard=2 rc=0 BARREN (nothing under 0s) (17:25:40)
[lane 103] --> p1 snapshot_counting thr=0.6500 shard=3 (17:25:41, 4766s left)
[lane 103] clariden-ln004 gpu=3 start=17:25:42 deadline=18:54:42 max_dur=300
[lane 103] no claimable units left
[lane 103] done, 0 units attempted 17:25:43
[lane 103] <-- snapshot_counting thr=0.6500 shard=3 rc=0 BARREN (nothing under 0s) (17:26:24)
[lane 103] --> p1 snapshot_counting thr=0.7500 shard=1 (17:26:24, 4722s left)
[lane 103] clariden-ln004 gpu=3 start=17:27:15 deadline=18:56:05 max_dur=300
[lane 103] <-- snapshot_counting thr=0.7500 shard=1 rc=0 +1 samples (17:27:16)
[lane 103] --> p1 snapshot_counting thr=0.7500 shard=1 (17:27:17, 4670s left)
[lane 103] no claimable units left
[lane 103] done, 0 units attempted 17:27:19
[lane 103] <-- snapshot_counting thr=0.7500 shard=1 rc=0 BARREN (nothing under 0s) (17:28:01)
[lane 103] --> p1 snapshot_counting thr=0.7500 shard=0 (17:28:02, 4625s left)
[lane 103] clariden-ln004 gpu=3 start=17:28:37 deadline=18:57:37 max_dur=300
[lane 103] no claimable units left
[lane 103] done, 0 units attempted 17:28:46
[lane 103] clariden-ln004 gpu=3 start=17:30:00 deadline=18:59:00 max_dur=300
[lane 103] no claimable units left
[lane 103] done, 0 units attempted 17:30:06
[lane 103] clariden-ln004 gpu=3 start=17:31:26 deadline=19:00:26 max_dur=300
[lane 103] no claimable units left
[lane 103] done, 0 units attempted 17:31:30
[lane 103] clariden-ln004 gpu=3 start=17:32:48 deadline=19:01:48 max_dur=300
[lane 103] no claimable units left
[lane 103] done, 0 units attempted 17:32:49
[lane 103] clariden-ln004 gpu=3 start=17:34:10 deadline=19:03:10 max_dur=300
[lane 103] no claimable units left
[lane 103] done, 0 units attempted 17:34:14
[lane 103] clariden-ln004 gpu=3 start=17:35:31 deadline=19:04:31 max_dur=300
[lane 103] no claimable units left
[lane 103] done, 0 units attempted 17:35:38
[lane 103] clariden-ln004 gpu=3 start=17:36:54 deadline=19:05:54 max_dur=300
[lane 103] no claimable units left
[lane 103] done, 0 units attempted 17:36:55
[lane 103] clariden-ln004 gpu=3 start=17:38:15 deadline=19:07:15 max_dur=300
[lane 103] no claimable units left
[lane 103] done, 0 units attempted 17:38:20
[lane 103] clariden-ln004 gpu=3 start=17:39:38 deadline=19:08:38 max_dur=300
[lane 103] no claimable units left
[lane 103] done, 0 units attempted 17:39:41
[lane 103] clariden-ln004 gpu=3 start=17:41:00 deadline=19:10:00 max_dur=300
[lane 103] no claimable units left
[lane 103] done, 0 units attempted 17:41:02
[lane 103] clariden-ln004 gpu=3 start=17:42:21 deadline=19:11:21 max_dur=300
[lane 103] no claimable units left
[lane 103] done, 0 units attempted 17:42:23
[lane 103] clariden-ln004 gpu=3 start=17:43:43 deadline=19:12:42 max_dur=300
[lane 103] no claimable units left
[lane 103] done, 0 units attempted 17:43:45
[lane 103] clariden-ln004 gpu=3 start=17:45:04 deadline=19:14:04 max_dur=300
[lane 103] no claimable units left
[lane 103] done, 0 units attempted 17:45:06
[lane 103] clariden-ln004 gpu=3 start=17:46:26 deadline=19:15:26 max_dur=300
[lane 103] no claimable units left
[lane 103] done, 0 units attempted 17:46:27
[lane 103] clariden-ln004 gpu=3 start=17:47:47 deadline=19:16:47 max_dur=300
[lane 103] no claimable units left
[lane 103] done, 0 units attempted 17:47:49
[lane 103] clariden-ln004 gpu=3 start=17:49:09 deadline=19:18:09 max_dur=300
[lane 103] no claimable units left
[lane 103] done, 0 units attempted 17:49:10
[lane 103] <-- snapshot_counting thr=0.7500 shard=0 rc=124 +1 samples (18:44:37)
[lane 103] 29s left (< 240) -- stopping cleanly
[lane 103] done, 17 units attempted 18:44:37
[lane 103] clariden-ln002 gpu=3 start=18:46:27 deadline=20:15:27 max_dur=0
[lane 103] --> p1 semantic_condition_alert thr=0.2500 shard=3 (18:46:27, 5340s left)
[lane 103] <-- semantic_condition_alert thr=0.2500 shard=3 rc=0 BARREN (nothing under 0s) (18:46:48)
[lane 103] --> p1 semantic_condition_alert thr=0.2500 shard=2 (18:46:48, 5319s left)
[lane 103] <-- semantic_condition_alert thr=0.2500 shard=2 rc=0 BARREN (nothing under 0s) (18:47:29)
[lane 103] --> p1 semantic_condition_alert thr=0.3500 shard=0 (18:47:29, 5278s left)
[lane 103] <-- semantic_condition_alert thr=0.3500 shard=0 rc=0 BARREN (nothing under 0s) (18:48:00)
[lane 103] --> p1 semantic_condition_alert thr=0.3500 shard=2 (18:48:01, 5247s left)
[lane 103] <-- semantic_condition_alert thr=0.3500 shard=2 rc=0 BARREN (nothing under 0s) (18:48:39)
[lane 103] --> p1 semantic_condition_alert thr=0.3500 shard=3 (18:48:39, 5208s left)
[lane 103] <-- semantic_condition_alert thr=0.3500 shard=3 rc=0 BARREN (nothing under 0s) (18:49:23)
[lane 103] --> p1 snapshot_counting thr=0.7500 shard=1 (18:49:23, 5164s left)
[lane 103] <-- snapshot_counting thr=0.7500 shard=1 rc=0 BARREN (nothing under 0s) (18:50:16)
[lane 103] --> p1 snapshot_counting thr=0.7500 shard=2 (18:50:16, 5111s left)
[lane 103] <-- snapshot_counting thr=0.7500 shard=2 rc=0 BARREN (nothing under 0s) (18:50:51)
[lane 103] --> p1 semantic_condition_alert thr=0.2500 shard=0 (18:50:52, 5076s left)
