/iopsstor/scratch/cscs/dthapa/system3_qwem_omni_8_28/omni_thr_fit/bin/worker.sh: line 57: /iopsstor/scratch/cscs/dthapa/system3_qwem_omni_8_28/omni_thr_fit/bin/heartbeat.sh: Permission denied
/iopsstor/scratch/cscs/dthapa/system3_qwem_omni_8_28/omni_thr_fit/bin/worker.sh: line 79: 68301 Terminated              bash "$THR_ROOT/bin/heartbeat.sh" "$UNIT"
/iopsstor/scratch/cscs/dthapa/system3_qwem_omni_8_28/omni_thr_fit/bin/worker.sh: line 79: 68530 Terminated              bash "$THR_ROOT/bin/heartbeat.sh" "$UNIT"
/iopsstor/scratch/cscs/dthapa/system3_qwem_omni_8_28/omni_thr_fit/bin/worker.sh: line 79: 69175 Terminated              bash "$THR_ROOT/bin/heartbeat.sh" "$UNIT"
/iopsstor/scratch/cscs/dthapa/system3_qwem_omni_8_28/omni_thr_fit/bin/worker.sh: line 79: 69246 Terminated              bash "$THR_ROOT/bin/heartbeat.sh" "$UNIT"
/iopsstor/scratch/cscs/dthapa/system3_qwem_omni_8_28/omni_thr_fit/bin/worker.sh: line 79: 69353 Terminated              bash "$THR_ROOT/bin/heartbeat.sh" "$UNIT"
/iopsstor/scratch/cscs/dthapa/system3_qwem_omni_8_28/omni_thr_fit/bin/worker.sh: line 79: 69430 Terminated              bash "$THR_ROOT/bin/heartbeat.sh" "$UNIT"
/iopsstor/scratch/cscs/dthapa/system3_qwem_omni_8_28/omni_thr_fit/bin/worker.sh: line 79: 69918 Terminated              bash "$THR_ROOT/bin/heartbeat.sh" "$UNIT"
/iopsstor/scratch/cscs/dthapa/system3_qwem_omni_8_28/omni_thr_fit/bin/worker.sh: line 79: 70582 Terminated              bash "$THR_ROOT/bin/heartbeat.sh" "$UNIT"
/iopsstor/scratch/cscs/dthapa/system3_qwem_omni_8_28/omni_thr_fit/bin/worker.sh: line 79: 70630 Terminated              bash "$THR_ROOT/bin/heartbeat.sh" "$UNIT"
/iopsstor/scratch/cscs/dthapa/system3_qwem_omni_8_28/omni_thr_fit/bin/worker.sh: line 79: 70792 Terminated              bash "$THR_ROOT/bin/heartbeat.sh" "$UNIT"
/iopsstor/scratch/cscs/dthapa/system3_qwem_omni_8_28/omni_thr_fit/bin/worker.sh: line 79: 70841 Terminated              bash "$THR_ROOT/bin/heartbeat.sh" "$UNIT"
/iopsstor/scratch/cscs/dthapa/system3_qwem_omni_8_28/omni_thr_fit/bin/worker.sh: line 79: 71077 Terminated              bash "$THR_ROOT/bin/heartbeat.sh" "$UNIT"
/iopsstor/scratch/cscs/dthapa/system3_qwem_omni_8_28/omni_thr_fit/bin/worker.sh: line 79: 72500 Terminated              bash "$THR_ROOT/bin/heartbeat.sh" "$UNIT"
/iopsstor/scratch/cscs/dthapa/system3_qwem_omni_8_28/omni_thr_fit/bin/worker.sh: line 79: 82691 Terminated              bash "$THR_ROOT/bin/heartbeat.sh" "$UNIT"
/iopsstor/scratch/cscs/dthapa/system3_qwem_omni_8_28/omni_thr_fit/bin/worker.sh: line 79: 89960 Terminated              bash "$THR_ROOT/bin/heartbeat.sh" "$UNIT"
/iopsstor/scratch/cscs/dthapa/system3_qwem_omni_8_28/omni_thr_fit/bin/worker.sh: line 79: 92226 Terminated              bash "$THR_ROOT/bin/heartbeat.sh" "$UNIT"
/iopsstor/scratch/cscs/dthapa/system3_qwem_omni_8_28/omni_thr_fit/bin/worker.sh: line 79: 94261 Terminated              bash "$THR_ROOT/bin/heartbeat.sh" "$UNIT"
/iopsstor/scratch/cscs/dthapa/system3_qwem_omni_8_28/omni_thr_fit/bin/worker.sh: line 79: 104126 Terminated              bash "$THR_ROOT/bin/heartbeat.sh" "$UNIT"
/iopsstor/scratch/cscs/dthapa/system3_qwem_omni_8_28/omni_thr_fit/bin/worker.sh: line 79: 19543 Terminated              bash "$THR_ROOT/bin/heartbeat.sh" "$UNIT"
/iopsstor/scratch/cscs/dthapa/system3_qwem_omni_8_28/omni_thr_fit/bin/worker.sh: line 79: 128324 Terminated              bash "$THR_ROOT/bin/heartbeat.sh" "$UNIT"
/iopsstor/scratch/cscs/dthapa/system3_qwem_omni_8_28/omni_thr_fit/bin/worker.sh: line 79: 134451 Terminated              bash "$THR_ROOT/bin/heartbeat.sh" "$UNIT"
/iopsstor/scratch/cscs/dthapa/system3_qwem_omni_8_28/omni_thr_fit/bin/worker.sh: line 79: 142280 Terminated              bash "$THR_ROOT/bin/heartbeat.sh" "$UNIT"
/iopsstor/scratch/cscs/dthapa/system3_qwem_omni_8_28/omni_thr_fit/bin/worker.sh: line 79: 148821 Terminated              bash "$THR_ROOT/bin/heartbeat.sh" "$UNIT"
/iopsstor/scratch/cscs/dthapa/system3_qwem_omni_8_28/omni_thr_fit/bin/worker.sh: line 79: 154975 Terminated              bash "$THR_ROOT/bin/heartbeat.sh" "$UNIT"
/iopsstor/scratch/cscs/dthapa/system3_qwem_omni_8_28/omni_thr_fit/bin/worker.sh: line 79: 166863 Terminated              bash "$THR_ROOT/bin/heartbeat.sh" "$UNIT"
/iopsstor/scratch/cscs/dthapa/system3_qwem_omni_8_28/omni_thr_fit/bin/worker.sh: line 79: 172344 Terminated              bash "$THR_ROOT/bin/heartbeat.sh" "$UNIT"
/iopsstor/scratch/cscs/dthapa/system3_qwem_omni_8_28/omni_thr_fit/bin/worker.sh: line 79: 173777 Terminated              bash "$THR_ROOT/bin/heartbeat.sh" "$UNIT"
/iopsstor/scratch/cscs/dthapa/system3_qwem_omni_8_28/omni_thr_fit/bin/worker.sh: line 79: 175117 Terminated              bash "$THR_ROOT/bin/heartbeat.sh" "$UNIT"
/iopsstor/scratch/cscs/dthapa/system3_qwem_omni_8_28/omni_thr_fit/bin/worker.sh: line 79: 178312 Terminated              bash "$THR_ROOT/bin/heartbeat.sh" "$UNIT"
/iopsstor/scratch/cscs/dthapa/system3_qwem_omni_8_28/omni_thr_fit/bin/worker.sh: line 79: 189913 Terminated              bash "$THR_ROOT/bin/heartbeat.sh" "$UNIT"
/iopsstor/scratch/cscs/dthapa/system3_qwem_omni_8_28/omni_thr_fit/bin/worker.sh: line 79: 198887 Terminated              bash "$THR_ROOT/bin/heartbeat.sh" "$UNIT"
/iopsstor/scratch/cscs/dthapa/system3_qwem_omni_8_28/omni_thr_fit/bin/worker.sh: line 79: 203049 Terminated              bash "$THR_ROOT/bin/heartbeat.sh" "$UNIT"
/iopsstor/scratch/cscs/dthapa/system3_qwem_omni_8_28/omni_thr_fit/bin/worker.sh: line 79: 206804 Terminated              bash "$THR_ROOT/bin/heartbeat.sh" "$UNIT"
/iopsstor/scratch/cscs/dthapa/system3_qwem_omni_8_28/omni_thr_fit/bin/worker.sh: line 79: 208550 Terminated              bash "$THR_ROOT/bin/heartbeat.sh" "$UNIT"
/iopsstor/scratch/cscs/dthapa/system3_qwem_omni_8_28/omni_thr_fit/bin/worker.sh: line 79: 210304 Terminated              bash "$THR_ROOT/bin/heartbeat.sh" "$UNIT"
/iopsstor/scratch/cscs/dthapa/system3_qwem_omni_8_28/omni_thr_fit/bin/worker.sh: line 79: 217679 Terminated              bash "$THR_ROOT/bin/heartbeat.sh" "$UNIT"
/iopsstor/scratch/cscs/dthapa/system3_qwem_omni_8_28/omni_thr_fit/bin/worker.sh: line 79: 247233 Terminated              bash "$THR_ROOT/bin/heartbeat.sh" "$UNIT"
/iopsstor/scratch/cscs/dthapa/system3_qwem_omni_8_28/omni_thr_fit/bin/worker.sh: line 79:  9023 Terminated              bash "$THR_ROOT/bin/heartbeat.sh" "$UNIT"
/iopsstor/scratch/cscs/dthapa/system3_qwem_omni_8_28/omni_thr_fit/bin/worker.sh: line 79: 125835 Terminated              bash "$THR_ROOT/bin/heartbeat.sh" "$UNIT"
/iopsstor/scratch/cscs/dthapa/system3_qwem_omni_8_28/omni_thr_fit/bin/worker.sh: line 79: 127521 Terminated              bash "$THR_ROOT/bin/heartbeat.sh" "$UNIT"
/iopsstor/scratch/cscs/dthapa/system3_qwem_omni_8_28/omni_thr_fit/bin/worker.sh: line 79: 129633 Terminated              bash "$THR_ROOT/bin/heartbeat.sh" "$UNIT"
/iopsstor/scratch/cscs/dthapa/system3_qwem_omni_8_28/omni_thr_fit/bin/worker.sh: line 79: 132769 Terminated              bash "$THR_ROOT/bin/heartbeat.sh" "$UNIT"
/iopsstor/scratch/cscs/dthapa/system3_qwem_omni_8_28/omni_thr_fit/bin/worker.sh: line 79: 144704 Terminated              bash "$THR_ROOT/bin/heartbeat.sh" "$UNIT"
/iopsstor/scratch/cscs/dthapa/system3_qwem_omni_8_28/omni_thr_fit/bin/worker.sh: line 79: 153004 Terminated              bash "$THR_ROOT/bin/heartbeat.sh" "$UNIT"
/iopsstor/scratch/cscs/dthapa/system3_qwem_omni_8_28/omni_thr_fit/bin/worker.sh: line 79: 156358 Terminated              bash "$THR_ROOT/bin/heartbeat.sh" "$UNIT"
/iopsstor/scratch/cscs/dthapa/system3_qwem_omni_8_28/omni_thr_fit/bin/worker.sh: line 79: 159751 Terminated              bash "$THR_ROOT/bin/heartbeat.sh" "$UNIT"
/iopsstor/scratch/cscs/dthapa/system3_qwem_omni_8_28/omni_thr_fit/bin/worker.sh: line 79: 161802 Terminated              bash "$THR_ROOT/bin/heartbeat.sh" "$UNIT"
/iopsstor/scratch/cscs/dthapa/system3_qwem_omni_8_28/omni_thr_fit/bin/worker.sh: line 79: 164381 Terminated              bash "$THR_ROOT/bin/heartbeat.sh" "$UNIT"
/iopsstor/scratch/cscs/dthapa/system3_qwem_omni_8_28/omni_thr_fit/bin/worker.sh: line 79: 166419 Terminated              bash "$THR_ROOT/bin/heartbeat.sh" "$UNIT"
/iopsstor/scratch/cscs/dthapa/system3_qwem_omni_8_28/omni_thr_fit/bin/worker.sh: line 79: 168537 Terminated              bash "$THR_ROOT/bin/heartbeat.sh" "$UNIT"
/iopsstor/scratch/cscs/dthapa/system3_qwem_omni_8_28/omni_thr_fit/bin/worker.sh: line 79: 170815 Terminated              bash "$THR_ROOT/bin/heartbeat.sh" "$UNIT"
/iopsstor/scratch/cscs/dthapa/system3_qwem_omni_8_28/omni_thr_fit/bin/worker.sh: line 79: 190415 Terminated              bash "$THR_ROOT/bin/heartbeat.sh" "$UNIT"
/iopsstor/scratch/cscs/dthapa/system3_qwem_omni_8_28/omni_thr_fit/bin/worker.sh: line 79:  5500 Terminated              bash "$THR_ROOT/bin/heartbeat.sh" "$UNIT"
/iopsstor/scratch/cscs/dthapa/system3_qwem_omni_8_28/omni_thr_fit/bin/worker.sh: line 79: 12476 Terminated              bash "$THR_ROOT/bin/heartbeat.sh" "$UNIT"
/iopsstor/scratch/cscs/dthapa/system3_qwem_omni_8_28/omni_thr_fit/bin/worker.sh: line 79: 21297 Terminated              bash "$THR_ROOT/bin/heartbeat.sh" "$UNIT"
/iopsstor/scratch/cscs/dthapa/system3_qwem_omni_8_28/omni_thr_fit/bin/worker.sh: line 79: 29540 Terminated              bash "$THR_ROOT/bin/heartbeat.sh" "$UNIT"
/iopsstor/scratch/cscs/dthapa/system3_qwem_omni_8_28/omni_thr_fit/bin/worker.sh: line 79: 32015 Terminated              bash "$THR_ROOT/bin/heartbeat.sh" "$UNIT"
/iopsstor/scratch/cscs/dthapa/system3_qwem_omni_8_28/omni_thr_fit/bin/worker.sh: line 79: 34605 Terminated              bash "$THR_ROOT/bin/heartbeat.sh" "$UNIT"
/iopsstor/scratch/cscs/dthapa/system3_qwem_omni_8_28/omni_thr_fit/bin/worker.sh: line 79: 51302 Terminated              bash "$THR_ROOT/bin/heartbeat.sh" "$UNIT"
/iopsstor/scratch/cscs/dthapa/system3_qwem_omni_8_28/omni_thr_fit/bin/worker.sh: line 79: 82885 Terminated              bash "$THR_ROOT/bin/heartbeat.sh" "$UNIT"
/iopsstor/scratch/cscs/dthapa/system3_qwem_omni_8_28/omni_thr_fit/bin/worker.sh: line 79: 96906 Terminated              bash "$THR_ROOT/bin/heartbeat.sh" "$UNIT"
/iopsstor/scratch/cscs/dthapa/system3_qwem_omni_8_28/omni_thr_fit/bin/worker.sh: line 79: 98506 Terminated              bash "$THR_ROOT/bin/heartbeat.sh" "$UNIT"
/iopsstor/scratch/cscs/dthapa/system3_qwem_omni_8_28/omni_thr_fit/bin/worker.sh: line 79: 105463 Terminated              bash "$THR_ROOT/bin/heartbeat.sh" "$UNIT"
/iopsstor/scratch/cscs/dthapa/system3_qwem_omni_8_28/omni_thr_fit/bin/worker.sh: line 79: 114110 Terminated              bash "$THR_ROOT/bin/heartbeat.sh" "$UNIT"
/iopsstor/scratch/cscs/dthapa/system3_qwem_omni_8_28/omni_thr_fit/bin/worker.sh: line 79: 124358 Terminated              bash "$THR_ROOT/bin/heartbeat.sh" "$UNIT"
/iopsstor/scratch/cscs/dthapa/system3_qwem_omni_8_28/omni_thr_fit/bin/worker.sh: line 79: 130324 Terminated              bash "$THR_ROOT/bin/heartbeat.sh" "$UNIT"
/iopsstor/scratch/cscs/dthapa/system3_qwem_omni_8_28/omni_thr_fit/bin/worker.sh: line 79: 132689 Terminated              bash "$THR_ROOT/bin/heartbeat.sh" "$UNIT"
/iopsstor/scratch/cscs/dthapa/system3_qwem_omni_8_28/omni_thr_fit/bin/worker.sh: line 79: 135741 Terminated              bash "$THR_ROOT/bin/heartbeat.sh" "$UNIT"
/iopsstor/scratch/cscs/dthapa/system3_qwem_omni_8_28/omni_thr_fit/bin/worker.sh: line 79: 145195 Terminated              bash "$THR_ROOT/bin/heartbeat.sh" "$UNIT"
/iopsstor/scratch/cscs/dthapa/system3_qwem_omni_8_28/omni_thr_fit/bin/worker.sh: line 79: 151989 Terminated              bash "$THR_ROOT/bin/heartbeat.sh" "$UNIT"
/iopsstor/scratch/cscs/dthapa/system3_qwem_omni_8_28/omni_thr_fit/bin/worker.sh: line 79: 154740 Terminated              bash "$THR_ROOT/bin/heartbeat.sh" "$UNIT"
/iopsstor/scratch/cscs/dthapa/system3_qwem_omni_8_28/omni_thr_fit/bin/worker.sh: line 79: 165346 Terminated              bash "$THR_ROOT/bin/heartbeat.sh" "$UNIT"
/iopsstor/scratch/cscs/dthapa/system3_qwem_omni_8_28/omni_thr_fit/bin/worker.sh: line 79: 174343 Terminated              bash "$THR_ROOT/bin/heartbeat.sh" "$UNIT"
/iopsstor/scratch/cscs/dthapa/system3_qwem_omni_8_28/omni_thr_fit/bin/worker.sh: line 79: 179492 Terminated              bash "$THR_ROOT/bin/heartbeat.sh" "$UNIT"
/iopsstor/scratch/cscs/dthapa/system3_qwem_omni_8_28/omni_thr_fit/bin/worker.sh: line 79: 183333 Terminated              bash "$THR_ROOT/bin/heartbeat.sh" "$UNIT"
/iopsstor/scratch/cscs/dthapa/system3_qwem_omni_8_28/omni_thr_fit/bin/worker.sh: line 79: 193400 Terminated              bash "$THR_ROOT/bin/heartbeat.sh" "$UNIT"
/iopsstor/scratch/cscs/dthapa/system3_qwem_omni_8_28/omni_thr_fit/bin/worker.sh: line 79: 212635 Terminated              bash "$THR_ROOT/bin/heartbeat.sh" "$UNIT"
/iopsstor/scratch/cscs/dthapa/system3_qwem_omni_8_28/omni_thr_fit/bin/worker.sh: line 79: 235670 Terminated              bash "$THR_ROOT/bin/heartbeat.sh" "$UNIT"
/iopsstor/scratch/cscs/dthapa/system3_qwem_omni_8_28/omni_thr_fit/bin/worker.sh: line 79: 252893 Terminated              bash "$THR_ROOT/bin/heartbeat.sh" "$UNIT"
/iopsstor/scratch/cscs/dthapa/system3_qwem_omni_8_28/omni_thr_fit/bin/worker.sh: line 79:  5123 Terminated              bash "$THR_ROOT/bin/heartbeat.sh" "$UNIT"
/iopsstor/scratch/cscs/dthapa/system3_qwem_omni_8_28/omni_thr_fit/bin/worker.sh: line 79: 33454 Terminated              bash "$THR_ROOT/bin/heartbeat.sh" "$UNIT"
/iopsstor/scratch/cscs/dthapa/system3_qwem_omni_8_28/omni_thr_fit/bin/worker.sh: line 79: 212575 Terminated              bash "$THR_ROOT/bin/heartbeat.sh" "$UNIT"
/iopsstor/scratch/cscs/dthapa/system3_qwem_omni_8_28/omni_thr_fit/bin/worker.sh: line 79: 289880 Terminated              bash "$THR_ROOT/bin/heartbeat.sh" "$UNIT"
/iopsstor/scratch/cscs/dthapa/system3_qwem_omni_8_28/omni_thr_fit/bin/worker.sh: line 79: 32550 Terminated              bash "$THR_ROOT/bin/heartbeat.sh" "$UNIT"
/iopsstor/scratch/cscs/dthapa/system3_qwem_omni_8_28/omni_thr_fit/bin/worker.sh: line 79: 56589 Terminated              bash "$THR_ROOT/bin/heartbeat.sh" "$UNIT"
/iopsstor/scratch/cscs/dthapa/system3_qwem_omni_8_28/omni_thr_fit/bin/worker.sh: line 79: 109661 Terminated              bash "$THR_ROOT/bin/heartbeat.sh" "$UNIT"
/iopsstor/scratch/cscs/dthapa/system3_qwem_omni_8_28/omni_thr_fit/bin/worker.sh: line 79: 120260 Terminated              bash "$THR_ROOT/bin/heartbeat.sh" "$UNIT"
/iopsstor/scratch/cscs/dthapa/system3_qwem_omni_8_28/omni_thr_fit/bin/worker.sh: line 79: 192532 Terminated              bash "$THR_ROOT/bin/heartbeat.sh" "$UNIT"
/iopsstor/scratch/cscs/dthapa/system3_qwem_omni_8_28/omni_thr_fit/bin/worker.sh: line 79: 210214 Terminated              bash "$THR_ROOT/bin/heartbeat.sh" "$UNIT"
/iopsstor/scratch/cscs/dthapa/system3_qwem_omni_8_28/omni_thr_fit/bin/worker.sh: line 79: 213013 Terminated              bash "$THR_ROOT/bin/heartbeat.sh" "$UNIT"
/iopsstor/scratch/cscs/dthapa/system3_qwem_omni_8_28/omni_thr_fit/bin/worker.sh: line 79: 215991 Terminated              bash "$THR_ROOT/bin/heartbeat.sh" "$UNIT"
/iopsstor/scratch/cscs/dthapa/system3_qwem_omni_8_28/omni_thr_fit/bin/worker.sh: line 79: 218721 Terminated              bash "$THR_ROOT/bin/heartbeat.sh" "$UNIT"
/iopsstor/scratch/cscs/dthapa/system3_qwem_omni_8_28/omni_thr_fit/bin/worker.sh: line 79: 225662 Terminated              bash "$THR_ROOT/bin/heartbeat.sh" "$UNIT"
/iopsstor/scratch/cscs/dthapa/system3_qwem_omni_8_28/omni_thr_fit/bin/worker.sh: line 79: 263566 Terminated              bash "$THR_ROOT/bin/heartbeat.sh" "$UNIT"
/iopsstor/scratch/cscs/dthapa/system3_qwem_omni_8_28/omni_thr_fit/bin/worker.sh: line 79: 288383 Terminated              bash "$THR_ROOT/bin/heartbeat.sh" "$UNIT"
/iopsstor/scratch/cscs/dthapa/system3_qwem_omni_8_28/omni_thr_fit/bin/worker.sh: line 79:   644 Terminated              bash "$THR_ROOT/bin/heartbeat.sh" "$UNIT"
/iopsstor/scratch/cscs/dthapa/system3_qwem_omni_8_28/omni_thr_fit/bin/worker.sh: line 79:  8040 Terminated              bash "$THR_ROOT/bin/heartbeat.sh" "$UNIT"
/iopsstor/scratch/cscs/dthapa/system3_qwem_omni_8_28/omni_thr_fit/bin/worker.sh: line 79: 41324 Terminated              bash "$THR_ROOT/bin/heartbeat.sh" "$UNIT"
/iopsstor/scratch/cscs/dthapa/system3_qwem_omni_8_28/omni_thr_fit/bin/worker.sh: line 79: 65314 Terminated              bash "$THR_ROOT/bin/heartbeat.sh" "$UNIT"
/iopsstor/scratch/cscs/dthapa/system3_qwem_omni_8_28/omni_thr_fit/bin/worker.sh: line 79: 88686 Terminated              bash "$THR_ROOT/bin/heartbeat.sh" "$UNIT"
/iopsstor/scratch/cscs/dthapa/system3_qwem_omni_8_28/omni_thr_fit/bin/worker.sh: line 79: 99001 Terminated              bash "$THR_ROOT/bin/heartbeat.sh" "$UNIT"
/iopsstor/scratch/cscs/dthapa/system3_qwem_omni_8_28/omni_thr_fit/bin/worker.sh: line 79: 178579 Terminated              bash "$THR_ROOT/bin/heartbeat.sh" "$UNIT"
/iopsstor/scratch/cscs/dthapa/system3_qwem_omni_8_28/omni_thr_fit/bin/worker.sh: line 79: 205369 Terminated              bash "$THR_ROOT/bin/heartbeat.sh" "$UNIT"
/iopsstor/scratch/cscs/dthapa/system3_qwem_omni_8_28/omni_thr_fit/bin/worker.sh: line 79: 235738 Terminated              bash "$THR_ROOT/bin/heartbeat.sh" "$UNIT"
/iopsstor/scratch/cscs/dthapa/system3_qwem_omni_8_28/omni_thr_fit/bin/worker.sh: line 79: 244788 Terminated              bash "$THR_ROOT/bin/heartbeat.sh" "$UNIT"
/iopsstor/scratch/cscs/dthapa/system3_qwem_omni_8_28/omni_thr_fit/bin/worker.sh: line 79: 250897 Terminated              bash "$THR_ROOT/bin/heartbeat.sh" "$UNIT"
/iopsstor/scratch/cscs/dthapa/system3_qwem_omni_8_28/omni_thr_fit/bin/worker.sh: line 79: 254347 Terminated              bash "$THR_ROOT/bin/heartbeat.sh" "$UNIT"
/iopsstor/scratch/cscs/dthapa/system3_qwem_omni_8_28/omni_thr_fit/bin/worker.sh: line 79: 259709 Terminated              bash "$THR_ROOT/bin/heartbeat.sh" "$UNIT"
/iopsstor/scratch/cscs/dthapa/system3_qwem_omni_8_28/omni_thr_fit/bin/worker.sh: line 79: 13598 Terminated              bash "$THR_ROOT/bin/heartbeat.sh" "$UNIT"
/iopsstor/scratch/cscs/dthapa/system3_qwem_omni_8_28/omni_thr_fit/bin/worker.sh: line 79: 17477 Terminated              bash "$THR_ROOT/bin/heartbeat.sh" "$UNIT"
/iopsstor/scratch/cscs/dthapa/system3_qwem_omni_8_28/omni_thr_fit/bin/worker.sh: line 79: 27198 Terminated              bash "$THR_ROOT/bin/heartbeat.sh" "$UNIT"
/iopsstor/scratch/cscs/dthapa/system3_qwem_omni_8_28/omni_thr_fit/bin/worker.sh: line 79: 33603 Terminated              bash "$THR_ROOT/bin/heartbeat.sh" "$UNIT"
/iopsstor/scratch/cscs/dthapa/system3_qwem_omni_8_28/omni_thr_fit/bin/worker.sh: line 79: 37852 Terminated              bash "$THR_ROOT/bin/heartbeat.sh" "$UNIT"
/iopsstor/scratch/cscs/dthapa/system3_qwem_omni_8_28/omni_thr_fit/bin/worker.sh: line 79: 42281 Terminated              bash "$THR_ROOT/bin/heartbeat.sh" "$UNIT"
/iopsstor/scratch/cscs/dthapa/system3_qwem_omni_8_28/omni_thr_fit/bin/worker.sh: line 79: 47210 Terminated              bash "$THR_ROOT/bin/heartbeat.sh" "$UNIT"
/iopsstor/scratch/cscs/dthapa/system3_qwem_omni_8_28/omni_thr_fit/bin/worker.sh: line 79: 98827 Terminated              bash "$THR_ROOT/bin/heartbeat.sh" "$UNIT"
/iopsstor/scratch/cscs/dthapa/system3_qwem_omni_8_28/omni_thr_fit/bin/worker.sh: line 79: 106554 Terminated              bash "$THR_ROOT/bin/heartbeat.sh" "$UNIT"
/iopsstor/scratch/cscs/dthapa/system3_qwem_omni_8_28/omni_thr_fit/bin/worker.sh: line 79: 113296 Terminated              bash "$THR_ROOT/bin/heartbeat.sh" "$UNIT"
/iopsstor/scratch/cscs/dthapa/system3_qwem_omni_8_28/omni_thr_fit/bin/worker.sh: line 79: 117886 Terminated              bash "$THR_ROOT/bin/heartbeat.sh" "$UNIT"
/iopsstor/scratch/cscs/dthapa/system3_qwem_omni_8_28/omni_thr_fit/bin/worker.sh: line 79: 122445 Terminated              bash "$THR_ROOT/bin/heartbeat.sh" "$UNIT"
/iopsstor/scratch/cscs/dthapa/system3_qwem_omni_8_28/omni_thr_fit/bin/worker.sh: line 79: 135006 Terminated              bash "$THR_ROOT/bin/heartbeat.sh" "$UNIT"
/iopsstor/scratch/cscs/dthapa/system3_qwem_omni_8_28/omni_thr_fit/bin/worker.sh: line 79: 190409 Terminated              bash "$THR_ROOT/bin/heartbeat.sh" "$UNIT"
/iopsstor/scratch/cscs/dthapa/system3_qwem_omni_8_28/omni_thr_fit/bin/worker.sh: line 79: 237355 Terminated              bash "$THR_ROOT/bin/heartbeat.sh" "$UNIT"
/iopsstor/scratch/cscs/dthapa/system3_qwem_omni_8_28/omni_thr_fit/bin/worker.sh: line 79: 243336 Terminated              bash "$THR_ROOT/bin/heartbeat.sh" "$UNIT"
/iopsstor/scratch/cscs/dthapa/system3_qwem_omni_8_28/omni_thr_fit/bin/worker.sh: line 79: 249680 Terminated              bash "$THR_ROOT/bin/heartbeat.sh" "$UNIT"
/iopsstor/scratch/cscs/dthapa/system3_qwem_omni_8_28/omni_thr_fit/bin/worker.sh: line 79: 259873 Terminated              bash "$THR_ROOT/bin/heartbeat.sh" "$UNIT"
/iopsstor/scratch/cscs/dthapa/system3_qwem_omni_8_28/omni_thr_fit/bin/worker.sh: line 79: 272808 Terminated              bash "$THR_ROOT/bin/heartbeat.sh" "$UNIT"
/iopsstor/scratch/cscs/dthapa/system3_qwem_omni_8_28/omni_thr_fit/bin/worker.sh: line 79: 283087 Terminated              bash "$THR_ROOT/bin/heartbeat.sh" "$UNIT"
/iopsstor/scratch/cscs/dthapa/system3_qwem_omni_8_28/omni_thr_fit/bin/worker.sh: line 79:  6940 Terminated              bash "$THR_ROOT/bin/heartbeat.sh" "$UNIT"
/iopsstor/scratch/cscs/dthapa/system3_qwem_omni_8_28/omni_thr_fit/bin/worker.sh: line 79: 20960 Terminated              bash "$THR_ROOT/bin/heartbeat.sh" "$UNIT"
/iopsstor/scratch/cscs/dthapa/system3_qwem_omni_8_28/omni_thr_fit/bin/worker.sh: line 79: 31659 Terminated              bash "$THR_ROOT/bin/heartbeat.sh" "$UNIT"
/iopsstor/scratch/cscs/dthapa/system3_qwem_omni_8_28/omni_thr_fit/bin/worker.sh: line 79: 38732 Terminated              bash "$THR_ROOT/bin/heartbeat.sh" "$UNIT"
/iopsstor/scratch/cscs/dthapa/system3_qwem_omni_8_28/omni_thr_fit/bin/worker.sh: line 79: 44938 Terminated              bash "$THR_ROOT/bin/heartbeat.sh" "$UNIT"
/iopsstor/scratch/cscs/dthapa/system3_qwem_omni_8_28/omni_thr_fit/bin/worker.sh: line 79: 61903 Terminated              bash "$THR_ROOT/bin/heartbeat.sh" "$UNIT"
/iopsstor/scratch/cscs/dthapa/system3_qwem_omni_8_28/omni_thr_fit/bin/worker.sh: line 79: 94856 Terminated              bash "$THR_ROOT/bin/heartbeat.sh" "$UNIT"
/iopsstor/scratch/cscs/dthapa/system3_qwem_omni_8_28/omni_thr_fit/bin/worker.sh: line 79: 189280 Terminated              bash "$THR_ROOT/bin/heartbeat.sh" "$UNIT"
/iopsstor/scratch/cscs/dthapa/system3_qwem_omni_8_28/omni_thr_fit/bin/worker.sh: line 79: 241174 Terminated              bash "$THR_ROOT/bin/heartbeat.sh" "$UNIT"
/iopsstor/scratch/cscs/dthapa/system3_qwem_omni_8_28/omni_thr_fit/bin/worker.sh: line 79: 13183 Terminated              bash "$THR_ROOT/bin/heartbeat.sh" "$UNIT"
/iopsstor/scratch/cscs/dthapa/system3_qwem_omni_8_28/omni_thr_fit/bin/worker.sh: line 79: 16722 Terminated              bash "$THR_ROOT/bin/heartbeat.sh" "$UNIT"
/iopsstor/scratch/cscs/dthapa/system3_qwem_omni_8_28/omni_thr_fit/bin/worker.sh: line 79: 33619 Terminated              bash "$THR_ROOT/bin/heartbeat.sh" "$UNIT"
/iopsstor/scratch/cscs/dthapa/system3_qwem_omni_8_28/omni_thr_fit/bin/worker.sh: line 79: 38494 Terminated              bash "$THR_ROOT/bin/heartbeat.sh" "$UNIT"
/iopsstor/scratch/cscs/dthapa/system3_qwem_omni_8_28/omni_thr_fit/bin/worker.sh: line 79: 42810 Terminated              bash "$THR_ROOT/bin/heartbeat.sh" "$UNIT"
/iopsstor/scratch/cscs/dthapa/system3_qwem_omni_8_28/omni_thr_fit/bin/worker.sh: line 79: 45322 Terminated              bash "$THR_ROOT/bin/heartbeat.sh" "$UNIT"
/iopsstor/scratch/cscs/dthapa/system3_qwem_omni_8_28/omni_thr_fit/bin/worker.sh: line 79: 54182 Terminated              bash "$THR_ROOT/bin/heartbeat.sh" "$UNIT"
/iopsstor/scratch/cscs/dthapa/system3_qwem_omni_8_28/omni_thr_fit/bin/worker.sh: line 79: 95585 Terminated              bash "$THR_ROOT/bin/heartbeat.sh" "$UNIT"
/iopsstor/scratch/cscs/dthapa/system3_qwem_omni_8_28/omni_thr_fit/bin/worker.sh: line 79: 102206 Terminated              bash "$THR_ROOT/bin/heartbeat.sh" "$UNIT"
/iopsstor/scratch/cscs/dthapa/system3_qwem_omni_8_28/omni_thr_fit/bin/worker.sh: line 79: 110129 Terminated              bash "$THR_ROOT/bin/heartbeat.sh" "$UNIT"
/iopsstor/scratch/cscs/dthapa/system3_qwem_omni_8_28/omni_thr_fit/bin/worker.sh: line 79: 121153 Terminated              bash "$THR_ROOT/bin/heartbeat.sh" "$UNIT"
/iopsstor/scratch/cscs/dthapa/system3_qwem_omni_8_28/omni_thr_fit/bin/worker.sh: line 79: 127587 Terminated              bash "$THR_ROOT/bin/heartbeat.sh" "$UNIT"
/iopsstor/scratch/cscs/dthapa/system3_qwem_omni_8_28/omni_thr_fit/bin/worker.sh: line 79: 132328 Terminated              bash "$THR_ROOT/bin/heartbeat.sh" "$UNIT"
/iopsstor/scratch/cscs/dthapa/system3_qwem_omni_8_28/omni_thr_fit/bin/worker.sh: line 79: 143324 Terminated              bash "$THR_ROOT/bin/heartbeat.sh" "$UNIT"
/iopsstor/scratch/cscs/dthapa/system3_qwem_omni_8_28/omni_thr_fit/bin/worker.sh: line 79: 147572 Terminated              bash "$THR_ROOT/bin/heartbeat.sh" "$UNIT"
/iopsstor/scratch/cscs/dthapa/system3_qwem_omni_8_28/omni_thr_fit/bin/worker.sh: line 79: 151885 Terminated              bash "$THR_ROOT/bin/heartbeat.sh" "$UNIT"
/iopsstor/scratch/cscs/dthapa/system3_qwem_omni_8_28/omni_thr_fit/bin/worker.sh: line 79: 153799 Terminated              bash "$THR_ROOT/bin/heartbeat.sh" "$UNIT"
/iopsstor/scratch/cscs/dthapa/system3_qwem_omni_8_28/omni_thr_fit/bin/worker.sh: line 79: 155990 Terminated              bash "$THR_ROOT/bin/heartbeat.sh" "$UNIT"
/iopsstor/scratch/cscs/dthapa/system3_qwem_omni_8_28/omni_thr_fit/bin/worker.sh: line 79: 165584 Terminated              bash "$THR_ROOT/bin/heartbeat.sh" "$UNIT"
/iopsstor/scratch/cscs/dthapa/system3_qwem_omni_8_28/omni_thr_fit/bin/worker.sh: line 79: 173922 Terminated              bash "$THR_ROOT/bin/heartbeat.sh" "$UNIT"
/iopsstor/scratch/cscs/dthapa/system3_qwem_omni_8_28/omni_thr_fit/bin/worker.sh: line 79: 219623 Terminated              bash "$THR_ROOT/bin/heartbeat.sh" "$UNIT"
/iopsstor/scratch/cscs/dthapa/system3_qwem_omni_8_28/omni_thr_fit/bin/worker.sh: line 79: 243055 Terminated              bash "$THR_ROOT/bin/heartbeat.sh" "$UNIT"
/iopsstor/scratch/cscs/dthapa/system3_qwem_omni_8_28/omni_thr_fit/bin/worker.sh: line 79: 246060 Terminated              bash "$THR_ROOT/bin/heartbeat.sh" "$UNIT"
/iopsstor/scratch/cscs/dthapa/system3_qwem_omni_8_28/omni_thr_fit/bin/worker.sh: line 79: 248615 Terminated              bash "$THR_ROOT/bin/heartbeat.sh" "$UNIT"
/iopsstor/scratch/cscs/dthapa/system3_qwem_omni_8_28/omni_thr_fit/bin/worker.sh: line 79: 255973 Terminated              bash "$THR_ROOT/bin/heartbeat.sh" "$UNIT"
/iopsstor/scratch/cscs/dthapa/system3_qwem_omni_8_28/omni_thr_fit/bin/worker.sh: line 79: 264623 Terminated              bash "$THR_ROOT/bin/heartbeat.sh" "$UNIT"
/iopsstor/scratch/cscs/dthapa/system3_qwem_omni_8_28/omni_thr_fit/bin/worker.sh: line 79: 275546 Terminated              bash "$THR_ROOT/bin/heartbeat.sh" "$UNIT"
/iopsstor/scratch/cscs/dthapa/system3_qwem_omni_8_28/omni_thr_fit/bin/worker.sh: line 79: 279421 Terminated              bash "$THR_ROOT/bin/heartbeat.sh" "$UNIT"
/iopsstor/scratch/cscs/dthapa/system3_qwem_omni_8_28/omni_thr_fit/bin/worker.sh: line 79: 284416 Terminated              bash "$THR_ROOT/bin/heartbeat.sh" "$UNIT"
/iopsstor/scratch/cscs/dthapa/system3_qwem_omni_8_28/omni_thr_fit/bin/worker.sh: line 79: 52880 Terminated              bash "$THR_ROOT/bin/heartbeat.sh" "$UNIT"
/iopsstor/scratch/cscs/dthapa/system3_qwem_omni_8_28/omni_thr_fit/bin/worker.sh: line 79: 126120 Terminated              bash "$THR_ROOT/bin/heartbeat.sh" "$UNIT"
/iopsstor/scratch/cscs/dthapa/system3_qwem_omni_8_28/omni_thr_fit/bin/worker.sh: line 79: 198107 Terminated              bash "$THR_ROOT/bin/heartbeat.sh" "$UNIT"
/iopsstor/scratch/cscs/dthapa/system3_qwem_omni_8_28/omni_thr_fit/bin/worker.sh: line 79: 267137 Terminated              bash "$THR_ROOT/bin/heartbeat.sh" "$UNIT"
/iopsstor/scratch/cscs/dthapa/system3_qwem_omni_8_28/omni_thr_fit/bin/worker.sh: line 79: 57990 Terminated              bash "$THR_ROOT/bin/heartbeat.sh" "$UNIT"
/iopsstor/scratch/cscs/dthapa/system3_qwem_omni_8_28/omni_thr_fit/bin/worker.sh: line 79: 123720 Terminated              bash "$THR_ROOT/bin/heartbeat.sh" "$UNIT"
/iopsstor/scratch/cscs/dthapa/system3_qwem_omni_8_28/omni_thr_fit/bin/worker.sh: line 79: 187630 Terminated              bash "$THR_ROOT/bin/heartbeat.sh" "$UNIT"
/iopsstor/scratch/cscs/dthapa/system3_qwem_omni_8_28/omni_thr_fit/bin/worker.sh: line 79: 265771 Terminated              bash "$THR_ROOT/bin/heartbeat.sh" "$UNIT"
/iopsstor/scratch/cscs/dthapa/system3_qwem_omni_8_28/omni_thr_fit/bin/worker.sh: line 79: 27176 Terminated              bash "$THR_ROOT/bin/heartbeat.sh" "$UNIT"
/iopsstor/scratch/cscs/dthapa/system3_qwem_omni_8_28/omni_thr_fit/bin/worker.sh: line 79: 29963 Terminated              bash "$THR_ROOT/bin/heartbeat.sh" "$UNIT"
/iopsstor/scratch/cscs/dthapa/system3_qwem_omni_8_28/omni_thr_fit/bin/worker.sh: line 79: 36452 Terminated              bash "$THR_ROOT/bin/heartbeat.sh" "$UNIT"
/iopsstor/scratch/cscs/dthapa/system3_qwem_omni_8_28/omni_thr_fit/bin/worker.sh: line 79: 42429 Terminated              bash "$THR_ROOT/bin/heartbeat.sh" "$UNIT"
/iopsstor/scratch/cscs/dthapa/system3_qwem_omni_8_28/omni_thr_fit/bin/worker.sh: line 79: 45774 Terminated              bash "$THR_ROOT/bin/heartbeat.sh" "$UNIT"
/iopsstor/scratch/cscs/dthapa/system3_qwem_omni_8_28/omni_thr_fit/bin/worker.sh: line 79: 48839 Terminated              bash "$THR_ROOT/bin/heartbeat.sh" "$UNIT"
/iopsstor/scratch/cscs/dthapa/system3_qwem_omni_8_28/omni_thr_fit/bin/worker.sh: line 79: 53181 Terminated              bash "$THR_ROOT/bin/heartbeat.sh" "$UNIT"
/iopsstor/scratch/cscs/dthapa/system3_qwem_omni_8_28/omni_thr_fit/bin/worker.sh: line 79: 83750 Terminated              bash "$THR_ROOT/bin/heartbeat.sh" "$UNIT"
/iopsstor/scratch/cscs/dthapa/system3_qwem_omni_8_28/omni_thr_fit/bin/worker.sh: line 79: 131607 Terminated              bash "$THR_ROOT/bin/heartbeat.sh" "$UNIT"
/iopsstor/scratch/cscs/dthapa/system3_qwem_omni_8_28/omni_thr_fit/bin/worker.sh: line 79: 156053 Terminated              bash "$THR_ROOT/bin/heartbeat.sh" "$UNIT"
/iopsstor/scratch/cscs/dthapa/system3_qwem_omni_8_28/omni_thr_fit/bin/worker.sh: line 79: 183833 Terminated              bash "$THR_ROOT/bin/heartbeat.sh" "$UNIT"
/iopsstor/scratch/cscs/dthapa/system3_qwem_omni_8_28/omni_thr_fit/bin/worker.sh: line 79: 186422 Terminated              bash "$THR_ROOT/bin/heartbeat.sh" "$UNIT"
/iopsstor/scratch/cscs/dthapa/system3_qwem_omni_8_28/omni_thr_fit/bin/worker.sh: line 79: 212953 Terminated              bash "$THR_ROOT/bin/heartbeat.sh" "$UNIT"
/iopsstor/scratch/cscs/dthapa/system3_qwem_omni_8_28/omni_thr_fit/bin/worker.sh: line 79: 226120 Terminated              bash "$THR_ROOT/bin/heartbeat.sh" "$UNIT"
/iopsstor/scratch/cscs/dthapa/system3_qwem_omni_8_28/omni_thr_fit/bin/worker.sh: line 79: 233321 Terminated              bash "$THR_ROOT/bin/heartbeat.sh" "$UNIT"
/iopsstor/scratch/cscs/dthapa/system3_qwem_omni_8_28/omni_thr_fit/bin/worker.sh: line 79: 238544 Terminated              bash "$THR_ROOT/bin/heartbeat.sh" "$UNIT"
/iopsstor/scratch/cscs/dthapa/system3_qwem_omni_8_28/omni_thr_fit/bin/worker.sh: line 79: 252582 Terminated              bash "$THR_ROOT/bin/heartbeat.sh" "$UNIT"
/iopsstor/scratch/cscs/dthapa/system3_qwem_omni_8_28/omni_thr_fit/bin/worker.sh: line 79: 258955 Terminated              bash "$THR_ROOT/bin/heartbeat.sh" "$UNIT"
/iopsstor/scratch/cscs/dthapa/system3_qwem_omni_8_28/omni_thr_fit/bin/worker.sh: line 79: 264370 Terminated              bash "$THR_ROOT/bin/heartbeat.sh" "$UNIT"
/iopsstor/scratch/cscs/dthapa/system3_qwem_omni_8_28/omni_thr_fit/bin/worker.sh: line 79: 279504 Terminated              bash "$THR_ROOT/bin/heartbeat.sh" "$UNIT"
/iopsstor/scratch/cscs/dthapa/system3_qwem_omni_8_28/omni_thr_fit/bin/worker.sh: line 79: 55972 Terminated              bash "$THR_ROOT/bin/heartbeat.sh" "$UNIT"
/iopsstor/scratch/cscs/dthapa/system3_qwem_omni_8_28/omni_thr_fit/bin/worker.sh: line 79: 80905 Terminated              bash "$THR_ROOT/bin/heartbeat.sh" "$UNIT"
/iopsstor/scratch/cscs/dthapa/system3_qwem_omni_8_28/omni_thr_fit/bin/worker.sh: line 79: 87000 Terminated              bash "$THR_ROOT/bin/heartbeat.sh" "$UNIT"
/iopsstor/scratch/cscs/dthapa/system3_qwem_omni_8_28/omni_thr_fit/bin/worker.sh: line 79: 88481 Terminated              bash "$THR_ROOT/bin/heartbeat.sh" "$UNIT"
/iopsstor/scratch/cscs/dthapa/system3_qwem_omni_8_28/omni_thr_fit/bin/worker.sh: line 79: 92881 Terminated              bash "$THR_ROOT/bin/heartbeat.sh" "$UNIT"
/iopsstor/scratch/cscs/dthapa/system3_qwem_omni_8_28/omni_thr_fit/bin/worker.sh: line 79: 95396 Terminated              bash "$THR_ROOT/bin/heartbeat.sh" "$UNIT"
/iopsstor/scratch/cscs/dthapa/system3_qwem_omni_8_28/omni_thr_fit/bin/worker.sh: line 79: 103274 Terminated              bash "$THR_ROOT/bin/heartbeat.sh" "$UNIT"
/iopsstor/scratch/cscs/dthapa/system3_qwem_omni_8_28/omni_thr_fit/bin/worker.sh: line 79: 109969 Terminated              bash "$THR_ROOT/bin/heartbeat.sh" "$UNIT"
/iopsstor/scratch/cscs/dthapa/system3_qwem_omni_8_28/omni_thr_fit/bin/worker.sh: line 79: 118338 Terminated              bash "$THR_ROOT/bin/heartbeat.sh" "$UNIT"
/iopsstor/scratch/cscs/dthapa/system3_qwem_omni_8_28/omni_thr_fit/bin/worker.sh: line 79: 121920 Terminated              bash "$THR_ROOT/bin/heartbeat.sh" "$UNIT"
/iopsstor/scratch/cscs/dthapa/system3_qwem_omni_8_28/omni_thr_fit/bin/worker.sh: line 79: 128376 Terminated              bash "$THR_ROOT/bin/heartbeat.sh" "$UNIT"
/iopsstor/scratch/cscs/dthapa/system3_qwem_omni_8_28/omni_thr_fit/bin/worker.sh: line 79: 138913 Terminated              bash "$THR_ROOT/bin/heartbeat.sh" "$UNIT"
/iopsstor/scratch/cscs/dthapa/system3_qwem_omni_8_28/omni_thr_fit/bin/worker.sh: line 79: 144595 Terminated              bash "$THR_ROOT/bin/heartbeat.sh" "$UNIT"
/iopsstor/scratch/cscs/dthapa/system3_qwem_omni_8_28/omni_thr_fit/bin/worker.sh: line 79: 158795 Terminated              bash "$THR_ROOT/bin/heartbeat.sh" "$UNIT"
/iopsstor/scratch/cscs/dthapa/system3_qwem_omni_8_28/omni_thr_fit/bin/worker.sh: line 79: 204856 Terminated              bash "$THR_ROOT/bin/heartbeat.sh" "$UNIT"
/iopsstor/scratch/cscs/dthapa/system3_qwem_omni_8_28/omni_thr_fit/bin/worker.sh: line 79: 216798 Terminated              bash "$THR_ROOT/bin/heartbeat.sh" "$UNIT"
/iopsstor/scratch/cscs/dthapa/system3_qwem_omni_8_28/omni_thr_fit/bin/worker.sh: line 79: 238300 Terminated              bash "$THR_ROOT/bin/heartbeat.sh" "$UNIT"
/iopsstor/scratch/cscs/dthapa/system3_qwem_omni_8_28/omni_thr_fit/bin/worker.sh: line 79: 243968 Terminated              bash "$THR_ROOT/bin/heartbeat.sh" "$UNIT"
/iopsstor/scratch/cscs/dthapa/system3_qwem_omni_8_28/omni_thr_fit/bin/worker.sh: line 79: 258017 Terminated              bash "$THR_ROOT/bin/heartbeat.sh" "$UNIT"
/iopsstor/scratch/cscs/dthapa/system3_qwem_omni_8_28/omni_thr_fit/bin/worker.sh: line 79: 268457 Terminated              bash "$THR_ROOT/bin/heartbeat.sh" "$UNIT"
/iopsstor/scratch/cscs/dthapa/system3_qwem_omni_8_28/omni_thr_fit/bin/worker.sh: line 79: 274075 Terminated              bash "$THR_ROOT/bin/heartbeat.sh" "$UNIT"
/iopsstor/scratch/cscs/dthapa/system3_qwem_omni_8_28/omni_thr_fit/bin/worker.sh: line 79: 276613 Terminated              bash "$THR_ROOT/bin/heartbeat.sh" "$UNIT"
/iopsstor/scratch/cscs/dthapa/system3_qwem_omni_8_28/omni_thr_fit/bin/worker.sh: line 79: 279944 Terminated              bash "$THR_ROOT/bin/heartbeat.sh" "$UNIT"
/iopsstor/scratch/cscs/dthapa/system3_qwem_omni_8_28/omni_thr_fit/bin/worker.sh: line 79: 283143 Terminated              bash "$THR_ROOT/bin/heartbeat.sh" "$UNIT"
/iopsstor/scratch/cscs/dthapa/system3_qwem_omni_8_28/omni_thr_fit/bin/worker.sh: line 79:  5503 Terminated              bash "$THR_ROOT/bin/heartbeat.sh" "$UNIT"
/iopsstor/scratch/cscs/dthapa/system3_qwem_omni_8_28/omni_thr_fit/bin/worker.sh: line 79: 21542 Terminated              bash "$THR_ROOT/bin/heartbeat.sh" "$UNIT"
/iopsstor/scratch/cscs/dthapa/system3_qwem_omni_8_28/omni_thr_fit/bin/worker.sh: line 79: 70498 Terminated              bash "$THR_ROOT/bin/heartbeat.sh" "$UNIT"
/iopsstor/scratch/cscs/dthapa/system3_qwem_omni_8_28/omni_thr_fit/bin/worker.sh: line 79: 96987 Terminated              bash "$THR_ROOT/bin/heartbeat.sh" "$UNIT"
/iopsstor/scratch/cscs/dthapa/system3_qwem_omni_8_28/omni_thr_fit/bin/worker.sh: line 79: 113820 Terminated              bash "$THR_ROOT/bin/heartbeat.sh" "$UNIT"
/iopsstor/scratch/cscs/dthapa/system3_qwem_omni_8_28/omni_thr_fit/bin/worker.sh: line 79: 116954 Terminated              bash "$THR_ROOT/bin/heartbeat.sh" "$UNIT"
/iopsstor/scratch/cscs/dthapa/system3_qwem_omni_8_28/omni_thr_fit/bin/worker.sh: line 79: 119868 Terminated              bash "$THR_ROOT/bin/heartbeat.sh" "$UNIT"
/iopsstor/scratch/cscs/dthapa/system3_qwem_omni_8_28/omni_thr_fit/bin/worker.sh: line 79: 125277 Terminated              bash "$THR_ROOT/bin/heartbeat.sh" "$UNIT"
/iopsstor/scratch/cscs/dthapa/system3_qwem_omni_8_28/omni_thr_fit/bin/worker.sh: line 79: 127326 Terminated              bash "$THR_ROOT/bin/heartbeat.sh" "$UNIT"
/iopsstor/scratch/cscs/dthapa/system3_qwem_omni_8_28/omni_thr_fit/bin/worker.sh: line 79: 131654 Terminated              bash "$THR_ROOT/bin/heartbeat.sh" "$UNIT"
/iopsstor/scratch/cscs/dthapa/system3_qwem_omni_8_28/omni_thr_fit/bin/worker.sh: line 79: 134858 Terminated              bash "$THR_ROOT/bin/heartbeat.sh" "$UNIT"
/iopsstor/scratch/cscs/dthapa/system3_qwem_omni_8_28/omni_thr_fit/bin/worker.sh: line 79: 138135 Terminated              bash "$THR_ROOT/bin/heartbeat.sh" "$UNIT"
/iopsstor/scratch/cscs/dthapa/system3_qwem_omni_8_28/omni_thr_fit/bin/worker.sh: line 79: 141664 Terminated              bash "$THR_ROOT/bin/heartbeat.sh" "$UNIT"
/iopsstor/scratch/cscs/dthapa/system3_qwem_omni_8_28/omni_thr_fit/bin/worker.sh: line 79: 145604 Terminated              bash "$THR_ROOT/bin/heartbeat.sh" "$UNIT"
/iopsstor/scratch/cscs/dthapa/system3_qwem_omni_8_28/omni_thr_fit/bin/worker.sh: line 79: 151280 Terminated              bash "$THR_ROOT/bin/heartbeat.sh" "$UNIT"
/iopsstor/scratch/cscs/dthapa/system3_qwem_omni_8_28/omni_thr_fit/bin/worker.sh: line 79: 184271 Terminated              bash "$THR_ROOT/bin/heartbeat.sh" "$UNIT"
/iopsstor/scratch/cscs/dthapa/system3_qwem_omni_8_28/omni_thr_fit/bin/worker.sh: line 79: 206796 Terminated              bash "$THR_ROOT/bin/heartbeat.sh" "$UNIT"
/iopsstor/scratch/cscs/dthapa/system3_qwem_omni_8_28/omni_thr_fit/bin/worker.sh: line 79: 209636 Terminated              bash "$THR_ROOT/bin/heartbeat.sh" "$UNIT"
/iopsstor/scratch/cscs/dthapa/system3_qwem_omni_8_28/omni_thr_fit/bin/worker.sh: line 79: 217645 Terminated              bash "$THR_ROOT/bin/heartbeat.sh" "$UNIT"
/iopsstor/scratch/cscs/dthapa/system3_qwem_omni_8_28/omni_thr_fit/bin/worker.sh: line 79: 229414 Terminated              bash "$THR_ROOT/bin/heartbeat.sh" "$UNIT"
/iopsstor/scratch/cscs/dthapa/system3_qwem_omni_8_28/omni_thr_fit/bin/worker.sh: line 79: 233674 Terminated              bash "$THR_ROOT/bin/heartbeat.sh" "$UNIT"
/iopsstor/scratch/cscs/dthapa/system3_qwem_omni_8_28/omni_thr_fit/bin/worker.sh: line 79: 238406 Terminated              bash "$THR_ROOT/bin/heartbeat.sh" "$UNIT"
/iopsstor/scratch/cscs/dthapa/system3_qwem_omni_8_28/omni_thr_fit/bin/worker.sh: line 79: 244261 Terminated              bash "$THR_ROOT/bin/heartbeat.sh" "$UNIT"
/iopsstor/scratch/cscs/dthapa/system3_qwem_omni_8_28/omni_thr_fit/bin/worker.sh: line 79: 248395 Terminated              bash "$THR_ROOT/bin/heartbeat.sh" "$UNIT"
/iopsstor/scratch/cscs/dthapa/system3_qwem_omni_8_28/omni_thr_fit/bin/worker.sh: line 79: 251795 Terminated              bash "$THR_ROOT/bin/heartbeat.sh" "$UNIT"
/iopsstor/scratch/cscs/dthapa/system3_qwem_omni_8_28/omni_thr_fit/bin/worker.sh: line 79: 258132 Terminated              bash "$THR_ROOT/bin/heartbeat.sh" "$UNIT"
/iopsstor/scratch/cscs/dthapa/system3_qwem_omni_8_28/omni_thr_fit/bin/worker.sh: line 79:  6524 Terminated              bash "$THR_ROOT/bin/heartbeat.sh" "$UNIT"
/iopsstor/scratch/cscs/dthapa/system3_qwem_omni_8_28/omni_thr_fit/bin/worker.sh: line 79: 17806 Terminated              bash "$THR_ROOT/bin/heartbeat.sh" "$UNIT"
/iopsstor/scratch/cscs/dthapa/system3_qwem_omni_8_28/omni_thr_fit/bin/worker.sh: line 79: 27728 Terminated              bash "$THR_ROOT/bin/heartbeat.sh" "$UNIT"
/iopsstor/scratch/cscs/dthapa/system3_qwem_omni_8_28/omni_thr_fit/bin/worker.sh: line 79: 35189 Terminated              bash "$THR_ROOT/bin/heartbeat.sh" "$UNIT"
/iopsstor/scratch/cscs/dthapa/system3_qwem_omni_8_28/omni_thr_fit/bin/worker.sh: line 79: 37104 Terminated              bash "$THR_ROOT/bin/heartbeat.sh" "$UNIT"
/iopsstor/scratch/cscs/dthapa/system3_qwem_omni_8_28/omni_thr_fit/bin/worker.sh: line 79: 41508 Terminated              bash "$THR_ROOT/bin/heartbeat.sh" "$UNIT"
/iopsstor/scratch/cscs/dthapa/system3_qwem_omni_8_28/omni_thr_fit/bin/worker.sh: line 79: 42909 Terminated              bash "$THR_ROOT/bin/heartbeat.sh" "$UNIT"
/iopsstor/scratch/cscs/dthapa/system3_qwem_omni_8_28/omni_thr_fit/bin/worker.sh: line 79: 46567 Terminated              bash "$THR_ROOT/bin/heartbeat.sh" "$UNIT"
/iopsstor/scratch/cscs/dthapa/system3_qwem_omni_8_28/omni_thr_fit/bin/worker.sh: line 79: 48345 Terminated              bash "$THR_ROOT/bin/heartbeat.sh" "$UNIT"
/iopsstor/scratch/cscs/dthapa/system3_qwem_omni_8_28/omni_thr_fit/bin/worker.sh: line 79: 53336 Terminated              bash "$THR_ROOT/bin/heartbeat.sh" "$UNIT"
/iopsstor/scratch/cscs/dthapa/system3_qwem_omni_8_28/omni_thr_fit/bin/worker.sh: line 79: 54777 Terminated              bash "$THR_ROOT/bin/heartbeat.sh" "$UNIT"
/iopsstor/scratch/cscs/dthapa/system3_qwem_omni_8_28/omni_thr_fit/bin/worker.sh: line 79: 58780 Terminated              bash "$THR_ROOT/bin/heartbeat.sh" "$UNIT"
/iopsstor/scratch/cscs/dthapa/system3_qwem_omni_8_28/omni_thr_fit/bin/worker.sh: line 79: 60772 Terminated              bash "$THR_ROOT/bin/heartbeat.sh" "$UNIT"
/iopsstor/scratch/cscs/dthapa/system3_qwem_omni_8_28/omni_thr_fit/bin/worker.sh: line 79: 106148 Terminated              bash "$THR_ROOT/bin/heartbeat.sh" "$UNIT"
/iopsstor/scratch/cscs/dthapa/system3_qwem_omni_8_28/omni_thr_fit/bin/worker.sh: line 79: 108996 Terminated              bash "$THR_ROOT/bin/heartbeat.sh" "$UNIT"
/iopsstor/scratch/cscs/dthapa/system3_qwem_omni_8_28/omni_thr_fit/bin/worker.sh: line 79: 111774 Terminated              bash "$THR_ROOT/bin/heartbeat.sh" "$UNIT"
/iopsstor/scratch/cscs/dthapa/system3_qwem_omni_8_28/omni_thr_fit/bin/worker.sh: line 79: 114111 Terminated              bash "$THR_ROOT/bin/heartbeat.sh" "$UNIT"
/iopsstor/scratch/cscs/dthapa/system3_qwem_omni_8_28/omni_thr_fit/bin/worker.sh: line 79: 117022 Terminated              bash "$THR_ROOT/bin/heartbeat.sh" "$UNIT"
/iopsstor/scratch/cscs/dthapa/system3_qwem_omni_8_28/omni_thr_fit/bin/worker.sh: line 79: 118743 Terminated              bash "$THR_ROOT/bin/heartbeat.sh" "$UNIT"
/iopsstor/scratch/cscs/dthapa/system3_qwem_omni_8_28/omni_thr_fit/bin/worker.sh: line 79: 122009 Terminated              bash "$THR_ROOT/bin/heartbeat.sh" "$UNIT"
/iopsstor/scratch/cscs/dthapa/system3_qwem_omni_8_28/omni_thr_fit/bin/worker.sh: line 79: 124449 Terminated              bash "$THR_ROOT/bin/heartbeat.sh" "$UNIT"
/iopsstor/scratch/cscs/dthapa/system3_qwem_omni_8_28/omni_thr_fit/bin/worker.sh: line 79: 127707 Terminated              bash "$THR_ROOT/bin/heartbeat.sh" "$UNIT"
/iopsstor/scratch/cscs/dthapa/system3_qwem_omni_8_28/omni_thr_fit/bin/worker.sh: line 79: 130173 Terminated              bash "$THR_ROOT/bin/heartbeat.sh" "$UNIT"
/iopsstor/scratch/cscs/dthapa/system3_qwem_omni_8_28/omni_thr_fit/bin/worker.sh: line 79: 155195 Terminated              bash "$THR_ROOT/bin/heartbeat.sh" "$UNIT"
/iopsstor/scratch/cscs/dthapa/system3_qwem_omni_8_28/omni_thr_fit/bin/worker.sh: line 79: 207705 Terminated              bash "$THR_ROOT/bin/heartbeat.sh" "$UNIT"
/iopsstor/scratch/cscs/dthapa/system3_qwem_omni_8_28/omni_thr_fit/bin/worker.sh: line 79: 224812 Terminated              bash "$THR_ROOT/bin/heartbeat.sh" "$UNIT"
/iopsstor/scratch/cscs/dthapa/system3_qwem_omni_8_28/omni_thr_fit/bin/worker.sh: line 79: 227151 Terminated              bash "$THR_ROOT/bin/heartbeat.sh" "$UNIT"
/iopsstor/scratch/cscs/dthapa/system3_qwem_omni_8_28/omni_thr_fit/bin/worker.sh: line 79: 228643 Terminated              bash "$THR_ROOT/bin/heartbeat.sh" "$UNIT"
/iopsstor/scratch/cscs/dthapa/system3_qwem_omni_8_28/omni_thr_fit/bin/worker.sh: line 79: 231809 Terminated              bash "$THR_ROOT/bin/heartbeat.sh" "$UNIT"
/iopsstor/scratch/cscs/dthapa/system3_qwem_omni_8_28/omni_thr_fit/bin/worker.sh: line 79: 233259 Terminated              bash "$THR_ROOT/bin/heartbeat.sh" "$UNIT"
/iopsstor/scratch/cscs/dthapa/system3_qwem_omni_8_28/omni_thr_fit/bin/worker.sh: line 79: 235579 Terminated              bash "$THR_ROOT/bin/heartbeat.sh" "$UNIT"
/iopsstor/scratch/cscs/dthapa/system3_qwem_omni_8_28/omni_thr_fit/bin/worker.sh: line 79: 237132 Terminated              bash "$THR_ROOT/bin/heartbeat.sh" "$UNIT"
/iopsstor/scratch/cscs/dthapa/system3_qwem_omni_8_28/omni_thr_fit/bin/worker.sh: line 79: 239208 Terminated              bash "$THR_ROOT/bin/heartbeat.sh" "$UNIT"
/iopsstor/scratch/cscs/dthapa/system3_qwem_omni_8_28/omni_thr_fit/bin/worker.sh: line 79: 241306 Terminated              bash "$THR_ROOT/bin/heartbeat.sh" "$UNIT"
/iopsstor/scratch/cscs/dthapa/system3_qwem_omni_8_28/omni_thr_fit/bin/worker.sh: line 79: 247584 Terminated              bash "$THR_ROOT/bin/heartbeat.sh" "$UNIT"
/iopsstor/scratch/cscs/dthapa/system3_qwem_omni_8_28/omni_thr_fit/bin/worker.sh: line 79: 268437 Terminated              bash "$THR_ROOT/bin/heartbeat.sh" "$UNIT"
/iopsstor/scratch/cscs/dthapa/system3_qwem_omni_8_28/omni_thr_fit/bin/worker.sh: line 79: 270429 Terminated              bash "$THR_ROOT/bin/heartbeat.sh" "$UNIT"
/iopsstor/scratch/cscs/dthapa/system3_qwem_omni_8_28/omni_thr_fit/bin/worker.sh: line 79: 10564 Terminated              bash "$THR_ROOT/bin/heartbeat.sh" "$UNIT"
/iopsstor/scratch/cscs/dthapa/system3_qwem_omni_8_28/omni_thr_fit/bin/worker.sh: line 79: 47625 Terminated              bash "$THR_ROOT/bin/heartbeat.sh" "$UNIT"
/iopsstor/scratch/cscs/dthapa/system3_qwem_omni_8_28/omni_thr_fit/bin/worker.sh: line 79: 56035 Terminated              bash "$THR_ROOT/bin/heartbeat.sh" "$UNIT"
/iopsstor/scratch/cscs/dthapa/system3_qwem_omni_8_28/omni_thr_fit/bin/worker.sh: line 79: 57541 Terminated              bash "$THR_ROOT/bin/heartbeat.sh" "$UNIT"
/iopsstor/scratch/cscs/dthapa/system3_qwem_omni_8_28/omni_thr_fit/bin/worker.sh: line 79: 59844 Terminated              bash "$THR_ROOT/bin/heartbeat.sh" "$UNIT"
/iopsstor/scratch/cscs/dthapa/system3_qwem_omni_8_28/omni_thr_fit/bin/worker.sh: line 79: 61600 Terminated              bash "$THR_ROOT/bin/heartbeat.sh" "$UNIT"
/iopsstor/scratch/cscs/dthapa/system3_qwem_omni_8_28/omni_thr_fit/bin/worker.sh: line 79: 64195 Terminated              bash "$THR_ROOT/bin/heartbeat.sh" "$UNIT"
/iopsstor/scratch/cscs/dthapa/system3_qwem_omni_8_28/omni_thr_fit/bin/worker.sh: line 79: 65621 Terminated              bash "$THR_ROOT/bin/heartbeat.sh" "$UNIT"
/iopsstor/scratch/cscs/dthapa/system3_qwem_omni_8_28/omni_thr_fit/bin/worker.sh: line 79: 67623 Terminated              bash "$THR_ROOT/bin/heartbeat.sh" "$UNIT"
/iopsstor/scratch/cscs/dthapa/system3_qwem_omni_8_28/omni_thr_fit/bin/worker.sh: line 79: 70582 Terminated              bash "$THR_ROOT/bin/heartbeat.sh" "$UNIT"
/iopsstor/scratch/cscs/dthapa/system3_qwem_omni_8_28/omni_thr_fit/bin/worker.sh: line 79: 72166 Terminated              bash "$THR_ROOT/bin/heartbeat.sh" "$UNIT"
/iopsstor/scratch/cscs/dthapa/system3_qwem_omni_8_28/omni_thr_fit/bin/worker.sh: line 79: 74804 Terminated              bash "$THR_ROOT/bin/heartbeat.sh" "$UNIT"
/iopsstor/scratch/cscs/dthapa/system3_qwem_omni_8_28/omni_thr_fit/bin/worker.sh: line 79: 85290 Terminated              bash "$THR_ROOT/bin/heartbeat.sh" "$UNIT"
/iopsstor/scratch/cscs/dthapa/system3_qwem_omni_8_28/omni_thr_fit/bin/worker.sh: line 79: 90172 Terminated              bash "$THR_ROOT/bin/heartbeat.sh" "$UNIT"
/iopsstor/scratch/cscs/dthapa/system3_qwem_omni_8_28/omni_thr_fit/bin/worker.sh: line 79: 91388 Terminated              bash "$THR_ROOT/bin/heartbeat.sh" "$UNIT"
/iopsstor/scratch/cscs/dthapa/system3_qwem_omni_8_28/omni_thr_fit/bin/worker.sh: line 79: 93260 Terminated              bash "$THR_ROOT/bin/heartbeat.sh" "$UNIT"
/iopsstor/scratch/cscs/dthapa/system3_qwem_omni_8_28/omni_thr_fit/bin/worker.sh: line 79: 94396 Terminated              bash "$THR_ROOT/bin/heartbeat.sh" "$UNIT"
/iopsstor/scratch/cscs/dthapa/system3_qwem_omni_8_28/omni_thr_fit/bin/worker.sh: line 79: 96248 Terminated              bash "$THR_ROOT/bin/heartbeat.sh" "$UNIT"
/iopsstor/scratch/cscs/dthapa/system3_qwem_omni_8_28/omni_thr_fit/bin/worker.sh: line 79: 97517 Terminated              bash "$THR_ROOT/bin/heartbeat.sh" "$UNIT"
/iopsstor/scratch/cscs/dthapa/system3_qwem_omni_8_28/omni_thr_fit/bin/worker.sh: line 79: 98915 Terminated              bash "$THR_ROOT/bin/heartbeat.sh" "$UNIT"
/iopsstor/scratch/cscs/dthapa/system3_qwem_omni_8_28/omni_thr_fit/bin/worker.sh: line 79: 100837 Terminated              bash "$THR_ROOT/bin/heartbeat.sh" "$UNIT"
/iopsstor/scratch/cscs/dthapa/system3_qwem_omni_8_28/omni_thr_fit/bin/worker.sh: line 79: 101918 Terminated              bash "$THR_ROOT/bin/heartbeat.sh" "$UNIT"
/iopsstor/scratch/cscs/dthapa/system3_qwem_omni_8_28/omni_thr_fit/bin/worker.sh: line 79: 104069 Terminated              bash "$THR_ROOT/bin/heartbeat.sh" "$UNIT"
/iopsstor/scratch/cscs/dthapa/system3_qwem_omni_8_28/omni_thr_fit/bin/worker.sh: line 79: 105288 Terminated              bash "$THR_ROOT/bin/heartbeat.sh" "$UNIT"
/iopsstor/scratch/cscs/dthapa/system3_qwem_omni_8_28/omni_thr_fit/bin/worker.sh: line 79: 107292 Terminated              bash "$THR_ROOT/bin/heartbeat.sh" "$UNIT"
/iopsstor/scratch/cscs/dthapa/system3_qwem_omni_8_28/omni_thr_fit/bin/worker.sh: line 79: 108915 Terminated              bash "$THR_ROOT/bin/heartbeat.sh" "$UNIT"
/iopsstor/scratch/cscs/dthapa/system3_qwem_omni_8_28/omni_thr_fit/bin/worker.sh: line 79: 110864 Terminated              bash "$THR_ROOT/bin/heartbeat.sh" "$UNIT"
/iopsstor/scratch/cscs/dthapa/system3_qwem_omni_8_28/omni_thr_fit/bin/worker.sh: line 79: 112562 Terminated              bash "$THR_ROOT/bin/heartbeat.sh" "$UNIT"
/iopsstor/scratch/cscs/dthapa/system3_qwem_omni_8_28/omni_thr_fit/bin/worker.sh: line 79: 120102 Terminated              bash "$THR_ROOT/bin/heartbeat.sh" "$UNIT"
/iopsstor/scratch/cscs/dthapa/system3_qwem_omni_8_28/omni_thr_fit/bin/worker.sh: line 79: 126923 Terminated              bash "$THR_ROOT/bin/heartbeat.sh" "$UNIT"
/iopsstor/scratch/cscs/dthapa/system3_qwem_omni_8_28/omni_thr_fit/bin/worker.sh: line 79: 128159 Terminated              bash "$THR_ROOT/bin/heartbeat.sh" "$UNIT"
/iopsstor/scratch/cscs/dthapa/system3_qwem_omni_8_28/omni_thr_fit/bin/worker.sh: line 79: 129230 Terminated              bash "$THR_ROOT/bin/heartbeat.sh" "$UNIT"
/iopsstor/scratch/cscs/dthapa/system3_qwem_omni_8_28/omni_thr_fit/bin/worker.sh: line 79: 130603 Terminated              bash "$THR_ROOT/bin/heartbeat.sh" "$UNIT"
/iopsstor/scratch/cscs/dthapa/system3_qwem_omni_8_28/omni_thr_fit/bin/worker.sh: line 79: 132392 Terminated              bash "$THR_ROOT/bin/heartbeat.sh" "$UNIT"
/iopsstor/scratch/cscs/dthapa/system3_qwem_omni_8_28/omni_thr_fit/bin/worker.sh: line 79: 133512 Terminated              bash "$THR_ROOT/bin/heartbeat.sh" "$UNIT"
/iopsstor/scratch/cscs/dthapa/system3_qwem_omni_8_28/omni_thr_fit/bin/worker.sh: line 79: 135047 Terminated              bash "$THR_ROOT/bin/heartbeat.sh" "$UNIT"
/iopsstor/scratch/cscs/dthapa/system3_qwem_omni_8_28/omni_thr_fit/bin/worker.sh: line 79: 136282 Terminated              bash "$THR_ROOT/bin/heartbeat.sh" "$UNIT"
/iopsstor/scratch/cscs/dthapa/system3_qwem_omni_8_28/omni_thr_fit/bin/worker.sh: line 79: 137185 Terminated              bash "$THR_ROOT/bin/heartbeat.sh" "$UNIT"
/iopsstor/scratch/cscs/dthapa/system3_qwem_omni_8_28/omni_thr_fit/bin/worker.sh: line 79: 138769 Terminated              bash "$THR_ROOT/bin/heartbeat.sh" "$UNIT"
/iopsstor/scratch/cscs/dthapa/system3_qwem_omni_8_28/omni_thr_fit/bin/worker.sh: line 79: 141690 Terminated              bash "$THR_ROOT/bin/heartbeat.sh" "$UNIT"
/iopsstor/scratch/cscs/dthapa/system3_qwem_omni_8_28/omni_thr_fit/bin/worker.sh: line 79: 150081 Terminated              bash "$THR_ROOT/bin/heartbeat.sh" "$UNIT"
/iopsstor/scratch/cscs/dthapa/system3_qwem_omni_8_28/omni_thr_fit/bin/worker.sh: line 79: 157902 Terminated              bash "$THR_ROOT/bin/heartbeat.sh" "$UNIT"
/iopsstor/scratch/cscs/dthapa/system3_qwem_omni_8_28/omni_thr_fit/bin/worker.sh: line 79: 159769 Terminated              bash "$THR_ROOT/bin/heartbeat.sh" "$UNIT"
/iopsstor/scratch/cscs/dthapa/system3_qwem_omni_8_28/omni_thr_fit/bin/worker.sh: line 79: 160853 Terminated              bash "$THR_ROOT/bin/heartbeat.sh" "$UNIT"
/iopsstor/scratch/cscs/dthapa/system3_qwem_omni_8_28/omni_thr_fit/bin/worker.sh: line 79: 162214 Terminated              bash "$THR_ROOT/bin/heartbeat.sh" "$UNIT"
/iopsstor/scratch/cscs/dthapa/system3_qwem_omni_8_28/omni_thr_fit/bin/worker.sh: line 79: 163038 Terminated              bash "$THR_ROOT/bin/heartbeat.sh" "$UNIT"
/iopsstor/scratch/cscs/dthapa/system3_qwem_omni_8_28/omni_thr_fit/bin/worker.sh: line 79: 163853 Terminated              bash "$THR_ROOT/bin/heartbeat.sh" "$UNIT"
/iopsstor/scratch/cscs/dthapa/system3_qwem_omni_8_28/omni_thr_fit/bin/worker.sh: line 79: 167555 Terminated              bash "$THR_ROOT/bin/heartbeat.sh" "$UNIT"
/iopsstor/scratch/cscs/dthapa/system3_qwem_omni_8_28/omni_thr_fit/bin/worker.sh: line 79: 177314 Terminated              bash "$THR_ROOT/bin/heartbeat.sh" "$UNIT"
/iopsstor/scratch/cscs/dthapa/system3_qwem_omni_8_28/omni_thr_fit/bin/worker.sh: line 79: 178542 Terminated              bash "$THR_ROOT/bin/heartbeat.sh" "$UNIT"
/iopsstor/scratch/cscs/dthapa/system3_qwem_omni_8_28/omni_thr_fit/bin/worker.sh: line 79: 179482 Terminated              bash "$THR_ROOT/bin/heartbeat.sh" "$UNIT"
/iopsstor/scratch/cscs/dthapa/system3_qwem_omni_8_28/omni_thr_fit/bin/worker.sh: line 79: 182211 Terminated              bash "$THR_ROOT/bin/heartbeat.sh" "$UNIT"
/iopsstor/scratch/cscs/dthapa/system3_qwem_omni_8_28/omni_thr_fit/bin/worker.sh: line 79: 183208 Terminated              bash "$THR_ROOT/bin/heartbeat.sh" "$UNIT"
/iopsstor/scratch/cscs/dthapa/system3_qwem_omni_8_28/omni_thr_fit/bin/worker.sh: line 79: 184171 Terminated              bash "$THR_ROOT/bin/heartbeat.sh" "$UNIT"
/iopsstor/scratch/cscs/dthapa/system3_qwem_omni_8_28/omni_thr_fit/bin/worker.sh: line 79: 184995 Terminated              bash "$THR_ROOT/bin/heartbeat.sh" "$UNIT"
/iopsstor/scratch/cscs/dthapa/system3_qwem_omni_8_28/omni_thr_fit/bin/worker.sh: line 79: 185868 Terminated              bash "$THR_ROOT/bin/heartbeat.sh" "$UNIT"
/iopsstor/scratch/cscs/dthapa/system3_qwem_omni_8_28/omni_thr_fit/bin/worker.sh: line 79: 186847 Terminated              bash "$THR_ROOT/bin/heartbeat.sh" "$UNIT"
/iopsstor/scratch/cscs/dthapa/system3_qwem_omni_8_28/omni_thr_fit/bin/worker.sh: line 79: 187879 Terminated              bash "$THR_ROOT/bin/heartbeat.sh" "$UNIT"
/iopsstor/scratch/cscs/dthapa/system3_qwem_omni_8_28/omni_thr_fit/bin/worker.sh: line 79: 188957 Terminated              bash "$THR_ROOT/bin/heartbeat.sh" "$UNIT"
/iopsstor/scratch/cscs/dthapa/system3_qwem_omni_8_28/omni_thr_fit/bin/worker.sh: line 79: 190067 Terminated              bash "$THR_ROOT/bin/heartbeat.sh" "$UNIT"
/iopsstor/scratch/cscs/dthapa/system3_qwem_omni_8_28/omni_thr_fit/bin/worker.sh: line 79: 191201 Terminated              bash "$THR_ROOT/bin/heartbeat.sh" "$UNIT"
/iopsstor/scratch/cscs/dthapa/system3_qwem_omni_8_28/omni_thr_fit/bin/worker.sh: line 79: 192446 Terminated              bash "$THR_ROOT/bin/heartbeat.sh" "$UNIT"
/iopsstor/scratch/cscs/dthapa/system3_qwem_omni_8_28/omni_thr_fit/bin/worker.sh: line 79: 193525 Terminated              bash "$THR_ROOT/bin/heartbeat.sh" "$UNIT"
/iopsstor/scratch/cscs/dthapa/system3_qwem_omni_8_28/omni_thr_fit/bin/worker.sh: line 79: 195644 Terminated              bash "$THR_ROOT/bin/heartbeat.sh" "$UNIT"
/iopsstor/scratch/cscs/dthapa/system3_qwem_omni_8_28/omni_thr_fit/bin/worker.sh: line 79: 204064 Terminated              bash "$THR_ROOT/bin/heartbeat.sh" "$UNIT"
/iopsstor/scratch/cscs/dthapa/system3_qwem_omni_8_28/omni_thr_fit/bin/worker.sh: line 79: 206418 Terminated              bash "$THR_ROOT/bin/heartbeat.sh" "$UNIT"
/iopsstor/scratch/cscs/dthapa/system3_qwem_omni_8_28/omni_thr_fit/bin/worker.sh: line 79: 207858 Terminated              bash "$THR_ROOT/bin/heartbeat.sh" "$UNIT"
/iopsstor/scratch/cscs/dthapa/system3_qwem_omni_8_28/omni_thr_fit/bin/worker.sh: line 79: 208881 Terminated              bash "$THR_ROOT/bin/heartbeat.sh" "$UNIT"
/iopsstor/scratch/cscs/dthapa/system3_qwem_omni_8_28/omni_thr_fit/bin/worker.sh: line 79: 210089 Terminated              bash "$THR_ROOT/bin/heartbeat.sh" "$UNIT"
/iopsstor/scratch/cscs/dthapa/system3_qwem_omni_8_28/omni_thr_fit/bin/worker.sh: line 79: 210965 Terminated              bash "$THR_ROOT/bin/heartbeat.sh" "$UNIT"
/iopsstor/scratch/cscs/dthapa/system3_qwem_omni_8_28/omni_thr_fit/bin/worker.sh: line 79: 212024 Terminated              bash "$THR_ROOT/bin/heartbeat.sh" "$UNIT"
/iopsstor/scratch/cscs/dthapa/system3_qwem_omni_8_28/omni_thr_fit/bin/worker.sh: line 79: 213108 Terminated              bash "$THR_ROOT/bin/heartbeat.sh" "$UNIT"
/iopsstor/scratch/cscs/dthapa/system3_qwem_omni_8_28/omni_thr_fit/bin/worker.sh: line 79: 214389 Terminated              bash "$THR_ROOT/bin/heartbeat.sh" "$UNIT"
/iopsstor/scratch/cscs/dthapa/system3_qwem_omni_8_28/omni_thr_fit/bin/worker.sh: line 79: 217047 Terminated              bash "$THR_ROOT/bin/heartbeat.sh" "$UNIT"
/iopsstor/scratch/cscs/dthapa/system3_qwem_omni_8_28/omni_thr_fit/bin/worker.sh: line 79: 218379 Terminated              bash "$THR_ROOT/bin/heartbeat.sh" "$UNIT"
/iopsstor/scratch/cscs/dthapa/system3_qwem_omni_8_28/omni_thr_fit/bin/worker.sh: line 79: 220376 Terminated              bash "$THR_ROOT/bin/heartbeat.sh" "$UNIT"
/iopsstor/scratch/cscs/dthapa/system3_qwem_omni_8_28/omni_thr_fit/bin/worker.sh: line 79: 221508 Terminated              bash "$THR_ROOT/bin/heartbeat.sh" "$UNIT"
/iopsstor/scratch/cscs/dthapa/system3_qwem_omni_8_28/omni_thr_fit/bin/worker.sh: line 79: 223510 Terminated              bash "$THR_ROOT/bin/heartbeat.sh" "$UNIT"
/iopsstor/scratch/cscs/dthapa/system3_qwem_omni_8_28/omni_thr_fit/bin/worker.sh: line 79: 225809 Terminated              bash "$THR_ROOT/bin/heartbeat.sh" "$UNIT"
/iopsstor/scratch/cscs/dthapa/system3_qwem_omni_8_28/omni_thr_fit/bin/worker.sh: line 79: 228183 Terminated              bash "$THR_ROOT/bin/heartbeat.sh" "$UNIT"
/iopsstor/scratch/cscs/dthapa/system3_qwem_omni_8_28/omni_thr_fit/bin/worker.sh: line 79: 229102 Terminated              bash "$THR_ROOT/bin/heartbeat.sh" "$UNIT"
/iopsstor/scratch/cscs/dthapa/system3_qwem_omni_8_28/omni_thr_fit/bin/worker.sh: line 79: 230443 Terminated              bash "$THR_ROOT/bin/heartbeat.sh" "$UNIT"
/iopsstor/scratch/cscs/dthapa/system3_qwem_omni_8_28/omni_thr_fit/bin/worker.sh: line 79: 231281 Terminated              bash "$THR_ROOT/bin/heartbeat.sh" "$UNIT"
/iopsstor/scratch/cscs/dthapa/system3_qwem_omni_8_28/omni_thr_fit/bin/worker.sh: line 79: 232491 Terminated              bash "$THR_ROOT/bin/heartbeat.sh" "$UNIT"
/iopsstor/scratch/cscs/dthapa/system3_qwem_omni_8_28/omni_thr_fit/bin/worker.sh: line 79: 234000 Terminated              bash "$THR_ROOT/bin/heartbeat.sh" "$UNIT"
/iopsstor/scratch/cscs/dthapa/system3_qwem_omni_8_28/omni_thr_fit/bin/worker.sh: line 79: 235479 Terminated              bash "$THR_ROOT/bin/heartbeat.sh" "$UNIT"
/iopsstor/scratch/cscs/dthapa/system3_qwem_omni_8_28/omni_thr_fit/bin/worker.sh: line 79: 236479 Terminated              bash "$THR_ROOT/bin/heartbeat.sh" "$UNIT"
/iopsstor/scratch/cscs/dthapa/system3_qwem_omni_8_28/omni_thr_fit/bin/worker.sh: line 79: 237294 Terminated              bash "$THR_ROOT/bin/heartbeat.sh" "$UNIT"
/iopsstor/scratch/cscs/dthapa/system3_qwem_omni_8_28/omni_thr_fit/bin/worker.sh: line 79: 238077 Terminated              bash "$THR_ROOT/bin/heartbeat.sh" "$UNIT"
/iopsstor/scratch/cscs/dthapa/system3_qwem_omni_8_28/omni_thr_fit/bin/worker.sh: line 79: 239466 Terminated              bash "$THR_ROOT/bin/heartbeat.sh" "$UNIT"
/iopsstor/scratch/cscs/dthapa/system3_qwem_omni_8_28/omni_thr_fit/bin/worker.sh: line 79: 240672 Terminated              bash "$THR_ROOT/bin/heartbeat.sh" "$UNIT"
/iopsstor/scratch/cscs/dthapa/system3_qwem_omni_8_28/omni_thr_fit/bin/worker.sh: line 79: 241666 Terminated              bash "$THR_ROOT/bin/heartbeat.sh" "$UNIT"
/iopsstor/scratch/cscs/dthapa/system3_qwem_omni_8_28/omni_thr_fit/bin/worker.sh: line 79: 242587 Terminated              bash "$THR_ROOT/bin/heartbeat.sh" "$UNIT"
/iopsstor/scratch/cscs/dthapa/system3_qwem_omni_8_28/omni_thr_fit/bin/worker.sh: line 79: 243690 Terminated              bash "$THR_ROOT/bin/heartbeat.sh" "$UNIT"
/iopsstor/scratch/cscs/dthapa/system3_qwem_omni_8_28/omni_thr_fit/bin/worker.sh: line 79: 244632 Terminated              bash "$THR_ROOT/bin/heartbeat.sh" "$UNIT"
/iopsstor/scratch/cscs/dthapa/system3_qwem_omni_8_28/omni_thr_fit/bin/worker.sh: line 79: 245379 Terminated              bash "$THR_ROOT/bin/heartbeat.sh" "$UNIT"
/iopsstor/scratch/cscs/dthapa/system3_qwem_omni_8_28/omni_thr_fit/bin/worker.sh: line 79: 246427 Terminated              bash "$THR_ROOT/bin/heartbeat.sh" "$UNIT"
/iopsstor/scratch/cscs/dthapa/system3_qwem_omni_8_28/omni_thr_fit/bin/worker.sh: line 79: 250916 Terminated              bash "$THR_ROOT/bin/heartbeat.sh" "$UNIT"
/iopsstor/scratch/cscs/dthapa/system3_qwem_omni_8_28/omni_thr_fit/bin/worker.sh: line 79: 254167 Terminated              bash "$THR_ROOT/bin/heartbeat.sh" "$UNIT"
/iopsstor/scratch/cscs/dthapa/system3_qwem_omni_8_28/omni_thr_fit/bin/worker.sh: line 79: 255105 Terminated              bash "$THR_ROOT/bin/heartbeat.sh" "$UNIT"
/iopsstor/scratch/cscs/dthapa/system3_qwem_omni_8_28/omni_thr_fit/bin/worker.sh: line 79: 256092 Terminated              bash "$THR_ROOT/bin/heartbeat.sh" "$UNIT"
/iopsstor/scratch/cscs/dthapa/system3_qwem_omni_8_28/omni_thr_fit/bin/worker.sh: line 79: 257043 Terminated              bash "$THR_ROOT/bin/heartbeat.sh" "$UNIT"
/iopsstor/scratch/cscs/dthapa/system3_qwem_omni_8_28/omni_thr_fit/bin/worker.sh: line 79: 257800 Terminated              bash "$THR_ROOT/bin/heartbeat.sh" "$UNIT"
/iopsstor/scratch/cscs/dthapa/system3_qwem_omni_8_28/omni_thr_fit/bin/worker.sh: line 79: 258716 Terminated              bash "$THR_ROOT/bin/heartbeat.sh" "$UNIT"
/iopsstor/scratch/cscs/dthapa/system3_qwem_omni_8_28/omni_thr_fit/bin/worker.sh: line 79: 259570 Terminated              bash "$THR_ROOT/bin/heartbeat.sh" "$UNIT"
/iopsstor/scratch/cscs/dthapa/system3_qwem_omni_8_28/omni_thr_fit/bin/worker.sh: line 79: 260299 Terminated              bash "$THR_ROOT/bin/heartbeat.sh" "$UNIT"
/iopsstor/scratch/cscs/dthapa/system3_qwem_omni_8_28/omni_thr_fit/bin/worker.sh: line 79: 261015 Terminated              bash "$THR_ROOT/bin/heartbeat.sh" "$UNIT"
/iopsstor/scratch/cscs/dthapa/system3_qwem_omni_8_28/omni_thr_fit/bin/worker.sh: line 79: 261885 Terminated              bash "$THR_ROOT/bin/heartbeat.sh" "$UNIT"
/iopsstor/scratch/cscs/dthapa/system3_qwem_omni_8_28/omni_thr_fit/bin/worker.sh: line 79: 262589 Terminated              bash "$THR_ROOT/bin/heartbeat.sh" "$UNIT"
/iopsstor/scratch/cscs/dthapa/system3_qwem_omni_8_28/omni_thr_fit/bin/worker.sh: line 79: 268378 Terminated              bash "$THR_ROOT/bin/heartbeat.sh" "$UNIT"
/iopsstor/scratch/cscs/dthapa/system3_qwem_omni_8_28/omni_thr_fit/bin/worker.sh: line 79: 272458 Terminated              bash "$THR_ROOT/bin/heartbeat.sh" "$UNIT"
/iopsstor/scratch/cscs/dthapa/system3_qwem_omni_8_28/omni_thr_fit/bin/worker.sh: line 79: 273189 Terminated              bash "$THR_ROOT/bin/heartbeat.sh" "$UNIT"
/iopsstor/scratch/cscs/dthapa/system3_qwem_omni_8_28/omni_thr_fit/bin/worker.sh: line 79: 274028 Terminated              bash "$THR_ROOT/bin/heartbeat.sh" "$UNIT"
/iopsstor/scratch/cscs/dthapa/system3_qwem_omni_8_28/omni_thr_fit/bin/worker.sh: line 79: 274796 Terminated              bash "$THR_ROOT/bin/heartbeat.sh" "$UNIT"
/iopsstor/scratch/cscs/dthapa/system3_qwem_omni_8_28/omni_thr_fit/bin/worker.sh: line 79: 275459 Terminated              bash "$THR_ROOT/bin/heartbeat.sh" "$UNIT"
/iopsstor/scratch/cscs/dthapa/system3_qwem_omni_8_28/omni_thr_fit/bin/worker.sh: line 79: 276046 Terminated              bash "$THR_ROOT/bin/heartbeat.sh" "$UNIT"
/iopsstor/scratch/cscs/dthapa/system3_qwem_omni_8_28/omni_thr_fit/bin/worker.sh: line 79: 276915 Terminated              bash "$THR_ROOT/bin/heartbeat.sh" "$UNIT"
/iopsstor/scratch/cscs/dthapa/system3_qwem_omni_8_28/omni_thr_fit/bin/worker.sh: line 79: 277652 Terminated              bash "$THR_ROOT/bin/heartbeat.sh" "$UNIT"
/iopsstor/scratch/cscs/dthapa/system3_qwem_omni_8_28/omni_thr_fit/bin/worker.sh: line 79: 278796 Terminated              bash "$THR_ROOT/bin/heartbeat.sh" "$UNIT"
/iopsstor/scratch/cscs/dthapa/system3_qwem_omni_8_28/omni_thr_fit/bin/worker.sh: line 79: 279689 Terminated              bash "$THR_ROOT/bin/heartbeat.sh" "$UNIT"
/iopsstor/scratch/cscs/dthapa/system3_qwem_omni_8_28/omni_thr_fit/bin/worker.sh: line 79: 280462 Terminated              bash "$THR_ROOT/bin/heartbeat.sh" "$UNIT"
/iopsstor/scratch/cscs/dthapa/system3_qwem_omni_8_28/omni_thr_fit/bin/worker.sh: line 79: 281159 Terminated              bash "$THR_ROOT/bin/heartbeat.sh" "$UNIT"
/iopsstor/scratch/cscs/dthapa/system3_qwem_omni_8_28/omni_thr_fit/bin/worker.sh: line 79: 281832 Terminated              bash "$THR_ROOT/bin/heartbeat.sh" "$UNIT"
/iopsstor/scratch/cscs/dthapa/system3_qwem_omni_8_28/omni_thr_fit/bin/worker.sh: line 79: 282600 Terminated              bash "$THR_ROOT/bin/heartbeat.sh" "$UNIT"
/iopsstor/scratch/cscs/dthapa/system3_qwem_omni_8_28/omni_thr_fit/bin/worker.sh: line 79: 283287 Terminated              bash "$THR_ROOT/bin/heartbeat.sh" "$UNIT"
/iopsstor/scratch/cscs/dthapa/system3_qwem_omni_8_28/omni_thr_fit/bin/worker.sh: line 79: 283976 Terminated              bash "$THR_ROOT/bin/heartbeat.sh" "$UNIT"
/iopsstor/scratch/cscs/dthapa/system3_qwem_omni_8_28/omni_thr_fit/bin/worker.sh: line 79: 284662 Terminated              bash "$THR_ROOT/bin/heartbeat.sh" "$UNIT"
/iopsstor/scratch/cscs/dthapa/system3_qwem_omni_8_28/omni_thr_fit/bin/worker.sh: line 79: 285616 Terminated              bash "$THR_ROOT/bin/heartbeat.sh" "$UNIT"
/iopsstor/scratch/cscs/dthapa/system3_qwem_omni_8_28/omni_thr_fit/bin/worker.sh: line 79: 286264 Terminated              bash "$THR_ROOT/bin/heartbeat.sh" "$UNIT"
/iopsstor/scratch/cscs/dthapa/system3_qwem_omni_8_28/omni_thr_fit/bin/worker.sh: line 79: 287164 Terminated              bash "$THR_ROOT/bin/heartbeat.sh" "$UNIT"
/iopsstor/scratch/cscs/dthapa/system3_qwem_omni_8_28/omni_thr_fit/bin/worker.sh: line 79: 288673 Terminated              bash "$THR_ROOT/bin/heartbeat.sh" "$UNIT"
/iopsstor/scratch/cscs/dthapa/system3_qwem_omni_8_28/omni_thr_fit/bin/worker.sh: line 79: 292618 Terminated              bash "$THR_ROOT/bin/heartbeat.sh" "$UNIT"
/iopsstor/scratch/cscs/dthapa/system3_qwem_omni_8_28/omni_thr_fit/bin/worker.sh: line 79: 294534 Terminated              bash "$THR_ROOT/bin/heartbeat.sh" "$UNIT"
/iopsstor/scratch/cscs/dthapa/system3_qwem_omni_8_28/omni_thr_fit/bin/worker.sh: line 79:  1432 Terminated              bash "$THR_ROOT/bin/heartbeat.sh" "$UNIT"
/iopsstor/scratch/cscs/dthapa/system3_qwem_omni_8_28/omni_thr_fit/bin/worker.sh: line 79:  2654 Terminated              bash "$THR_ROOT/bin/heartbeat.sh" "$UNIT"
/iopsstor/scratch/cscs/dthapa/system3_qwem_omni_8_28/omni_thr_fit/bin/worker.sh: line 79:  3617 Terminated              bash "$THR_ROOT/bin/heartbeat.sh" "$UNIT"
/iopsstor/scratch/cscs/dthapa/system3_qwem_omni_8_28/omni_thr_fit/bin/worker.sh: line 79:  4452 Terminated              bash "$THR_ROOT/bin/heartbeat.sh" "$UNIT"
/iopsstor/scratch/cscs/dthapa/system3_qwem_omni_8_28/omni_thr_fit/bin/worker.sh: line 79:  5282 Terminated              bash "$THR_ROOT/bin/heartbeat.sh" "$UNIT"
/iopsstor/scratch/cscs/dthapa/system3_qwem_omni_8_28/omni_thr_fit/bin/worker.sh: line 79:  5969 Terminated              bash "$THR_ROOT/bin/heartbeat.sh" "$UNIT"
/iopsstor/scratch/cscs/dthapa/system3_qwem_omni_8_28/omni_thr_fit/bin/worker.sh: line 79:  6670 Terminated              bash "$THR_ROOT/bin/heartbeat.sh" "$UNIT"
/iopsstor/scratch/cscs/dthapa/system3_qwem_omni_8_28/omni_thr_fit/bin/worker.sh: line 79:  7432 Terminated              bash "$THR_ROOT/bin/heartbeat.sh" "$UNIT"
/iopsstor/scratch/cscs/dthapa/system3_qwem_omni_8_28/omni_thr_fit/bin/worker.sh: line 79: 14938 Terminated              bash "$THR_ROOT/bin/heartbeat.sh" "$UNIT"
/iopsstor/scratch/cscs/dthapa/system3_qwem_omni_8_28/omni_thr_fit/bin/worker.sh: line 79: 18798 Terminated              bash "$THR_ROOT/bin/heartbeat.sh" "$UNIT"
/iopsstor/scratch/cscs/dthapa/system3_qwem_omni_8_28/omni_thr_fit/bin/worker.sh: line 79: 20076 Terminated              bash "$THR_ROOT/bin/heartbeat.sh" "$UNIT"
/iopsstor/scratch/cscs/dthapa/system3_qwem_omni_8_28/omni_thr_fit/bin/worker.sh: line 79: 25037 Terminated              bash "$THR_ROOT/bin/heartbeat.sh" "$UNIT"
/iopsstor/scratch/cscs/dthapa/system3_qwem_omni_8_28/omni_thr_fit/bin/worker.sh: line 79: 32985 Terminated              bash "$THR_ROOT/bin/heartbeat.sh" "$UNIT"
/iopsstor/scratch/cscs/dthapa/system3_qwem_omni_8_28/omni_thr_fit/bin/worker.sh: line 79: 36507 Terminated              bash "$THR_ROOT/bin/heartbeat.sh" "$UNIT"
/iopsstor/scratch/cscs/dthapa/system3_qwem_omni_8_28/omni_thr_fit/bin/worker.sh: line 79: 37754 Terminated              bash "$THR_ROOT/bin/heartbeat.sh" "$UNIT"
/iopsstor/scratch/cscs/dthapa/system3_qwem_omni_8_28/omni_thr_fit/bin/worker.sh: line 79: 38754 Terminated              bash "$THR_ROOT/bin/heartbeat.sh" "$UNIT"
/iopsstor/scratch/cscs/dthapa/system3_qwem_omni_8_28/omni_thr_fit/bin/worker.sh: line 79: 39608 Terminated              bash "$THR_ROOT/bin/heartbeat.sh" "$UNIT"
/iopsstor/scratch/cscs/dthapa/system3_qwem_omni_8_28/omni_thr_fit/bin/worker.sh: line 79: 40725 Terminated              bash "$THR_ROOT/bin/heartbeat.sh" "$UNIT"
/iopsstor/scratch/cscs/dthapa/system3_qwem_omni_8_28/omni_thr_fit/bin/worker.sh: line 79: 41709 Terminated              bash "$THR_ROOT/bin/heartbeat.sh" "$UNIT"
/iopsstor/scratch/cscs/dthapa/system3_qwem_omni_8_28/omni_thr_fit/bin/worker.sh: line 79: 42572 Terminated              bash "$THR_ROOT/bin/heartbeat.sh" "$UNIT"
/iopsstor/scratch/cscs/dthapa/system3_qwem_omni_8_28/omni_thr_fit/bin/worker.sh: line 79: 43475 Terminated              bash "$THR_ROOT/bin/heartbeat.sh" "$UNIT"
/iopsstor/scratch/cscs/dthapa/system3_qwem_omni_8_28/omni_thr_fit/bin/worker.sh: line 79: 44574 Terminated              bash "$THR_ROOT/bin/heartbeat.sh" "$UNIT"
/iopsstor/scratch/cscs/dthapa/system3_qwem_omni_8_28/omni_thr_fit/bin/worker.sh: line 79: 45447 Terminated              bash "$THR_ROOT/bin/heartbeat.sh" "$UNIT"
/iopsstor/scratch/cscs/dthapa/system3_qwem_omni_8_28/omni_thr_fit/bin/worker.sh: line 79: 46373 Terminated              bash "$THR_ROOT/bin/heartbeat.sh" "$UNIT"
/iopsstor/scratch/cscs/dthapa/system3_qwem_omni_8_28/omni_thr_fit/bin/worker.sh: line 79: 50599 Terminated              bash "$THR_ROOT/bin/heartbeat.sh" "$UNIT"
/iopsstor/scratch/cscs/dthapa/system3_qwem_omni_8_28/omni_thr_fit/bin/worker.sh: line 79: 85458 Terminated              bash "$THR_ROOT/bin/heartbeat.sh" "$UNIT"
/iopsstor/scratch/cscs/dthapa/system3_qwem_omni_8_28/omni_thr_fit/bin/worker.sh: line 79: 86646 Terminated              bash "$THR_ROOT/bin/heartbeat.sh" "$UNIT"
/iopsstor/scratch/cscs/dthapa/system3_qwem_omni_8_28/omni_thr_fit/bin/worker.sh: line 79: 87455 Terminated              bash "$THR_ROOT/bin/heartbeat.sh" "$UNIT"
/iopsstor/scratch/cscs/dthapa/system3_qwem_omni_8_28/omni_thr_fit/bin/worker.sh: line 79: 88268 Terminated              bash "$THR_ROOT/bin/heartbeat.sh" "$UNIT"
/iopsstor/scratch/cscs/dthapa/system3_qwem_omni_8_28/omni_thr_fit/bin/worker.sh: line 79: 89258 Terminated              bash "$THR_ROOT/bin/heartbeat.sh" "$UNIT"
/iopsstor/scratch/cscs/dthapa/system3_qwem_omni_8_28/omni_thr_fit/bin/worker.sh: line 79: 90096 Terminated              bash "$THR_ROOT/bin/heartbeat.sh" "$UNIT"
/iopsstor/scratch/cscs/dthapa/system3_qwem_omni_8_28/omni_thr_fit/bin/worker.sh: line 79: 91004 Terminated              bash "$THR_ROOT/bin/heartbeat.sh" "$UNIT"
/iopsstor/scratch/cscs/dthapa/system3_qwem_omni_8_28/omni_thr_fit/bin/worker.sh: line 79: 91886 Terminated              bash "$THR_ROOT/bin/heartbeat.sh" "$UNIT"
/iopsstor/scratch/cscs/dthapa/system3_qwem_omni_8_28/omni_thr_fit/bin/worker.sh: line 79: 92783 Terminated              bash "$THR_ROOT/bin/heartbeat.sh" "$UNIT"
/iopsstor/scratch/cscs/dthapa/system3_qwem_omni_8_28/omni_thr_fit/bin/worker.sh: line 79: 93406 Terminated              bash "$THR_ROOT/bin/heartbeat.sh" "$UNIT"
/iopsstor/scratch/cscs/dthapa/system3_qwem_omni_8_28/omni_thr_fit/bin/worker.sh: line 79: 94098 Terminated              bash "$THR_ROOT/bin/heartbeat.sh" "$UNIT"
/iopsstor/scratch/cscs/dthapa/system3_qwem_omni_8_28/omni_thr_fit/bin/worker.sh: line 79: 95040 Terminated              bash "$THR_ROOT/bin/heartbeat.sh" "$UNIT"
/iopsstor/scratch/cscs/dthapa/system3_qwem_omni_8_28/omni_thr_fit/bin/worker.sh: line 79: 95830 Terminated              bash "$THR_ROOT/bin/heartbeat.sh" "$UNIT"
/iopsstor/scratch/cscs/dthapa/system3_qwem_omni_8_28/omni_thr_fit/bin/worker.sh: line 79: 96583 Terminated              bash "$THR_ROOT/bin/heartbeat.sh" "$UNIT"
/iopsstor/scratch/cscs/dthapa/system3_qwem_omni_8_28/omni_thr_fit/bin/worker.sh: line 79: 97622 Terminated              bash "$THR_ROOT/bin/heartbeat.sh" "$UNIT"
/iopsstor/scratch/cscs/dthapa/system3_qwem_omni_8_28/omni_thr_fit/bin/worker.sh: line 79: 98619 Terminated              bash "$THR_ROOT/bin/heartbeat.sh" "$UNIT"
/iopsstor/scratch/cscs/dthapa/system3_qwem_omni_8_28/omni_thr_fit/bin/worker.sh: line 79: 99419 Terminated              bash "$THR_ROOT/bin/heartbeat.sh" "$UNIT"
/iopsstor/scratch/cscs/dthapa/system3_qwem_omni_8_28/omni_thr_fit/bin/worker.sh: line 79: 100359 Terminated              bash "$THR_ROOT/bin/heartbeat.sh" "$UNIT"
/iopsstor/scratch/cscs/dthapa/system3_qwem_omni_8_28/omni_thr_fit/bin/worker.sh: line 79: 101338 Terminated              bash "$THR_ROOT/bin/heartbeat.sh" "$UNIT"
/iopsstor/scratch/cscs/dthapa/system3_qwem_omni_8_28/omni_thr_fit/bin/worker.sh: line 79: 102218 Terminated              bash "$THR_ROOT/bin/heartbeat.sh" "$UNIT"
/iopsstor/scratch/cscs/dthapa/system3_qwem_omni_8_28/omni_thr_fit/bin/worker.sh: line 79: 102986 Terminated              bash "$THR_ROOT/bin/heartbeat.sh" "$UNIT"
/iopsstor/scratch/cscs/dthapa/system3_qwem_omni_8_28/omni_thr_fit/bin/worker.sh: line 79: 104087 Terminated              bash "$THR_ROOT/bin/heartbeat.sh" "$UNIT"
/iopsstor/scratch/cscs/dthapa/system3_qwem_omni_8_28/omni_thr_fit/bin/worker.sh: line 79: 106758 Terminated              bash "$THR_ROOT/bin/heartbeat.sh" "$UNIT"
/iopsstor/scratch/cscs/dthapa/system3_qwem_omni_8_28/omni_thr_fit/bin/worker.sh: line 79: 107791 Terminated              bash "$THR_ROOT/bin/heartbeat.sh" "$UNIT"
/iopsstor/scratch/cscs/dthapa/system3_qwem_omni_8_28/omni_thr_fit/bin/worker.sh: line 79: 109745 Terminated              bash "$THR_ROOT/bin/heartbeat.sh" "$UNIT"
/iopsstor/scratch/cscs/dthapa/system3_qwem_omni_8_28/omni_thr_fit/bin/worker.sh: line 79: 110818 Terminated              bash "$THR_ROOT/bin/heartbeat.sh" "$UNIT"
/iopsstor/scratch/cscs/dthapa/system3_qwem_omni_8_28/omni_thr_fit/bin/worker.sh: line 79: 111748 Terminated              bash "$THR_ROOT/bin/heartbeat.sh" "$UNIT"
/iopsstor/scratch/cscs/dthapa/system3_qwem_omni_8_28/omni_thr_fit/bin/worker.sh: line 79: 112359 Terminated              bash "$THR_ROOT/bin/heartbeat.sh" "$UNIT"
/iopsstor/scratch/cscs/dthapa/system3_qwem_omni_8_28/omni_thr_fit/bin/worker.sh: line 79: 113236 Terminated              bash "$THR_ROOT/bin/heartbeat.sh" "$UNIT"
/iopsstor/scratch/cscs/dthapa/system3_qwem_omni_8_28/omni_thr_fit/bin/worker.sh: line 79: 114231 Terminated              bash "$THR_ROOT/bin/heartbeat.sh" "$UNIT"
/iopsstor/scratch/cscs/dthapa/system3_qwem_omni_8_28/omni_thr_fit/bin/worker.sh: line 79: 115457 Terminated              bash "$THR_ROOT/bin/heartbeat.sh" "$UNIT"
/iopsstor/scratch/cscs/dthapa/system3_qwem_omni_8_28/omni_thr_fit/bin/worker.sh: line 79: 116450 Terminated              bash "$THR_ROOT/bin/heartbeat.sh" "$UNIT"
/iopsstor/scratch/cscs/dthapa/system3_qwem_omni_8_28/omni_thr_fit/bin/worker.sh: line 79: 117332 Terminated              bash "$THR_ROOT/bin/heartbeat.sh" "$UNIT"
/iopsstor/scratch/cscs/dthapa/system3_qwem_omni_8_28/omni_thr_fit/bin/worker.sh: line 79: 118248 Terminated              bash "$THR_ROOT/bin/heartbeat.sh" "$UNIT"
/iopsstor/scratch/cscs/dthapa/system3_qwem_omni_8_28/omni_thr_fit/bin/worker.sh: line 79: 118969 Terminated              bash "$THR_ROOT/bin/heartbeat.sh" "$UNIT"
/iopsstor/scratch/cscs/dthapa/system3_qwem_omni_8_28/omni_thr_fit/bin/worker.sh: line 79: 119817 Terminated              bash "$THR_ROOT/bin/heartbeat.sh" "$UNIT"
/iopsstor/scratch/cscs/dthapa/system3_qwem_omni_8_28/omni_thr_fit/bin/worker.sh: line 79: 120563 Terminated              bash "$THR_ROOT/bin/heartbeat.sh" "$UNIT"
/iopsstor/scratch/cscs/dthapa/system3_qwem_omni_8_28/omni_thr_fit/bin/worker.sh: line 79: 121372 Terminated              bash "$THR_ROOT/bin/heartbeat.sh" "$UNIT"
/iopsstor/scratch/cscs/dthapa/system3_qwem_omni_8_28/omni_thr_fit/bin/worker.sh: line 79: 122194 Terminated              bash "$THR_ROOT/bin/heartbeat.sh" "$UNIT"
/iopsstor/scratch/cscs/dthapa/system3_qwem_omni_8_28/omni_thr_fit/bin/worker.sh: line 79: 123098 Terminated              bash "$THR_ROOT/bin/heartbeat.sh" "$UNIT"
/iopsstor/scratch/cscs/dthapa/system3_qwem_omni_8_28/omni_thr_fit/bin/worker.sh: line 79: 123744 Terminated              bash "$THR_ROOT/bin/heartbeat.sh" "$UNIT"
/iopsstor/scratch/cscs/dthapa/system3_qwem_omni_8_28/omni_thr_fit/bin/worker.sh: line 79: 124550 Terminated              bash "$THR_ROOT/bin/heartbeat.sh" "$UNIT"
/iopsstor/scratch/cscs/dthapa/system3_qwem_omni_8_28/omni_thr_fit/bin/worker.sh: line 79: 125644 Terminated              bash "$THR_ROOT/bin/heartbeat.sh" "$UNIT"
/iopsstor/scratch/cscs/dthapa/system3_qwem_omni_8_28/omni_thr_fit/bin/worker.sh: line 79: 126645 Terminated              bash "$THR_ROOT/bin/heartbeat.sh" "$UNIT"
/iopsstor/scratch/cscs/dthapa/system3_qwem_omni_8_28/omni_thr_fit/bin/worker.sh: line 79: 127539 Terminated              bash "$THR_ROOT/bin/heartbeat.sh" "$UNIT"
/iopsstor/scratch/cscs/dthapa/system3_qwem_omni_8_28/omni_thr_fit/bin/worker.sh: line 79: 128351 Terminated              bash "$THR_ROOT/bin/heartbeat.sh" "$UNIT"
/iopsstor/scratch/cscs/dthapa/system3_qwem_omni_8_28/omni_thr_fit/bin/worker.sh: line 79: 128947 Terminated              bash "$THR_ROOT/bin/heartbeat.sh" "$UNIT"
/iopsstor/scratch/cscs/dthapa/system3_qwem_omni_8_28/omni_thr_fit/bin/worker.sh: line 79: 129643 Terminated              bash "$THR_ROOT/bin/heartbeat.sh" "$UNIT"
/iopsstor/scratch/cscs/dthapa/system3_qwem_omni_8_28/omni_thr_fit/bin/worker.sh: line 79: 130423 Terminated              bash "$THR_ROOT/bin/heartbeat.sh" "$UNIT"
/iopsstor/scratch/cscs/dthapa/system3_qwem_omni_8_28/omni_thr_fit/bin/worker.sh: line 79: 136409 Terminated              bash "$THR_ROOT/bin/heartbeat.sh" "$UNIT"
/iopsstor/scratch/cscs/dthapa/system3_qwem_omni_8_28/omni_thr_fit/bin/worker.sh: line 79: 138649 Terminated              bash "$THR_ROOT/bin/heartbeat.sh" "$UNIT"
/iopsstor/scratch/cscs/dthapa/system3_qwem_omni_8_28/omni_thr_fit/bin/worker.sh: line 79: 139531 Terminated              bash "$THR_ROOT/bin/heartbeat.sh" "$UNIT"
/iopsstor/scratch/cscs/dthapa/system3_qwem_omni_8_28/omni_thr_fit/bin/worker.sh: line 79: 140197 Terminated              bash "$THR_ROOT/bin/heartbeat.sh" "$UNIT"
/iopsstor/scratch/cscs/dthapa/system3_qwem_omni_8_28/omni_thr_fit/bin/worker.sh: line 79: 141079 Terminated              bash "$THR_ROOT/bin/heartbeat.sh" "$UNIT"
/iopsstor/scratch/cscs/dthapa/system3_qwem_omni_8_28/omni_thr_fit/bin/worker.sh: line 79: 142196 Terminated              bash "$THR_ROOT/bin/heartbeat.sh" "$UNIT"
/iopsstor/scratch/cscs/dthapa/system3_qwem_omni_8_28/omni_thr_fit/bin/worker.sh: line 79: 142958 Terminated              bash "$THR_ROOT/bin/heartbeat.sh" "$UNIT"
/iopsstor/scratch/cscs/dthapa/system3_qwem_omni_8_28/omni_thr_fit/bin/worker.sh: line 79: 143833 Terminated              bash "$THR_ROOT/bin/heartbeat.sh" "$UNIT"
/iopsstor/scratch/cscs/dthapa/system3_qwem_omni_8_28/omni_thr_fit/bin/worker.sh: line 79: 145604 Terminated              bash "$THR_ROOT/bin/heartbeat.sh" "$UNIT"
/iopsstor/scratch/cscs/dthapa/system3_qwem_omni_8_28/omni_thr_fit/bin/worker.sh: line 79: 149865 Terminated              bash "$THR_ROOT/bin/heartbeat.sh" "$UNIT"
/iopsstor/scratch/cscs/dthapa/system3_qwem_omni_8_28/omni_thr_fit/bin/worker.sh: line 79: 156289 Terminated              bash "$THR_ROOT/bin/heartbeat.sh" "$UNIT"
/iopsstor/scratch/cscs/dthapa/system3_qwem_omni_8_28/omni_thr_fit/bin/worker.sh: line 79: 157621 Terminated              bash "$THR_ROOT/bin/heartbeat.sh" "$UNIT"
/iopsstor/scratch/cscs/dthapa/system3_qwem_omni_8_28/omni_thr_fit/bin/worker.sh: line 79: 159032 Terminated              bash "$THR_ROOT/bin/heartbeat.sh" "$UNIT"
/iopsstor/scratch/cscs/dthapa/system3_qwem_omni_8_28/omni_thr_fit/bin/worker.sh: line 79: 160745 Terminated              bash "$THR_ROOT/bin/heartbeat.sh" "$UNIT"
/iopsstor/scratch/cscs/dthapa/system3_qwem_omni_8_28/omni_thr_fit/bin/worker.sh: line 79: 162394 Terminated              bash "$THR_ROOT/bin/heartbeat.sh" "$UNIT"
/iopsstor/scratch/cscs/dthapa/system3_qwem_omni_8_28/omni_thr_fit/bin/worker.sh: line 79: 163750 Terminated              bash "$THR_ROOT/bin/heartbeat.sh" "$UNIT"
/iopsstor/scratch/cscs/dthapa/system3_qwem_omni_8_28/omni_thr_fit/bin/worker.sh: line 79: 164865 Terminated              bash "$THR_ROOT/bin/heartbeat.sh" "$UNIT"
/iopsstor/scratch/cscs/dthapa/system3_qwem_omni_8_28/omni_thr_fit/bin/worker.sh: line 79: 171083 Terminated              bash "$THR_ROOT/bin/heartbeat.sh" "$UNIT"
/iopsstor/scratch/cscs/dthapa/system3_qwem_omni_8_28/omni_thr_fit/bin/worker.sh: line 79: 175743 Terminated              bash "$THR_ROOT/bin/heartbeat.sh" "$UNIT"
/iopsstor/scratch/cscs/dthapa/system3_qwem_omni_8_28/omni_thr_fit/bin/worker.sh: line 79: 177311 Terminated              bash "$THR_ROOT/bin/heartbeat.sh" "$UNIT"
/iopsstor/scratch/cscs/dthapa/system3_qwem_omni_8_28/omni_thr_fit/bin/worker.sh: line 79: 178850 Terminated              bash "$THR_ROOT/bin/heartbeat.sh" "$UNIT"
/iopsstor/scratch/cscs/dthapa/system3_qwem_omni_8_28/omni_thr_fit/bin/worker.sh: line 79: 180200 Terminated              bash "$THR_ROOT/bin/heartbeat.sh" "$UNIT"
/iopsstor/scratch/cscs/dthapa/system3_qwem_omni_8_28/omni_thr_fit/bin/worker.sh: line 79: 182285 Terminated              bash "$THR_ROOT/bin/heartbeat.sh" "$UNIT"
/iopsstor/scratch/cscs/dthapa/system3_qwem_omni_8_28/omni_thr_fit/bin/worker.sh: line 79: 190653 Terminated              bash "$THR_ROOT/bin/heartbeat.sh" "$UNIT"
/iopsstor/scratch/cscs/dthapa/system3_qwem_omni_8_28/omni_thr_fit/bin/worker.sh: line 79: 192884 Terminated              bash "$THR_ROOT/bin/heartbeat.sh" "$UNIT"
/iopsstor/scratch/cscs/dthapa/system3_qwem_omni_8_28/omni_thr_fit/bin/worker.sh: line 79: 194792 Terminated              bash "$THR_ROOT/bin/heartbeat.sh" "$UNIT"
/iopsstor/scratch/cscs/dthapa/system3_qwem_omni_8_28/omni_thr_fit/bin/worker.sh: line 79: 201783 Terminated              bash "$THR_ROOT/bin/heartbeat.sh" "$UNIT"
/iopsstor/scratch/cscs/dthapa/system3_qwem_omni_8_28/omni_thr_fit/bin/worker.sh: line 79: 203183 Terminated              bash "$THR_ROOT/bin/heartbeat.sh" "$UNIT"
/iopsstor/scratch/cscs/dthapa/system3_qwem_omni_8_28/omni_thr_fit/bin/worker.sh: line 79: 204024 Terminated              bash "$THR_ROOT/bin/heartbeat.sh" "$UNIT"
/iopsstor/scratch/cscs/dthapa/system3_qwem_omni_8_28/omni_thr_fit/bin/worker.sh: line 79: 204866 Terminated              bash "$THR_ROOT/bin/heartbeat.sh" "$UNIT"
/iopsstor/scratch/cscs/dthapa/system3_qwem_omni_8_28/omni_thr_fit/bin/worker.sh: line 79: 206502 Terminated              bash "$THR_ROOT/bin/heartbeat.sh" "$UNIT"
/iopsstor/scratch/cscs/dthapa/system3_qwem_omni_8_28/omni_thr_fit/bin/worker.sh: line 79: 214858 Terminated              bash "$THR_ROOT/bin/heartbeat.sh" "$UNIT"
/iopsstor/scratch/cscs/dthapa/system3_qwem_omni_8_28/omni_thr_fit/bin/worker.sh: line 79: 216056 Terminated              bash "$THR_ROOT/bin/heartbeat.sh" "$UNIT"
/iopsstor/scratch/cscs/dthapa/system3_qwem_omni_8_28/omni_thr_fit/bin/worker.sh: line 79: 216910 Terminated              bash "$THR_ROOT/bin/heartbeat.sh" "$UNIT"
/iopsstor/scratch/cscs/dthapa/system3_qwem_omni_8_28/omni_thr_fit/bin/worker.sh: line 79: 218177 Terminated              bash "$THR_ROOT/bin/heartbeat.sh" "$UNIT"
/iopsstor/scratch/cscs/dthapa/system3_qwem_omni_8_28/omni_thr_fit/bin/worker.sh: line 79: 219619 Terminated              bash "$THR_ROOT/bin/heartbeat.sh" "$UNIT"
/iopsstor/scratch/cscs/dthapa/system3_qwem_omni_8_28/omni_thr_fit/bin/worker.sh: line 79: 221355 Terminated              bash "$THR_ROOT/bin/heartbeat.sh" "$UNIT"
/iopsstor/scratch/cscs/dthapa/system3_qwem_omni_8_28/omni_thr_fit/bin/worker.sh: line 79: 225794 Terminated              bash "$THR_ROOT/bin/heartbeat.sh" "$UNIT"
/iopsstor/scratch/cscs/dthapa/system3_qwem_omni_8_28/omni_thr_fit/bin/worker.sh: line 79: 230817 Terminated              bash "$THR_ROOT/bin/heartbeat.sh" "$UNIT"
/iopsstor/scratch/cscs/dthapa/system3_qwem_omni_8_28/omni_thr_fit/bin/worker.sh: line 79: 232032 Terminated              bash "$THR_ROOT/bin/heartbeat.sh" "$UNIT"
/iopsstor/scratch/cscs/dthapa/system3_qwem_omni_8_28/omni_thr_fit/bin/worker.sh: line 79: 233248 Terminated              bash "$THR_ROOT/bin/heartbeat.sh" "$UNIT"
/iopsstor/scratch/cscs/dthapa/system3_qwem_omni_8_28/omni_thr_fit/bin/worker.sh: line 79: 234601 Terminated              bash "$THR_ROOT/bin/heartbeat.sh" "$UNIT"
/iopsstor/scratch/cscs/dthapa/system3_qwem_omni_8_28/omni_thr_fit/bin/worker.sh: line 79: 240071 Terminated              bash "$THR_ROOT/bin/heartbeat.sh" "$UNIT"
/iopsstor/scratch/cscs/dthapa/system3_qwem_omni_8_28/omni_thr_fit/bin/worker.sh: line 79: 250078 Terminated              bash "$THR_ROOT/bin/heartbeat.sh" "$UNIT"
/iopsstor/scratch/cscs/dthapa/system3_qwem_omni_8_28/omni_thr_fit/bin/worker.sh: line 79: 254001 Terminated              bash "$THR_ROOT/bin/heartbeat.sh" "$UNIT"
/iopsstor/scratch/cscs/dthapa/system3_qwem_omni_8_28/omni_thr_fit/bin/worker.sh: line 79: 255163 Terminated              bash "$THR_ROOT/bin/heartbeat.sh" "$UNIT"
/iopsstor/scratch/cscs/dthapa/system3_qwem_omni_8_28/omni_thr_fit/bin/worker.sh: line 79: 256023 Terminated              bash "$THR_ROOT/bin/heartbeat.sh" "$UNIT"
/iopsstor/scratch/cscs/dthapa/system3_qwem_omni_8_28/omni_thr_fit/bin/worker.sh: line 79: 256847 Terminated              bash "$THR_ROOT/bin/heartbeat.sh" "$UNIT"
/iopsstor/scratch/cscs/dthapa/system3_qwem_omni_8_28/omni_thr_fit/bin/worker.sh: line 79: 257678 Terminated              bash "$THR_ROOT/bin/heartbeat.sh" "$UNIT"
/iopsstor/scratch/cscs/dthapa/system3_qwem_omni_8_28/omni_thr_fit/bin/worker.sh: line 79: 258542 Terminated              bash "$THR_ROOT/bin/heartbeat.sh" "$UNIT"
/iopsstor/scratch/cscs/dthapa/system3_qwem_omni_8_28/omni_thr_fit/bin/worker.sh: line 79: 259262 Terminated              bash "$THR_ROOT/bin/heartbeat.sh" "$UNIT"
/iopsstor/scratch/cscs/dthapa/system3_qwem_omni_8_28/omni_thr_fit/bin/worker.sh: line 79: 260245 Terminated              bash "$THR_ROOT/bin/heartbeat.sh" "$UNIT"
/iopsstor/scratch/cscs/dthapa/system3_qwem_omni_8_28/omni_thr_fit/bin/worker.sh: line 79: 261698 Terminated              bash "$THR_ROOT/bin/heartbeat.sh" "$UNIT"
/iopsstor/scratch/cscs/dthapa/system3_qwem_omni_8_28/omni_thr_fit/bin/worker.sh: line 79: 262880 Terminated              bash "$THR_ROOT/bin/heartbeat.sh" "$UNIT"
/iopsstor/scratch/cscs/dthapa/system3_qwem_omni_8_28/omni_thr_fit/bin/worker.sh: line 79: 263849 Terminated              bash "$THR_ROOT/bin/heartbeat.sh" "$UNIT"
/iopsstor/scratch/cscs/dthapa/system3_qwem_omni_8_28/omni_thr_fit/bin/worker.sh: line 79: 264680 Terminated              bash "$THR_ROOT/bin/heartbeat.sh" "$UNIT"
/iopsstor/scratch/cscs/dthapa/system3_qwem_omni_8_28/omni_thr_fit/bin/worker.sh: line 79: 265546 Terminated              bash "$THR_ROOT/bin/heartbeat.sh" "$UNIT"
/iopsstor/scratch/cscs/dthapa/system3_qwem_omni_8_28/omni_thr_fit/bin/worker.sh: line 79: 266595 Terminated              bash "$THR_ROOT/bin/heartbeat.sh" "$UNIT"
/iopsstor/scratch/cscs/dthapa/system3_qwem_omni_8_28/omni_thr_fit/bin/worker.sh: line 79: 271935 Terminated              bash "$THR_ROOT/bin/heartbeat.sh" "$UNIT"
/iopsstor/scratch/cscs/dthapa/system3_qwem_omni_8_28/omni_thr_fit/bin/worker.sh: line 79: 274574 Terminated              bash "$THR_ROOT/bin/heartbeat.sh" "$UNIT"
/iopsstor/scratch/cscs/dthapa/system3_qwem_omni_8_28/omni_thr_fit/bin/worker.sh: line 79: 275567 Terminated              bash "$THR_ROOT/bin/heartbeat.sh" "$UNIT"
/iopsstor/scratch/cscs/dthapa/system3_qwem_omni_8_28/omni_thr_fit/bin/worker.sh: line 79: 277014 Terminated              bash "$THR_ROOT/bin/heartbeat.sh" "$UNIT"
/iopsstor/scratch/cscs/dthapa/system3_qwem_omni_8_28/omni_thr_fit/bin/worker.sh: line 79: 278624 Terminated              bash "$THR_ROOT/bin/heartbeat.sh" "$UNIT"
/iopsstor/scratch/cscs/dthapa/system3_qwem_omni_8_28/omni_thr_fit/bin/worker.sh: line 79: 279579 Terminated              bash "$THR_ROOT/bin/heartbeat.sh" "$UNIT"
/iopsstor/scratch/cscs/dthapa/system3_qwem_omni_8_28/omni_thr_fit/bin/worker.sh: line 79: 280469 Terminated              bash "$THR_ROOT/bin/heartbeat.sh" "$UNIT"
/iopsstor/scratch/cscs/dthapa/system3_qwem_omni_8_28/omni_thr_fit/bin/worker.sh: line 79: 281378 Terminated              bash "$THR_ROOT/bin/heartbeat.sh" "$UNIT"
/iopsstor/scratch/cscs/dthapa/system3_qwem_omni_8_28/omni_thr_fit/bin/worker.sh: line 79: 282178 Terminated              bash "$THR_ROOT/bin/heartbeat.sh" "$UNIT"
/iopsstor/scratch/cscs/dthapa/system3_qwem_omni_8_28/omni_thr_fit/bin/worker.sh: line 79: 286518 Terminated              bash "$THR_ROOT/bin/heartbeat.sh" "$UNIT"
/iopsstor/scratch/cscs/dthapa/system3_qwem_omni_8_28/omni_thr_fit/bin/worker.sh: line 79: 289729 Terminated              bash "$THR_ROOT/bin/heartbeat.sh" "$UNIT"
/iopsstor/scratch/cscs/dthapa/system3_qwem_omni_8_28/omni_thr_fit/bin/worker.sh: line 79: 290517 Terminated              bash "$THR_ROOT/bin/heartbeat.sh" "$UNIT"
/iopsstor/scratch/cscs/dthapa/system3_qwem_omni_8_28/omni_thr_fit/bin/worker.sh: line 79: 291584 Terminated              bash "$THR_ROOT/bin/heartbeat.sh" "$UNIT"
/iopsstor/scratch/cscs/dthapa/system3_qwem_omni_8_28/omni_thr_fit/bin/worker.sh: line 79:  6699 Terminated              bash "$THR_ROOT/bin/heartbeat.sh" "$UNIT"
/iopsstor/scratch/cscs/dthapa/system3_qwem_omni_8_28/omni_thr_fit/bin/worker.sh: line 79:  9521 Terminated              bash "$THR_ROOT/bin/heartbeat.sh" "$UNIT"
/iopsstor/scratch/cscs/dthapa/system3_qwem_omni_8_28/omni_thr_fit/bin/worker.sh: line 79: 10638 Terminated              bash "$THR_ROOT/bin/heartbeat.sh" "$UNIT"
/iopsstor/scratch/cscs/dthapa/system3_qwem_omni_8_28/omni_thr_fit/bin/worker.sh: line 79: 16732 Terminated              bash "$THR_ROOT/bin/heartbeat.sh" "$UNIT"
/iopsstor/scratch/cscs/dthapa/system3_qwem_omni_8_28/omni_thr_fit/bin/worker.sh: line 79: 19827 Terminated              bash "$THR_ROOT/bin/heartbeat.sh" "$UNIT"
/iopsstor/scratch/cscs/dthapa/system3_qwem_omni_8_28/omni_thr_fit/bin/worker.sh: line 79: 27615 Terminated              bash "$THR_ROOT/bin/heartbeat.sh" "$UNIT"
/iopsstor/scratch/cscs/dthapa/system3_qwem_omni_8_28/omni_thr_fit/bin/worker.sh: line 79: 31424 Terminated              bash "$THR_ROOT/bin/heartbeat.sh" "$UNIT"
/iopsstor/scratch/cscs/dthapa/system3_qwem_omni_8_28/omni_thr_fit/bin/worker.sh: line 79: 33759 Terminated              bash "$THR_ROOT/bin/heartbeat.sh" "$UNIT"
/iopsstor/scratch/cscs/dthapa/system3_qwem_omni_8_28/omni_thr_fit/bin/worker.sh: line 79: 35167 Terminated              bash "$THR_ROOT/bin/heartbeat.sh" "$UNIT"
/iopsstor/scratch/cscs/dthapa/system3_qwem_omni_8_28/omni_thr_fit/bin/worker.sh: line 79: 35968 Terminated              bash "$THR_ROOT/bin/heartbeat.sh" "$UNIT"
/iopsstor/scratch/cscs/dthapa/system3_qwem_omni_8_28/omni_thr_fit/bin/worker.sh: line 79: 36679 Terminated              bash "$THR_ROOT/bin/heartbeat.sh" "$UNIT"
/iopsstor/scratch/cscs/dthapa/system3_qwem_omni_8_28/omni_thr_fit/bin/worker.sh: line 79: 37908 Terminated              bash "$THR_ROOT/bin/heartbeat.sh" "$UNIT"
/iopsstor/scratch/cscs/dthapa/system3_qwem_omni_8_28/omni_thr_fit/bin/worker.sh: line 79: 38658 Terminated              bash "$THR_ROOT/bin/heartbeat.sh" "$UNIT"
/iopsstor/scratch/cscs/dthapa/system3_qwem_omni_8_28/omni_thr_fit/bin/worker.sh: line 79: 39624 Terminated              bash "$THR_ROOT/bin/heartbeat.sh" "$UNIT"
/iopsstor/scratch/cscs/dthapa/system3_qwem_omni_8_28/omni_thr_fit/bin/worker.sh: line 79: 40525 Terminated              bash "$THR_ROOT/bin/heartbeat.sh" "$UNIT"
/iopsstor/scratch/cscs/dthapa/system3_qwem_omni_8_28/omni_thr_fit/bin/worker.sh: line 79: 41386 Terminated              bash "$THR_ROOT/bin/heartbeat.sh" "$UNIT"
/iopsstor/scratch/cscs/dthapa/system3_qwem_omni_8_28/omni_thr_fit/bin/worker.sh: line 79: 42453 Terminated              bash "$THR_ROOT/bin/heartbeat.sh" "$UNIT"
/iopsstor/scratch/cscs/dthapa/system3_qwem_omni_8_28/omni_thr_fit/bin/worker.sh: line 79: 43720 Terminated              bash "$THR_ROOT/bin/heartbeat.sh" "$UNIT"
/iopsstor/scratch/cscs/dthapa/system3_qwem_omni_8_28/omni_thr_fit/bin/worker.sh: line 79: 44896 Terminated              bash "$THR_ROOT/bin/heartbeat.sh" "$UNIT"
/iopsstor/scratch/cscs/dthapa/system3_qwem_omni_8_28/omni_thr_fit/bin/worker.sh: line 79: 46172 Terminated              bash "$THR_ROOT/bin/heartbeat.sh" "$UNIT"
/iopsstor/scratch/cscs/dthapa/system3_qwem_omni_8_28/omni_thr_fit/bin/worker.sh: line 79: 48317 Terminated              bash "$THR_ROOT/bin/heartbeat.sh" "$UNIT"
/iopsstor/scratch/cscs/dthapa/system3_qwem_omni_8_28/omni_thr_fit/bin/worker.sh: line 79: 50013 Terminated              bash "$THR_ROOT/bin/heartbeat.sh" "$UNIT"
/iopsstor/scratch/cscs/dthapa/system3_qwem_omni_8_28/omni_thr_fit/bin/worker.sh: line 79: 51817 Terminated              bash "$THR_ROOT/bin/heartbeat.sh" "$UNIT"
/iopsstor/scratch/cscs/dthapa/system3_qwem_omni_8_28/omni_thr_fit/bin/worker.sh: line 79: 53216 Terminated              bash "$THR_ROOT/bin/heartbeat.sh" "$UNIT"
/iopsstor/scratch/cscs/dthapa/system3_qwem_omni_8_28/omni_thr_fit/bin/worker.sh: line 79: 53904 Terminated              bash "$THR_ROOT/bin/heartbeat.sh" "$UNIT"
/iopsstor/scratch/cscs/dthapa/system3_qwem_omni_8_28/omni_thr_fit/bin/worker.sh: line 79: 54662 Terminated              bash "$THR_ROOT/bin/heartbeat.sh" "$UNIT"
/iopsstor/scratch/cscs/dthapa/system3_qwem_omni_8_28/omni_thr_fit/bin/worker.sh: line 79: 55527 Terminated              bash "$THR_ROOT/bin/heartbeat.sh" "$UNIT"
/iopsstor/scratch/cscs/dthapa/system3_qwem_omni_8_28/omni_thr_fit/bin/worker.sh: line 79: 56363 Terminated              bash "$THR_ROOT/bin/heartbeat.sh" "$UNIT"
/iopsstor/scratch/cscs/dthapa/system3_qwem_omni_8_28/omni_thr_fit/bin/worker.sh: line 79: 57376 Terminated              bash "$THR_ROOT/bin/heartbeat.sh" "$UNIT"
/iopsstor/scratch/cscs/dthapa/system3_qwem_omni_8_28/omni_thr_fit/bin/worker.sh: line 79: 58328 Terminated              bash "$THR_ROOT/bin/heartbeat.sh" "$UNIT"
/iopsstor/scratch/cscs/dthapa/system3_qwem_omni_8_28/omni_thr_fit/bin/worker.sh: line 79: 59220 Terminated              bash "$THR_ROOT/bin/heartbeat.sh" "$UNIT"
/iopsstor/scratch/cscs/dthapa/system3_qwem_omni_8_28/omni_thr_fit/bin/worker.sh: line 79: 60047 Terminated              bash "$THR_ROOT/bin/heartbeat.sh" "$UNIT"
/iopsstor/scratch/cscs/dthapa/system3_qwem_omni_8_28/omni_thr_fit/bin/worker.sh: line 79: 60878 Terminated              bash "$THR_ROOT/bin/heartbeat.sh" "$UNIT"
/iopsstor/scratch/cscs/dthapa/system3_qwem_omni_8_28/omni_thr_fit/bin/worker.sh: line 79: 62010 Terminated              bash "$THR_ROOT/bin/heartbeat.sh" "$UNIT"
/iopsstor/scratch/cscs/dthapa/system3_qwem_omni_8_28/omni_thr_fit/bin/worker.sh: line 79: 62888 Terminated              bash "$THR_ROOT/bin/heartbeat.sh" "$UNIT"
/iopsstor/scratch/cscs/dthapa/system3_qwem_omni_8_28/omni_thr_fit/bin/worker.sh: line 79: 63886 Terminated              bash "$THR_ROOT/bin/heartbeat.sh" "$UNIT"
/iopsstor/scratch/cscs/dthapa/system3_qwem_omni_8_28/omni_thr_fit/bin/worker.sh: line 79: 64724 Terminated              bash "$THR_ROOT/bin/heartbeat.sh" "$UNIT"
/iopsstor/scratch/cscs/dthapa/system3_qwem_omni_8_28/omni_thr_fit/bin/worker.sh: line 79: 65622 Terminated              bash "$THR_ROOT/bin/heartbeat.sh" "$UNIT"
/iopsstor/scratch/cscs/dthapa/system3_qwem_omni_8_28/omni_thr_fit/bin/worker.sh: line 79: 66511 Terminated              bash "$THR_ROOT/bin/heartbeat.sh" "$UNIT"
/iopsstor/scratch/cscs/dthapa/system3_qwem_omni_8_28/omni_thr_fit/bin/worker.sh: line 79: 67358 Terminated              bash "$THR_ROOT/bin/heartbeat.sh" "$UNIT"
/iopsstor/scratch/cscs/dthapa/system3_qwem_omni_8_28/omni_thr_fit/bin/worker.sh: line 79: 68725 Terminated              bash "$THR_ROOT/bin/heartbeat.sh" "$UNIT"
/iopsstor/scratch/cscs/dthapa/system3_qwem_omni_8_28/omni_thr_fit/bin/worker.sh: line 79: 70474 Terminated              bash "$THR_ROOT/bin/heartbeat.sh" "$UNIT"
/iopsstor/scratch/cscs/dthapa/system3_qwem_omni_8_28/omni_thr_fit/bin/worker.sh: line 100: 44451 Terminated              bash "$THR_ROOT/bin/heartbeat.sh" "$UNIT"
/iopsstor/scratch/cscs/dthapa/system3_qwem_omni_8_28/omni_thr_fit/bin/worker.sh: line 79: 72470 Terminated              bash "$THR_ROOT/bin/heartbeat.sh" "$UNIT"
/iopsstor/scratch/cscs/dthapa/system3_qwem_omni_8_28/omni_thr_fit/bin/worker.sh: line 79: 74271 Terminated              bash "$THR_ROOT/bin/heartbeat.sh" "$UNIT"
/iopsstor/scratch/cscs/dthapa/system3_qwem_omni_8_28/omni_thr_fit/bin/worker.sh: line 79: 76074 Terminated              bash "$THR_ROOT/bin/heartbeat.sh" "$UNIT"
/iopsstor/scratch/cscs/dthapa/system3_qwem_omni_8_28/omni_thr_fit/bin/worker.sh: line 100: 49423 Terminated              bash "$THR_ROOT/bin/heartbeat.sh" "$UNIT"
/iopsstor/scratch/cscs/dthapa/system3_qwem_omni_8_28/omni_thr_fit/bin/worker.sh: line 79: 78462 Terminated              bash "$THR_ROOT/bin/heartbeat.sh" "$UNIT"
/iopsstor/scratch/cscs/dthapa/system3_qwem_omni_8_28/omni_thr_fit/bin/worker.sh: line 100: 86432 Terminated              bash "$THR_ROOT/bin/heartbeat.sh" "$UNIT"
/iopsstor/scratch/cscs/dthapa/system3_qwem_omni_8_28/omni_thr_fit/bin/worker.sh: line 100: 91974 Terminated              bash "$THR_ROOT/bin/heartbeat.sh" "$UNIT"
/iopsstor/scratch/cscs/dthapa/system3_qwem_omni_8_28/omni_thr_fit/bin/worker.sh: line 79: 80005 Terminated              bash "$THR_ROOT/bin/heartbeat.sh" "$UNIT"
/iopsstor/scratch/cscs/dthapa/system3_qwem_omni_8_28/omni_thr_fit/bin/worker.sh: line 100: 97490 Terminated              bash "$THR_ROOT/bin/heartbeat.sh" "$UNIT"
/iopsstor/scratch/cscs/dthapa/system3_qwem_omni_8_28/omni_thr_fit/bin/worker.sh: line 79: 81946 Terminated              bash "$THR_ROOT/bin/heartbeat.sh" "$UNIT"
/iopsstor/scratch/cscs/dthapa/system3_qwem_omni_8_28/omni_thr_fit/bin/worker.sh: line 100: 103798 Terminated              bash "$THR_ROOT/bin/heartbeat.sh" "$UNIT"
/iopsstor/scratch/cscs/dthapa/system3_qwem_omni_8_28/omni_thr_fit/bin/worker.sh: line 79: 83651 Terminated              bash "$THR_ROOT/bin/heartbeat.sh" "$UNIT"
/iopsstor/scratch/cscs/dthapa/system3_qwem_omni_8_28/omni_thr_fit/bin/worker.sh: line 79: 85407 Terminated              bash "$THR_ROOT/bin/heartbeat.sh" "$UNIT"
/iopsstor/scratch/cscs/dthapa/system3_qwem_omni_8_28/omni_thr_fit/bin/worker.sh: line 79: 87134 Terminated              bash "$THR_ROOT/bin/heartbeat.sh" "$UNIT"
/iopsstor/scratch/cscs/dthapa/system3_qwem_omni_8_28/omni_thr_fit/bin/worker.sh: line 79: 89006 Terminated              bash "$THR_ROOT/bin/heartbeat.sh" "$UNIT"
/iopsstor/scratch/cscs/dthapa/system3_qwem_omni_8_28/omni_thr_fit/bin/worker.sh: line 79: 91043 Terminated              bash "$THR_ROOT/bin/heartbeat.sh" "$UNIT"
/iopsstor/scratch/cscs/dthapa/system3_qwem_omni_8_28/omni_thr_fit/bin/worker.sh: line 79: 92877 Terminated              bash "$THR_ROOT/bin/heartbeat.sh" "$UNIT"
/iopsstor/scratch/cscs/dthapa/system3_qwem_omni_8_28/omni_thr_fit/bin/worker.sh: line 100: 110712 Terminated              bash "$THR_ROOT/bin/heartbeat.sh" "$UNIT"
/iopsstor/scratch/cscs/dthapa/system3_qwem_omni_8_28/omni_thr_fit/bin/worker.sh: line 79: 94570 Terminated              bash "$THR_ROOT/bin/heartbeat.sh" "$UNIT"
/iopsstor/scratch/cscs/dthapa/system3_qwem_omni_8_28/omni_thr_fit/bin/worker.sh: line 100: 195638 Terminated              bash "$THR_ROOT/bin/heartbeat.sh" "$UNIT"
/iopsstor/scratch/cscs/dthapa/system3_qwem_omni_8_28/omni_thr_fit/bin/worker.sh: line 79: 96385 Terminated              bash "$THR_ROOT/bin/heartbeat.sh" "$UNIT"
/iopsstor/scratch/cscs/dthapa/system3_qwem_omni_8_28/omni_thr_fit/bin/worker.sh: line 100: 202748 Terminated              bash "$THR_ROOT/bin/heartbeat.sh" "$UNIT"
/iopsstor/scratch/cscs/dthapa/system3_qwem_omni_8_28/omni_thr_fit/bin/worker.sh: line 100: 207813 Terminated              bash "$THR_ROOT/bin/heartbeat.sh" "$UNIT"
/iopsstor/scratch/cscs/dthapa/system3_qwem_omni_8_28/omni_thr_fit/bin/worker.sh: line 79: 98763 Terminated              bash "$THR_ROOT/bin/heartbeat.sh" "$UNIT"
/iopsstor/scratch/cscs/dthapa/system3_qwem_omni_8_28/omni_thr_fit/bin/worker.sh: line 100: 218469 Terminated              bash "$THR_ROOT/bin/heartbeat.sh" "$UNIT"
/iopsstor/scratch/cscs/dthapa/system3_qwem_omni_8_28/omni_thr_fit/bin/worker.sh: line 100: 222445 Terminated              bash "$THR_ROOT/bin/heartbeat.sh" "$UNIT"
/iopsstor/scratch/cscs/dthapa/system3_qwem_omni_8_28/omni_thr_fit/bin/worker.sh: line 79: 100928 Terminated              bash "$THR_ROOT/bin/heartbeat.sh" "$UNIT"
/iopsstor/scratch/cscs/dthapa/system3_qwem_omni_8_28/omni_thr_fit/bin/worker.sh: line 100: 230031 Terminated              bash "$THR_ROOT/bin/heartbeat.sh" "$UNIT"
/iopsstor/scratch/cscs/dthapa/system3_qwem_omni_8_28/omni_thr_fit/bin/worker.sh: line 100: 231402 Terminated              bash "$THR_ROOT/bin/heartbeat.sh" "$UNIT"
/iopsstor/scratch/cscs/dthapa/system3_qwem_omni_8_28/omni_thr_fit/bin/worker.sh: line 79: 102602 Terminated              bash "$THR_ROOT/bin/heartbeat.sh" "$UNIT"
/iopsstor/scratch/cscs/dthapa/system3_qwem_omni_8_28/omni_thr_fit/bin/worker.sh: line 79: 104741 Terminated              bash "$THR_ROOT/bin/heartbeat.sh" "$UNIT"
/iopsstor/scratch/cscs/dthapa/system3_qwem_omni_8_28/omni_thr_fit/bin/worker.sh: line 79: 106826 Terminated              bash "$THR_ROOT/bin/heartbeat.sh" "$UNIT"
/iopsstor/scratch/cscs/dthapa/system3_qwem_omni_8_28/omni_thr_fit/bin/worker.sh: line 79: 108653 Terminated              bash "$THR_ROOT/bin/heartbeat.sh" "$UNIT"
/iopsstor/scratch/cscs/dthapa/system3_qwem_omni_8_28/omni_thr_fit/bin/worker.sh: line 79: 110971 Terminated              bash "$THR_ROOT/bin/heartbeat.sh" "$UNIT"
/iopsstor/scratch/cscs/dthapa/system3_qwem_omni_8_28/omni_thr_fit/bin/worker.sh: line 100: 233274 Terminated              bash "$THR_ROOT/bin/heartbeat.sh" "$UNIT"
/iopsstor/scratch/cscs/dthapa/system3_qwem_omni_8_28/omni_thr_fit/bin/worker.sh: line 79: 113170 Terminated              bash "$THR_ROOT/bin/heartbeat.sh" "$UNIT"
/iopsstor/scratch/cscs/dthapa/system3_qwem_omni_8_28/omni_thr_fit/bin/worker.sh: line 100:  9376 Terminated              bash "$THR_ROOT/bin/heartbeat.sh" "$UNIT"
/iopsstor/scratch/cscs/dthapa/system3_qwem_omni_8_28/omni_thr_fit/bin/worker.sh: line 100: 20016 Terminated              bash "$THR_ROOT/bin/heartbeat.sh" "$UNIT"
/iopsstor/scratch/cscs/dthapa/system3_qwem_omni_8_28/omni_thr_fit/bin/worker.sh: line 79: 115668 Terminated              bash "$THR_ROOT/bin/heartbeat.sh" "$UNIT"
/iopsstor/scratch/cscs/dthapa/system3_qwem_omni_8_28/omni_thr_fit/bin/worker.sh: line 100: 25013 Terminated              bash "$THR_ROOT/bin/heartbeat.sh" "$UNIT"
/iopsstor/scratch/cscs/dthapa/system3_qwem_omni_8_28/omni_thr_fit/bin/worker.sh: line 100: 31196 Terminated              bash "$THR_ROOT/bin/heartbeat.sh" "$UNIT"
/iopsstor/scratch/cscs/dthapa/system3_qwem_omni_8_28/omni_thr_fit/bin/worker.sh: line 79: 117542 Terminated              bash "$THR_ROOT/bin/heartbeat.sh" "$UNIT"
/iopsstor/scratch/cscs/dthapa/system3_qwem_omni_8_28/omni_thr_fit/bin/worker.sh: line 100: 40298 Terminated              bash "$THR_ROOT/bin/heartbeat.sh" "$UNIT"
/iopsstor/scratch/cscs/dthapa/system3_qwem_omni_8_28/omni_thr_fit/bin/worker.sh: line 100: 41571 Terminated              bash "$THR_ROOT/bin/heartbeat.sh" "$UNIT"
/iopsstor/scratch/cscs/dthapa/system3_qwem_omni_8_28/omni_thr_fit/bin/worker.sh: line 100: 43584 Terminated              bash "$THR_ROOT/bin/heartbeat.sh" "$UNIT"
/iopsstor/scratch/cscs/dthapa/system3_qwem_omni_8_28/omni_thr_fit/bin/worker.sh: line 79: 119695 Terminated              bash "$THR_ROOT/bin/heartbeat.sh" "$UNIT"
/iopsstor/scratch/cscs/dthapa/system3_qwem_omni_8_28/omni_thr_fit/bin/worker.sh: line 100: 46500 Terminated              bash "$THR_ROOT/bin/heartbeat.sh" "$UNIT"
/iopsstor/scratch/cscs/dthapa/system3_qwem_omni_8_28/omni_thr_fit/bin/worker.sh: line 100: 52424 Terminated              bash "$THR_ROOT/bin/heartbeat.sh" "$UNIT"
/iopsstor/scratch/cscs/dthapa/system3_qwem_omni_8_28/omni_thr_fit/bin/worker.sh: line 100: 58099 Terminated              bash "$THR_ROOT/bin/heartbeat.sh" "$UNIT"
/iopsstor/scratch/cscs/dthapa/system3_qwem_omni_8_28/omni_thr_fit/bin/worker.sh: line 79: 121713 Terminated              bash "$THR_ROOT/bin/heartbeat.sh" "$UNIT"
/iopsstor/scratch/cscs/dthapa/system3_qwem_omni_8_28/omni_thr_fit/bin/worker.sh: line 100: 60343 Terminated              bash "$THR_ROOT/bin/heartbeat.sh" "$UNIT"
/iopsstor/scratch/cscs/dthapa/system3_qwem_omni_8_28/omni_thr_fit/bin/worker.sh: line 100: 64947 Terminated              bash "$THR_ROOT/bin/heartbeat.sh" "$UNIT"
/iopsstor/scratch/cscs/dthapa/system3_qwem_omni_8_28/omni_thr_fit/bin/worker.sh: line 100: 67251 Terminated              bash "$THR_ROOT/bin/heartbeat.sh" "$UNIT"
/iopsstor/scratch/cscs/dthapa/system3_qwem_omni_8_28/omni_thr_fit/bin/worker.sh: line 79: 123535 Terminated              bash "$THR_ROOT/bin/heartbeat.sh" "$UNIT"
/iopsstor/scratch/cscs/dthapa/system3_qwem_omni_8_28/omni_thr_fit/bin/worker.sh: line 100: 70761 Terminated              bash "$THR_ROOT/bin/heartbeat.sh" "$UNIT"
/iopsstor/scratch/cscs/dthapa/system3_qwem_omni_8_28/omni_thr_fit/bin/worker.sh: line 100: 71830 Terminated              bash "$THR_ROOT/bin/heartbeat.sh" "$UNIT"
/iopsstor/scratch/cscs/dthapa/system3_qwem_omni_8_28/omni_thr_fit/bin/worker.sh: line 79: 125112 Terminated              bash "$THR_ROOT/bin/heartbeat.sh" "$UNIT"
/iopsstor/scratch/cscs/dthapa/system3_qwem_omni_8_28/omni_thr_fit/bin/worker.sh: line 100: 75050 Terminated              bash "$THR_ROOT/bin/heartbeat.sh" "$UNIT"
/iopsstor/scratch/cscs/dthapa/system3_qwem_omni_8_28/omni_thr_fit/bin/worker.sh: line 100: 82318 Terminated              bash "$THR_ROOT/bin/heartbeat.sh" "$UNIT"
/iopsstor/scratch/cscs/dthapa/system3_qwem_omni_8_28/omni_thr_fit/bin/worker.sh: line 79: 127150 Terminated              bash "$THR_ROOT/bin/heartbeat.sh" "$UNIT"
/iopsstor/scratch/cscs/dthapa/system3_qwem_omni_8_28/omni_thr_fit/bin/worker.sh: line 80: iring: command not found
/iopsstor/scratch/cscs/dthapa/system3_qwem_omni_8_28/omni_thr_fit/bin/worker.sh: line 100: 98583 Terminated              bash "$THR_ROOT/bin/heartbeat.sh" "$UNIT"
/iopsstor/scratch/cscs/dthapa/system3_qwem_omni_8_28/omni_thr_fit/bin/worker.sh: line 100: 102255 Terminated              bash "$THR_ROOT/bin/heartbeat.sh" "$UNIT"
/iopsstor/scratch/cscs/dthapa/system3_qwem_omni_8_28/omni_thr_fit/bin/worker.sh: line 99: BEFORE: unbound variable
/iopsstor/scratch/cscs/dthapa/system3_qwem_omni_8_28/omni_thr_fit/bin/worker.sh: line 100: 103095 Terminated              bash "$THR_ROOT/bin/heartbeat.sh" "$UNIT"
/iopsstor/scratch/cscs/dthapa/system3_qwem_omni_8_28/omni_thr_fit/bin/worker.sh: line 100: 104611 Terminated              bash "$THR_ROOT/bin/heartbeat.sh" "$UNIT"
/iopsstor/scratch/cscs/dthapa/system3_qwem_omni_8_28/omni_thr_fit/bin/worker.sh: line 100: 133014 Terminated              bash "$THR_ROOT/bin/heartbeat.sh" "$UNIT"
/iopsstor/scratch/cscs/dthapa/system3_qwem_omni_8_28/omni_thr_fit/bin/worker.sh: line 100: 134552 Terminated              bash "$THR_ROOT/bin/heartbeat.sh" "$UNIT"
/iopsstor/scratch/cscs/dthapa/system3_qwem_omni_8_28/omni_thr_fit/bin/worker.sh: line 100: 136585 Terminated              bash "$THR_ROOT/bin/heartbeat.sh" "$UNIT"
/iopsstor/scratch/cscs/dthapa/system3_qwem_omni_8_28/omni_thr_fit/bin/worker.sh: line 100: 139687 Terminated              bash "$THR_ROOT/bin/heartbeat.sh" "$UNIT"
/iopsstor/scratch/cscs/dthapa/system3_qwem_omni_8_28/omni_thr_fit/bin/worker.sh: line 100: 142054 Terminated              bash "$THR_ROOT/bin/heartbeat.sh" "$UNIT"
/iopsstor/scratch/cscs/dthapa/system3_qwem_omni_8_28/omni_thr_fit/bin/worker.sh: line 100: 144725 Terminated              bash "$THR_ROOT/bin/heartbeat.sh" "$UNIT"
/iopsstor/scratch/cscs/dthapa/system3_qwem_omni_8_28/omni_thr_fit/bin/worker.sh: line 100: 146925 Terminated              bash "$THR_ROOT/bin/heartbeat.sh" "$UNIT"
/iopsstor/scratch/cscs/dthapa/system3_qwem_omni_8_28/omni_thr_fit/bin/worker.sh: line 100: 149116 Terminated              bash "$THR_ROOT/bin/heartbeat.sh" "$UNIT"
/iopsstor/scratch/cscs/dthapa/system3_qwem_omni_8_28/omni_thr_fit/bin/worker.sh: line 100: 173661 Terminated              bash "$THR_ROOT/bin/heartbeat.sh" "$UNIT"
/iopsstor/scratch/cscs/dthapa/system3_qwem_omni_8_28/omni_thr_fit/bin/worker.sh: line 100: 175203 Terminated              bash "$THR_ROOT/bin/heartbeat.sh" "$UNIT"
/iopsstor/scratch/cscs/dthapa/system3_qwem_omni_8_28/omni_thr_fit/bin/worker.sh: line 100: 176830 Terminated              bash "$THR_ROOT/bin/heartbeat.sh" "$UNIT"
/iopsstor/scratch/cscs/dthapa/system3_qwem_omni_8_28/omni_thr_fit/bin/worker.sh: line 100: 178297 Terminated              bash "$THR_ROOT/bin/heartbeat.sh" "$UNIT"
/iopsstor/scratch/cscs/dthapa/system3_qwem_omni_8_28/omni_thr_fit/bin/worker.sh: line 100: 179114 Terminated              bash "$THR_ROOT/bin/heartbeat.sh" "$UNIT"
/iopsstor/scratch/cscs/dthapa/system3_qwem_omni_8_28/omni_thr_fit/bin/worker.sh: line 100: 179828 Terminated              bash "$THR_ROOT/bin/heartbeat.sh" "$UNIT"
/iopsstor/scratch/cscs/dthapa/system3_qwem_omni_8_28/omni_thr_fit/bin/worker.sh: line 100: 181474 Terminated              bash "$THR_ROOT/bin/heartbeat.sh" "$UNIT"
/iopsstor/scratch/cscs/dthapa/system3_qwem_omni_8_28/omni_thr_fit/bin/worker.sh: line 100: 183088 Terminated              bash "$THR_ROOT/bin/heartbeat.sh" "$UNIT"
/iopsstor/scratch/cscs/dthapa/system3_qwem_omni_8_28/omni_thr_fit/bin/worker.sh: line 100: 185170 Terminated              bash "$THR_ROOT/bin/heartbeat.sh" "$UNIT"
/iopsstor/scratch/cscs/dthapa/system3_qwem_omni_8_28/omni_thr_fit/bin/worker.sh: line 100: 187333 Terminated              bash "$THR_ROOT/bin/heartbeat.sh" "$UNIT"
/iopsstor/scratch/cscs/dthapa/system3_qwem_omni_8_28/omni_thr_fit/bin/worker.sh: line 100: 105881 Terminated              bash "$THR_ROOT/bin/heartbeat.sh" "$UNIT"
/iopsstor/scratch/cscs/dthapa/system3_qwem_omni_8_28/omni_thr_fit/bin/worker.sh: line 100: 189314 Terminated              bash "$THR_ROOT/bin/heartbeat.sh" "$UNIT"
/iopsstor/scratch/cscs/dthapa/system3_qwem_omni_8_28/omni_thr_fit/bin/worker.sh: line 100: 45068 Terminated              bash "$THR_ROOT/bin/heartbeat.sh" "$UNIT"
/iopsstor/scratch/cscs/dthapa/system3_qwem_omni_8_28/omni_thr_fit/bin/worker.sh: line 100: 48441 Terminated              bash "$THR_ROOT/bin/heartbeat.sh" "$UNIT"
/iopsstor/scratch/cscs/dthapa/system3_qwem_omni_8_28/omni_thr_fit/bin/worker.sh: line 100: 54596 Terminated              bash "$THR_ROOT/bin/heartbeat.sh" "$UNIT"
/iopsstor/scratch/cscs/dthapa/system3_qwem_omni_8_28/omni_thr_fit/bin/worker.sh: line 100: 191455 Terminated              bash "$THR_ROOT/bin/heartbeat.sh" "$UNIT"
/iopsstor/scratch/cscs/dthapa/system3_qwem_omni_8_28/omni_thr_fit/bin/worker.sh: line 100: 58025 Terminated              bash "$THR_ROOT/bin/heartbeat.sh" "$UNIT"
/iopsstor/scratch/cscs/dthapa/system3_qwem_omni_8_28/omni_thr_fit/bin/worker.sh: line 100: 62465 Terminated              bash "$THR_ROOT/bin/heartbeat.sh" "$UNIT"
/iopsstor/scratch/cscs/dthapa/system3_qwem_omni_8_28/omni_thr_fit/bin/worker.sh: line 100: 63590 Terminated              bash "$THR_ROOT/bin/heartbeat.sh" "$UNIT"
/iopsstor/scratch/cscs/dthapa/system3_qwem_omni_8_28/omni_thr_fit/bin/worker.sh: line 100: 193358 Terminated              bash "$THR_ROOT/bin/heartbeat.sh" "$UNIT"
/iopsstor/scratch/cscs/dthapa/system3_qwem_omni_8_28/omni_thr_fit/bin/worker.sh: line 100: 65657 Terminated              bash "$THR_ROOT/bin/heartbeat.sh" "$UNIT"
/iopsstor/scratch/cscs/dthapa/system3_qwem_omni_8_28/omni_thr_fit/bin/worker.sh: line 100: 66973 Terminated              bash "$THR_ROOT/bin/heartbeat.sh" "$UNIT"
/iopsstor/scratch/cscs/dthapa/system3_qwem_omni_8_28/omni_thr_fit/bin/worker.sh: line 100: 68220 Terminated              bash "$THR_ROOT/bin/heartbeat.sh" "$UNIT"
/iopsstor/scratch/cscs/dthapa/system3_qwem_omni_8_28/omni_thr_fit/bin/worker.sh: line 100: 197210 Terminated              bash "$THR_ROOT/bin/heartbeat.sh" "$UNIT"
/iopsstor/scratch/cscs/dthapa/system3_qwem_omni_8_28/omni_thr_fit/bin/worker.sh: line 100: 70996 Terminated              bash "$THR_ROOT/bin/heartbeat.sh" "$UNIT"
/iopsstor/scratch/cscs/dthapa/system3_qwem_omni_8_28/omni_thr_fit/bin/worker.sh: line 100: 72855 Terminated              bash "$THR_ROOT/bin/heartbeat.sh" "$UNIT"
/iopsstor/scratch/cscs/dthapa/system3_qwem_omni_8_28/omni_thr_fit/bin/worker.sh: line 100: 199901 Terminated              bash "$THR_ROOT/bin/heartbeat.sh" "$UNIT"
/iopsstor/scratch/cscs/dthapa/system3_qwem_omni_8_28/omni_thr_fit/bin/worker.sh: line 100: 75089 Terminated              bash "$THR_ROOT/bin/heartbeat.sh" "$UNIT"
/iopsstor/scratch/cscs/dthapa/system3_qwem_omni_8_28/omni_thr_fit/bin/worker.sh: line 100: 82160 Terminated              bash "$THR_ROOT/bin/heartbeat.sh" "$UNIT"
/iopsstor/scratch/cscs/dthapa/system3_qwem_omni_8_28/omni_thr_fit/bin/worker.sh: line 100: 201787 Terminated              bash "$THR_ROOT/bin/heartbeat.sh" "$UNIT"
/iopsstor/scratch/cscs/dthapa/system3_qwem_omni_8_28/omni_thr_fit/bin/worker.sh: line 100: 203466 Terminated              bash "$THR_ROOT/bin/heartbeat.sh" "$UNIT"
/iopsstor/scratch/cscs/dthapa/system3_qwem_omni_8_28/omni_thr_fit/bin/worker.sh: line 100: 243772 Terminated              bash "$THR_ROOT/bin/heartbeat.sh" "$UNIT"
/iopsstor/scratch/cscs/dthapa/system3_qwem_omni_8_28/omni_thr_fit/bin/worker.sh: line 100: 88437 Terminated              bash "$THR_ROOT/bin/heartbeat.sh" "$UNIT"
/iopsstor/scratch/cscs/dthapa/system3_qwem_omni_8_28/omni_thr_fit/bin/worker.sh: line 100: 228749 Terminated              bash "$THR_ROOT/bin/heartbeat.sh" "$UNIT"
/iopsstor/scratch/cscs/dthapa/system3_qwem_omni_8_28/omni_thr_fit/bin/worker.sh: line 100: 231567 Terminated              bash "$THR_ROOT/bin/heartbeat.sh" "$UNIT"
/iopsstor/scratch/cscs/dthapa/system3_qwem_omni_8_28/omni_thr_fit/bin/worker.sh: line 100: 233145 Terminated              bash "$THR_ROOT/bin/heartbeat.sh" "$UNIT"
/iopsstor/scratch/cscs/dthapa/system3_qwem_omni_8_28/omni_thr_fit/bin/worker.sh: line 100: 48028 Terminated              bash "$THR_ROOT/bin/heartbeat.sh" "$UNIT"
/iopsstor/scratch/cscs/dthapa/system3_qwem_omni_8_28/omni_thr_fit/bin/worker.sh: line 100: 53715 Terminated              bash "$THR_ROOT/bin/heartbeat.sh" "$UNIT"
/iopsstor/scratch/cscs/dthapa/system3_qwem_omni_8_28/omni_thr_fit/bin/worker.sh: line 100: 62185 Terminated              bash "$THR_ROOT/bin/heartbeat.sh" "$UNIT"
/iopsstor/scratch/cscs/dthapa/system3_qwem_omni_8_28/omni_thr_fit/bin/worker.sh: line 100: 76143 Terminated              bash "$THR_ROOT/bin/heartbeat.sh" "$UNIT"
/iopsstor/scratch/cscs/dthapa/system3_qwem_omni_8_28/omni_thr_fit/bin/worker.sh: line 100: 98778 Terminated              bash "$THR_ROOT/bin/heartbeat.sh" "$UNIT"
/iopsstor/scratch/cscs/dthapa/system3_qwem_omni_8_28/omni_thr_fit/bin/worker.sh: line 100: 107534 Terminated              bash "$THR_ROOT/bin/heartbeat.sh" "$UNIT"
/iopsstor/scratch/cscs/dthapa/system3_qwem_omni_8_28/omni_thr_fit/bin/worker.sh: line 100: 118027 Terminated              bash "$THR_ROOT/bin/heartbeat.sh" "$UNIT"
/iopsstor/scratch/cscs/dthapa/system3_qwem_omni_8_28/omni_thr_fit/bin/worker.sh: line 100: 136825 Terminated              bash "$THR_ROOT/bin/heartbeat.sh" "$UNIT"
/iopsstor/scratch/cscs/dthapa/system3_qwem_omni_8_28/omni_thr_fit/bin/worker.sh: line 100: 256858 Terminated              bash "$THR_ROOT/bin/heartbeat.sh" "$UNIT"
/iopsstor/scratch/cscs/dthapa/system3_qwem_omni_8_28/omni_thr_fit/bin/worker.sh: line 100: 54000 Terminated              bash "$THR_ROOT/bin/heartbeat.sh" "$UNIT"
/iopsstor/scratch/cscs/dthapa/system3_qwem_omni_8_28/omni_thr_fit/bin/worker.sh: line 100: 94094 Terminated              bash "$THR_ROOT/bin/heartbeat.sh" "$UNIT"
/iopsstor/scratch/cscs/dthapa/system3_qwem_omni_8_28/omni_thr_fit/bin/worker.sh: line 100: 103249 Terminated              bash "$THR_ROOT/bin/heartbeat.sh" "$UNIT"
/iopsstor/scratch/cscs/dthapa/system3_qwem_omni_8_28/omni_thr_fit/bin/worker.sh: line 100: 122193 Terminated              bash "$THR_ROOT/bin/heartbeat.sh" "$UNIT"
/iopsstor/scratch/cscs/dthapa/system3_qwem_omni_8_28/omni_thr_fit/bin/worker.sh: line 100: 128258 Terminated              bash "$THR_ROOT/bin/heartbeat.sh" "$UNIT"
/iopsstor/scratch/cscs/dthapa/system3_qwem_omni_8_28/omni_thr_fit/bin/worker.sh: line 100: 132457 Terminated              bash "$THR_ROOT/bin/heartbeat.sh" "$UNIT"
/iopsstor/scratch/cscs/dthapa/system3_qwem_omni_8_28/omni_thr_fit/bin/worker.sh: line 100: 136129 Terminated              bash "$THR_ROOT/bin/heartbeat.sh" "$UNIT"
/iopsstor/scratch/cscs/dthapa/system3_qwem_omni_8_28/omni_thr_fit/bin/worker.sh: line 100: 171504 Terminated              bash "$THR_ROOT/bin/heartbeat.sh" "$UNIT"
/iopsstor/scratch/cscs/dthapa/system3_qwem_omni_8_28/omni_thr_fit/bin/worker.sh: line 100: 177396 Terminated              bash "$THR_ROOT/bin/heartbeat.sh" "$UNIT"
/iopsstor/scratch/cscs/dthapa/system3_qwem_omni_8_28/omni_thr_fit/bin/worker.sh: line 100: 180509 Terminated              bash "$THR_ROOT/bin/heartbeat.sh" "$UNIT"
/iopsstor/scratch/cscs/dthapa/system3_qwem_omni_8_28/omni_thr_fit/bin/worker.sh: line 100: 182979 Terminated              bash "$THR_ROOT/bin/heartbeat.sh" "$UNIT"
/iopsstor/scratch/cscs/dthapa/system3_qwem_omni_8_28/omni_thr_fit/bin/worker.sh: line 100: 185434 Terminated              bash "$THR_ROOT/bin/heartbeat.sh" "$UNIT"
/iopsstor/scratch/cscs/dthapa/system3_qwem_omni_8_28/omni_thr_fit/bin/worker.sh: line 100: 189366 Terminated              bash "$THR_ROOT/bin/heartbeat.sh" "$UNIT"
/iopsstor/scratch/cscs/dthapa/system3_qwem_omni_8_28/omni_thr_fit/bin/worker.sh: line 100: 195736 Terminated              bash "$THR_ROOT/bin/heartbeat.sh" "$UNIT"
/iopsstor/scratch/cscs/dthapa/system3_qwem_omni_8_28/omni_thr_fit/bin/worker.sh: line 100: 198346 Terminated              bash "$THR_ROOT/bin/heartbeat.sh" "$UNIT"
/iopsstor/scratch/cscs/dthapa/system3_qwem_omni_8_28/omni_thr_fit/bin/worker.sh: line 100: 200649 Terminated              bash "$THR_ROOT/bin/heartbeat.sh" "$UNIT"
/iopsstor/scratch/cscs/dthapa/system3_qwem_omni_8_28/omni_thr_fit/bin/worker.sh: line 100: 202795 Terminated              bash "$THR_ROOT/bin/heartbeat.sh" "$UNIT"
/iopsstor/scratch/cscs/dthapa/system3_qwem_omni_8_28/omni_thr_fit/bin/worker.sh: line 100: 154654 Terminated              bash "$THR_ROOT/bin/heartbeat.sh" "$UNIT"
/iopsstor/scratch/cscs/dthapa/system3_qwem_omni_8_28/omni_thr_fit/bin/worker.sh: line 100: 292681 Terminated              bash "$THR_ROOT/bin/heartbeat.sh" "$UNIT"
/iopsstor/scratch/cscs/dthapa/system3_qwem_omni_8_28/omni_thr_fit/bin/worker.sh: line 100:  5930 Terminated              bash "$THR_ROOT/bin/heartbeat.sh" "$UNIT"
/iopsstor/scratch/cscs/dthapa/system3_qwem_omni_8_28/omni_thr_fit/bin/worker.sh: line 100: 14448 Terminated              bash "$THR_ROOT/bin/heartbeat.sh" "$UNIT"
/iopsstor/scratch/cscs/dthapa/system3_qwem_omni_8_28/omni_thr_fit/bin/worker.sh: line 100: 19476 Terminated              bash "$THR_ROOT/bin/heartbeat.sh" "$UNIT"
/iopsstor/scratch/cscs/dthapa/system3_qwem_omni_8_28/omni_thr_fit/bin/worker.sh: line 100: 29164 Terminated              bash "$THR_ROOT/bin/heartbeat.sh" "$UNIT"
/iopsstor/scratch/cscs/dthapa/system3_qwem_omni_8_28/omni_thr_fit/bin/worker.sh: line 100: 39439 Terminated              bash "$THR_ROOT/bin/heartbeat.sh" "$UNIT"
/iopsstor/scratch/cscs/dthapa/system3_qwem_omni_8_28/omni_thr_fit/bin/worker.sh: line 100: 48574 Terminated              bash "$THR_ROOT/bin/heartbeat.sh" "$UNIT"
/iopsstor/scratch/cscs/dthapa/system3_qwem_omni_8_28/omni_thr_fit/bin/worker.sh: line 100: 51443 Terminated              bash "$THR_ROOT/bin/heartbeat.sh" "$UNIT"
/iopsstor/scratch/cscs/dthapa/system3_qwem_omni_8_28/omni_thr_fit/bin/worker.sh: line 100: 65811 Terminated              bash "$THR_ROOT/bin/heartbeat.sh" "$UNIT"
/iopsstor/scratch/cscs/dthapa/system3_qwem_omni_8_28/omni_thr_fit/bin/worker.sh: line 100: 32758 Terminated              bash "$THR_ROOT/bin/heartbeat.sh" "$UNIT"
/iopsstor/scratch/cscs/dthapa/system3_qwem_omni_8_28/omni_thr_fit/bin/worker.sh: line 100: 45186 Terminated              bash "$THR_ROOT/bin/heartbeat.sh" "$UNIT"
/iopsstor/scratch/cscs/dthapa/system3_qwem_omni_8_28/omni_thr_fit/bin/worker.sh: line 100: 55047 Terminated              bash "$THR_ROOT/bin/heartbeat.sh" "$UNIT"
/iopsstor/scratch/cscs/dthapa/system3_qwem_omni_8_28/omni_thr_fit/bin/worker.sh: line 100: 59611 Terminated              bash "$THR_ROOT/bin/heartbeat.sh" "$UNIT"
/iopsstor/scratch/cscs/dthapa/system3_qwem_omni_8_28/omni_thr_fit/bin/worker.sh: line 100: 64916 Terminated              bash "$THR_ROOT/bin/heartbeat.sh" "$UNIT"
/iopsstor/scratch/cscs/dthapa/system3_qwem_omni_8_28/omni_thr_fit/bin/worker.sh: line 100: 72581 Terminated              bash "$THR_ROOT/bin/heartbeat.sh" "$UNIT"
/iopsstor/scratch/cscs/dthapa/system3_qwem_omni_8_28/omni_thr_fit/bin/worker.sh: line 100: 80105 Terminated              bash "$THR_ROOT/bin/heartbeat.sh" "$UNIT"
/iopsstor/scratch/cscs/dthapa/system3_qwem_omni_8_28/omni_thr_fit/bin/worker.sh: line 100: 82464 Terminated              bash "$THR_ROOT/bin/heartbeat.sh" "$UNIT"
/iopsstor/scratch/cscs/dthapa/system3_qwem_omni_8_28/omni_thr_fit/bin/worker.sh: line 100: 84733 Terminated              bash "$THR_ROOT/bin/heartbeat.sh" "$UNIT"
/iopsstor/scratch/cscs/dthapa/system3_qwem_omni_8_28/omni_thr_fit/bin/worker.sh: line 100: 92688 Terminated              bash "$THR_ROOT/bin/heartbeat.sh" "$UNIT"
/iopsstor/scratch/cscs/dthapa/system3_qwem_omni_8_28/omni_thr_fit/bin/worker.sh: line 100: 97017 Terminated              bash "$THR_ROOT/bin/heartbeat.sh" "$UNIT"
/iopsstor/scratch/cscs/dthapa/system3_qwem_omni_8_28/omni_thr_fit/bin/worker.sh: line 100: 108784 Terminated              bash "$THR_ROOT/bin/heartbeat.sh" "$UNIT"
/iopsstor/scratch/cscs/dthapa/system3_qwem_omni_8_28/omni_thr_fit/bin/worker.sh: line 100: 206332 Terminated              bash "$THR_ROOT/bin/heartbeat.sh" "$UNIT"
/iopsstor/scratch/cscs/dthapa/system3_qwem_omni_8_28/omni_thr_fit/bin/worker.sh: line 100: 70670 Terminated              bash "$THR_ROOT/bin/heartbeat.sh" "$UNIT"
/iopsstor/scratch/cscs/dthapa/system3_qwem_omni_8_28/omni_thr_fit/bin/worker.sh: line 100: 74994 Terminated              bash "$THR_ROOT/bin/heartbeat.sh" "$UNIT"
/iopsstor/scratch/cscs/dthapa/system3_qwem_omni_8_28/omni_thr_fit/bin/worker.sh: line 100: 112841 Terminated              bash "$THR_ROOT/bin/heartbeat.sh" "$UNIT"
/iopsstor/scratch/cscs/dthapa/system3_qwem_omni_8_28/omni_thr_fit/bin/worker.sh: line 100: 81248 Terminated              bash "$THR_ROOT/bin/heartbeat.sh" "$UNIT"
/iopsstor/scratch/cscs/dthapa/system3_qwem_omni_8_28/omni_thr_fit/bin/worker.sh: line 100: 86067 Terminated              bash "$THR_ROOT/bin/heartbeat.sh" "$UNIT"
/iopsstor/scratch/cscs/dthapa/system3_qwem_omni_8_28/omni_thr_fit/bin/worker.sh: line 100: 203777 Terminated              bash "$THR_ROOT/bin/heartbeat.sh" "$UNIT"
/iopsstor/scratch/cscs/dthapa/system3_qwem_omni_8_28/omni_thr_fit/bin/worker.sh: line 100: 210541 Terminated              bash "$THR_ROOT/bin/heartbeat.sh" "$UNIT"
/iopsstor/scratch/cscs/dthapa/system3_qwem_omni_8_28/omni_thr_fit/bin/worker.sh: line 100: 88411 Terminated              bash "$THR_ROOT/bin/heartbeat.sh" "$UNIT"
/iopsstor/scratch/cscs/dthapa/system3_qwem_omni_8_28/omni_thr_fit/bin/worker.sh: line 100: 166908 Terminated              bash "$THR_ROOT/bin/heartbeat.sh" "$UNIT"
/iopsstor/scratch/cscs/dthapa/system3_qwem_omni_8_28/omni_thr_fit/bin/worker.sh: line 100: 168667 Terminated              bash "$THR_ROOT/bin/heartbeat.sh" "$UNIT"
/iopsstor/scratch/cscs/dthapa/system3_qwem_omni_8_28/omni_thr_fit/bin/worker.sh: line 100: 185547 Terminated              bash "$THR_ROOT/bin/heartbeat.sh" "$UNIT"
/iopsstor/scratch/cscs/dthapa/system3_qwem_omni_8_28/omni_thr_fit/bin/worker.sh: line 100: 187854 Terminated              bash "$THR_ROOT/bin/heartbeat.sh" "$UNIT"
/iopsstor/scratch/cscs/dthapa/system3_qwem_omni_8_28/omni_thr_fit/bin/worker.sh: line 100: 190549 Terminated              bash "$THR_ROOT/bin/heartbeat.sh" "$UNIT"
/iopsstor/scratch/cscs/dthapa/system3_qwem_omni_8_28/omni_thr_fit/bin/worker.sh: line 100: 192225 Terminated              bash "$THR_ROOT/bin/heartbeat.sh" "$UNIT"
/iopsstor/scratch/cscs/dthapa/system3_qwem_omni_8_28/omni_thr_fit/bin/worker.sh: line 100: 193582 Terminated              bash "$THR_ROOT/bin/heartbeat.sh" "$UNIT"
/iopsstor/scratch/cscs/dthapa/system3_qwem_omni_8_28/omni_thr_fit/bin/worker.sh: line 100: 194950 Terminated              bash "$THR_ROOT/bin/heartbeat.sh" "$UNIT"
/iopsstor/scratch/cscs/dthapa/system3_qwem_omni_8_28/omni_thr_fit/bin/worker.sh: line 100: 195826 Terminated              bash "$THR_ROOT/bin/heartbeat.sh" "$UNIT"
/iopsstor/scratch/cscs/dthapa/system3_qwem_omni_8_28/omni_thr_fit/bin/worker.sh: line 100: 197147 Terminated              bash "$THR_ROOT/bin/heartbeat.sh" "$UNIT"
/iopsstor/scratch/cscs/dthapa/system3_qwem_omni_8_28/omni_thr_fit/bin/worker.sh: line 100: 201755 Terminated              bash "$THR_ROOT/bin/heartbeat.sh" "$UNIT"
/iopsstor/scratch/cscs/dthapa/system3_qwem_omni_8_28/omni_thr_fit/bin/worker.sh: line 100: 215173 Terminated              bash "$THR_ROOT/bin/heartbeat.sh" "$UNIT"
/iopsstor/scratch/cscs/dthapa/system3_qwem_omni_8_28/omni_thr_fit/bin/worker.sh: line 100: 159506 Terminated              bash "$THR_ROOT/bin/heartbeat.sh" "$UNIT"
/iopsstor/scratch/cscs/dthapa/system3_qwem_omni_8_28/omni_thr_fit/bin/worker.sh: line 100: 167433 Terminated              bash "$THR_ROOT/bin/heartbeat.sh" "$UNIT"
/iopsstor/scratch/cscs/dthapa/system3_qwem_omni_8_28/omni_thr_fit/bin/worker.sh: line 100: 176884 Terminated              bash "$THR_ROOT/bin/heartbeat.sh" "$UNIT"
/iopsstor/scratch/cscs/dthapa/system3_qwem_omni_8_28/omni_thr_fit/bin/worker.sh: line 100: 188202 Terminated              bash "$THR_ROOT/bin/heartbeat.sh" "$UNIT"
/iopsstor/scratch/cscs/dthapa/system3_qwem_omni_8_28/omni_thr_fit/bin/worker.sh: line 100: 199787 Terminated              bash "$THR_ROOT/bin/heartbeat.sh" "$UNIT"
/iopsstor/scratch/cscs/dthapa/system3_qwem_omni_8_28/omni_thr_fit/bin/worker.sh: line 100: 211567 Terminated              bash "$THR_ROOT/bin/heartbeat.sh" "$UNIT"
/iopsstor/scratch/cscs/dthapa/system3_qwem_omni_8_28/omni_thr_fit/bin/worker.sh: line 100: 227808 Terminated              bash "$THR_ROOT/bin/heartbeat.sh" "$UNIT"
/iopsstor/scratch/cscs/dthapa/system3_qwem_omni_8_28/omni_thr_fit/bin/worker.sh: line 100: 241138 Terminated              bash "$THR_ROOT/bin/heartbeat.sh" "$UNIT"
/iopsstor/scratch/cscs/dthapa/system3_qwem_omni_8_28/omni_thr_fit/bin/worker.sh: line 100: 253188 Terminated              bash "$THR_ROOT/bin/heartbeat.sh" "$UNIT"
/iopsstor/scratch/cscs/dthapa/system3_qwem_omni_8_28/omni_thr_fit/bin/worker.sh: line 100: 260400 Terminated              bash "$THR_ROOT/bin/heartbeat.sh" "$UNIT"
/iopsstor/scratch/cscs/dthapa/system3_qwem_omni_8_28/omni_thr_fit/bin/worker.sh: line 100: 263175 Terminated              bash "$THR_ROOT/bin/heartbeat.sh" "$UNIT"
/iopsstor/scratch/cscs/dthapa/system3_qwem_omni_8_28/omni_thr_fit/bin/worker.sh: line 100: 281027 Terminated              bash "$THR_ROOT/bin/heartbeat.sh" "$UNIT"
/iopsstor/scratch/cscs/dthapa/system3_qwem_omni_8_28/omni_thr_fit/bin/worker.sh: line 100: 55451 Terminated              bash "$THR_ROOT/bin/heartbeat.sh" "$UNIT"
/iopsstor/scratch/cscs/dthapa/system3_qwem_omni_8_28/omni_thr_fit/bin/worker.sh: line 100: 86721 Terminated              bash "$THR_ROOT/bin/heartbeat.sh" "$UNIT"
/iopsstor/scratch/cscs/dthapa/system3_qwem_omni_8_28/omni_thr_fit/bin/worker.sh: line 100: 96248 Terminated              bash "$THR_ROOT/bin/heartbeat.sh" "$UNIT"
/iopsstor/scratch/cscs/dthapa/system3_qwem_omni_8_28/omni_thr_fit/bin/worker.sh: line 100: 105392 Terminated              bash "$THR_ROOT/bin/heartbeat.sh" "$UNIT"
/iopsstor/scratch/cscs/dthapa/system3_qwem_omni_8_28/omni_thr_fit/bin/worker.sh: line 100: 40996 Terminated              bash "$THR_ROOT/bin/heartbeat.sh" "$UNIT"
/iopsstor/scratch/cscs/dthapa/system3_qwem_omni_8_28/omni_thr_fit/bin/worker.sh: line 100: 44841 Terminated              bash "$THR_ROOT/bin/heartbeat.sh" "$UNIT"
/iopsstor/scratch/cscs/dthapa/system3_qwem_omni_8_28/omni_thr_fit/bin/worker.sh: line 100: 48608 Terminated              bash "$THR_ROOT/bin/heartbeat.sh" "$UNIT"
/iopsstor/scratch/cscs/dthapa/system3_qwem_omni_8_28/omni_thr_fit/bin/worker.sh: line 100: 50565 Terminated              bash "$THR_ROOT/bin/heartbeat.sh" "$UNIT"
/iopsstor/scratch/cscs/dthapa/system3_qwem_omni_8_28/omni_thr_fit/bin/worker.sh: line 100: 53230 Terminated              bash "$THR_ROOT/bin/heartbeat.sh" "$UNIT"
/iopsstor/scratch/cscs/dthapa/system3_qwem_omni_8_28/omni_thr_fit/bin/worker.sh: line 100: 57391 Terminated              bash "$THR_ROOT/bin/heartbeat.sh" "$UNIT"
/iopsstor/scratch/cscs/dthapa/system3_qwem_omni_8_28/omni_thr_fit/bin/worker.sh: line 100: 60951 Terminated              bash "$THR_ROOT/bin/heartbeat.sh" "$UNIT"
/iopsstor/scratch/cscs/dthapa/system3_qwem_omni_8_28/omni_thr_fit/bin/worker.sh: line 100: 66260 Terminated              bash "$THR_ROOT/bin/heartbeat.sh" "$UNIT"
/iopsstor/scratch/cscs/dthapa/system3_qwem_omni_8_28/omni_thr_fit/bin/worker.sh: line 100: 81777 Terminated              bash "$THR_ROOT/bin/heartbeat.sh" "$UNIT"
/iopsstor/scratch/cscs/dthapa/system3_qwem_omni_8_28/omni_thr_fit/bin/worker.sh: line 100: 88941 Terminated              bash "$THR_ROOT/bin/heartbeat.sh" "$UNIT"
/iopsstor/scratch/cscs/dthapa/system3_qwem_omni_8_28/omni_thr_fit/bin/worker.sh: line 100: 93505 Terminated              bash "$THR_ROOT/bin/heartbeat.sh" "$UNIT"
/iopsstor/scratch/cscs/dthapa/system3_qwem_omni_8_28/omni_thr_fit/bin/worker.sh: line 100: 96485 Terminated              bash "$THR_ROOT/bin/heartbeat.sh" "$UNIT"
/iopsstor/scratch/cscs/dthapa/system3_qwem_omni_8_28/omni_thr_fit/bin/worker.sh: line 100: 113803 Terminated              bash "$THR_ROOT/bin/heartbeat.sh" "$UNIT"
/iopsstor/scratch/cscs/dthapa/system3_qwem_omni_8_28/omni_thr_fit/bin/worker.sh: line 100: 123982 Terminated              bash "$THR_ROOT/bin/heartbeat.sh" "$UNIT"
/iopsstor/scratch/cscs/dthapa/system3_qwem_omni_8_28/omni_thr_fit/bin/worker.sh: line 100: 131377 Terminated              bash "$THR_ROOT/bin/heartbeat.sh" "$UNIT"
/iopsstor/scratch/cscs/dthapa/system3_qwem_omni_8_28/omni_thr_fit/bin/worker.sh: line 100: 135059 Terminated              bash "$THR_ROOT/bin/heartbeat.sh" "$UNIT"
/iopsstor/scratch/cscs/dthapa/system3_qwem_omni_8_28/omni_thr_fit/bin/worker.sh: line 100: 148706 Terminated              bash "$THR_ROOT/bin/heartbeat.sh" "$UNIT"
/iopsstor/scratch/cscs/dthapa/system3_qwem_omni_8_28/omni_thr_fit/bin/worker.sh: line 100: 158283 Terminated              bash "$THR_ROOT/bin/heartbeat.sh" "$UNIT"
/iopsstor/scratch/cscs/dthapa/system3_qwem_omni_8_28/omni_thr_fit/bin/worker.sh: line 100: 202962 Terminated              bash "$THR_ROOT/bin/heartbeat.sh" "$UNIT"
/iopsstor/scratch/cscs/dthapa/system3_qwem_omni_8_28/omni_thr_fit/bin/worker.sh: line 100: 78898 Terminated              bash "$THR_ROOT/bin/heartbeat.sh" "$UNIT"
/iopsstor/scratch/cscs/dthapa/system3_qwem_omni_8_28/omni_thr_fit/bin/worker.sh: line 100: 80735 Terminated              bash "$THR_ROOT/bin/heartbeat.sh" "$UNIT"
/iopsstor/scratch/cscs/dthapa/system3_qwem_omni_8_28/omni_thr_fit/bin/worker.sh: line 100: 82861 Terminated              bash "$THR_ROOT/bin/heartbeat.sh" "$UNIT"
/iopsstor/scratch/cscs/dthapa/system3_qwem_omni_8_28/omni_thr_fit/bin/worker.sh: line 100: 84866 Terminated              bash "$THR_ROOT/bin/heartbeat.sh" "$UNIT"
/iopsstor/scratch/cscs/dthapa/system3_qwem_omni_8_28/omni_thr_fit/bin/worker.sh: line 100: 86885 Terminated              bash "$THR_ROOT/bin/heartbeat.sh" "$UNIT"
/iopsstor/scratch/cscs/dthapa/system3_qwem_omni_8_28/omni_thr_fit/bin/worker.sh: line 100: 89331 Terminated              bash "$THR_ROOT/bin/heartbeat.sh" "$UNIT"
/iopsstor/scratch/cscs/dthapa/system3_qwem_omni_8_28/omni_thr_fit/bin/worker.sh: line 100: 92160 Terminated              bash "$THR_ROOT/bin/heartbeat.sh" "$UNIT"
/iopsstor/scratch/cscs/dthapa/system3_qwem_omni_8_28/omni_thr_fit/bin/worker.sh: line 100: 93978 Terminated              bash "$THR_ROOT/bin/heartbeat.sh" "$UNIT"
/iopsstor/scratch/cscs/dthapa/system3_qwem_omni_8_28/omni_thr_fit/bin/worker.sh: line 100: 95903 Terminated              bash "$THR_ROOT/bin/heartbeat.sh" "$UNIT"
/iopsstor/scratch/cscs/dthapa/system3_qwem_omni_8_28/omni_thr_fit/bin/worker.sh: line 100: 173664 Terminated              bash "$THR_ROOT/bin/heartbeat.sh" "$UNIT"
/iopsstor/scratch/cscs/dthapa/system3_qwem_omni_8_28/omni_thr_fit/bin/worker.sh: line 100: 97898 Terminated              bash "$THR_ROOT/bin/heartbeat.sh" "$UNIT"
/iopsstor/scratch/cscs/dthapa/system3_qwem_omni_8_28/omni_thr_fit/bin/worker.sh: line 100: 99712 Terminated              bash "$THR_ROOT/bin/heartbeat.sh" "$UNIT"
/iopsstor/scratch/cscs/dthapa/system3_qwem_omni_8_28/omni_thr_fit/bin/worker.sh: line 100: 257197 Terminated              bash "$THR_ROOT/bin/heartbeat.sh" "$UNIT"
/iopsstor/scratch/cscs/dthapa/system3_qwem_omni_8_28/omni_thr_fit/bin/worker.sh: line 100: 20748 Terminated              bash "$THR_ROOT/bin/heartbeat.sh" "$UNIT"
/iopsstor/scratch/cscs/dthapa/system3_qwem_omni_8_28/omni_thr_fit/bin/worker.sh: line 100: 101615 Terminated              bash "$THR_ROOT/bin/heartbeat.sh" "$UNIT"
/iopsstor/scratch/cscs/dthapa/system3_qwem_omni_8_28/omni_thr_fit/bin/worker.sh: line 100: 118395 Terminated              bash "$THR_ROOT/bin/heartbeat.sh" "$UNIT"
/iopsstor/scratch/cscs/dthapa/system3_qwem_omni_8_28/omni_thr_fit/bin/worker.sh: line 100: 104074 Terminated              bash "$THR_ROOT/bin/heartbeat.sh" "$UNIT"
/iopsstor/scratch/cscs/dthapa/system3_qwem_omni_8_28/omni_thr_fit/bin/worker.sh: line 100: 260091 Terminated              bash "$THR_ROOT/bin/heartbeat.sh" "$UNIT"
/iopsstor/scratch/cscs/dthapa/system3_qwem_omni_8_28/omni_thr_fit/bin/worker.sh: line 100: 127308 Terminated              bash "$THR_ROOT/bin/heartbeat.sh" "$UNIT"
/iopsstor/scratch/cscs/dthapa/system3_qwem_omni_8_28/omni_thr_fit/bin/worker.sh: line 100: 114401 Terminated              bash "$THR_ROOT/bin/heartbeat.sh" "$UNIT"
/iopsstor/scratch/cscs/dthapa/system3_qwem_omni_8_28/omni_thr_fit/bin/worker.sh: line 100: 173611 Terminated              bash "$THR_ROOT/bin/heartbeat.sh" "$UNIT"
/iopsstor/scratch/cscs/dthapa/system3_qwem_omni_8_28/omni_thr_fit/bin/worker.sh: line 100: 181295 Terminated              bash "$THR_ROOT/bin/heartbeat.sh" "$UNIT"
/iopsstor/scratch/cscs/dthapa/system3_qwem_omni_8_28/omni_thr_fit/bin/worker.sh: line 100: 184984 Terminated              bash "$THR_ROOT/bin/heartbeat.sh" "$UNIT"
/iopsstor/scratch/cscs/dthapa/system3_qwem_omni_8_28/omni_thr_fit/bin/worker.sh: line 100: 275064 Terminated              bash "$THR_ROOT/bin/heartbeat.sh" "$UNIT"
/iopsstor/scratch/cscs/dthapa/system3_qwem_omni_8_28/omni_thr_fit/bin/worker.sh: line 100: 190989 Terminated              bash "$THR_ROOT/bin/heartbeat.sh" "$UNIT"
/iopsstor/scratch/cscs/dthapa/system3_qwem_omni_8_28/omni_thr_fit/bin/worker.sh: line 100: 209519 Terminated              bash "$THR_ROOT/bin/heartbeat.sh" "$UNIT"
/iopsstor/scratch/cscs/dthapa/system3_qwem_omni_8_28/omni_thr_fit/bin/worker.sh: line 100: 194001 Terminated              bash "$THR_ROOT/bin/heartbeat.sh" "$UNIT"
/iopsstor/scratch/cscs/dthapa/system3_qwem_omni_8_28/omni_thr_fit/bin/worker.sh: line 100: 196036 Terminated              bash "$THR_ROOT/bin/heartbeat.sh" "$UNIT"
/iopsstor/scratch/cscs/dthapa/system3_qwem_omni_8_28/omni_thr_fit/bin/worker.sh: line 100: 199086 Terminated              bash "$THR_ROOT/bin/heartbeat.sh" "$UNIT"
/iopsstor/scratch/cscs/dthapa/system3_qwem_omni_8_28/omni_thr_fit/bin/worker.sh: line 100: 46710 Terminated              bash "$THR_ROOT/bin/heartbeat.sh" "$UNIT"
/iopsstor/scratch/cscs/dthapa/system3_qwem_omni_8_28/omni_thr_fit/bin/worker.sh: line 100: 209156 Terminated              bash "$THR_ROOT/bin/heartbeat.sh" "$UNIT"
/iopsstor/scratch/cscs/dthapa/system3_qwem_omni_8_28/omni_thr_fit/bin/worker.sh: line 100: 254740 Terminated              bash "$THR_ROOT/bin/heartbeat.sh" "$UNIT"
/iopsstor/scratch/cscs/dthapa/system3_qwem_omni_8_28/omni_thr_fit/bin/worker.sh: line 100: 262575 Terminated              bash "$THR_ROOT/bin/heartbeat.sh" "$UNIT"
/iopsstor/scratch/cscs/dthapa/system3_qwem_omni_8_28/omni_thr_fit/bin/worker.sh: line 100: 170439 Terminated              bash "$THR_ROOT/bin/heartbeat.sh" "$UNIT"
/iopsstor/scratch/cscs/dthapa/system3_qwem_omni_8_28/omni_thr_fit/bin/worker.sh: line 100: 181100 Terminated              bash "$THR_ROOT/bin/heartbeat.sh" "$UNIT"
/iopsstor/scratch/cscs/dthapa/system3_qwem_omni_8_28/omni_thr_fit/bin/worker.sh: line 100: 270941 Terminated              bash "$THR_ROOT/bin/heartbeat.sh" "$UNIT"
/iopsstor/scratch/cscs/dthapa/system3_qwem_omni_8_28/omni_thr_fit/bin/worker.sh: line 100:  3530 Terminated              bash "$THR_ROOT/bin/heartbeat.sh" "$UNIT"
/iopsstor/scratch/cscs/dthapa/system3_qwem_omni_8_28/omni_thr_fit/bin/worker.sh: line 100:  4999 Terminated              bash "$THR_ROOT/bin/heartbeat.sh" "$UNIT"
/iopsstor/scratch/cscs/dthapa/system3_qwem_omni_8_28/omni_thr_fit/bin/worker.sh: line 100:  6096 Terminated              bash "$THR_ROOT/bin/heartbeat.sh" "$UNIT"
/iopsstor/scratch/cscs/dthapa/system3_qwem_omni_8_28/omni_thr_fit/bin/worker.sh: line 100:  8157 Terminated              bash "$THR_ROOT/bin/heartbeat.sh" "$UNIT"
/iopsstor/scratch/cscs/dthapa/system3_qwem_omni_8_28/omni_thr_fit/bin/worker.sh: line 100:  9695 Terminated              bash "$THR_ROOT/bin/heartbeat.sh" "$UNIT"
/iopsstor/scratch/cscs/dthapa/system3_qwem_omni_8_28/omni_thr_fit/bin/worker.sh: line 100: 11820 Terminated              bash "$THR_ROOT/bin/heartbeat.sh" "$UNIT"
/iopsstor/scratch/cscs/dthapa/system3_qwem_omni_8_28/omni_thr_fit/bin/worker.sh: line 100: 14098 Terminated              bash "$THR_ROOT/bin/heartbeat.sh" "$UNIT"
/iopsstor/scratch/cscs/dthapa/system3_qwem_omni_8_28/omni_thr_fit/bin/worker.sh: line 100: 243423 Terminated              bash "$THR_ROOT/bin/heartbeat.sh" "$UNIT"
/iopsstor/scratch/cscs/dthapa/system3_qwem_omni_8_28/omni_thr_fit/bin/worker.sh: line 100: 19801 Terminated              bash "$THR_ROOT/bin/heartbeat.sh" "$UNIT"
/iopsstor/scratch/cscs/dthapa/system3_qwem_omni_8_28/omni_thr_fit/bin/worker.sh: line 100: 58005 Terminated              bash "$THR_ROOT/bin/heartbeat.sh" "$UNIT"
/iopsstor/scratch/cscs/dthapa/system3_qwem_omni_8_28/omni_thr_fit/bin/worker.sh: line 100: 127154 Terminated              bash "$THR_ROOT/bin/heartbeat.sh" "$UNIT"
/iopsstor/scratch/cscs/dthapa/system3_qwem_omni_8_28/omni_thr_fit/bin/worker.sh: line 100: 158587 Terminated              bash "$THR_ROOT/bin/heartbeat.sh" "$UNIT"
/iopsstor/scratch/cscs/dthapa/system3_qwem_omni_8_28/omni_thr_fit/bin/worker.sh: line 100: 185319 Terminated              bash "$THR_ROOT/bin/heartbeat.sh" "$UNIT"
/iopsstor/scratch/cscs/dthapa/system3_qwem_omni_8_28/omni_thr_fit/bin/worker.sh: line 100: 219769 Terminated              bash "$THR_ROOT/bin/heartbeat.sh" "$UNIT"
/iopsstor/scratch/cscs/dthapa/system3_qwem_omni_8_28/omni_thr_fit/bin/worker.sh: line 100: 22219 Terminated              bash "$THR_ROOT/bin/heartbeat.sh" "$UNIT"
/iopsstor/scratch/cscs/dthapa/system3_qwem_omni_8_28/omni_thr_fit/bin/worker.sh: line 100: 263642 Terminated              bash "$THR_ROOT/bin/heartbeat.sh" "$UNIT"
/iopsstor/scratch/cscs/dthapa/system3_qwem_omni_8_28/omni_thr_fit/bin/worker.sh: line 100: 12836 Terminated              bash "$THR_ROOT/bin/heartbeat.sh" "$UNIT"
/iopsstor/scratch/cscs/dthapa/system3_qwem_omni_8_28/omni_thr_fit/bin/worker.sh: line 100: 26630 Terminated              bash "$THR_ROOT/bin/heartbeat.sh" "$UNIT"
/iopsstor/scratch/cscs/dthapa/system3_qwem_omni_8_28/omni_thr_fit/bin/worker.sh: line 100: 39299 Terminated              bash "$THR_ROOT/bin/heartbeat.sh" "$UNIT"
/iopsstor/scratch/cscs/dthapa/system3_qwem_omni_8_28/omni_thr_fit/bin/worker.sh: line 100: 60483 Terminated              bash "$THR_ROOT/bin/heartbeat.sh" "$UNIT"
/iopsstor/scratch/cscs/dthapa/system3_qwem_omni_8_28/omni_thr_fit/bin/worker.sh: line 100: 84406 Terminated              bash "$THR_ROOT/bin/heartbeat.sh" "$UNIT"
/iopsstor/scratch/cscs/dthapa/system3_qwem_omni_8_28/omni_thr_fit/bin/worker.sh: line 100: 110791 Terminated              bash "$THR_ROOT/bin/heartbeat.sh" "$UNIT"
/iopsstor/scratch/cscs/dthapa/system3_qwem_omni_8_28/omni_thr_fit/bin/worker.sh: line 100: 99202 Terminated              bash "$THR_ROOT/bin/heartbeat.sh" "$UNIT"
/iopsstor/scratch/cscs/dthapa/system3_qwem_omni_8_28/omni_thr_fit/bin/worker.sh: line 100: 242740 Terminated              bash "$THR_ROOT/bin/heartbeat.sh" "$UNIT"
/iopsstor/scratch/cscs/dthapa/system3_qwem_omni_8_28/omni_thr_fit/bin/worker.sh: line 100: 254109 Terminated              bash "$THR_ROOT/bin/heartbeat.sh" "$UNIT"
/iopsstor/scratch/cscs/dthapa/system3_qwem_omni_8_28/omni_thr_fit/bin/worker.sh: line 100: 275315 Terminated              bash "$THR_ROOT/bin/heartbeat.sh" "$UNIT"
/iopsstor/scratch/cscs/dthapa/system3_qwem_omni_8_28/omni_thr_fit/bin/worker.sh: line 100: 278906 Terminated              bash "$THR_ROOT/bin/heartbeat.sh" "$UNIT"
/iopsstor/scratch/cscs/dthapa/system3_qwem_omni_8_28/omni_thr_fit/bin/worker.sh: line 100: 282860 Terminated              bash "$THR_ROOT/bin/heartbeat.sh" "$UNIT"
/iopsstor/scratch/cscs/dthapa/system3_qwem_omni_8_28/omni_thr_fit/bin/worker.sh: line 100: 294544 Terminated              bash "$THR_ROOT/bin/heartbeat.sh" "$UNIT"
/iopsstor/scratch/cscs/dthapa/system3_qwem_omni_8_28/omni_thr_fit/bin/worker.sh: line 100:  9279 Terminated              bash "$THR_ROOT/bin/heartbeat.sh" "$UNIT"
/iopsstor/scratch/cscs/dthapa/system3_qwem_omni_8_28/omni_thr_fit/bin/worker.sh: line 100: 15685 Terminated              bash "$THR_ROOT/bin/heartbeat.sh" "$UNIT"
/iopsstor/scratch/cscs/dthapa/system3_qwem_omni_8_28/omni_thr_fit/bin/worker.sh: line 100: 18636 Terminated              bash "$THR_ROOT/bin/heartbeat.sh" "$UNIT"
/iopsstor/scratch/cscs/dthapa/system3_qwem_omni_8_28/omni_thr_fit/bin/worker.sh: line 100: 22527 Terminated              bash "$THR_ROOT/bin/heartbeat.sh" "$UNIT"
/iopsstor/scratch/cscs/dthapa/system3_qwem_omni_8_28/omni_thr_fit/bin/worker.sh: line 100: 25497 Terminated              bash "$THR_ROOT/bin/heartbeat.sh" "$UNIT"
/iopsstor/scratch/cscs/dthapa/system3_qwem_omni_8_28/omni_thr_fit/bin/worker.sh: line 100: 28215 Terminated              bash "$THR_ROOT/bin/heartbeat.sh" "$UNIT"
/iopsstor/scratch/cscs/dthapa/system3_qwem_omni_8_28/omni_thr_fit/bin/worker.sh: line 100: 34573 Terminated              bash "$THR_ROOT/bin/heartbeat.sh" "$UNIT"
/iopsstor/scratch/cscs/dthapa/system3_qwem_omni_8_28/omni_thr_fit/bin/worker.sh: line 100: 41641 Terminated              bash "$THR_ROOT/bin/heartbeat.sh" "$UNIT"
/iopsstor/scratch/cscs/dthapa/system3_qwem_omni_8_28/omni_thr_fit/bin/worker.sh: line 100: 140680 Terminated              bash "$THR_ROOT/bin/heartbeat.sh" "$UNIT"
/iopsstor/scratch/cscs/dthapa/system3_qwem_omni_8_28/omni_thr_fit/bin/worker.sh: line 100: 80039 Terminated              bash "$THR_ROOT/bin/heartbeat.sh" "$UNIT"
/iopsstor/scratch/cscs/dthapa/system3_qwem_omni_8_28/omni_thr_fit/bin/worker.sh: line 100: 121315 Terminated              bash "$THR_ROOT/bin/heartbeat.sh" "$UNIT"
/iopsstor/scratch/cscs/dthapa/system3_qwem_omni_8_28/omni_thr_fit/bin/worker.sh: line 100: 155674 Terminated              bash "$THR_ROOT/bin/heartbeat.sh" "$UNIT"
/iopsstor/scratch/cscs/dthapa/system3_qwem_omni_8_28/omni_thr_fit/bin/worker.sh: line 100: 190428 Terminated              bash "$THR_ROOT/bin/heartbeat.sh" "$UNIT"
/iopsstor/scratch/cscs/dthapa/system3_qwem_omni_8_28/omni_thr_fit/bin/worker.sh: line 100: 255711 Terminated              bash "$THR_ROOT/bin/heartbeat.sh" "$UNIT"
/iopsstor/scratch/cscs/dthapa/system3_qwem_omni_8_28/omni_thr_fit/bin/worker.sh: line 100: 29373 Terminated              bash "$THR_ROOT/bin/heartbeat.sh" "$UNIT"
/iopsstor/scratch/cscs/dthapa/system3_qwem_omni_8_28/omni_thr_fit/bin/worker.sh: line 100: 68549 Terminated              bash "$THR_ROOT/bin/heartbeat.sh" "$UNIT"
/iopsstor/scratch/cscs/dthapa/system3_qwem_omni_8_28/omni_thr_fit/bin/worker.sh: line 100: 97089 Terminated              bash "$THR_ROOT/bin/heartbeat.sh" "$UNIT"
/iopsstor/scratch/cscs/dthapa/system3_qwem_omni_8_28/omni_thr_fit/bin/worker.sh: line 100: 135450 Terminated              bash "$THR_ROOT/bin/heartbeat.sh" "$UNIT"
/iopsstor/scratch/cscs/dthapa/system3_qwem_omni_8_28/omni_thr_fit/bin/worker.sh: line 100: 179251 Terminated              bash "$THR_ROOT/bin/heartbeat.sh" "$UNIT"
/iopsstor/scratch/cscs/dthapa/system3_qwem_omni_8_28/omni_thr_fit/bin/worker.sh: line 100: 217041 Terminated              bash "$THR_ROOT/bin/heartbeat.sh" "$UNIT"
/iopsstor/scratch/cscs/dthapa/system3_qwem_omni_8_28/omni_thr_fit/bin/worker.sh: line 100: 220712 Terminated              bash "$THR_ROOT/bin/heartbeat.sh" "$UNIT"
/iopsstor/scratch/cscs/dthapa/system3_qwem_omni_8_28/omni_thr_fit/bin/worker.sh: line 100: 276052 Terminated              bash "$THR_ROOT/bin/heartbeat.sh" "$UNIT"
/iopsstor/scratch/cscs/dthapa/system3_qwem_omni_8_28/omni_thr_fit/bin/worker.sh: line 100: 44674 Terminated              bash "$THR_ROOT/bin/heartbeat.sh" "$UNIT"
/iopsstor/scratch/cscs/dthapa/system3_qwem_omni_8_28/omni_thr_fit/bin/worker.sh: line 100: 48250 Terminated              bash "$THR_ROOT/bin/heartbeat.sh" "$UNIT"
/iopsstor/scratch/cscs/dthapa/system3_qwem_omni_8_28/omni_thr_fit/bin/worker.sh: line 100: 98611 Terminated              bash "$THR_ROOT/bin/heartbeat.sh" "$UNIT"
/iopsstor/scratch/cscs/dthapa/system3_qwem_omni_8_28/omni_thr_fit/bin/worker.sh: line 100: 134902 Terminated              bash "$THR_ROOT/bin/heartbeat.sh" "$UNIT"
/iopsstor/scratch/cscs/dthapa/system3_qwem_omni_8_28/omni_thr_fit/bin/worker.sh: line 100: 138409 Terminated              bash "$THR_ROOT/bin/heartbeat.sh" "$UNIT"
/iopsstor/scratch/cscs/dthapa/system3_qwem_omni_8_28/omni_thr_fit/bin/worker.sh: line 100: 146242 Terminated              bash "$THR_ROOT/bin/heartbeat.sh" "$UNIT"
/iopsstor/scratch/cscs/dthapa/system3_qwem_omni_8_28/omni_thr_fit/bin/worker.sh: line 100: 157836 Terminated              bash "$THR_ROOT/bin/heartbeat.sh" "$UNIT"
/iopsstor/scratch/cscs/dthapa/system3_qwem_omni_8_28/omni_thr_fit/bin/worker.sh: line 100: 275694 Terminated              bash "$THR_ROOT/bin/heartbeat.sh" "$UNIT"
/iopsstor/scratch/cscs/dthapa/system3_qwem_omni_8_28/omni_thr_fit/bin/worker.sh: line 100: 12266 Terminated              bash "$THR_ROOT/bin/heartbeat.sh" "$UNIT"
/iopsstor/scratch/cscs/dthapa/system3_qwem_omni_8_28/omni_thr_fit/bin/worker.sh: line 100: 41408 Terminated              bash "$THR_ROOT/bin/heartbeat.sh" "$UNIT"
/iopsstor/scratch/cscs/dthapa/system3_qwem_omni_8_28/omni_thr_fit/bin/worker.sh: line 100: 67252 Terminated              bash "$THR_ROOT/bin/heartbeat.sh" "$UNIT"
/iopsstor/scratch/cscs/dthapa/system3_qwem_omni_8_28/omni_thr_fit/bin/worker.sh: line 100: 89933 Terminated              bash "$THR_ROOT/bin/heartbeat.sh" "$UNIT"
/iopsstor/scratch/cscs/dthapa/system3_qwem_omni_8_28/omni_thr_fit/bin/worker.sh: line 100: 119481 Terminated              bash "$THR_ROOT/bin/heartbeat.sh" "$UNIT"
/iopsstor/scratch/cscs/dthapa/system3_qwem_omni_8_28/omni_thr_fit/bin/worker.sh: line 100: 157749 Terminated              bash "$THR_ROOT/bin/heartbeat.sh" "$UNIT"
/iopsstor/scratch/cscs/dthapa/system3_qwem_omni_8_28/omni_thr_fit/bin/worker.sh: line 100: 178590 Terminated              bash "$THR_ROOT/bin/heartbeat.sh" "$UNIT"
/iopsstor/scratch/cscs/dthapa/system3_qwem_omni_8_28/omni_thr_fit/bin/worker.sh: line 100: 221327 Terminated              bash "$THR_ROOT/bin/heartbeat.sh" "$UNIT"
/iopsstor/scratch/cscs/dthapa/system3_qwem_omni_8_28/omni_thr_fit/bin/worker.sh: line 100: 215586 Terminated              bash "$THR_ROOT/bin/heartbeat.sh" "$UNIT"
/iopsstor/scratch/cscs/dthapa/system3_qwem_omni_8_28/omni_thr_fit/bin/worker.sh: line 100: 181115 Terminated              bash "$THR_ROOT/bin/heartbeat.sh" "$UNIT"
/iopsstor/scratch/cscs/dthapa/system3_qwem_omni_8_28/omni_thr_fit/bin/worker.sh: line 100: 95308 Terminated              bash "$THR_ROOT/bin/heartbeat.sh" "$UNIT"
/iopsstor/scratch/cscs/dthapa/system3_qwem_omni_8_28/omni_thr_fit/bin/worker.sh: line 100: 102783 Terminated              bash "$THR_ROOT/bin/heartbeat.sh" "$UNIT"
/iopsstor/scratch/cscs/dthapa/system3_qwem_omni_8_28/omni_thr_fit/bin/worker.sh: line 100: 77080 Terminated              bash "$THR_ROOT/bin/heartbeat.sh" "$UNIT"
/iopsstor/scratch/cscs/dthapa/system3_qwem_omni_8_28/omni_thr_fit/bin/worker.sh: line 100: 84143 Terminated              bash "$THR_ROOT/bin/heartbeat.sh" "$UNIT"
/iopsstor/scratch/cscs/dthapa/system3_qwem_omni_8_28/omni_thr_fit/bin/worker.sh: line 100: 168775 Terminated              bash "$THR_ROOT/bin/heartbeat.sh" "$UNIT"
/iopsstor/scratch/cscs/dthapa/system3_qwem_omni_8_28/omni_thr_fit/bin/worker.sh: line 100: 250007 Terminated              bash "$THR_ROOT/bin/heartbeat.sh" "$UNIT"
/iopsstor/scratch/cscs/dthapa/system3_qwem_omni_8_28/omni_thr_fit/bin/worker.sh: line 100: 30905 Terminated              bash "$THR_ROOT/bin/heartbeat.sh" "$UNIT"
/iopsstor/scratch/cscs/dthapa/system3_qwem_omni_8_28/omni_thr_fit/bin/worker.sh: line 100: 75465 Terminated              bash "$THR_ROOT/bin/heartbeat.sh" "$UNIT"
/iopsstor/scratch/cscs/dthapa/system3_qwem_omni_8_28/omni_thr_fit/bin/worker.sh: line 100: 125505 Terminated              bash "$THR_ROOT/bin/heartbeat.sh" "$UNIT"
/iopsstor/scratch/cscs/dthapa/system3_qwem_omni_8_28/omni_thr_fit/bin/worker.sh: line 100: 175521 Terminated              bash "$THR_ROOT/bin/heartbeat.sh" "$UNIT"
/iopsstor/scratch/cscs/dthapa/system3_qwem_omni_8_28/omni_thr_fit/bin/worker.sh: line 100: 44375 Terminated              bash "$THR_ROOT/bin/heartbeat.sh" "$UNIT"
/iopsstor/scratch/cscs/dthapa/system3_qwem_omni_8_28/omni_thr_fit/bin/worker.sh: line 100: 137327 Terminated              bash "$THR_ROOT/bin/heartbeat.sh" "$UNIT"
/iopsstor/scratch/cscs/dthapa/system3_qwem_omni_8_28/omni_thr_fit/bin/worker.sh: line 100: 241012 Terminated              bash "$THR_ROOT/bin/heartbeat.sh" "$UNIT"
/iopsstor/scratch/cscs/dthapa/system3_qwem_omni_8_28/omni_thr_fit/bin/worker.sh: line 100: 43128 Terminated              bash "$THR_ROOT/bin/heartbeat.sh" "$UNIT"
/iopsstor/scratch/cscs/dthapa/system3_qwem_omni_8_28/omni_thr_fit/bin/worker.sh: line 100: 41828 Terminated              bash "$THR_ROOT/bin/heartbeat.sh" "$UNIT"
/iopsstor/scratch/cscs/dthapa/system3_qwem_omni_8_28/omni_thr_fit/bin/worker.sh: line 100: 51568 Terminated              bash "$THR_ROOT/bin/heartbeat.sh" "$UNIT"
/iopsstor/scratch/cscs/dthapa/system3_qwem_omni_8_28/omni_thr_fit/bin/worker.sh: line 100: 125468 Terminated              bash "$THR_ROOT/bin/heartbeat.sh" "$UNIT"
/iopsstor/scratch/cscs/dthapa/system3_qwem_omni_8_28/omni_thr_fit/bin/worker.sh: line 100: 129929 Terminated              bash "$THR_ROOT/bin/heartbeat.sh" "$UNIT"
/iopsstor/scratch/cscs/dthapa/system3_qwem_omni_8_28/omni_thr_fit/bin/worker.sh: line 100: 135941 Terminated              bash "$THR_ROOT/bin/heartbeat.sh" "$UNIT"
/iopsstor/scratch/cscs/dthapa/system3_qwem_omni_8_28/omni_thr_fit/bin/worker.sh: line 100: 140497 Terminated              bash "$THR_ROOT/bin/heartbeat.sh" "$UNIT"
/iopsstor/scratch/cscs/dthapa/system3_qwem_omni_8_28/omni_thr_fit/bin/worker.sh: line 100: 263403 Terminated              bash "$THR_ROOT/bin/heartbeat.sh" "$UNIT"
/iopsstor/scratch/cscs/dthapa/system3_qwem_omni_8_28/omni_thr_fit/bin/worker.sh: line 100: 275065 Terminated              bash "$THR_ROOT/bin/heartbeat.sh" "$UNIT"
/iopsstor/scratch/cscs/dthapa/system3_qwem_omni_8_28/omni_thr_fit/bin/worker.sh: line 100: 287519 Terminated              bash "$THR_ROOT/bin/heartbeat.sh" "$UNIT"
/iopsstor/scratch/cscs/dthapa/system3_qwem_omni_8_28/omni_thr_fit/bin/worker.sh: line 100:  8308 Terminated              bash "$THR_ROOT/bin/heartbeat.sh" "$UNIT"
/iopsstor/scratch/cscs/dthapa/system3_qwem_omni_8_28/omni_thr_fit/bin/worker.sh: line 100: 23351 Terminated              bash "$THR_ROOT/bin/heartbeat.sh" "$UNIT"
/iopsstor/scratch/cscs/dthapa/system3_qwem_omni_8_28/omni_thr_fit/bin/worker.sh: line 100: 38315 Terminated              bash "$THR_ROOT/bin/heartbeat.sh" "$UNIT"
/iopsstor/scratch/cscs/dthapa/system3_qwem_omni_8_28/omni_thr_fit/bin/worker.sh: line 100: 53729 Terminated              bash "$THR_ROOT/bin/heartbeat.sh" "$UNIT"
/iopsstor/scratch/cscs/dthapa/system3_qwem_omni_8_28/omni_thr_fit/bin/worker.sh: line 100: 70953 Terminated              bash "$THR_ROOT/bin/heartbeat.sh" "$UNIT"
/iopsstor/scratch/cscs/dthapa/system3_qwem_omni_8_28/omni_thr_fit/bin/worker.sh: line 100: 91566 Terminated              bash "$THR_ROOT/bin/heartbeat.sh" "$UNIT"
/iopsstor/scratch/cscs/dthapa/system3_qwem_omni_8_28/omni_thr_fit/bin/worker.sh: line 100: 106467 Terminated              bash "$THR_ROOT/bin/heartbeat.sh" "$UNIT"
/iopsstor/scratch/cscs/dthapa/system3_qwem_omni_8_28/omni_thr_fit/bin/worker.sh: line 100: 115561 Terminated              bash "$THR_ROOT/bin/heartbeat.sh" "$UNIT"
/iopsstor/scratch/cscs/dthapa/system3_qwem_omni_8_28/omni_thr_fit/bin/worker.sh: line 100: 125682 Terminated              bash "$THR_ROOT/bin/heartbeat.sh" "$UNIT"
/iopsstor/scratch/cscs/dthapa/system3_qwem_omni_8_28/omni_thr_fit/bin/worker.sh: line 100: 137042 Terminated              bash "$THR_ROOT/bin/heartbeat.sh" "$UNIT"
/iopsstor/scratch/cscs/dthapa/system3_qwem_omni_8_28/omni_thr_fit/bin/worker.sh: line 100: 155963 Terminated              bash "$THR_ROOT/bin/heartbeat.sh" "$UNIT"
/iopsstor/scratch/cscs/dthapa/system3_qwem_omni_8_28/omni_thr_fit/bin/worker.sh: line 100: 167819 Terminated              bash "$THR_ROOT/bin/heartbeat.sh" "$UNIT"
/iopsstor/scratch/cscs/dthapa/system3_qwem_omni_8_28/omni_thr_fit/bin/worker.sh: line 100: 197865 Terminated              bash "$THR_ROOT/bin/heartbeat.sh" "$UNIT"
/iopsstor/scratch/cscs/dthapa/system3_qwem_omni_8_28/omni_thr_fit/bin/worker.sh: line 100: 217710 Killed                  OMNIPRO_HIT_THRESHOLD=$THR timeout $(( left - 30 )) "$PY" -u evaluate.py --tasks "$TASK" --audio all --subset_every 20 --subset_off 0 --benchmark_json "$OMNIPRO_BENCHMARK_JSON" --dataset_dir "$OMNIPRO_DATASET_DIR" --shard "$SH" --nshards 4 --max_dur "$MAX_DUR" --resume --out "$CELL/lane$SH" --done_glob "$CELL/lane*/online_pred.jsonl" >> "$CELL/lane$SH/run.log" 2>&1
/iopsstor/scratch/cscs/dthapa/system3_qwem_omni_8_28/omni_thr_fit/bin/worker.sh: line 100: 217709 Terminated              bash "$THR_ROOT/bin/heartbeat.sh" "$UNIT"
/iopsstor/scratch/cscs/dthapa/system3_qwem_omni_8_28/omni_thr_fit/bin/worker.sh: line 100: 240923 Terminated              bash "$THR_ROOT/bin/heartbeat.sh" "$UNIT"
/iopsstor/scratch/cscs/dthapa/system3_qwem_omni_8_28/omni_thr_fit/bin/worker.sh: line 100: 84320 Terminated              bash "$THR_ROOT/bin/heartbeat.sh" "$UNIT"
/iopsstor/scratch/cscs/dthapa/system3_qwem_omni_8_28/omni_thr_fit/bin/worker.sh: line 100: 118784 Terminated              bash "$THR_ROOT/bin/heartbeat.sh" "$UNIT"
/iopsstor/scratch/cscs/dthapa/system3_qwem_omni_8_28/omni_thr_fit/bin/worker.sh: line 100: 157341 Terminated              bash "$THR_ROOT/bin/heartbeat.sh" "$UNIT"
/iopsstor/scratch/cscs/dthapa/system3_qwem_omni_8_28/omni_thr_fit/bin/worker.sh: line 100: 188123 Terminated              bash "$THR_ROOT/bin/heartbeat.sh" "$UNIT"
/iopsstor/scratch/cscs/dthapa/system3_qwem_omni_8_28/omni_thr_fit/bin/worker.sh: line 100: 200624 Terminated              bash "$THR_ROOT/bin/heartbeat.sh" "$UNIT"
/iopsstor/scratch/cscs/dthapa/system3_qwem_omni_8_28/omni_thr_fit/bin/worker.sh: line 100: 264067 Terminated              bash "$THR_ROOT/bin/heartbeat.sh" "$UNIT"
/iopsstor/scratch/cscs/dthapa/system3_qwem_omni_8_28/omni_thr_fit/bin/worker.sh: line 100: 266591 Terminated              bash "$THR_ROOT/bin/heartbeat.sh" "$UNIT"
/iopsstor/scratch/cscs/dthapa/system3_qwem_omni_8_28/omni_thr_fit/bin/worker.sh: line 100: 267295 Terminated              bash "$THR_ROOT/bin/heartbeat.sh" "$UNIT"
/iopsstor/scratch/cscs/dthapa/system3_qwem_omni_8_28/omni_thr_fit/bin/worker.sh: line 100: 269471 Terminated              bash "$THR_ROOT/bin/heartbeat.sh" "$UNIT"
/iopsstor/scratch/cscs/dthapa/system3_qwem_omni_8_28/omni_thr_fit/bin/worker.sh: line 100: 270622 Terminated              bash "$THR_ROOT/bin/heartbeat.sh" "$UNIT"
/iopsstor/scratch/cscs/dthapa/system3_qwem_omni_8_28/omni_thr_fit/bin/worker.sh: line 100: 271299 Terminated              bash "$THR_ROOT/bin/heartbeat.sh" "$UNIT"
/iopsstor/scratch/cscs/dthapa/system3_qwem_omni_8_28/omni_thr_fit/bin/worker.sh: line 100: 272330 Terminated              bash "$THR_ROOT/bin/heartbeat.sh" "$UNIT"
/iopsstor/scratch/cscs/dthapa/system3_qwem_omni_8_28/omni_thr_fit/bin/worker.sh: line 100: 273627 Terminated              bash "$THR_ROOT/bin/heartbeat.sh" "$UNIT"
/iopsstor/scratch/cscs/dthapa/system3_qwem_omni_8_28/omni_thr_fit/bin/worker.sh: line 100: 274553 Terminated              bash "$THR_ROOT/bin/heartbeat.sh" "$UNIT"
/iopsstor/scratch/cscs/dthapa/system3_qwem_omni_8_28/omni_thr_fit/bin/worker.sh: line 100: 275184 Terminated              bash "$THR_ROOT/bin/heartbeat.sh" "$UNIT"
/iopsstor/scratch/cscs/dthapa/system3_qwem_omni_8_28/omni_thr_fit/bin/worker.sh: line 100: 275829 Terminated              bash "$THR_ROOT/bin/heartbeat.sh" "$UNIT"
/iopsstor/scratch/cscs/dthapa/system3_qwem_omni_8_28/omni_thr_fit/bin/worker.sh: line 100: 277480 Terminated              bash "$THR_ROOT/bin/heartbeat.sh" "$UNIT"
/iopsstor/scratch/cscs/dthapa/system3_qwem_omni_8_28/omni_thr_fit/bin/worker.sh: line 100: 278453 Terminated              bash "$THR_ROOT/bin/heartbeat.sh" "$UNIT"
/iopsstor/scratch/cscs/dthapa/system3_qwem_omni_8_28/omni_thr_fit/bin/worker.sh: line 100: 279471 Terminated              bash "$THR_ROOT/bin/heartbeat.sh" "$UNIT"
/iopsstor/scratch/cscs/dthapa/system3_qwem_omni_8_28/omni_thr_fit/bin/worker.sh: line 100: 280139 Terminated              bash "$THR_ROOT/bin/heartbeat.sh" "$UNIT"
/iopsstor/scratch/cscs/dthapa/system3_qwem_omni_8_28/omni_thr_fit/bin/worker.sh: line 100: 281232 Terminated              bash "$THR_ROOT/bin/heartbeat.sh" "$UNIT"
/iopsstor/scratch/cscs/dthapa/system3_qwem_omni_8_28/omni_thr_fit/bin/worker.sh: line 100: 286812 Terminated              bash "$THR_ROOT/bin/heartbeat.sh" "$UNIT"
/iopsstor/scratch/cscs/dthapa/system3_qwem_omni_8_28/omni_thr_fit/bin/worker.sh: line 100: 288809 Terminated              bash "$THR_ROOT/bin/heartbeat.sh" "$UNIT"
/iopsstor/scratch/cscs/dthapa/system3_qwem_omni_8_28/omni_thr_fit/bin/worker.sh: line 100: 290017 Terminated              bash "$THR_ROOT/bin/heartbeat.sh" "$UNIT"
/iopsstor/scratch/cscs/dthapa/system3_qwem_omni_8_28/omni_thr_fit/bin/worker.sh: line 100: 73704 Terminated              bash "$THR_ROOT/bin/heartbeat.sh" "$UNIT"
/iopsstor/scratch/cscs/dthapa/system3_qwem_omni_8_28/omni_thr_fit/bin/worker.sh: line 100: 81608 Terminated              bash "$THR_ROOT/bin/heartbeat.sh" "$UNIT"
/iopsstor/scratch/cscs/dthapa/system3_qwem_omni_8_28/omni_thr_fit/bin/worker.sh: line 100: 232688 Terminated              bash "$THR_ROOT/bin/heartbeat.sh" "$UNIT"
/iopsstor/scratch/cscs/dthapa/system3_qwem_omni_8_28/omni_thr_fit/bin/worker.sh: line 100: 281179 Terminated              bash "$THR_ROOT/bin/heartbeat.sh" "$UNIT"
/iopsstor/scratch/cscs/dthapa/system3_qwem_omni_8_28/omni_thr_fit/bin/worker.sh: line 100: 288491 Terminated              bash "$THR_ROOT/bin/heartbeat.sh" "$UNIT"
/iopsstor/scratch/cscs/dthapa/system3_qwem_omni_8_28/omni_thr_fit/bin/worker.sh: line 100: 162064 Terminated              bash "$THR_ROOT/bin/heartbeat.sh" "$UNIT"
/iopsstor/scratch/cscs/dthapa/system3_qwem_omni_8_28/omni_thr_fit/bin/worker.sh: line 100: 178082 Terminated              bash "$THR_ROOT/bin/heartbeat.sh" "$UNIT"
/iopsstor/scratch/cscs/dthapa/system3_qwem_omni_8_28/omni_thr_fit/bin/worker.sh: line 100: 189252 Terminated              bash "$THR_ROOT/bin/heartbeat.sh" "$UNIT"
/iopsstor/scratch/cscs/dthapa/system3_qwem_omni_8_28/omni_thr_fit/bin/worker.sh: line 100: 196039 Terminated              bash "$THR_ROOT/bin/heartbeat.sh" "$UNIT"
/iopsstor/scratch/cscs/dthapa/system3_qwem_omni_8_28/omni_thr_fit/bin/worker.sh: line 100: 203122 Terminated              bash "$THR_ROOT/bin/heartbeat.sh" "$UNIT"
/iopsstor/scratch/cscs/dthapa/system3_qwem_omni_8_28/omni_thr_fit/bin/worker.sh: line 100: 209520 Terminated              bash "$THR_ROOT/bin/heartbeat.sh" "$UNIT"
/iopsstor/scratch/cscs/dthapa/system3_qwem_omni_8_28/omni_thr_fit/bin/worker.sh: line 100: 293290 Terminated              bash "$THR_ROOT/bin/heartbeat.sh" "$UNIT"
/iopsstor/scratch/cscs/dthapa/system3_qwem_omni_8_28/omni_thr_fit/bin/worker.sh: line 100:  2945 Terminated              bash "$THR_ROOT/bin/heartbeat.sh" "$UNIT"
/iopsstor/scratch/cscs/dthapa/system3_qwem_omni_8_28/omni_thr_fit/bin/worker.sh: line 100:  4962 Terminated              bash "$THR_ROOT/bin/heartbeat.sh" "$UNIT"
/iopsstor/scratch/cscs/dthapa/system3_qwem_omni_8_28/omni_thr_fit/bin/worker.sh: line 100:  6534 Terminated              bash "$THR_ROOT/bin/heartbeat.sh" "$UNIT"
/iopsstor/scratch/cscs/dthapa/system3_qwem_omni_8_28/omni_thr_fit/bin/worker.sh: line 100:  6881 Terminated              bash "$THR_ROOT/bin/heartbeat.sh" "$UNIT"
/iopsstor/scratch/cscs/dthapa/system3_qwem_omni_8_28/omni_thr_fit/bin/worker.sh: line 100:  7626 Terminated              bash "$THR_ROOT/bin/heartbeat.sh" "$UNIT"
/iopsstor/scratch/cscs/dthapa/system3_qwem_omni_8_28/omni_thr_fit/bin/worker.sh: line 100: 10271 Terminated              bash "$THR_ROOT/bin/heartbeat.sh" "$UNIT"
/iopsstor/scratch/cscs/dthapa/system3_qwem_omni_8_28/omni_thr_fit/bin/worker.sh: line 100: 11605 Terminated              bash "$THR_ROOT/bin/heartbeat.sh" "$UNIT"
/iopsstor/scratch/cscs/dthapa/system3_qwem_omni_8_28/omni_thr_fit/bin/worker.sh: line 100: 12252 Terminated              bash "$THR_ROOT/bin/heartbeat.sh" "$UNIT"
/iopsstor/scratch/cscs/dthapa/system3_qwem_omni_8_28/omni_thr_fit/bin/worker.sh: line 100: 14867 Terminated              bash "$THR_ROOT/bin/heartbeat.sh" "$UNIT"
/iopsstor/scratch/cscs/dthapa/system3_qwem_omni_8_28/omni_thr_fit/bin/worker.sh: line 100: 18054 Terminated              bash "$THR_ROOT/bin/heartbeat.sh" "$UNIT"
/iopsstor/scratch/cscs/dthapa/system3_qwem_omni_8_28/omni_thr_fit/bin/worker.sh: line 100: 19741 Terminated              bash "$THR_ROOT/bin/heartbeat.sh" "$UNIT"
/iopsstor/scratch/cscs/dthapa/system3_qwem_omni_8_28/omni_thr_fit/bin/worker.sh: line 100: 20899 Terminated              bash "$THR_ROOT/bin/heartbeat.sh" "$UNIT"
/iopsstor/scratch/cscs/dthapa/system3_qwem_omni_8_28/omni_thr_fit/bin/worker.sh: line 100: 23374 Terminated              bash "$THR_ROOT/bin/heartbeat.sh" "$UNIT"
/iopsstor/scratch/cscs/dthapa/system3_qwem_omni_8_28/omni_thr_fit/bin/worker.sh: line 100: 25544 Terminated              bash "$THR_ROOT/bin/heartbeat.sh" "$UNIT"
/iopsstor/scratch/cscs/dthapa/system3_qwem_omni_8_28/omni_thr_fit/bin/worker.sh: line 100: 26557 Terminated              bash "$THR_ROOT/bin/heartbeat.sh" "$UNIT"
/iopsstor/scratch/cscs/dthapa/system3_qwem_omni_8_28/omni_thr_fit/bin/worker.sh: line 100: 27923 Terminated              bash "$THR_ROOT/bin/heartbeat.sh" "$UNIT"
/iopsstor/scratch/cscs/dthapa/system3_qwem_omni_8_28/omni_thr_fit/bin/worker.sh: line 100: 28628 Terminated              bash "$THR_ROOT/bin/heartbeat.sh" "$UNIT"
/iopsstor/scratch/cscs/dthapa/system3_qwem_omni_8_28/omni_thr_fit/bin/worker.sh: line 100: 29367 Terminated              bash "$THR_ROOT/bin/heartbeat.sh" "$UNIT"
/iopsstor/scratch/cscs/dthapa/system3_qwem_omni_8_28/omni_thr_fit/bin/worker.sh: line 100: 162769 Terminated              bash "$THR_ROOT/bin/heartbeat.sh" "$UNIT"
/iopsstor/scratch/cscs/dthapa/system3_qwem_omni_8_28/omni_thr_fit/bin/worker.sh: line 100: 167527 Terminated              bash "$THR_ROOT/bin/heartbeat.sh" "$UNIT"
/iopsstor/scratch/cscs/dthapa/system3_qwem_omni_8_28/omni_thr_fit/bin/worker.sh: line 100: 171846 Terminated              bash "$THR_ROOT/bin/heartbeat.sh" "$UNIT"
/iopsstor/scratch/cscs/dthapa/system3_qwem_omni_8_28/omni_thr_fit/bin/worker.sh: line 100: 172938 Terminated              bash "$THR_ROOT/bin/heartbeat.sh" "$UNIT"
/iopsstor/scratch/cscs/dthapa/system3_qwem_omni_8_28/omni_thr_fit/bin/worker.sh: line 100: 176462 Terminated              bash "$THR_ROOT/bin/heartbeat.sh" "$UNIT"
/iopsstor/scratch/cscs/dthapa/system3_qwem_omni_8_28/omni_thr_fit/bin/worker.sh: line 100: 178435 Terminated              bash "$THR_ROOT/bin/heartbeat.sh" "$UNIT"
/iopsstor/scratch/cscs/dthapa/system3_qwem_omni_8_28/omni_thr_fit/bin/worker.sh: line 100: 180826 Terminated              bash "$THR_ROOT/bin/heartbeat.sh" "$UNIT"
/iopsstor/scratch/cscs/dthapa/system3_qwem_omni_8_28/omni_thr_fit/bin/worker.sh: line 100: 181216 Terminated              bash "$THR_ROOT/bin/heartbeat.sh" "$UNIT"
/iopsstor/scratch/cscs/dthapa/system3_qwem_omni_8_28/omni_thr_fit/bin/worker.sh: line 100: 181594 Terminated              bash "$THR_ROOT/bin/heartbeat.sh" "$UNIT"
/iopsstor/scratch/cscs/dthapa/system3_qwem_omni_8_28/omni_thr_fit/bin/worker.sh: line 100: 182573 Terminated              bash "$THR_ROOT/bin/heartbeat.sh" "$UNIT"
/iopsstor/scratch/cscs/dthapa/system3_qwem_omni_8_28/omni_thr_fit/bin/worker.sh: line 100: 183923 Terminated              bash "$THR_ROOT/bin/heartbeat.sh" "$UNIT"
/iopsstor/scratch/cscs/dthapa/system3_qwem_omni_8_28/omni_thr_fit/bin/worker.sh: line 100: 185684 Terminated              bash "$THR_ROOT/bin/heartbeat.sh" "$UNIT"
/iopsstor/scratch/cscs/dthapa/system3_qwem_omni_8_28/omni_thr_fit/bin/worker.sh: line 100: 190868 Terminated              bash "$THR_ROOT/bin/heartbeat.sh" "$UNIT"
/iopsstor/scratch/cscs/dthapa/system3_qwem_omni_8_28/omni_thr_fit/bin/worker.sh: line 100: 195498 Terminated              bash "$THR_ROOT/bin/heartbeat.sh" "$UNIT"
/iopsstor/scratch/cscs/dthapa/system3_qwem_omni_8_28/omni_thr_fit/bin/worker.sh: line 100: 196199 Terminated              bash "$THR_ROOT/bin/heartbeat.sh" "$UNIT"
/iopsstor/scratch/cscs/dthapa/system3_qwem_omni_8_28/omni_thr_fit/bin/worker.sh: line 100: 197704 Terminated              bash "$THR_ROOT/bin/heartbeat.sh" "$UNIT"
/iopsstor/scratch/cscs/dthapa/system3_qwem_omni_8_28/omni_thr_fit/bin/worker.sh: line 100: 200459 Terminated              bash "$THR_ROOT/bin/heartbeat.sh" "$UNIT"
/iopsstor/scratch/cscs/dthapa/system3_qwem_omni_8_28/omni_thr_fit/bin/worker.sh: line 100: 200958 Terminated              bash "$THR_ROOT/bin/heartbeat.sh" "$UNIT"
/iopsstor/scratch/cscs/dthapa/system3_qwem_omni_8_28/omni_thr_fit/bin/worker.sh: line 100: 209865 Terminated              bash "$THR_ROOT/bin/heartbeat.sh" "$UNIT"
/iopsstor/scratch/cscs/dthapa/system3_qwem_omni_8_28/omni_thr_fit/bin/worker.sh: line 100: 211457 Terminated              bash "$THR_ROOT/bin/heartbeat.sh" "$UNIT"
/iopsstor/scratch/cscs/dthapa/system3_qwem_omni_8_28/omni_thr_fit/bin/worker.sh: line 100: 212678 Terminated              bash "$THR_ROOT/bin/heartbeat.sh" "$UNIT"
/iopsstor/scratch/cscs/dthapa/system3_qwem_omni_8_28/omni_thr_fit/bin/worker.sh: line 100: 215000 Terminated              bash "$THR_ROOT/bin/heartbeat.sh" "$UNIT"
/iopsstor/scratch/cscs/dthapa/system3_qwem_omni_8_28/omni_thr_fit/bin/worker.sh: line 100: 216492 Terminated              bash "$THR_ROOT/bin/heartbeat.sh" "$UNIT"
/iopsstor/scratch/cscs/dthapa/system3_qwem_omni_8_28/omni_thr_fit/bin/worker.sh: line 100: 217997 Terminated              bash "$THR_ROOT/bin/heartbeat.sh" "$UNIT"
/iopsstor/scratch/cscs/dthapa/system3_qwem_omni_8_28/omni_thr_fit/bin/worker.sh: line 100: 233394 Terminated              bash "$THR_ROOT/bin/heartbeat.sh" "$UNIT"
/iopsstor/scratch/cscs/dthapa/system3_qwem_omni_8_28/omni_thr_fit/bin/worker.sh: line 100: 234437 Terminated              bash "$THR_ROOT/bin/heartbeat.sh" "$UNIT"
/iopsstor/scratch/cscs/dthapa/system3_qwem_omni_8_28/omni_thr_fit/bin/worker.sh: line 100: 234818 Terminated              bash "$THR_ROOT/bin/heartbeat.sh" "$UNIT"
/iopsstor/scratch/cscs/dthapa/system3_qwem_omni_8_28/omni_thr_fit/bin/worker.sh: line 100: 235157 Terminated              bash "$THR_ROOT/bin/heartbeat.sh" "$UNIT"
/iopsstor/scratch/cscs/dthapa/system3_qwem_omni_8_28/omni_thr_fit/bin/worker.sh: line 100: 236278 Terminated              bash "$THR_ROOT/bin/heartbeat.sh" "$UNIT"
/iopsstor/scratch/cscs/dthapa/system3_qwem_omni_8_28/omni_thr_fit/bin/worker.sh: line 100: 236546 Terminated              bash "$THR_ROOT/bin/heartbeat.sh" "$UNIT"
/iopsstor/scratch/cscs/dthapa/system3_qwem_omni_8_28/omni_thr_fit/bin/worker.sh: line 100: 241105 Terminated              bash "$THR_ROOT/bin/heartbeat.sh" "$UNIT"
/iopsstor/scratch/cscs/dthapa/system3_qwem_omni_8_28/omni_thr_fit/bin/worker.sh: line 110: 67446 Killed                  OMNIPRO_HIT_THRESHOLD=$THR timeout $(( left - 30 )) "$PY" -u evaluate.py --tasks "$TASK" --audio all --subset_every 20 --subset_off 0 --benchmark_json "$OMNIPRO_BENCHMARK_JSON" --dataset_dir "$OMNIPRO_DATASET_DIR" --shard "$SH" --nshards 4 --max_dur "$MAX_DUR" --resume --out "$CELL/lane$SH" --done_glob "$CELL/lane*/online_pred.jsonl" >> "$CELL/lane$SH/run.log" 2>&1
/iopsstor/scratch/cscs/dthapa/system3_qwem_omni_8_28/omni_thr_fit/bin/worker.sh: line 110: 67445 Terminated              bash "$THR_ROOT/bin/heartbeat.sh" "$UNIT"
/iopsstor/scratch/cscs/dthapa/system3_qwem_omni_8_28/omni_thr_fit/bin/worker.sh: line 110: 118928 Terminated              bash "$THR_ROOT/bin/heartbeat.sh" "$UNIT"
/iopsstor/scratch/cscs/dthapa/system3_qwem_omni_8_28/omni_thr_fit/bin/worker.sh: line 110: 121134 Terminated              bash "$THR_ROOT/bin/heartbeat.sh" "$UNIT"
/iopsstor/scratch/cscs/dthapa/system3_qwem_omni_8_28/omni_thr_fit/bin/worker.sh: line 110: 28977 Terminated              bash "$THR_ROOT/bin/heartbeat.sh" "$UNIT"
/iopsstor/scratch/cscs/dthapa/system3_qwem_omni_8_28/omni_thr_fit/bin/worker.sh: line 110: 116095 Terminated              bash "$THR_ROOT/bin/heartbeat.sh" "$UNIT"
/iopsstor/scratch/cscs/dthapa/system3_qwem_omni_8_28/omni_thr_fit/bin/worker.sh: line 110: 119263 Terminated              bash "$THR_ROOT/bin/heartbeat.sh" "$UNIT"
/iopsstor/scratch/cscs/dthapa/system3_qwem_omni_8_28/omni_thr_fit/bin/worker.sh: line 110:  7838 Terminated              bash "$THR_ROOT/bin/heartbeat.sh" "$UNIT"
/iopsstor/scratch/cscs/dthapa/system3_qwem_omni_8_28/omni_thr_fit/bin/worker.sh: line 110: 23873 Terminated              bash "$THR_ROOT/bin/heartbeat.sh" "$UNIT"
/iopsstor/scratch/cscs/dthapa/system3_qwem_omni_8_28/omni_thr_fit/bin/worker.sh: line 110: 105069 Terminated              bash "$THR_ROOT/bin/heartbeat.sh" "$UNIT"
/iopsstor/scratch/cscs/dthapa/system3_qwem_omni_8_28/omni_thr_fit/bin/worker.sh: line 110: 125104 Terminated              bash "$THR_ROOT/bin/heartbeat.sh" "$UNIT"
/iopsstor/scratch/cscs/dthapa/system3_qwem_omni_8_28/omni_thr_fit/bin/worker.sh: line 110: 140932 Terminated              bash "$THR_ROOT/bin/heartbeat.sh" "$UNIT"
/iopsstor/scratch/cscs/dthapa/system3_qwem_omni_8_28/omni_thr_fit/bin/worker.sh: line 110: 128071 Terminated              bash "$THR_ROOT/bin/heartbeat.sh" "$UNIT"
/iopsstor/scratch/cscs/dthapa/system3_qwem_omni_8_28/omni_thr_fit/bin/worker.sh: line 110: 82585 Terminated              bash "$THR_ROOT/bin/heartbeat.sh" "$UNIT"
/iopsstor/scratch/cscs/dthapa/system3_qwem_omni_8_28/omni_thr_fit/bin/worker.sh: line 110: 178018 Terminated              bash "$THR_ROOT/bin/heartbeat.sh" "$UNIT"
/iopsstor/scratch/cscs/dthapa/system3_qwem_omni_8_28/omni_thr_fit/bin/worker.sh: line 110: 187514 Terminated              bash "$THR_ROOT/bin/heartbeat.sh" "$UNIT"
/iopsstor/scratch/cscs/dthapa/system3_qwem_omni_8_28/omni_thr_fit/bin/worker.sh: line 110: 190410 Terminated              bash "$THR_ROOT/bin/heartbeat.sh" "$UNIT"
