[chain] gen=2/400 nodes=4 lanes=16
[chain] progress=40/1410 samples, cells=0/94
[chain] xRT_mean=1.641 p95=3.275 longest_remaining=594.6s rec_nodes=4
[chain] window-fit cap for this shape: max_dur=238s
[chain] gen 3 queued: nodes=4 time=00:22:00
/iopsstor/scratch/cscs/dthapa/system3_qwem_omni_8_28/omni_thr_fit/bin/worker.sh: line 79: 33234 Terminated              bash "$THR_ROOT/bin/heartbeat.sh" "$UNIT"
/iopsstor/scratch/cscs/dthapa/system3_qwem_omni_8_28/omni_thr_fit/bin/worker.sh: line 79: 33228 Terminated              bash "$THR_ROOT/bin/heartbeat.sh" "$UNIT"
/iopsstor/scratch/cscs/dthapa/system3_qwem_omni_8_28/omni_thr_fit/bin/worker.sh: line 79: 33245 Terminated              bash "$THR_ROOT/bin/heartbeat.sh" "$UNIT"
/iopsstor/scratch/cscs/dthapa/system3_qwem_omni_8_28/omni_thr_fit/bin/worker.sh: line 79: 33241 Terminated              bash "$THR_ROOT/bin/heartbeat.sh" "$UNIT"
/iopsstor/scratch/cscs/dthapa/system3_qwem_omni_8_28/omni_thr_fit/bin/worker.sh: line 79: 67714 Terminated              bash "$THR_ROOT/bin/heartbeat.sh" "$UNIT"
/iopsstor/scratch/cscs/dthapa/system3_qwem_omni_8_28/omni_thr_fit/bin/worker.sh: line 79: 67708 Terminated              bash "$THR_ROOT/bin/heartbeat.sh" "$UNIT"
/iopsstor/scratch/cscs/dthapa/system3_qwem_omni_8_28/omni_thr_fit/bin/worker.sh: line 79: 67703 Terminated              bash "$THR_ROOT/bin/heartbeat.sh" "$UNIT"
/iopsstor/scratch/cscs/dthapa/system3_qwem_omni_8_28/omni_thr_fit/bin/worker.sh: line 79: 67696 Terminated              bash "$THR_ROOT/bin/heartbeat.sh" "$UNIT"
/iopsstor/scratch/cscs/dthapa/system3_qwem_omni_8_28/omni_thr_fit/bin/worker.sh: line 79: 294053 Terminated              bash "$THR_ROOT/bin/heartbeat.sh" "$UNIT"
/iopsstor/scratch/cscs/dthapa/system3_qwem_omni_8_28/omni_thr_fit/bin/worker.sh: line 79: 294063 Terminated              bash "$THR_ROOT/bin/heartbeat.sh" "$UNIT"
/iopsstor/scratch/cscs/dthapa/system3_qwem_omni_8_28/omni_thr_fit/bin/worker.sh: line 79: 294058 Terminated              bash "$THR_ROOT/bin/heartbeat.sh" "$UNIT"
/iopsstor/scratch/cscs/dthapa/system3_qwem_omni_8_28/omni_thr_fit/bin/worker.sh: line 79: 294069 Terminated              bash "$THR_ROOT/bin/heartbeat.sh" "$UNIT"
/iopsstor/scratch/cscs/dthapa/system3_qwem_omni_8_28/omni_thr_fit/bin/worker.sh: line 79: 248445 Terminated              bash "$THR_ROOT/bin/heartbeat.sh" "$UNIT"
/iopsstor/scratch/cscs/dthapa/system3_qwem_omni_8_28/omni_thr_fit/bin/worker.sh: line 79: 248437 Terminated              bash "$THR_ROOT/bin/heartbeat.sh" "$UNIT"
/iopsstor/scratch/cscs/dthapa/system3_qwem_omni_8_28/omni_thr_fit/bin/worker.sh: line 79: 248431 Terminated              bash "$THR_ROOT/bin/heartbeat.sh" "$UNIT"
/iopsstor/scratch/cscs/dthapa/system3_qwem_omni_8_28/omni_thr_fit/bin/worker.sh: line 79: 248429 Terminated              bash "$THR_ROOT/bin/heartbeat.sh" "$UNIT"
/iopsstor/scratch/cscs/dthapa/system3_qwem_omni_8_28/omni_thr_fit/bin/worker.sh: line 79: 33568 Terminated              bash "$THR_ROOT/bin/heartbeat.sh" "$UNIT"
/iopsstor/scratch/cscs/dthapa/system3_qwem_omni_8_28/omni_thr_fit/bin/worker.sh: line 79: 67985 Terminated              bash "$THR_ROOT/bin/heartbeat.sh" "$UNIT"
/iopsstor/scratch/cscs/dthapa/system3_qwem_omni_8_28/omni_thr_fit/bin/worker.sh: line 79: 294351 Terminated              bash "$THR_ROOT/bin/heartbeat.sh" "$UNIT"
/iopsstor/scratch/cscs/dthapa/system3_qwem_omni_8_28/omni_thr_fit/bin/worker.sh: line 79: 248719 Terminated              bash "$THR_ROOT/bin/heartbeat.sh" "$UNIT"
/iopsstor/scratch/cscs/dthapa/system3_qwem_omni_8_28/omni_thr_fit/bin/worker.sh: line 79: 68018 Terminated              bash "$THR_ROOT/bin/heartbeat.sh" "$UNIT"
/iopsstor/scratch/cscs/dthapa/system3_qwem_omni_8_28/omni_thr_fit/bin/worker.sh: line 79: 33552 Terminated              bash "$THR_ROOT/bin/heartbeat.sh" "$UNIT"
/iopsstor/scratch/cscs/dthapa/system3_qwem_omni_8_28/omni_thr_fit/bin/worker.sh: line 79: 33587 Terminated              bash "$THR_ROOT/bin/heartbeat.sh" "$UNIT"
/iopsstor/scratch/cscs/dthapa/system3_qwem_omni_8_28/omni_thr_fit/bin/worker.sh: line 79: 248769 Terminated              bash "$THR_ROOT/bin/heartbeat.sh" "$UNIT"
/iopsstor/scratch/cscs/dthapa/system3_qwem_omni_8_28/omni_thr_fit/bin/worker.sh: line 79: 33536 Terminated              bash "$THR_ROOT/bin/heartbeat.sh" "$UNIT"
/iopsstor/scratch/cscs/dthapa/system3_qwem_omni_8_28/omni_thr_fit/bin/worker.sh: line 79: 294385 Terminated              bash "$THR_ROOT/bin/heartbeat.sh" "$UNIT"
/iopsstor/scratch/cscs/dthapa/system3_qwem_omni_8_28/omni_thr_fit/bin/worker.sh: line 79: 68002 Terminated              bash "$THR_ROOT/bin/heartbeat.sh" "$UNIT"
/iopsstor/scratch/cscs/dthapa/system3_qwem_omni_8_28/omni_thr_fit/bin/worker.sh: line 79: 68032 Terminated              bash "$THR_ROOT/bin/heartbeat.sh" "$UNIT"
/iopsstor/scratch/cscs/dthapa/system3_qwem_omni_8_28/omni_thr_fit/bin/worker.sh: line 79: 294369 Terminated              bash "$THR_ROOT/bin/heartbeat.sh" "$UNIT"
/iopsstor/scratch/cscs/dthapa/system3_qwem_omni_8_28/omni_thr_fit/bin/worker.sh: line 79: 248755 Terminated              bash "$THR_ROOT/bin/heartbeat.sh" "$UNIT"
/iopsstor/scratch/cscs/dthapa/system3_qwem_omni_8_28/omni_thr_fit/bin/worker.sh: line 79: 294399 Terminated              bash "$THR_ROOT/bin/heartbeat.sh" "$UNIT"
/iopsstor/scratch/cscs/dthapa/system3_qwem_omni_8_28/omni_thr_fit/bin/worker.sh: line 79: 248735 Terminated              bash "$THR_ROOT/bin/heartbeat.sh" "$UNIT"
/iopsstor/scratch/cscs/dthapa/system3_qwem_omni_8_28/omni_thr_fit/bin/worker.sh: line 79: 68171 Terminated              bash "$THR_ROOT/bin/heartbeat.sh" "$UNIT"
/iopsstor/scratch/cscs/dthapa/system3_qwem_omni_8_28/omni_thr_fit/bin/worker.sh: line 79: 33706 Terminated              bash "$THR_ROOT/bin/heartbeat.sh" "$UNIT"
/iopsstor/scratch/cscs/dthapa/system3_qwem_omni_8_28/omni_thr_fit/bin/worker.sh: line 79: 294533 Terminated              bash "$THR_ROOT/bin/heartbeat.sh" "$UNIT"
/iopsstor/scratch/cscs/dthapa/system3_qwem_omni_8_28/omni_thr_fit/bin/worker.sh: line 79: 248911 Terminated              bash "$THR_ROOT/bin/heartbeat.sh" "$UNIT"
/iopsstor/scratch/cscs/dthapa/system3_qwem_omni_8_28/omni_thr_fit/bin/worker.sh: line 79: 33752 Terminated              bash "$THR_ROOT/bin/heartbeat.sh" "$UNIT"
/iopsstor/scratch/cscs/dthapa/system3_qwem_omni_8_28/omni_thr_fit/bin/worker.sh: line 79: 68210 Terminated              bash "$THR_ROOT/bin/heartbeat.sh" "$UNIT"
/iopsstor/scratch/cscs/dthapa/system3_qwem_omni_8_28/omni_thr_fit/bin/worker.sh: line 79: 248928 Terminated              bash "$THR_ROOT/bin/heartbeat.sh" "$UNIT"
/iopsstor/scratch/cscs/dthapa/system3_qwem_omni_8_28/omni_thr_fit/bin/worker.sh: line 79: 294586 Terminated              bash "$THR_ROOT/bin/heartbeat.sh" "$UNIT"
/iopsstor/scratch/cscs/dthapa/system3_qwem_omni_8_28/omni_thr_fit/bin/worker.sh: line 79: 68227 Terminated              bash "$THR_ROOT/bin/heartbeat.sh" "$UNIT"
/iopsstor/scratch/cscs/dthapa/system3_qwem_omni_8_28/omni_thr_fit/bin/worker.sh: line 79: 33766 Terminated              bash "$THR_ROOT/bin/heartbeat.sh" "$UNIT"
/iopsstor/scratch/cscs/dthapa/system3_qwem_omni_8_28/omni_thr_fit/bin/worker.sh: line 79: 248964 Terminated              bash "$THR_ROOT/bin/heartbeat.sh" "$UNIT"
/iopsstor/scratch/cscs/dthapa/system3_qwem_omni_8_28/omni_thr_fit/bin/worker.sh: line 79: 68248 Terminated              bash "$THR_ROOT/bin/heartbeat.sh" "$UNIT"
/iopsstor/scratch/cscs/dthapa/system3_qwem_omni_8_28/omni_thr_fit/bin/worker.sh: line 79: 294610 Terminated              bash "$THR_ROOT/bin/heartbeat.sh" "$UNIT"
/iopsstor/scratch/cscs/dthapa/system3_qwem_omni_8_28/omni_thr_fit/bin/worker.sh: line 79: 33782 Terminated              bash "$THR_ROOT/bin/heartbeat.sh" "$UNIT"
/iopsstor/scratch/cscs/dthapa/system3_qwem_omni_8_28/omni_thr_fit/bin/worker.sh: line 79: 248988 Terminated              bash "$THR_ROOT/bin/heartbeat.sh" "$UNIT"
/iopsstor/scratch/cscs/dthapa/system3_qwem_omni_8_28/omni_thr_fit/bin/worker.sh: line 79: 294626 Terminated              bash "$THR_ROOT/bin/heartbeat.sh" "$UNIT"
/iopsstor/scratch/cscs/dthapa/system3_qwem_omni_8_28/omni_thr_fit/bin/worker.sh: line 79: 68327 Terminated              bash "$THR_ROOT/bin/heartbeat.sh" "$UNIT"
/iopsstor/scratch/cscs/dthapa/system3_qwem_omni_8_28/omni_thr_fit/bin/worker.sh: line 79: 33868 Terminated              bash "$THR_ROOT/bin/heartbeat.sh" "$UNIT"
/iopsstor/scratch/cscs/dthapa/system3_qwem_omni_8_28/omni_thr_fit/bin/worker.sh: line 79: 294708 Terminated              bash "$THR_ROOT/bin/heartbeat.sh" "$UNIT"
/iopsstor/scratch/cscs/dthapa/system3_qwem_omni_8_28/omni_thr_fit/bin/worker.sh: line 79: 249080 Terminated              bash "$THR_ROOT/bin/heartbeat.sh" "$UNIT"
/iopsstor/scratch/cscs/dthapa/system3_qwem_omni_8_28/omni_thr_fit/bin/worker.sh: line 79: 33918 Terminated              bash "$THR_ROOT/bin/heartbeat.sh" "$UNIT"
/iopsstor/scratch/cscs/dthapa/system3_qwem_omni_8_28/omni_thr_fit/bin/worker.sh: line 79: 249101 Terminated              bash "$THR_ROOT/bin/heartbeat.sh" "$UNIT"
/iopsstor/scratch/cscs/dthapa/system3_qwem_omni_8_28/omni_thr_fit/bin/worker.sh: line 79: 68380 Terminated              bash "$THR_ROOT/bin/heartbeat.sh" "$UNIT"
/iopsstor/scratch/cscs/dthapa/system3_qwem_omni_8_28/omni_thr_fit/bin/worker.sh: line 79: 294758 Terminated              bash "$THR_ROOT/bin/heartbeat.sh" "$UNIT"
/iopsstor/scratch/cscs/dthapa/system3_qwem_omni_8_28/omni_thr_fit/bin/worker.sh: line 79: 68404 Terminated              bash "$THR_ROOT/bin/heartbeat.sh" "$UNIT"
/iopsstor/scratch/cscs/dthapa/system3_qwem_omni_8_28/omni_thr_fit/bin/worker.sh: line 79: 33974 Terminated              bash "$THR_ROOT/bin/heartbeat.sh" "$UNIT"
/iopsstor/scratch/cscs/dthapa/system3_qwem_omni_8_28/omni_thr_fit/bin/worker.sh: line 79: 249144 Terminated              bash "$THR_ROOT/bin/heartbeat.sh" "$UNIT"
/iopsstor/scratch/cscs/dthapa/system3_qwem_omni_8_28/omni_thr_fit/bin/worker.sh: line 79: 294793 Terminated              bash "$THR_ROOT/bin/heartbeat.sh" "$UNIT"
/iopsstor/scratch/cscs/dthapa/system3_qwem_omni_8_28/omni_thr_fit/bin/worker.sh: line 79: 249160 Terminated              bash "$THR_ROOT/bin/heartbeat.sh" "$UNIT"
/iopsstor/scratch/cscs/dthapa/system3_qwem_omni_8_28/omni_thr_fit/bin/worker.sh: line 79: 68430 Terminated              bash "$THR_ROOT/bin/heartbeat.sh" "$UNIT"
/iopsstor/scratch/cscs/dthapa/system3_qwem_omni_8_28/omni_thr_fit/bin/worker.sh: line 79: 33988 Terminated              bash "$THR_ROOT/bin/heartbeat.sh" "$UNIT"
/iopsstor/scratch/cscs/dthapa/system3_qwem_omni_8_28/omni_thr_fit/bin/worker.sh: line 79: 294813 Terminated              bash "$THR_ROOT/bin/heartbeat.sh" "$UNIT"
/iopsstor/scratch/cscs/dthapa/system3_qwem_omni_8_28/omni_thr_fit/bin/worker.sh: line 79: 68519 Terminated              bash "$THR_ROOT/bin/heartbeat.sh" "$UNIT"
/iopsstor/scratch/cscs/dthapa/system3_qwem_omni_8_28/omni_thr_fit/bin/worker.sh: line 79: 294885 Terminated              bash "$THR_ROOT/bin/heartbeat.sh" "$UNIT"
/iopsstor/scratch/cscs/dthapa/system3_qwem_omni_8_28/omni_thr_fit/bin/worker.sh: line 79: 34069 Terminated              bash "$THR_ROOT/bin/heartbeat.sh" "$UNIT"
/iopsstor/scratch/cscs/dthapa/system3_qwem_omni_8_28/omni_thr_fit/bin/worker.sh: line 79: 249258 Terminated              bash "$THR_ROOT/bin/heartbeat.sh" "$UNIT"
/iopsstor/scratch/cscs/dthapa/system3_qwem_omni_8_28/omni_thr_fit/bin/worker.sh: line 79: 249286 Terminated              bash "$THR_ROOT/bin/heartbeat.sh" "$UNIT"
/iopsstor/scratch/cscs/dthapa/system3_qwem_omni_8_28/omni_thr_fit/bin/worker.sh: line 79: 34101 Terminated              bash "$THR_ROOT/bin/heartbeat.sh" "$UNIT"
/iopsstor/scratch/cscs/dthapa/system3_qwem_omni_8_28/omni_thr_fit/bin/worker.sh: line 79: 68571 Terminated              bash "$THR_ROOT/bin/heartbeat.sh" "$UNIT"
/iopsstor/scratch/cscs/dthapa/system3_qwem_omni_8_28/omni_thr_fit/bin/worker.sh: line 79:   368 Terminated              bash "$THR_ROOT/bin/heartbeat.sh" "$UNIT"
/iopsstor/scratch/cscs/dthapa/system3_qwem_omni_8_28/omni_thr_fit/bin/worker.sh: line 79: 68592 Terminated              bash "$THR_ROOT/bin/heartbeat.sh" "$UNIT"
/iopsstor/scratch/cscs/dthapa/system3_qwem_omni_8_28/omni_thr_fit/bin/worker.sh: line 79: 249337 Terminated              bash "$THR_ROOT/bin/heartbeat.sh" "$UNIT"
/iopsstor/scratch/cscs/dthapa/system3_qwem_omni_8_28/omni_thr_fit/bin/worker.sh: line 79: 34147 Terminated              bash "$THR_ROOT/bin/heartbeat.sh" "$UNIT"
/iopsstor/scratch/cscs/dthapa/system3_qwem_omni_8_28/omni_thr_fit/bin/worker.sh: line 79: 68632 Terminated              bash "$THR_ROOT/bin/heartbeat.sh" "$UNIT"
/iopsstor/scratch/cscs/dthapa/system3_qwem_omni_8_28/omni_thr_fit/bin/worker.sh: line 79:   479 Terminated              bash "$THR_ROOT/bin/heartbeat.sh" "$UNIT"
/iopsstor/scratch/cscs/dthapa/system3_qwem_omni_8_28/omni_thr_fit/bin/worker.sh: line 79:   619 Terminated              bash "$THR_ROOT/bin/heartbeat.sh" "$UNIT"
/iopsstor/scratch/cscs/dthapa/system3_qwem_omni_8_28/omni_thr_fit/bin/worker.sh: line 79: 249358 Terminated              bash "$THR_ROOT/bin/heartbeat.sh" "$UNIT"
/iopsstor/scratch/cscs/dthapa/system3_qwem_omni_8_28/omni_thr_fit/bin/worker.sh: line 79: 34175 Terminated              bash "$THR_ROOT/bin/heartbeat.sh" "$UNIT"
/iopsstor/scratch/cscs/dthapa/system3_qwem_omni_8_28/omni_thr_fit/bin/worker.sh: line 79: 68691 Terminated              bash "$THR_ROOT/bin/heartbeat.sh" "$UNIT"
/iopsstor/scratch/cscs/dthapa/system3_qwem_omni_8_28/omni_thr_fit/bin/worker.sh: line 79:   851 Terminated              bash "$THR_ROOT/bin/heartbeat.sh" "$UNIT"
/iopsstor/scratch/cscs/dthapa/system3_qwem_omni_8_28/omni_thr_fit/bin/worker.sh: line 79: 34246 Terminated              bash "$THR_ROOT/bin/heartbeat.sh" "$UNIT"
/iopsstor/scratch/cscs/dthapa/system3_qwem_omni_8_28/omni_thr_fit/bin/worker.sh: line 79: 249433 Terminated              bash "$THR_ROOT/bin/heartbeat.sh" "$UNIT"
/iopsstor/scratch/cscs/dthapa/system3_qwem_omni_8_28/omni_thr_fit/bin/worker.sh: line 79: 249457 Terminated              bash "$THR_ROOT/bin/heartbeat.sh" "$UNIT"
/iopsstor/scratch/cscs/dthapa/system3_qwem_omni_8_28/omni_thr_fit/bin/worker.sh: line 79: 34274 Terminated              bash "$THR_ROOT/bin/heartbeat.sh" "$UNIT"
/iopsstor/scratch/cscs/dthapa/system3_qwem_omni_8_28/omni_thr_fit/bin/worker.sh: line 79:  1041 Terminated              bash "$THR_ROOT/bin/heartbeat.sh" "$UNIT"
/iopsstor/scratch/cscs/dthapa/system3_qwem_omni_8_28/omni_thr_fit/bin/worker.sh: line 79: 68745 Terminated              bash "$THR_ROOT/bin/heartbeat.sh" "$UNIT"
/iopsstor/scratch/cscs/dthapa/system3_qwem_omni_8_28/omni_thr_fit/bin/worker.sh: line 79: 68766 Terminated              bash "$THR_ROOT/bin/heartbeat.sh" "$UNIT"
/iopsstor/scratch/cscs/dthapa/system3_qwem_omni_8_28/omni_thr_fit/bin/worker.sh: line 79: 249508 Terminated              bash "$THR_ROOT/bin/heartbeat.sh" "$UNIT"
/iopsstor/scratch/cscs/dthapa/system3_qwem_omni_8_28/omni_thr_fit/bin/worker.sh: line 79: 34321 Terminated              bash "$THR_ROOT/bin/heartbeat.sh" "$UNIT"
/iopsstor/scratch/cscs/dthapa/system3_qwem_omni_8_28/omni_thr_fit/bin/worker.sh: line 79: 68808 Terminated              bash "$THR_ROOT/bin/heartbeat.sh" "$UNIT"
/iopsstor/scratch/cscs/dthapa/system3_qwem_omni_8_28/omni_thr_fit/bin/worker.sh: line 79:  1247 Terminated              bash "$THR_ROOT/bin/heartbeat.sh" "$UNIT"
/iopsstor/scratch/cscs/dthapa/system3_qwem_omni_8_28/omni_thr_fit/bin/worker.sh: line 79: 34358 Terminated              bash "$THR_ROOT/bin/heartbeat.sh" "$UNIT"
/iopsstor/scratch/cscs/dthapa/system3_qwem_omni_8_28/omni_thr_fit/bin/worker.sh: line 79: 249541 Terminated              bash "$THR_ROOT/bin/heartbeat.sh" "$UNIT"
/iopsstor/scratch/cscs/dthapa/system3_qwem_omni_8_28/omni_thr_fit/bin/worker.sh: line 79:  1322 Terminated              bash "$THR_ROOT/bin/heartbeat.sh" "$UNIT"
/iopsstor/scratch/cscs/dthapa/system3_qwem_omni_8_28/omni_thr_fit/bin/worker.sh: line 79: 68861 Terminated              bash "$THR_ROOT/bin/heartbeat.sh" "$UNIT"
/iopsstor/scratch/cscs/dthapa/system3_qwem_omni_8_28/omni_thr_fit/bin/worker.sh: line 79: 34435 Terminated              bash "$THR_ROOT/bin/heartbeat.sh" "$UNIT"
/iopsstor/scratch/cscs/dthapa/system3_qwem_omni_8_28/omni_thr_fit/bin/worker.sh: line 79: 249600 Terminated              bash "$THR_ROOT/bin/heartbeat.sh" "$UNIT"
/iopsstor/scratch/cscs/dthapa/system3_qwem_omni_8_28/omni_thr_fit/bin/worker.sh: line 79:  1513 Terminated              bash "$THR_ROOT/bin/heartbeat.sh" "$UNIT"
/iopsstor/scratch/cscs/dthapa/system3_qwem_omni_8_28/omni_thr_fit/bin/worker.sh: line 79: 249636 Terminated              bash "$THR_ROOT/bin/heartbeat.sh" "$UNIT"
/iopsstor/scratch/cscs/dthapa/system3_qwem_omni_8_28/omni_thr_fit/bin/worker.sh: line 79: 34474 Terminated              bash "$THR_ROOT/bin/heartbeat.sh" "$UNIT"
/iopsstor/scratch/cscs/dthapa/system3_qwem_omni_8_28/omni_thr_fit/bin/worker.sh: line 79: 68924 Terminated              bash "$THR_ROOT/bin/heartbeat.sh" "$UNIT"
/iopsstor/scratch/cscs/dthapa/system3_qwem_omni_8_28/omni_thr_fit/bin/worker.sh: line 79:  1549 Terminated              bash "$THR_ROOT/bin/heartbeat.sh" "$UNIT"
/iopsstor/scratch/cscs/dthapa/system3_qwem_omni_8_28/omni_thr_fit/bin/worker.sh: line 79: 249696 Terminated              bash "$THR_ROOT/bin/heartbeat.sh" "$UNIT"
/iopsstor/scratch/cscs/dthapa/system3_qwem_omni_8_28/omni_thr_fit/bin/worker.sh: line 79: 68965 Terminated              bash "$THR_ROOT/bin/heartbeat.sh" "$UNIT"
/iopsstor/scratch/cscs/dthapa/system3_qwem_omni_8_28/omni_thr_fit/bin/worker.sh: line 79: 34513 Terminated              bash "$THR_ROOT/bin/heartbeat.sh" "$UNIT"
/iopsstor/scratch/cscs/dthapa/system3_qwem_omni_8_28/omni_thr_fit/bin/worker.sh: line 79: 69002 Terminated              bash "$THR_ROOT/bin/heartbeat.sh" "$UNIT"
/iopsstor/scratch/cscs/dthapa/system3_qwem_omni_8_28/omni_thr_fit/bin/worker.sh: line 79:  1610 Terminated              bash "$THR_ROOT/bin/heartbeat.sh" "$UNIT"
/iopsstor/scratch/cscs/dthapa/system3_qwem_omni_8_28/omni_thr_fit/bin/worker.sh: line 79: 249740 Terminated              bash "$THR_ROOT/bin/heartbeat.sh" "$UNIT"
/iopsstor/scratch/cscs/dthapa/system3_qwem_omni_8_28/omni_thr_fit/bin/worker.sh: line 79: 34552 Terminated              bash "$THR_ROOT/bin/heartbeat.sh" "$UNIT"
/iopsstor/scratch/cscs/dthapa/system3_qwem_omni_8_28/omni_thr_fit/bin/worker.sh: line 79:  1650 Terminated              bash "$THR_ROOT/bin/heartbeat.sh" "$UNIT"
/iopsstor/scratch/cscs/dthapa/system3_qwem_omni_8_28/omni_thr_fit/bin/worker.sh: line 79: 69049 Terminated              bash "$THR_ROOT/bin/heartbeat.sh" "$UNIT"
/iopsstor/scratch/cscs/dthapa/system3_qwem_omni_8_28/omni_thr_fit/bin/worker.sh: line 79: 34604 Terminated              bash "$THR_ROOT/bin/heartbeat.sh" "$UNIT"
/iopsstor/scratch/cscs/dthapa/system3_qwem_omni_8_28/omni_thr_fit/bin/worker.sh: line 79: 249794 Terminated              bash "$THR_ROOT/bin/heartbeat.sh" "$UNIT"
/iopsstor/scratch/cscs/dthapa/system3_qwem_omni_8_28/omni_thr_fit/bin/worker.sh: line 79:  1713 Terminated              bash "$THR_ROOT/bin/heartbeat.sh" "$UNIT"
/iopsstor/scratch/cscs/dthapa/system3_qwem_omni_8_28/omni_thr_fit/bin/worker.sh: line 79: 249824 Terminated              bash "$THR_ROOT/bin/heartbeat.sh" "$UNIT"
/iopsstor/scratch/cscs/dthapa/system3_qwem_omni_8_28/omni_thr_fit/bin/worker.sh: line 79: 34646 Terminated              bash "$THR_ROOT/bin/heartbeat.sh" "$UNIT"
/iopsstor/scratch/cscs/dthapa/system3_qwem_omni_8_28/omni_thr_fit/bin/worker.sh: line 79: 69112 Terminated              bash "$THR_ROOT/bin/heartbeat.sh" "$UNIT"
/iopsstor/scratch/cscs/dthapa/system3_qwem_omni_8_28/omni_thr_fit/bin/worker.sh: line 79:  1749 Terminated              bash "$THR_ROOT/bin/heartbeat.sh" "$UNIT"
/iopsstor/scratch/cscs/dthapa/system3_qwem_omni_8_28/omni_thr_fit/bin/worker.sh: line 79: 249867 Terminated              bash "$THR_ROOT/bin/heartbeat.sh" "$UNIT"
/iopsstor/scratch/cscs/dthapa/system3_qwem_omni_8_28/omni_thr_fit/bin/worker.sh: line 79: 69149 Terminated              bash "$THR_ROOT/bin/heartbeat.sh" "$UNIT"
/iopsstor/scratch/cscs/dthapa/system3_qwem_omni_8_28/omni_thr_fit/bin/worker.sh: line 79: 34690 Terminated              bash "$THR_ROOT/bin/heartbeat.sh" "$UNIT"
/iopsstor/scratch/cscs/dthapa/system3_qwem_omni_8_28/omni_thr_fit/bin/worker.sh: line 79: 69184 Terminated              bash "$THR_ROOT/bin/heartbeat.sh" "$UNIT"
/iopsstor/scratch/cscs/dthapa/system3_qwem_omni_8_28/omni_thr_fit/bin/worker.sh: line 79:  1837 Terminated              bash "$THR_ROOT/bin/heartbeat.sh" "$UNIT"
/iopsstor/scratch/cscs/dthapa/system3_qwem_omni_8_28/omni_thr_fit/bin/worker.sh: line 79: 249917 Terminated              bash "$THR_ROOT/bin/heartbeat.sh" "$UNIT"
/iopsstor/scratch/cscs/dthapa/system3_qwem_omni_8_28/omni_thr_fit/bin/worker.sh: line 79: 34736 Terminated              bash "$THR_ROOT/bin/heartbeat.sh" "$UNIT"
/iopsstor/scratch/cscs/dthapa/system3_qwem_omni_8_28/omni_thr_fit/bin/worker.sh: line 79: 69227 Terminated              bash "$THR_ROOT/bin/heartbeat.sh" "$UNIT"
/iopsstor/scratch/cscs/dthapa/system3_qwem_omni_8_28/omni_thr_fit/bin/worker.sh: line 79:  1882 Terminated              bash "$THR_ROOT/bin/heartbeat.sh" "$UNIT"
/iopsstor/scratch/cscs/dthapa/system3_qwem_omni_8_28/omni_thr_fit/bin/worker.sh: line 79: 34779 Terminated              bash "$THR_ROOT/bin/heartbeat.sh" "$UNIT"
/iopsstor/scratch/cscs/dthapa/system3_qwem_omni_8_28/omni_thr_fit/bin/worker.sh: line 79: 249973 Terminated              bash "$THR_ROOT/bin/heartbeat.sh" "$UNIT"
/iopsstor/scratch/cscs/dthapa/system3_qwem_omni_8_28/omni_thr_fit/bin/worker.sh: line 79: 250001 Terminated              bash "$THR_ROOT/bin/heartbeat.sh" "$UNIT"
/iopsstor/scratch/cscs/dthapa/system3_qwem_omni_8_28/omni_thr_fit/bin/worker.sh: line 79:  1980 Terminated              bash "$THR_ROOT/bin/heartbeat.sh" "$UNIT"
/iopsstor/scratch/cscs/dthapa/system3_qwem_omni_8_28/omni_thr_fit/bin/worker.sh: line 79: 34813 Terminated              bash "$THR_ROOT/bin/heartbeat.sh" "$UNIT"
/iopsstor/scratch/cscs/dthapa/system3_qwem_omni_8_28/omni_thr_fit/bin/worker.sh: line 79: 69288 Terminated              bash "$THR_ROOT/bin/heartbeat.sh" "$UNIT"
/iopsstor/scratch/cscs/dthapa/system3_qwem_omni_8_28/omni_thr_fit/bin/worker.sh: line 79:  2026 Terminated              bash "$THR_ROOT/bin/heartbeat.sh" "$UNIT"
/iopsstor/scratch/cscs/dthapa/system3_qwem_omni_8_28/omni_thr_fit/bin/worker.sh: line 79: 250048 Terminated              bash "$THR_ROOT/bin/heartbeat.sh" "$UNIT"
/iopsstor/scratch/cscs/dthapa/system3_qwem_omni_8_28/omni_thr_fit/bin/worker.sh: line 79: 34887 Terminated              bash "$THR_ROOT/bin/heartbeat.sh" "$UNIT"
/iopsstor/scratch/cscs/dthapa/system3_qwem_omni_8_28/omni_thr_fit/bin/worker.sh: line 79: 69327 Terminated              bash "$THR_ROOT/bin/heartbeat.sh" "$UNIT"
/iopsstor/scratch/cscs/dthapa/system3_qwem_omni_8_28/omni_thr_fit/bin/worker.sh: line 79: 250089 Terminated              bash "$THR_ROOT/bin/heartbeat.sh" "$UNIT"
/iopsstor/scratch/cscs/dthapa/system3_qwem_omni_8_28/omni_thr_fit/bin/worker.sh: line 79:  2084 Terminated              bash "$THR_ROOT/bin/heartbeat.sh" "$UNIT"
/iopsstor/scratch/cscs/dthapa/system3_qwem_omni_8_28/omni_thr_fit/bin/worker.sh: line 79: 69363 Terminated              bash "$THR_ROOT/bin/heartbeat.sh" "$UNIT"
/iopsstor/scratch/cscs/dthapa/system3_qwem_omni_8_28/omni_thr_fit/bin/worker.sh: line 79: 34932 Terminated              bash "$THR_ROOT/bin/heartbeat.sh" "$UNIT"
/iopsstor/scratch/cscs/dthapa/system3_qwem_omni_8_28/omni_thr_fit/bin/worker.sh: line 79: 69423 Terminated              bash "$THR_ROOT/bin/heartbeat.sh" "$UNIT"
/iopsstor/scratch/cscs/dthapa/system3_qwem_omni_8_28/omni_thr_fit/bin/worker.sh: line 79:  2128 Terminated              bash "$THR_ROOT/bin/heartbeat.sh" "$UNIT"
/iopsstor/scratch/cscs/dthapa/system3_qwem_omni_8_28/omni_thr_fit/bin/worker.sh: line 79: 34975 Terminated              bash "$THR_ROOT/bin/heartbeat.sh" "$UNIT"
/iopsstor/scratch/cscs/dthapa/system3_qwem_omni_8_28/omni_thr_fit/bin/worker.sh: line 79: 250167 Terminated              bash "$THR_ROOT/bin/heartbeat.sh" "$UNIT"
/iopsstor/scratch/cscs/dthapa/system3_qwem_omni_8_28/omni_thr_fit/bin/worker.sh: line 79: 250194 Terminated              bash "$THR_ROOT/bin/heartbeat.sh" "$UNIT"
/iopsstor/scratch/cscs/dthapa/system3_qwem_omni_8_28/omni_thr_fit/bin/worker.sh: line 79:  2168 Terminated              bash "$THR_ROOT/bin/heartbeat.sh" "$UNIT"
/iopsstor/scratch/cscs/dthapa/system3_qwem_omni_8_28/omni_thr_fit/bin/worker.sh: line 79: 35013 Terminated              bash "$THR_ROOT/bin/heartbeat.sh" "$UNIT"
/iopsstor/scratch/cscs/dthapa/system3_qwem_omni_8_28/omni_thr_fit/bin/worker.sh: line 79: 69500 Terminated              bash "$THR_ROOT/bin/heartbeat.sh" "$UNIT"
/iopsstor/scratch/cscs/dthapa/system3_qwem_omni_8_28/omni_thr_fit/bin/worker.sh: line 79:  2496 Terminated              bash "$THR_ROOT/bin/heartbeat.sh" "$UNIT"
/iopsstor/scratch/cscs/dthapa/system3_qwem_omni_8_28/omni_thr_fit/bin/worker.sh: line 79: 250241 Terminated              bash "$THR_ROOT/bin/heartbeat.sh" "$UNIT"
/iopsstor/scratch/cscs/dthapa/system3_qwem_omni_8_28/omni_thr_fit/bin/worker.sh: line 79: 69543 Terminated              bash "$THR_ROOT/bin/heartbeat.sh" "$UNIT"
/iopsstor/scratch/cscs/dthapa/system3_qwem_omni_8_28/omni_thr_fit/bin/worker.sh: line 79: 35061 Terminated              bash "$THR_ROOT/bin/heartbeat.sh" "$UNIT"
/iopsstor/scratch/cscs/dthapa/system3_qwem_omni_8_28/omni_thr_fit/bin/worker.sh: line 79: 250280 Terminated              bash "$THR_ROOT/bin/heartbeat.sh" "$UNIT"
/iopsstor/scratch/cscs/dthapa/system3_qwem_omni_8_28/omni_thr_fit/bin/worker.sh: line 79:  2575 Terminated              bash "$THR_ROOT/bin/heartbeat.sh" "$UNIT"
/iopsstor/scratch/cscs/dthapa/system3_qwem_omni_8_28/omni_thr_fit/bin/worker.sh: line 79: 69582 Terminated              bash "$THR_ROOT/bin/heartbeat.sh" "$UNIT"
/iopsstor/scratch/cscs/dthapa/system3_qwem_omni_8_28/omni_thr_fit/bin/worker.sh: line 79: 35105 Terminated              bash "$THR_ROOT/bin/heartbeat.sh" "$UNIT"
/iopsstor/scratch/cscs/dthapa/system3_qwem_omni_8_28/omni_thr_fit/bin/worker.sh: line 79: 69611 Terminated              bash "$THR_ROOT/bin/heartbeat.sh" "$UNIT"
/iopsstor/scratch/cscs/dthapa/system3_qwem_omni_8_28/omni_thr_fit/bin/worker.sh: line 79:  2621 Terminated              bash "$THR_ROOT/bin/heartbeat.sh" "$UNIT"
/iopsstor/scratch/cscs/dthapa/system3_qwem_omni_8_28/omni_thr_fit/bin/worker.sh: line 79: 250342 Terminated              bash "$THR_ROOT/bin/heartbeat.sh" "$UNIT"
/iopsstor/scratch/cscs/dthapa/system3_qwem_omni_8_28/omni_thr_fit/bin/worker.sh: line 79: 35148 Terminated              bash "$THR_ROOT/bin/heartbeat.sh" "$UNIT"
/iopsstor/scratch/cscs/dthapa/system3_qwem_omni_8_28/omni_thr_fit/bin/worker.sh: line 79: 250369 Terminated              bash "$THR_ROOT/bin/heartbeat.sh" "$UNIT"
/iopsstor/scratch/cscs/dthapa/system3_qwem_omni_8_28/omni_thr_fit/bin/worker.sh: line 79:  2669 Terminated              bash "$THR_ROOT/bin/heartbeat.sh" "$UNIT"
/iopsstor/scratch/cscs/dthapa/system3_qwem_omni_8_28/omni_thr_fit/bin/worker.sh: line 79: 35191 Terminated              bash "$THR_ROOT/bin/heartbeat.sh" "$UNIT"
/iopsstor/scratch/cscs/dthapa/system3_qwem_omni_8_28/omni_thr_fit/bin/worker.sh: line 79: 69674 Terminated              bash "$THR_ROOT/bin/heartbeat.sh" "$UNIT"
/iopsstor/scratch/cscs/dthapa/system3_qwem_omni_8_28/omni_thr_fit/bin/worker.sh: line 79: 250416 Terminated              bash "$THR_ROOT/bin/heartbeat.sh" "$UNIT"
/iopsstor/scratch/cscs/dthapa/system3_qwem_omni_8_28/omni_thr_fit/bin/worker.sh: line 79:  2730 Terminated              bash "$THR_ROOT/bin/heartbeat.sh" "$UNIT"
/iopsstor/scratch/cscs/dthapa/system3_qwem_omni_8_28/omni_thr_fit/bin/worker.sh: line 79: 69717 Terminated              bash "$THR_ROOT/bin/heartbeat.sh" "$UNIT"
/iopsstor/scratch/cscs/dthapa/system3_qwem_omni_8_28/omni_thr_fit/bin/worker.sh: line 79: 35239 Terminated              bash "$THR_ROOT/bin/heartbeat.sh" "$UNIT"
/iopsstor/scratch/cscs/dthapa/system3_qwem_omni_8_28/omni_thr_fit/bin/worker.sh: line 79: 250454 Terminated              bash "$THR_ROOT/bin/heartbeat.sh" "$UNIT"
/iopsstor/scratch/cscs/dthapa/system3_qwem_omni_8_28/omni_thr_fit/bin/worker.sh: line 79:  2786 Terminated              bash "$THR_ROOT/bin/heartbeat.sh" "$UNIT"
/iopsstor/scratch/cscs/dthapa/system3_qwem_omni_8_28/omni_thr_fit/bin/worker.sh: line 79: 69756 Terminated              bash "$THR_ROOT/bin/heartbeat.sh" "$UNIT"
/iopsstor/scratch/cscs/dthapa/system3_qwem_omni_8_28/omni_thr_fit/bin/worker.sh: line 79: 35283 Terminated              bash "$THR_ROOT/bin/heartbeat.sh" "$UNIT"
/iopsstor/scratch/cscs/dthapa/system3_qwem_omni_8_28/omni_thr_fit/bin/worker.sh: line 79: 69784 Terminated              bash "$THR_ROOT/bin/heartbeat.sh" "$UNIT"
/iopsstor/scratch/cscs/dthapa/system3_qwem_omni_8_28/omni_thr_fit/bin/worker.sh: line 79:  2833 Terminated              bash "$THR_ROOT/bin/heartbeat.sh" "$UNIT"
/iopsstor/scratch/cscs/dthapa/system3_qwem_omni_8_28/omni_thr_fit/bin/worker.sh: line 79: 250514 Terminated              bash "$THR_ROOT/bin/heartbeat.sh" "$UNIT"
/iopsstor/scratch/cscs/dthapa/system3_qwem_omni_8_28/omni_thr_fit/bin/worker.sh: line 79: 35345 Terminated              bash "$THR_ROOT/bin/heartbeat.sh" "$UNIT"
/iopsstor/scratch/cscs/dthapa/system3_qwem_omni_8_28/omni_thr_fit/bin/worker.sh: line 79:  2902 Terminated              bash "$THR_ROOT/bin/heartbeat.sh" "$UNIT"
/iopsstor/scratch/cscs/dthapa/system3_qwem_omni_8_28/omni_thr_fit/bin/worker.sh: line 79: 250544 Terminated              bash "$THR_ROOT/bin/heartbeat.sh" "$UNIT"
/iopsstor/scratch/cscs/dthapa/system3_qwem_omni_8_28/omni_thr_fit/bin/worker.sh: line 79: 35387 Terminated              bash "$THR_ROOT/bin/heartbeat.sh" "$UNIT"
/iopsstor/scratch/cscs/dthapa/system3_qwem_omni_8_28/omni_thr_fit/bin/worker.sh: line 79: 250610 Terminated              bash "$THR_ROOT/bin/heartbeat.sh" "$UNIT"
/iopsstor/scratch/cscs/dthapa/system3_qwem_omni_8_28/omni_thr_fit/bin/worker.sh: line 79: 69862 Terminated              bash "$THR_ROOT/bin/heartbeat.sh" "$UNIT"
/iopsstor/scratch/cscs/dthapa/system3_qwem_omni_8_28/omni_thr_fit/bin/worker.sh: line 79:  2961 Terminated              bash "$THR_ROOT/bin/heartbeat.sh" "$UNIT"
/iopsstor/scratch/cscs/dthapa/system3_qwem_omni_8_28/omni_thr_fit/bin/worker.sh: line 79: 69909 Terminated              bash "$THR_ROOT/bin/heartbeat.sh" "$UNIT"
/iopsstor/scratch/cscs/dthapa/system3_qwem_omni_8_28/omni_thr_fit/bin/worker.sh: line 79: 35431 Terminated              bash "$THR_ROOT/bin/heartbeat.sh" "$UNIT"
/iopsstor/scratch/cscs/dthapa/system3_qwem_omni_8_28/omni_thr_fit/bin/worker.sh: line 79: 250647 Terminated              bash "$THR_ROOT/bin/heartbeat.sh" "$UNIT"
/iopsstor/scratch/cscs/dthapa/system3_qwem_omni_8_28/omni_thr_fit/bin/worker.sh: line 79:  3021 Terminated              bash "$THR_ROOT/bin/heartbeat.sh" "$UNIT"
/iopsstor/scratch/cscs/dthapa/system3_qwem_omni_8_28/omni_thr_fit/bin/worker.sh: line 79: 69950 Terminated              bash "$THR_ROOT/bin/heartbeat.sh" "$UNIT"
/iopsstor/scratch/cscs/dthapa/system3_qwem_omni_8_28/omni_thr_fit/bin/worker.sh: line 79: 35478 Terminated              bash "$THR_ROOT/bin/heartbeat.sh" "$UNIT"
/iopsstor/scratch/cscs/dthapa/system3_qwem_omni_8_28/omni_thr_fit/bin/worker.sh: line 79: 69975 Terminated              bash "$THR_ROOT/bin/heartbeat.sh" "$UNIT"
/iopsstor/scratch/cscs/dthapa/system3_qwem_omni_8_28/omni_thr_fit/bin/worker.sh: line 79:  3098 Terminated              bash "$THR_ROOT/bin/heartbeat.sh" "$UNIT"
/iopsstor/scratch/cscs/dthapa/system3_qwem_omni_8_28/omni_thr_fit/bin/worker.sh: line 79: 250705 Terminated              bash "$THR_ROOT/bin/heartbeat.sh" "$UNIT"
/iopsstor/scratch/cscs/dthapa/system3_qwem_omni_8_28/omni_thr_fit/bin/worker.sh: line 79: 35526 Terminated              bash "$THR_ROOT/bin/heartbeat.sh" "$UNIT"
/iopsstor/scratch/cscs/dthapa/system3_qwem_omni_8_28/omni_thr_fit/bin/worker.sh: line 79:  3193 Terminated              bash "$THR_ROOT/bin/heartbeat.sh" "$UNIT"
/iopsstor/scratch/cscs/dthapa/system3_qwem_omni_8_28/omni_thr_fit/bin/worker.sh: line 79: 35559 Terminated              bash "$THR_ROOT/bin/heartbeat.sh" "$UNIT"
/iopsstor/scratch/cscs/dthapa/system3_qwem_omni_8_28/omni_thr_fit/bin/worker.sh: line 79: 250745 Terminated              bash "$THR_ROOT/bin/heartbeat.sh" "$UNIT"
/iopsstor/scratch/cscs/dthapa/system3_qwem_omni_8_28/omni_thr_fit/bin/worker.sh: line 79: 250781 Terminated              bash "$THR_ROOT/bin/heartbeat.sh" "$UNIT"
/iopsstor/scratch/cscs/dthapa/system3_qwem_omni_8_28/omni_thr_fit/bin/worker.sh: line 79: 70046 Terminated              bash "$THR_ROOT/bin/heartbeat.sh" "$UNIT"
/iopsstor/scratch/cscs/dthapa/system3_qwem_omni_8_28/omni_thr_fit/bin/worker.sh: line 79:  3257 Terminated              bash "$THR_ROOT/bin/heartbeat.sh" "$UNIT"
/iopsstor/scratch/cscs/dthapa/system3_qwem_omni_8_28/omni_thr_fit/bin/worker.sh: line 79: 70084 Terminated              bash "$THR_ROOT/bin/heartbeat.sh" "$UNIT"
/iopsstor/scratch/cscs/dthapa/system3_qwem_omni_8_28/omni_thr_fit/bin/worker.sh: line 79: 35620 Terminated              bash "$THR_ROOT/bin/heartbeat.sh" "$UNIT"
/iopsstor/scratch/cscs/dthapa/system3_qwem_omni_8_28/omni_thr_fit/bin/worker.sh: line 79: 250821 Terminated              bash "$THR_ROOT/bin/heartbeat.sh" "$UNIT"
/iopsstor/scratch/cscs/dthapa/system3_qwem_omni_8_28/omni_thr_fit/bin/worker.sh: line 79:  3337 Terminated              bash "$THR_ROOT/bin/heartbeat.sh" "$UNIT"
/iopsstor/scratch/cscs/dthapa/system3_qwem_omni_8_28/omni_thr_fit/bin/worker.sh: line 79: 70125 Terminated              bash "$THR_ROOT/bin/heartbeat.sh" "$UNIT"
/iopsstor/scratch/cscs/dthapa/system3_qwem_omni_8_28/omni_thr_fit/bin/worker.sh: line 79: 35662 Terminated              bash "$THR_ROOT/bin/heartbeat.sh" "$UNIT"
/iopsstor/scratch/cscs/dthapa/system3_qwem_omni_8_28/omni_thr_fit/bin/worker.sh: line 79: 250879 Terminated              bash "$THR_ROOT/bin/heartbeat.sh" "$UNIT"
/iopsstor/scratch/cscs/dthapa/system3_qwem_omni_8_28/omni_thr_fit/bin/worker.sh: line 79:  3380 Terminated              bash "$THR_ROOT/bin/heartbeat.sh" "$UNIT"
/iopsstor/scratch/cscs/dthapa/system3_qwem_omni_8_28/omni_thr_fit/bin/worker.sh: line 79: 70161 Terminated              bash "$THR_ROOT/bin/heartbeat.sh" "$UNIT"
/iopsstor/scratch/cscs/dthapa/system3_qwem_omni_8_28/omni_thr_fit/bin/worker.sh: line 79: 35713 Terminated              bash "$THR_ROOT/bin/heartbeat.sh" "$UNIT"
/iopsstor/scratch/cscs/dthapa/system3_qwem_omni_8_28/omni_thr_fit/bin/worker.sh: line 79: 250918 Terminated              bash "$THR_ROOT/bin/heartbeat.sh" "$UNIT"
/iopsstor/scratch/cscs/dthapa/system3_qwem_omni_8_28/omni_thr_fit/bin/worker.sh: line 79:  3424 Terminated              bash "$THR_ROOT/bin/heartbeat.sh" "$UNIT"
/iopsstor/scratch/cscs/dthapa/system3_qwem_omni_8_28/omni_thr_fit/bin/worker.sh: line 79: 35729 Terminated              bash "$THR_ROOT/bin/heartbeat.sh" "$UNIT"
/iopsstor/scratch/cscs/dthapa/system3_qwem_omni_8_28/omni_thr_fit/bin/worker.sh: line 79: 70220 Terminated              bash "$THR_ROOT/bin/heartbeat.sh" "$UNIT"
/iopsstor/scratch/cscs/dthapa/system3_qwem_omni_8_28/omni_thr_fit/bin/worker.sh: line 79: 250954 Terminated              bash "$THR_ROOT/bin/heartbeat.sh" "$UNIT"
/iopsstor/scratch/cscs/dthapa/system3_qwem_omni_8_28/omni_thr_fit/bin/worker.sh: line 79:  3462 Terminated              bash "$THR_ROOT/bin/heartbeat.sh" "$UNIT"
/iopsstor/scratch/cscs/dthapa/system3_qwem_omni_8_28/omni_thr_fit/bin/worker.sh: line 79: 70259 Terminated              bash "$THR_ROOT/bin/heartbeat.sh" "$UNIT"
/iopsstor/scratch/cscs/dthapa/system3_qwem_omni_8_28/omni_thr_fit/bin/worker.sh: line 79: 250994 Terminated              bash "$THR_ROOT/bin/heartbeat.sh" "$UNIT"
/iopsstor/scratch/cscs/dthapa/system3_qwem_omni_8_28/omni_thr_fit/bin/worker.sh: line 79: 35829 Terminated              bash "$THR_ROOT/bin/heartbeat.sh" "$UNIT"
/iopsstor/scratch/cscs/dthapa/system3_qwem_omni_8_28/omni_thr_fit/bin/worker.sh: line 79:  3515 Terminated              bash "$THR_ROOT/bin/heartbeat.sh" "$UNIT"
/iopsstor/scratch/cscs/dthapa/system3_qwem_omni_8_28/omni_thr_fit/bin/worker.sh: line 79: 35874 Terminated              bash "$THR_ROOT/bin/heartbeat.sh" "$UNIT"
/iopsstor/scratch/cscs/dthapa/system3_qwem_omni_8_28/omni_thr_fit/bin/worker.sh: line 79: 70320 Terminated              bash "$THR_ROOT/bin/heartbeat.sh" "$UNIT"
/iopsstor/scratch/cscs/dthapa/system3_qwem_omni_8_28/omni_thr_fit/bin/worker.sh: line 79: 70357 Terminated              bash "$THR_ROOT/bin/heartbeat.sh" "$UNIT"
/iopsstor/scratch/cscs/dthapa/system3_qwem_omni_8_28/omni_thr_fit/bin/worker.sh: line 79: 251072 Terminated              bash "$THR_ROOT/bin/heartbeat.sh" "$UNIT"
/iopsstor/scratch/cscs/dthapa/system3_qwem_omni_8_28/omni_thr_fit/bin/worker.sh: line 79:  3559 Terminated              bash "$THR_ROOT/bin/heartbeat.sh" "$UNIT"
/iopsstor/scratch/cscs/dthapa/system3_qwem_omni_8_28/omni_thr_fit/bin/worker.sh: line 79: 35921 Terminated              bash "$THR_ROOT/bin/heartbeat.sh" "$UNIT"
/iopsstor/scratch/cscs/dthapa/system3_qwem_omni_8_28/omni_thr_fit/bin/worker.sh: line 79: 251111 Terminated              bash "$THR_ROOT/bin/heartbeat.sh" "$UNIT"
/iopsstor/scratch/cscs/dthapa/system3_qwem_omni_8_28/omni_thr_fit/bin/worker.sh: line 79: 35942 Terminated              bash "$THR_ROOT/bin/heartbeat.sh" "$UNIT"
/iopsstor/scratch/cscs/dthapa/system3_qwem_omni_8_28/omni_thr_fit/bin/worker.sh: line 79:  3598 Terminated              bash "$THR_ROOT/bin/heartbeat.sh" "$UNIT"
/iopsstor/scratch/cscs/dthapa/system3_qwem_omni_8_28/omni_thr_fit/bin/worker.sh: line 79: 251148 Terminated              bash "$THR_ROOT/bin/heartbeat.sh" "$UNIT"
/iopsstor/scratch/cscs/dthapa/system3_qwem_omni_8_28/omni_thr_fit/bin/worker.sh: line 79: 70411 Terminated              bash "$THR_ROOT/bin/heartbeat.sh" "$UNIT"
/iopsstor/scratch/cscs/dthapa/system3_qwem_omni_8_28/omni_thr_fit/bin/worker.sh: line 79:  3636 Terminated              bash "$THR_ROOT/bin/heartbeat.sh" "$UNIT"
/iopsstor/scratch/cscs/dthapa/system3_qwem_omni_8_28/omni_thr_fit/bin/worker.sh: line 79: 70454 Terminated              bash "$THR_ROOT/bin/heartbeat.sh" "$UNIT"
/iopsstor/scratch/cscs/dthapa/system3_qwem_omni_8_28/omni_thr_fit/bin/worker.sh: line 79: 251207 Terminated              bash "$THR_ROOT/bin/heartbeat.sh" "$UNIT"
/iopsstor/scratch/cscs/dthapa/system3_qwem_omni_8_28/omni_thr_fit/bin/worker.sh: line 79:  3707 Terminated              bash "$THR_ROOT/bin/heartbeat.sh" "$UNIT"
/iopsstor/scratch/cscs/dthapa/system3_qwem_omni_8_28/omni_thr_fit/bin/worker.sh: line 79: 36016 Terminated              bash "$THR_ROOT/bin/heartbeat.sh" "$UNIT"
/iopsstor/scratch/cscs/dthapa/system3_qwem_omni_8_28/omni_thr_fit/bin/worker.sh: line 79: 36040 Terminated              bash "$THR_ROOT/bin/heartbeat.sh" "$UNIT"
/iopsstor/scratch/cscs/dthapa/system3_qwem_omni_8_28/omni_thr_fit/bin/worker.sh: line 79: 70497 Terminated              bash "$THR_ROOT/bin/heartbeat.sh" "$UNIT"
/iopsstor/scratch/cscs/dthapa/system3_qwem_omni_8_28/omni_thr_fit/bin/worker.sh: line 79: 251267 Terminated              bash "$THR_ROOT/bin/heartbeat.sh" "$UNIT"
/iopsstor/scratch/cscs/dthapa/system3_qwem_omni_8_28/omni_thr_fit/bin/worker.sh: line 79: 70527 Terminated              bash "$THR_ROOT/bin/heartbeat.sh" "$UNIT"
/iopsstor/scratch/cscs/dthapa/system3_qwem_omni_8_28/omni_thr_fit/bin/worker.sh: line 79:  3751 Terminated              bash "$THR_ROOT/bin/heartbeat.sh" "$UNIT"
/iopsstor/scratch/cscs/dthapa/system3_qwem_omni_8_28/omni_thr_fit/bin/worker.sh: line 79: 36091 Terminated              bash "$THR_ROOT/bin/heartbeat.sh" "$UNIT"
/iopsstor/scratch/cscs/dthapa/system3_qwem_omni_8_28/omni_thr_fit/bin/worker.sh: line 79: 251305 Terminated              bash "$THR_ROOT/bin/heartbeat.sh" "$UNIT"
/iopsstor/scratch/cscs/dthapa/system3_qwem_omni_8_28/omni_thr_fit/bin/worker.sh: line 79: 36116 Terminated              bash "$THR_ROOT/bin/heartbeat.sh" "$UNIT"
/iopsstor/scratch/cscs/dthapa/system3_qwem_omni_8_28/omni_thr_fit/bin/worker.sh: line 79:  3795 Terminated              bash "$THR_ROOT/bin/heartbeat.sh" "$UNIT"
/iopsstor/scratch/cscs/dthapa/system3_qwem_omni_8_28/omni_thr_fit/bin/worker.sh: line 79: 251341 Terminated              bash "$THR_ROOT/bin/heartbeat.sh" "$UNIT"
/iopsstor/scratch/cscs/dthapa/system3_qwem_omni_8_28/omni_thr_fit/bin/worker.sh: line 79: 70588 Terminated              bash "$THR_ROOT/bin/heartbeat.sh" "$UNIT"
/iopsstor/scratch/cscs/dthapa/system3_qwem_omni_8_28/omni_thr_fit/bin/worker.sh: line 79:  3837 Terminated              bash "$THR_ROOT/bin/heartbeat.sh" "$UNIT"
/iopsstor/scratch/cscs/dthapa/system3_qwem_omni_8_28/omni_thr_fit/bin/worker.sh: line 79: 251383 Terminated              bash "$THR_ROOT/bin/heartbeat.sh" "$UNIT"
/iopsstor/scratch/cscs/dthapa/system3_qwem_omni_8_28/omni_thr_fit/bin/worker.sh: line 79: 70626 Terminated              bash "$THR_ROOT/bin/heartbeat.sh" "$UNIT"
/iopsstor/scratch/cscs/dthapa/system3_qwem_omni_8_28/omni_thr_fit/bin/worker.sh: line 79: 36196 Terminated              bash "$THR_ROOT/bin/heartbeat.sh" "$UNIT"
/iopsstor/scratch/cscs/dthapa/system3_qwem_omni_8_28/omni_thr_fit/bin/worker.sh: line 79:  3891 Terminated              bash "$THR_ROOT/bin/heartbeat.sh" "$UNIT"
/iopsstor/scratch/cscs/dthapa/system3_qwem_omni_8_28/omni_thr_fit/bin/worker.sh: line 79: 36231 Terminated              bash "$THR_ROOT/bin/heartbeat.sh" "$UNIT"
/iopsstor/scratch/cscs/dthapa/system3_qwem_omni_8_28/omni_thr_fit/bin/worker.sh: line 79: 70677 Terminated              bash "$THR_ROOT/bin/heartbeat.sh" "$UNIT"
/iopsstor/scratch/cscs/dthapa/system3_qwem_omni_8_28/omni_thr_fit/bin/worker.sh: line 79: 70698 Terminated              bash "$THR_ROOT/bin/heartbeat.sh" "$UNIT"
/iopsstor/scratch/cscs/dthapa/system3_qwem_omni_8_28/omni_thr_fit/bin/worker.sh: line 79: 251442 Terminated              bash "$THR_ROOT/bin/heartbeat.sh" "$UNIT"
/iopsstor/scratch/cscs/dthapa/system3_qwem_omni_8_28/omni_thr_fit/bin/worker.sh: line 79:  3934 Terminated              bash "$THR_ROOT/bin/heartbeat.sh" "$UNIT"
/iopsstor/scratch/cscs/dthapa/system3_qwem_omni_8_28/omni_thr_fit/bin/worker.sh: line 79: 36283 Terminated              bash "$THR_ROOT/bin/heartbeat.sh" "$UNIT"
/iopsstor/scratch/cscs/dthapa/system3_qwem_omni_8_28/omni_thr_fit/bin/worker.sh: line 79: 251499 Terminated              bash "$THR_ROOT/bin/heartbeat.sh" "$UNIT"
/iopsstor/scratch/cscs/dthapa/system3_qwem_omni_8_28/omni_thr_fit/bin/worker.sh: line 79: 36308 Terminated              bash "$THR_ROOT/bin/heartbeat.sh" "$UNIT"
/iopsstor/scratch/cscs/dthapa/system3_qwem_omni_8_28/omni_thr_fit/bin/worker.sh: line 79:  3981 Terminated              bash "$THR_ROOT/bin/heartbeat.sh" "$UNIT"
/iopsstor/scratch/cscs/dthapa/system3_qwem_omni_8_28/omni_thr_fit/bin/worker.sh: line 79: 251535 Terminated              bash "$THR_ROOT/bin/heartbeat.sh" "$UNIT"
/iopsstor/scratch/cscs/dthapa/system3_qwem_omni_8_28/omni_thr_fit/bin/worker.sh: line 79: 70779 Terminated              bash "$THR_ROOT/bin/heartbeat.sh" "$UNIT"
/iopsstor/scratch/cscs/dthapa/system3_qwem_omni_8_28/omni_thr_fit/bin/worker.sh: line 79:  4020 Terminated              bash "$THR_ROOT/bin/heartbeat.sh" "$UNIT"
/iopsstor/scratch/cscs/dthapa/system3_qwem_omni_8_28/omni_thr_fit/bin/worker.sh: line 79: 251575 Terminated              bash "$THR_ROOT/bin/heartbeat.sh" "$UNIT"
/iopsstor/scratch/cscs/dthapa/system3_qwem_omni_8_28/omni_thr_fit/bin/worker.sh: line 79: 70818 Terminated              bash "$THR_ROOT/bin/heartbeat.sh" "$UNIT"
/iopsstor/scratch/cscs/dthapa/system3_qwem_omni_8_28/omni_thr_fit/bin/worker.sh: line 79: 36388 Terminated              bash "$THR_ROOT/bin/heartbeat.sh" "$UNIT"
/iopsstor/scratch/cscs/dthapa/system3_qwem_omni_8_28/omni_thr_fit/bin/worker.sh: line 79:  4077 Terminated              bash "$THR_ROOT/bin/heartbeat.sh" "$UNIT"
/iopsstor/scratch/cscs/dthapa/system3_qwem_omni_8_28/omni_thr_fit/bin/worker.sh: line 79: 36409 Terminated              bash "$THR_ROOT/bin/heartbeat.sh" "$UNIT"
/iopsstor/scratch/cscs/dthapa/system3_qwem_omni_8_28/omni_thr_fit/bin/worker.sh: line 79: 251635 Terminated              bash "$THR_ROOT/bin/heartbeat.sh" "$UNIT"
/iopsstor/scratch/cscs/dthapa/system3_qwem_omni_8_28/omni_thr_fit/bin/worker.sh: line 79: 70873 Terminated              bash "$THR_ROOT/bin/heartbeat.sh" "$UNIT"
/iopsstor/scratch/cscs/dthapa/system3_qwem_omni_8_28/omni_thr_fit/bin/worker.sh: line 79: 70889 Terminated              bash "$THR_ROOT/bin/heartbeat.sh" "$UNIT"
/iopsstor/scratch/cscs/dthapa/system3_qwem_omni_8_28/omni_thr_fit/bin/worker.sh: line 79: 36456 Terminated              bash "$THR_ROOT/bin/heartbeat.sh" "$UNIT"
/iopsstor/scratch/cscs/dthapa/system3_qwem_omni_8_28/omni_thr_fit/bin/worker.sh: line 79:  4141 Terminated              bash "$THR_ROOT/bin/heartbeat.sh" "$UNIT"
/iopsstor/scratch/cscs/dthapa/system3_qwem_omni_8_28/omni_thr_fit/bin/worker.sh: line 79: 251672 Terminated              bash "$THR_ROOT/bin/heartbeat.sh" "$UNIT"
/iopsstor/scratch/cscs/dthapa/system3_qwem_omni_8_28/omni_thr_fit/bin/worker.sh: line 79: 36481 Terminated              bash "$THR_ROOT/bin/heartbeat.sh" "$UNIT"
/iopsstor/scratch/cscs/dthapa/system3_qwem_omni_8_28/omni_thr_fit/bin/worker.sh: line 79:  4180 Terminated              bash "$THR_ROOT/bin/heartbeat.sh" "$UNIT"
/iopsstor/scratch/cscs/dthapa/system3_qwem_omni_8_28/omni_thr_fit/bin/worker.sh: line 79: 251708 Terminated              bash "$THR_ROOT/bin/heartbeat.sh" "$UNIT"
/iopsstor/scratch/cscs/dthapa/system3_qwem_omni_8_28/omni_thr_fit/bin/worker.sh: line 79: 70953 Terminated              bash "$THR_ROOT/bin/heartbeat.sh" "$UNIT"
/iopsstor/scratch/cscs/dthapa/system3_qwem_omni_8_28/omni_thr_fit/bin/worker.sh: line 79:  4218 Terminated              bash "$THR_ROOT/bin/heartbeat.sh" "$UNIT"
/iopsstor/scratch/cscs/dthapa/system3_qwem_omni_8_28/omni_thr_fit/bin/worker.sh: line 79: 251748 Terminated              bash "$THR_ROOT/bin/heartbeat.sh" "$UNIT"
/iopsstor/scratch/cscs/dthapa/system3_qwem_omni_8_28/omni_thr_fit/bin/worker.sh: line 79: 70990 Terminated              bash "$THR_ROOT/bin/heartbeat.sh" "$UNIT"
/iopsstor/scratch/cscs/dthapa/system3_qwem_omni_8_28/omni_thr_fit/bin/worker.sh: line 79: 36561 Terminated              bash "$THR_ROOT/bin/heartbeat.sh" "$UNIT"
/iopsstor/scratch/cscs/dthapa/system3_qwem_omni_8_28/omni_thr_fit/bin/worker.sh: line 79: 36582 Terminated              bash "$THR_ROOT/bin/heartbeat.sh" "$UNIT"
/iopsstor/scratch/cscs/dthapa/system3_qwem_omni_8_28/omni_thr_fit/bin/worker.sh: line 79:  4271 Terminated              bash "$THR_ROOT/bin/heartbeat.sh" "$UNIT"
/iopsstor/scratch/cscs/dthapa/system3_qwem_omni_8_28/omni_thr_fit/bin/worker.sh: line 79: 251813 Terminated              bash "$THR_ROOT/bin/heartbeat.sh" "$UNIT"
/iopsstor/scratch/cscs/dthapa/system3_qwem_omni_8_28/omni_thr_fit/bin/worker.sh: line 79: 71046 Terminated              bash "$THR_ROOT/bin/heartbeat.sh" "$UNIT"
/iopsstor/scratch/cscs/dthapa/system3_qwem_omni_8_28/omni_thr_fit/bin/worker.sh: line 79: 36625 Terminated              bash "$THR_ROOT/bin/heartbeat.sh" "$UNIT"
/iopsstor/scratch/cscs/dthapa/system3_qwem_omni_8_28/omni_thr_fit/bin/worker.sh: line 79: 71067 Terminated              bash "$THR_ROOT/bin/heartbeat.sh" "$UNIT"
/iopsstor/scratch/cscs/dthapa/system3_qwem_omni_8_28/omni_thr_fit/bin/worker.sh: line 79: 251848 Terminated              bash "$THR_ROOT/bin/heartbeat.sh" "$UNIT"
/iopsstor/scratch/cscs/dthapa/system3_qwem_omni_8_28/omni_thr_fit/bin/worker.sh: line 79:  4314 Terminated              bash "$THR_ROOT/bin/heartbeat.sh" "$UNIT"
/iopsstor/scratch/cscs/dthapa/system3_qwem_omni_8_28/omni_thr_fit/bin/worker.sh: line 79: 36654 Terminated              bash "$THR_ROOT/bin/heartbeat.sh" "$UNIT"
/iopsstor/scratch/cscs/dthapa/system3_qwem_omni_8_28/omni_thr_fit/bin/worker.sh: line 79: 251890 Terminated              bash "$THR_ROOT/bin/heartbeat.sh" "$UNIT"
/iopsstor/scratch/cscs/dthapa/system3_qwem_omni_8_28/omni_thr_fit/bin/worker.sh: line 79:  4359 Terminated              bash "$THR_ROOT/bin/heartbeat.sh" "$UNIT"
/iopsstor/scratch/cscs/dthapa/system3_qwem_omni_8_28/omni_thr_fit/bin/worker.sh: line 79: 71126 Terminated              bash "$THR_ROOT/bin/heartbeat.sh" "$UNIT"
/iopsstor/scratch/cscs/dthapa/system3_qwem_omni_8_28/omni_thr_fit/bin/worker.sh: line 79:  4394 Terminated              bash "$THR_ROOT/bin/heartbeat.sh" "$UNIT"
/iopsstor/scratch/cscs/dthapa/system3_qwem_omni_8_28/omni_thr_fit/bin/worker.sh: line 79: 251927 Terminated              bash "$THR_ROOT/bin/heartbeat.sh" "$UNIT"
/iopsstor/scratch/cscs/dthapa/system3_qwem_omni_8_28/omni_thr_fit/bin/worker.sh: line 79: 71165 Terminated              bash "$THR_ROOT/bin/heartbeat.sh" "$UNIT"
/iopsstor/scratch/cscs/dthapa/system3_qwem_omni_8_28/omni_thr_fit/bin/worker.sh: line 79: 36754 Terminated              bash "$THR_ROOT/bin/heartbeat.sh" "$UNIT"
/iopsstor/scratch/cscs/dthapa/system3_qwem_omni_8_28/omni_thr_fit/bin/worker.sh: line 79: 36778 Terminated              bash "$THR_ROOT/bin/heartbeat.sh" "$UNIT"
/iopsstor/scratch/cscs/dthapa/system3_qwem_omni_8_28/omni_thr_fit/bin/worker.sh: line 79:  4447 Terminated              bash "$THR_ROOT/bin/heartbeat.sh" "$UNIT"
/iopsstor/scratch/cscs/dthapa/system3_qwem_omni_8_28/omni_thr_fit/bin/worker.sh: line 79: 252004 Terminated              bash "$THR_ROOT/bin/heartbeat.sh" "$UNIT"
/iopsstor/scratch/cscs/dthapa/system3_qwem_omni_8_28/omni_thr_fit/bin/worker.sh: line 79: 71238 Terminated              bash "$THR_ROOT/bin/heartbeat.sh" "$UNIT"
/iopsstor/scratch/cscs/dthapa/system3_qwem_omni_8_28/omni_thr_fit/bin/worker.sh: line 79: 36821 Terminated              bash "$THR_ROOT/bin/heartbeat.sh" "$UNIT"
/iopsstor/scratch/cscs/dthapa/system3_qwem_omni_8_28/omni_thr_fit/bin/worker.sh: line 79: 71259 Terminated              bash "$THR_ROOT/bin/heartbeat.sh" "$UNIT"
/iopsstor/scratch/cscs/dthapa/system3_qwem_omni_8_28/omni_thr_fit/bin/worker.sh: line 79:  4491 Terminated              bash "$THR_ROOT/bin/heartbeat.sh" "$UNIT"
/iopsstor/scratch/cscs/dthapa/system3_qwem_omni_8_28/omni_thr_fit/bin/worker.sh: line 79: 252036 Terminated              bash "$THR_ROOT/bin/heartbeat.sh" "$UNIT"
/iopsstor/scratch/cscs/dthapa/system3_qwem_omni_8_28/omni_thr_fit/bin/worker.sh: line 79: 36850 Terminated              bash "$THR_ROOT/bin/heartbeat.sh" "$UNIT"
/iopsstor/scratch/cscs/dthapa/system3_qwem_omni_8_28/omni_thr_fit/bin/worker.sh: line 79: 252083 Terminated              bash "$THR_ROOT/bin/heartbeat.sh" "$UNIT"
/iopsstor/scratch/cscs/dthapa/system3_qwem_omni_8_28/omni_thr_fit/bin/worker.sh: line 79:  4534 Terminated              bash "$THR_ROOT/bin/heartbeat.sh" "$UNIT"
/iopsstor/scratch/cscs/dthapa/system3_qwem_omni_8_28/omni_thr_fit/bin/worker.sh: line 79: 71318 Terminated              bash "$THR_ROOT/bin/heartbeat.sh" "$UNIT"
/iopsstor/scratch/cscs/dthapa/system3_qwem_omni_8_28/omni_thr_fit/bin/worker.sh: line 79:  4596 Terminated              bash "$THR_ROOT/bin/heartbeat.sh" "$UNIT"
/iopsstor/scratch/cscs/dthapa/system3_qwem_omni_8_28/omni_thr_fit/bin/worker.sh: line 79: 252126 Terminated              bash "$THR_ROOT/bin/heartbeat.sh" "$UNIT"
/iopsstor/scratch/cscs/dthapa/system3_qwem_omni_8_28/omni_thr_fit/bin/worker.sh: line 79: 71356 Terminated              bash "$THR_ROOT/bin/heartbeat.sh" "$UNIT"
/iopsstor/scratch/cscs/dthapa/system3_qwem_omni_8_28/omni_thr_fit/bin/worker.sh: line 79: 36926 Terminated              bash "$THR_ROOT/bin/heartbeat.sh" "$UNIT"
/iopsstor/scratch/cscs/dthapa/system3_qwem_omni_8_28/omni_thr_fit/bin/worker.sh: line 79: 36952 Terminated              bash "$THR_ROOT/bin/heartbeat.sh" "$UNIT"
/iopsstor/scratch/cscs/dthapa/system3_qwem_omni_8_28/omni_thr_fit/bin/worker.sh: line 79:  4644 Terminated              bash "$THR_ROOT/bin/heartbeat.sh" "$UNIT"
/iopsstor/scratch/cscs/dthapa/system3_qwem_omni_8_28/omni_thr_fit/bin/worker.sh: line 79: 252174 Terminated              bash "$THR_ROOT/bin/heartbeat.sh" "$UNIT"
/iopsstor/scratch/cscs/dthapa/system3_qwem_omni_8_28/omni_thr_fit/bin/worker.sh: line 79: 71411 Terminated              bash "$THR_ROOT/bin/heartbeat.sh" "$UNIT"
/iopsstor/scratch/cscs/dthapa/system3_qwem_omni_8_28/omni_thr_fit/bin/worker.sh: line 79: 71432 Terminated              bash "$THR_ROOT/bin/heartbeat.sh" "$UNIT"
/iopsstor/scratch/cscs/dthapa/system3_qwem_omni_8_28/omni_thr_fit/bin/worker.sh: line 79: 36994 Terminated              bash "$THR_ROOT/bin/heartbeat.sh" "$UNIT"
/iopsstor/scratch/cscs/dthapa/system3_qwem_omni_8_28/omni_thr_fit/bin/worker.sh: line 79: 37022 Terminated              bash "$THR_ROOT/bin/heartbeat.sh" "$UNIT"
/iopsstor/scratch/cscs/dthapa/system3_qwem_omni_8_28/omni_thr_fit/bin/worker.sh: line 79: 252217 Terminated              bash "$THR_ROOT/bin/heartbeat.sh" "$UNIT"
/iopsstor/scratch/cscs/dthapa/system3_qwem_omni_8_28/omni_thr_fit/bin/worker.sh: line 79:  4687 Terminated              bash "$THR_ROOT/bin/heartbeat.sh" "$UNIT"
/iopsstor/scratch/cscs/dthapa/system3_qwem_omni_8_28/omni_thr_fit/bin/worker.sh: line 79: 252260 Terminated              bash "$THR_ROOT/bin/heartbeat.sh" "$UNIT"
/iopsstor/scratch/cscs/dthapa/system3_qwem_omni_8_28/omni_thr_fit/bin/worker.sh: line 79:  4726 Terminated              bash "$THR_ROOT/bin/heartbeat.sh" "$UNIT"
/iopsstor/scratch/cscs/dthapa/system3_qwem_omni_8_28/omni_thr_fit/bin/worker.sh: line 79: 71497 Terminated              bash "$THR_ROOT/bin/heartbeat.sh" "$UNIT"
/iopsstor/scratch/cscs/dthapa/system3_qwem_omni_8_28/omni_thr_fit/bin/worker.sh: line 79: 252293 Terminated              bash "$THR_ROOT/bin/heartbeat.sh" "$UNIT"
/iopsstor/scratch/cscs/dthapa/system3_qwem_omni_8_28/omni_thr_fit/bin/worker.sh: line 79:  4765 Terminated              bash "$THR_ROOT/bin/heartbeat.sh" "$UNIT"
/iopsstor/scratch/cscs/dthapa/system3_qwem_omni_8_28/omni_thr_fit/bin/worker.sh: line 79: 71535 Terminated              bash "$THR_ROOT/bin/heartbeat.sh" "$UNIT"
/iopsstor/scratch/cscs/dthapa/system3_qwem_omni_8_28/omni_thr_fit/bin/worker.sh: line 79: 37090 Terminated              bash "$THR_ROOT/bin/heartbeat.sh" "$UNIT"
/iopsstor/scratch/cscs/dthapa/system3_qwem_omni_8_28/omni_thr_fit/bin/worker.sh: line 79: 252347 Terminated              bash "$THR_ROOT/bin/heartbeat.sh" "$UNIT"
/iopsstor/scratch/cscs/dthapa/system3_qwem_omni_8_28/omni_thr_fit/bin/worker.sh: line 79: 37158 Terminated              bash "$THR_ROOT/bin/heartbeat.sh" "$UNIT"
/iopsstor/scratch/cscs/dthapa/system3_qwem_omni_8_28/omni_thr_fit/bin/worker.sh: line 79:  4817 Terminated              bash "$THR_ROOT/bin/heartbeat.sh" "$UNIT"
/iopsstor/scratch/cscs/dthapa/system3_qwem_omni_8_28/omni_thr_fit/bin/worker.sh: line 79: 71586 Terminated              bash "$THR_ROOT/bin/heartbeat.sh" "$UNIT"
/iopsstor/scratch/cscs/dthapa/system3_qwem_omni_8_28/omni_thr_fit/bin/worker.sh: line 79: 71607 Terminated              bash "$THR_ROOT/bin/heartbeat.sh" "$UNIT"
/iopsstor/scratch/cscs/dthapa/system3_qwem_omni_8_28/omni_thr_fit/bin/worker.sh: line 79: 37193 Terminated              bash "$THR_ROOT/bin/heartbeat.sh" "$UNIT"
/iopsstor/scratch/cscs/dthapa/system3_qwem_omni_8_28/omni_thr_fit/bin/worker.sh: line 79: 252410 Terminated              bash "$THR_ROOT/bin/heartbeat.sh" "$UNIT"
/iopsstor/scratch/cscs/dthapa/system3_qwem_omni_8_28/omni_thr_fit/bin/worker.sh: line 79:  4862 Terminated              bash "$THR_ROOT/bin/heartbeat.sh" "$UNIT"
/iopsstor/scratch/cscs/dthapa/system3_qwem_omni_8_28/omni_thr_fit/bin/worker.sh: line 79: 37209 Terminated              bash "$THR_ROOT/bin/heartbeat.sh" "$UNIT"
/iopsstor/scratch/cscs/dthapa/system3_qwem_omni_8_28/omni_thr_fit/bin/worker.sh: line 79:  4906 Terminated              bash "$THR_ROOT/bin/heartbeat.sh" "$UNIT"
/iopsstor/scratch/cscs/dthapa/system3_qwem_omni_8_28/omni_thr_fit/bin/worker.sh: line 79: 252453 Terminated              bash "$THR_ROOT/bin/heartbeat.sh" "$UNIT"
/iopsstor/scratch/cscs/dthapa/system3_qwem_omni_8_28/omni_thr_fit/bin/worker.sh: line 79: 71689 Terminated              bash "$THR_ROOT/bin/heartbeat.sh" "$UNIT"
/iopsstor/scratch/cscs/dthapa/system3_qwem_omni_8_28/omni_thr_fit/bin/worker.sh: line 79:  4941 Terminated              bash "$THR_ROOT/bin/heartbeat.sh" "$UNIT"
/iopsstor/scratch/cscs/dthapa/system3_qwem_omni_8_28/omni_thr_fit/bin/worker.sh: line 79: 252487 Terminated              bash "$THR_ROOT/bin/heartbeat.sh" "$UNIT"
/iopsstor/scratch/cscs/dthapa/system3_qwem_omni_8_28/omni_thr_fit/bin/worker.sh: line 79: 71723 Terminated              bash "$THR_ROOT/bin/heartbeat.sh" "$UNIT"
/iopsstor/scratch/cscs/dthapa/system3_qwem_omni_8_28/omni_thr_fit/bin/worker.sh: line 79: 37286 Terminated              bash "$THR_ROOT/bin/heartbeat.sh" "$UNIT"
/iopsstor/scratch/cscs/dthapa/system3_qwem_omni_8_28/omni_thr_fit/bin/worker.sh: line 79:  5012 Terminated              bash "$THR_ROOT/bin/heartbeat.sh" "$UNIT"
/iopsstor/scratch/cscs/dthapa/system3_qwem_omni_8_28/omni_thr_fit/bin/worker.sh: line 79: 252541 Terminated              bash "$THR_ROOT/bin/heartbeat.sh" "$UNIT"
/iopsstor/scratch/cscs/dthapa/system3_qwem_omni_8_28/omni_thr_fit/bin/worker.sh: line 79: 37334 Terminated              bash "$THR_ROOT/bin/heartbeat.sh" "$UNIT"
/iopsstor/scratch/cscs/dthapa/system3_qwem_omni_8_28/omni_thr_fit/bin/worker.sh: line 79: 71779 Terminated              bash "$THR_ROOT/bin/heartbeat.sh" "$UNIT"
/iopsstor/scratch/cscs/dthapa/system3_qwem_omni_8_28/omni_thr_fit/bin/worker.sh: line 79: 71801 Terminated              bash "$THR_ROOT/bin/heartbeat.sh" "$UNIT"
/iopsstor/scratch/cscs/dthapa/system3_qwem_omni_8_28/omni_thr_fit/bin/worker.sh: line 79: 252585 Terminated              bash "$THR_ROOT/bin/heartbeat.sh" "$UNIT"
/iopsstor/scratch/cscs/dthapa/system3_qwem_omni_8_28/omni_thr_fit/bin/worker.sh: line 79: 37373 Terminated              bash "$THR_ROOT/bin/heartbeat.sh" "$UNIT"
/iopsstor/scratch/cscs/dthapa/system3_qwem_omni_8_28/omni_thr_fit/bin/worker.sh: line 79:  5060 Terminated              bash "$THR_ROOT/bin/heartbeat.sh" "$UNIT"
/iopsstor/scratch/cscs/dthapa/system3_qwem_omni_8_28/omni_thr_fit/bin/worker.sh: line 79: 37397 Terminated              bash "$THR_ROOT/bin/heartbeat.sh" "$UNIT"
/iopsstor/scratch/cscs/dthapa/system3_qwem_omni_8_28/omni_thr_fit/bin/worker.sh: line 79:  5104 Terminated              bash "$THR_ROOT/bin/heartbeat.sh" "$UNIT"
/iopsstor/scratch/cscs/dthapa/system3_qwem_omni_8_28/omni_thr_fit/bin/worker.sh: line 79: 71863 Terminated              bash "$THR_ROOT/bin/heartbeat.sh" "$UNIT"
/iopsstor/scratch/cscs/dthapa/system3_qwem_omni_8_28/omni_thr_fit/bin/worker.sh: line 79: 252634 Terminated              bash "$THR_ROOT/bin/heartbeat.sh" "$UNIT"
/iopsstor/scratch/cscs/dthapa/system3_qwem_omni_8_28/omni_thr_fit/bin/worker.sh: line 79:  5143 Terminated              bash "$THR_ROOT/bin/heartbeat.sh" "$UNIT"
/iopsstor/scratch/cscs/dthapa/system3_qwem_omni_8_28/omni_thr_fit/bin/worker.sh: line 79: 71898 Terminated              bash "$THR_ROOT/bin/heartbeat.sh" "$UNIT"
/iopsstor/scratch/cscs/dthapa/system3_qwem_omni_8_28/omni_thr_fit/bin/worker.sh: line 79: 37469 Terminated              bash "$THR_ROOT/bin/heartbeat.sh" "$UNIT"
/iopsstor/scratch/cscs/dthapa/system3_qwem_omni_8_28/omni_thr_fit/bin/worker.sh: line 79: 37517 Terminated              bash "$THR_ROOT/bin/heartbeat.sh" "$UNIT"
/iopsstor/scratch/cscs/dthapa/system3_qwem_omni_8_28/omni_thr_fit/bin/worker.sh: line 79:  5198 Terminated              bash "$THR_ROOT/bin/heartbeat.sh" "$UNIT"
/iopsstor/scratch/cscs/dthapa/system3_qwem_omni_8_28/omni_thr_fit/bin/worker.sh: line 79: 71953 Terminated              bash "$THR_ROOT/bin/heartbeat.sh" "$UNIT"
/iopsstor/scratch/cscs/dthapa/system3_qwem_omni_8_28/omni_thr_fit/bin/worker.sh: line 79: 252725 Terminated              bash "$THR_ROOT/bin/heartbeat.sh" "$UNIT"
/iopsstor/scratch/cscs/dthapa/system3_qwem_omni_8_28/omni_thr_fit/bin/worker.sh: line 79: 252754 Terminated              bash "$THR_ROOT/bin/heartbeat.sh" "$UNIT"
/iopsstor/scratch/cscs/dthapa/system3_qwem_omni_8_28/omni_thr_fit/bin/worker.sh: line 79: 71974 Terminated              bash "$THR_ROOT/bin/heartbeat.sh" "$UNIT"
/iopsstor/scratch/cscs/dthapa/system3_qwem_omni_8_28/omni_thr_fit/bin/worker.sh: line 79: 37542 Terminated              bash "$THR_ROOT/bin/heartbeat.sh" "$UNIT"
/iopsstor/scratch/cscs/dthapa/system3_qwem_omni_8_28/omni_thr_fit/bin/worker.sh: line 79:  5243 Terminated              bash "$THR_ROOT/bin/heartbeat.sh" "$UNIT"
/iopsstor/scratch/cscs/dthapa/system3_qwem_omni_8_28/omni_thr_fit/bin/worker.sh: line 79: 37601 Terminated              bash "$THR_ROOT/bin/heartbeat.sh" "$UNIT"
/iopsstor/scratch/cscs/dthapa/system3_qwem_omni_8_28/omni_thr_fit/bin/worker.sh: line 79: 252814 Terminated              bash "$THR_ROOT/bin/heartbeat.sh" "$UNIT"
/iopsstor/scratch/cscs/dthapa/system3_qwem_omni_8_28/omni_thr_fit/bin/worker.sh: line 79: 72037 Terminated              bash "$THR_ROOT/bin/heartbeat.sh" "$UNIT"
/iopsstor/scratch/cscs/dthapa/system3_qwem_omni_8_28/omni_thr_fit/bin/worker.sh: line 79:  5286 Terminated              bash "$THR_ROOT/bin/heartbeat.sh" "$UNIT"
/iopsstor/scratch/cscs/dthapa/system3_qwem_omni_8_28/omni_thr_fit/bin/worker.sh: line 79: 72094 Terminated              bash "$THR_ROOT/bin/heartbeat.sh" "$UNIT"
/iopsstor/scratch/cscs/dthapa/system3_qwem_omni_8_28/omni_thr_fit/bin/worker.sh: line 79:  5321 Terminated              bash "$THR_ROOT/bin/heartbeat.sh" "$UNIT"
/iopsstor/scratch/cscs/dthapa/system3_qwem_omni_8_28/omni_thr_fit/bin/worker.sh: line 79: 37661 Terminated              bash "$THR_ROOT/bin/heartbeat.sh" "$UNIT"
/iopsstor/scratch/cscs/dthapa/system3_qwem_omni_8_28/omni_thr_fit/bin/worker.sh: line 79: 37705 Terminated              bash "$THR_ROOT/bin/heartbeat.sh" "$UNIT"
/iopsstor/scratch/cscs/dthapa/system3_qwem_omni_8_28/omni_thr_fit/bin/worker.sh: line 79: 253467 Terminated              bash "$THR_ROOT/bin/heartbeat.sh" "$UNIT"
/iopsstor/scratch/cscs/dthapa/system3_qwem_omni_8_28/omni_thr_fit/bin/worker.sh: line 79: 72149 Terminated              bash "$THR_ROOT/bin/heartbeat.sh" "$UNIT"
/iopsstor/scratch/cscs/dthapa/system3_qwem_omni_8_28/omni_thr_fit/bin/worker.sh: line 79:  5373 Terminated              bash "$THR_ROOT/bin/heartbeat.sh" "$UNIT"
/iopsstor/scratch/cscs/dthapa/system3_qwem_omni_8_28/omni_thr_fit/bin/worker.sh: line 79: 253531 Terminated              bash "$THR_ROOT/bin/heartbeat.sh" "$UNIT"
/iopsstor/scratch/cscs/dthapa/system3_qwem_omni_8_28/omni_thr_fit/bin/worker.sh: line 79: 37736 Terminated              bash "$THR_ROOT/bin/heartbeat.sh" "$UNIT"
/iopsstor/scratch/cscs/dthapa/system3_qwem_omni_8_28/omni_thr_fit/bin/worker.sh: line 79: 72165 Terminated              bash "$THR_ROOT/bin/heartbeat.sh" "$UNIT"
/iopsstor/scratch/cscs/dthapa/system3_qwem_omni_8_28/omni_thr_fit/bin/worker.sh: line 79: 37776 Terminated              bash "$THR_ROOT/bin/heartbeat.sh" "$UNIT"
/iopsstor/scratch/cscs/dthapa/system3_qwem_omni_8_28/omni_thr_fit/bin/worker.sh: line 79:  5421 Terminated              bash "$THR_ROOT/bin/heartbeat.sh" "$UNIT"
/iopsstor/scratch/cscs/dthapa/system3_qwem_omni_8_28/omni_thr_fit/bin/worker.sh: line 79: 254083 Terminated              bash "$THR_ROOT/bin/heartbeat.sh" "$UNIT"
/iopsstor/scratch/cscs/dthapa/system3_qwem_omni_8_28/omni_thr_fit/bin/worker.sh: line 79: 72239 Terminated              bash "$THR_ROOT/bin/heartbeat.sh" "$UNIT"
/iopsstor/scratch/cscs/dthapa/system3_qwem_omni_8_28/omni_thr_fit/bin/worker.sh: line 79:  5485 Terminated              bash "$THR_ROOT/bin/heartbeat.sh" "$UNIT"
/iopsstor/scratch/cscs/dthapa/system3_qwem_omni_8_28/omni_thr_fit/bin/worker.sh: line 79: 72277 Terminated              bash "$THR_ROOT/bin/heartbeat.sh" "$UNIT"
/iopsstor/scratch/cscs/dthapa/system3_qwem_omni_8_28/omni_thr_fit/bin/worker.sh: line 79:  5523 Terminated              bash "$THR_ROOT/bin/heartbeat.sh" "$UNIT"
/iopsstor/scratch/cscs/dthapa/system3_qwem_omni_8_28/omni_thr_fit/bin/worker.sh: line 79: 37847 Terminated              bash "$THR_ROOT/bin/heartbeat.sh" "$UNIT"
/iopsstor/scratch/cscs/dthapa/system3_qwem_omni_8_28/omni_thr_fit/bin/worker.sh: line 79: 254918 Terminated              bash "$THR_ROOT/bin/heartbeat.sh" "$UNIT"
/iopsstor/scratch/cscs/dthapa/system3_qwem_omni_8_28/omni_thr_fit/bin/worker.sh: line 79: 37888 Terminated              bash "$THR_ROOT/bin/heartbeat.sh" "$UNIT"
/iopsstor/scratch/cscs/dthapa/system3_qwem_omni_8_28/omni_thr_fit/bin/worker.sh: line 79: 254988 Terminated              bash "$THR_ROOT/bin/heartbeat.sh" "$UNIT"
/iopsstor/scratch/cscs/dthapa/system3_qwem_omni_8_28/omni_thr_fit/bin/worker.sh: line 79: 37914 Terminated              bash "$THR_ROOT/bin/heartbeat.sh" "$UNIT"
/iopsstor/scratch/cscs/dthapa/system3_qwem_omni_8_28/omni_thr_fit/bin/worker.sh: line 79: 72332 Terminated              bash "$THR_ROOT/bin/heartbeat.sh" "$UNIT"
/iopsstor/scratch/cscs/dthapa/system3_qwem_omni_8_28/omni_thr_fit/bin/worker.sh: line 79:  5576 Terminated              bash "$THR_ROOT/bin/heartbeat.sh" "$UNIT"
/iopsstor/scratch/cscs/dthapa/system3_qwem_omni_8_28/omni_thr_fit/bin/worker.sh: line 79: 72354 Terminated              bash "$THR_ROOT/bin/heartbeat.sh" "$UNIT"
/iopsstor/scratch/cscs/dthapa/system3_qwem_omni_8_28/omni_thr_fit/bin/worker.sh: line 79: 255370 Terminated              bash "$THR_ROOT/bin/heartbeat.sh" "$UNIT"
/iopsstor/scratch/cscs/dthapa/system3_qwem_omni_8_28/omni_thr_fit/bin/worker.sh: line 79:  5619 Terminated              bash "$THR_ROOT/bin/heartbeat.sh" "$UNIT"
/iopsstor/scratch/cscs/dthapa/system3_qwem_omni_8_28/omni_thr_fit/bin/worker.sh: line 79: 37954 Terminated              bash "$THR_ROOT/bin/heartbeat.sh" "$UNIT"
/iopsstor/scratch/cscs/dthapa/system3_qwem_omni_8_28/omni_thr_fit/bin/worker.sh: line 79: 72412 Terminated              bash "$THR_ROOT/bin/heartbeat.sh" "$UNIT"
/iopsstor/scratch/cscs/dthapa/system3_qwem_omni_8_28/omni_thr_fit/bin/worker.sh: line 79:  5664 Terminated              bash "$THR_ROOT/bin/heartbeat.sh" "$UNIT"
/iopsstor/scratch/cscs/dthapa/system3_qwem_omni_8_28/omni_thr_fit/bin/worker.sh: line 79: 72454 Terminated              bash "$THR_ROOT/bin/heartbeat.sh" "$UNIT"
/iopsstor/scratch/cscs/dthapa/system3_qwem_omni_8_28/omni_thr_fit/bin/worker.sh: line 79:  5702 Terminated              bash "$THR_ROOT/bin/heartbeat.sh" "$UNIT"
/iopsstor/scratch/cscs/dthapa/system3_qwem_omni_8_28/omni_thr_fit/bin/worker.sh: line 79: 38042 Terminated              bash "$THR_ROOT/bin/heartbeat.sh" "$UNIT"
/iopsstor/scratch/cscs/dthapa/system3_qwem_omni_8_28/omni_thr_fit/bin/worker.sh: line 79: 255475 Terminated              bash "$THR_ROOT/bin/heartbeat.sh" "$UNIT"
/iopsstor/scratch/cscs/dthapa/system3_qwem_omni_8_28/omni_thr_fit/bin/worker.sh: line 79: 38076 Terminated              bash "$THR_ROOT/bin/heartbeat.sh" "$UNIT"
/iopsstor/scratch/cscs/dthapa/system3_qwem_omni_8_28/omni_thr_fit/bin/worker.sh: line 79: 255503 Terminated              bash "$THR_ROOT/bin/heartbeat.sh" "$UNIT"
/iopsstor/scratch/cscs/dthapa/system3_qwem_omni_8_28/omni_thr_fit/bin/worker.sh: line 79: 38105 Terminated              bash "$THR_ROOT/bin/heartbeat.sh" "$UNIT"
/iopsstor/scratch/cscs/dthapa/system3_qwem_omni_8_28/omni_thr_fit/bin/worker.sh: line 79:  5751 Terminated              bash "$THR_ROOT/bin/heartbeat.sh" "$UNIT"
/iopsstor/scratch/cscs/dthapa/system3_qwem_omni_8_28/omni_thr_fit/bin/worker.sh: line 79: 72506 Terminated              bash "$THR_ROOT/bin/heartbeat.sh" "$UNIT"
/iopsstor/scratch/cscs/dthapa/system3_qwem_omni_8_28/omni_thr_fit/bin/worker.sh: line 79: 72526 Terminated              bash "$THR_ROOT/bin/heartbeat.sh" "$UNIT"
/iopsstor/scratch/cscs/dthapa/system3_qwem_omni_8_28/omni_thr_fit/bin/worker.sh: line 79: 255606 Terminated              bash "$THR_ROOT/bin/heartbeat.sh" "$UNIT"
/iopsstor/scratch/cscs/dthapa/system3_qwem_omni_8_28/omni_thr_fit/bin/worker.sh: line 79: 38153 Terminated              bash "$THR_ROOT/bin/heartbeat.sh" "$UNIT"
/iopsstor/scratch/cscs/dthapa/system3_qwem_omni_8_28/omni_thr_fit/bin/worker.sh: line 79:  5798 Terminated              bash "$THR_ROOT/bin/heartbeat.sh" "$UNIT"
/iopsstor/scratch/cscs/dthapa/system3_qwem_omni_8_28/omni_thr_fit/bin/worker.sh: line 79: 72608 Terminated              bash "$THR_ROOT/bin/heartbeat.sh" "$UNIT"
/iopsstor/scratch/cscs/dthapa/system3_qwem_omni_8_28/omni_thr_fit/bin/worker.sh: line 79:  5838 Terminated              bash "$THR_ROOT/bin/heartbeat.sh" "$UNIT"
/iopsstor/scratch/cscs/dthapa/system3_qwem_omni_8_28/omni_thr_fit/bin/worker.sh: line 79: 72644 Terminated              bash "$THR_ROOT/bin/heartbeat.sh" "$UNIT"
/iopsstor/scratch/cscs/dthapa/system3_qwem_omni_8_28/omni_thr_fit/bin/worker.sh: line 79:  5881 Terminated              bash "$THR_ROOT/bin/heartbeat.sh" "$UNIT"
/iopsstor/scratch/cscs/dthapa/system3_qwem_omni_8_28/omni_thr_fit/bin/worker.sh: line 79: 255689 Terminated              bash "$THR_ROOT/bin/heartbeat.sh" "$UNIT"
/iopsstor/scratch/cscs/dthapa/system3_qwem_omni_8_28/omni_thr_fit/bin/worker.sh: line 79: 38226 Terminated              bash "$THR_ROOT/bin/heartbeat.sh" "$UNIT"
/iopsstor/scratch/cscs/dthapa/system3_qwem_omni_8_28/omni_thr_fit/bin/worker.sh: line 79: 255716 Terminated              bash "$THR_ROOT/bin/heartbeat.sh" "$UNIT"
/iopsstor/scratch/cscs/dthapa/system3_qwem_omni_8_28/omni_thr_fit/bin/worker.sh: line 79: 38250 Terminated              bash "$THR_ROOT/bin/heartbeat.sh" "$UNIT"
/iopsstor/scratch/cscs/dthapa/system3_qwem_omni_8_28/omni_thr_fit/bin/worker.sh: line 79: 38279 Terminated              bash "$THR_ROOT/bin/heartbeat.sh" "$UNIT"
/iopsstor/scratch/cscs/dthapa/system3_qwem_omni_8_28/omni_thr_fit/bin/worker.sh: line 79: 72703 Terminated              bash "$THR_ROOT/bin/heartbeat.sh" "$UNIT"
/iopsstor/scratch/cscs/dthapa/system3_qwem_omni_8_28/omni_thr_fit/bin/worker.sh: line 79:  5948 Terminated              bash "$THR_ROOT/bin/heartbeat.sh" "$UNIT"
/iopsstor/scratch/cscs/dthapa/system3_qwem_omni_8_28/omni_thr_fit/bin/worker.sh: line 79: 72720 Terminated              bash "$THR_ROOT/bin/heartbeat.sh" "$UNIT"
/iopsstor/scratch/cscs/dthapa/system3_qwem_omni_8_28/omni_thr_fit/bin/worker.sh: line 79: 255771 Terminated              bash "$THR_ROOT/bin/heartbeat.sh" "$UNIT"
/iopsstor/scratch/cscs/dthapa/system3_qwem_omni_8_28/omni_thr_fit/bin/worker.sh: line 79: 38324 Terminated              bash "$THR_ROOT/bin/heartbeat.sh" "$UNIT"
/iopsstor/scratch/cscs/dthapa/system3_qwem_omni_8_28/omni_thr_fit/bin/worker.sh: line 79:  5992 Terminated              bash "$THR_ROOT/bin/heartbeat.sh" "$UNIT"
/iopsstor/scratch/cscs/dthapa/system3_qwem_omni_8_28/omni_thr_fit/bin/worker.sh: line 79: 72782 Terminated              bash "$THR_ROOT/bin/heartbeat.sh" "$UNIT"
/iopsstor/scratch/cscs/dthapa/system3_qwem_omni_8_28/omni_thr_fit/bin/worker.sh: line 79:  6036 Terminated              bash "$THR_ROOT/bin/heartbeat.sh" "$UNIT"
/iopsstor/scratch/cscs/dthapa/system3_qwem_omni_8_28/omni_thr_fit/bin/worker.sh: line 79: 255873 Terminated              bash "$THR_ROOT/bin/heartbeat.sh" "$UNIT"
/iopsstor/scratch/cscs/dthapa/system3_qwem_omni_8_28/omni_thr_fit/bin/worker.sh: line 79: 72820 Terminated              bash "$THR_ROOT/bin/heartbeat.sh" "$UNIT"
/iopsstor/scratch/cscs/dthapa/system3_qwem_omni_8_28/omni_thr_fit/bin/worker.sh: line 79:  6070 Terminated              bash "$THR_ROOT/bin/heartbeat.sh" "$UNIT"
/iopsstor/scratch/cscs/dthapa/system3_qwem_omni_8_28/omni_thr_fit/bin/worker.sh: line 79: 255894 Terminated              bash "$THR_ROOT/bin/heartbeat.sh" "$UNIT"
/iopsstor/scratch/cscs/dthapa/system3_qwem_omni_8_28/omni_thr_fit/bin/worker.sh: line 79: 38402 Terminated              bash "$THR_ROOT/bin/heartbeat.sh" "$UNIT"
/iopsstor/scratch/cscs/dthapa/system3_qwem_omni_8_28/omni_thr_fit/bin/worker.sh: line 79: 38426 Terminated              bash "$THR_ROOT/bin/heartbeat.sh" "$UNIT"
/iopsstor/scratch/cscs/dthapa/system3_qwem_omni_8_28/omni_thr_fit/bin/worker.sh: line 79: 38451 Terminated              bash "$THR_ROOT/bin/heartbeat.sh" "$UNIT"
/iopsstor/scratch/cscs/dthapa/system3_qwem_omni_8_28/omni_thr_fit/bin/worker.sh: line 79: 72876 Terminated              bash "$THR_ROOT/bin/heartbeat.sh" "$UNIT"
/iopsstor/scratch/cscs/dthapa/system3_qwem_omni_8_28/omni_thr_fit/bin/worker.sh: line 79:  6122 Terminated              bash "$THR_ROOT/bin/heartbeat.sh" "$UNIT"
/iopsstor/scratch/cscs/dthapa/system3_qwem_omni_8_28/omni_thr_fit/bin/worker.sh: line 79: 255991 Terminated              bash "$THR_ROOT/bin/heartbeat.sh" "$UNIT"
/iopsstor/scratch/cscs/dthapa/system3_qwem_omni_8_28/omni_thr_fit/bin/worker.sh: line 79: 72897 Terminated              bash "$THR_ROOT/bin/heartbeat.sh" "$UNIT"
/iopsstor/scratch/cscs/dthapa/system3_qwem_omni_8_28/omni_thr_fit/bin/worker.sh: line 79: 38516 Terminated              bash "$THR_ROOT/bin/heartbeat.sh" "$UNIT"
/iopsstor/scratch/cscs/dthapa/system3_qwem_omni_8_28/omni_thr_fit/bin/worker.sh: line 79:  6165 Terminated              bash "$THR_ROOT/bin/heartbeat.sh" "$UNIT"
/iopsstor/scratch/cscs/dthapa/system3_qwem_omni_8_28/omni_thr_fit/bin/worker.sh: line 79: 72955 Terminated              bash "$THR_ROOT/bin/heartbeat.sh" "$UNIT"
/iopsstor/scratch/cscs/dthapa/system3_qwem_omni_8_28/omni_thr_fit/bin/worker.sh: line 79:  6209 Terminated              bash "$THR_ROOT/bin/heartbeat.sh" "$UNIT"
/iopsstor/scratch/cscs/dthapa/system3_qwem_omni_8_28/omni_thr_fit/bin/worker.sh: line 79: 256111 Terminated              bash "$THR_ROOT/bin/heartbeat.sh" "$UNIT"
/iopsstor/scratch/cscs/dthapa/system3_qwem_omni_8_28/omni_thr_fit/bin/worker.sh: line 79: 256132 Terminated              bash "$THR_ROOT/bin/heartbeat.sh" "$UNIT"
/iopsstor/scratch/cscs/dthapa/system3_qwem_omni_8_28/omni_thr_fit/bin/worker.sh: line 79: 73011 Terminated              bash "$THR_ROOT/bin/heartbeat.sh" "$UNIT"
/iopsstor/scratch/cscs/dthapa/system3_qwem_omni_8_28/omni_thr_fit/bin/worker.sh: line 79: 38596 Terminated              bash "$THR_ROOT/bin/heartbeat.sh" "$UNIT"
/iopsstor/scratch/cscs/dthapa/system3_qwem_omni_8_28/omni_thr_fit/bin/worker.sh: line 79:  6242 Terminated              bash "$THR_ROOT/bin/heartbeat.sh" "$UNIT"
/iopsstor/scratch/cscs/dthapa/system3_qwem_omni_8_28/omni_thr_fit/bin/worker.sh: line 79: 38617 Terminated              bash "$THR_ROOT/bin/heartbeat.sh" "$UNIT"
/iopsstor/scratch/cscs/dthapa/system3_qwem_omni_8_28/omni_thr_fit/bin/worker.sh: line 79: 38645 Terminated              bash "$THR_ROOT/bin/heartbeat.sh" "$UNIT"
/iopsstor/scratch/cscs/dthapa/system3_qwem_omni_8_28/omni_thr_fit/bin/worker.sh: line 79: 256222 Terminated              bash "$THR_ROOT/bin/heartbeat.sh" "$UNIT"
/iopsstor/scratch/cscs/dthapa/system3_qwem_omni_8_28/omni_thr_fit/bin/worker.sh: line 79: 73067 Terminated              bash "$THR_ROOT/bin/heartbeat.sh" "$UNIT"
/iopsstor/scratch/cscs/dthapa/system3_qwem_omni_8_28/omni_thr_fit/bin/worker.sh: line 79:  6295 Terminated              bash "$THR_ROOT/bin/heartbeat.sh" "$UNIT"
/iopsstor/scratch/cscs/dthapa/system3_qwem_omni_8_28/omni_thr_fit/bin/worker.sh: line 79: 73088 Terminated              bash "$THR_ROOT/bin/heartbeat.sh" "$UNIT"
/iopsstor/scratch/cscs/dthapa/system3_qwem_omni_8_28/omni_thr_fit/bin/worker.sh: line 79: 38694 Terminated              bash "$THR_ROOT/bin/heartbeat.sh" "$UNIT"
/iopsstor/scratch/cscs/dthapa/system3_qwem_omni_8_28/omni_thr_fit/bin/worker.sh: line 79:  6361 Terminated              bash "$THR_ROOT/bin/heartbeat.sh" "$UNIT"
/iopsstor/scratch/cscs/dthapa/system3_qwem_omni_8_28/omni_thr_fit/bin/worker.sh: line 79: 73150 Terminated              bash "$THR_ROOT/bin/heartbeat.sh" "$UNIT"
/iopsstor/scratch/cscs/dthapa/system3_qwem_omni_8_28/omni_thr_fit/bin/worker.sh: line 79: 256355 Terminated              bash "$THR_ROOT/bin/heartbeat.sh" "$UNIT"
/iopsstor/scratch/cscs/dthapa/system3_qwem_omni_8_28/omni_thr_fit/bin/worker.sh: line 79:  6401 Terminated              bash "$THR_ROOT/bin/heartbeat.sh" "$UNIT"
/iopsstor/scratch/cscs/dthapa/system3_qwem_omni_8_28/omni_thr_fit/bin/worker.sh: line 79: 256389 Terminated              bash "$THR_ROOT/bin/heartbeat.sh" "$UNIT"
/iopsstor/scratch/cscs/dthapa/system3_qwem_omni_8_28/omni_thr_fit/bin/worker.sh: line 79: 73184 Terminated              bash "$THR_ROOT/bin/heartbeat.sh" "$UNIT"
/iopsstor/scratch/cscs/dthapa/system3_qwem_omni_8_28/omni_thr_fit/bin/worker.sh: line 79: 38771 Terminated              bash "$THR_ROOT/bin/heartbeat.sh" "$UNIT"
/iopsstor/scratch/cscs/dthapa/system3_qwem_omni_8_28/omni_thr_fit/bin/worker.sh: line 79: 38791 Terminated              bash "$THR_ROOT/bin/heartbeat.sh" "$UNIT"
/iopsstor/scratch/cscs/dthapa/system3_qwem_omni_8_28/omni_thr_fit/bin/worker.sh: line 79:  6439 Terminated              bash "$THR_ROOT/bin/heartbeat.sh" "$UNIT"
/iopsstor/scratch/cscs/dthapa/system3_qwem_omni_8_28/omni_thr_fit/bin/worker.sh: line 79: 256474 Terminated              bash "$THR_ROOT/bin/heartbeat.sh" "$UNIT"
/iopsstor/scratch/cscs/dthapa/system3_qwem_omni_8_28/omni_thr_fit/bin/worker.sh: line 79: 38829 Terminated              bash "$THR_ROOT/bin/heartbeat.sh" "$UNIT"
/iopsstor/scratch/cscs/dthapa/system3_qwem_omni_8_28/omni_thr_fit/bin/worker.sh: line 79: 73241 Terminated              bash "$THR_ROOT/bin/heartbeat.sh" "$UNIT"
/iopsstor/scratch/cscs/dthapa/system3_qwem_omni_8_28/omni_thr_fit/bin/worker.sh: line 79: 73262 Terminated              bash "$THR_ROOT/bin/heartbeat.sh" "$UNIT"
/iopsstor/scratch/cscs/dthapa/system3_qwem_omni_8_28/omni_thr_fit/bin/worker.sh: line 79:  6491 Terminated              bash "$THR_ROOT/bin/heartbeat.sh" "$UNIT"
/iopsstor/scratch/cscs/dthapa/system3_qwem_omni_8_28/omni_thr_fit/bin/worker.sh: line 79: 38867 Terminated              bash "$THR_ROOT/bin/heartbeat.sh" "$UNIT"
/iopsstor/scratch/cscs/dthapa/system3_qwem_omni_8_28/omni_thr_fit/bin/worker.sh: line 79:  6535 Terminated              bash "$THR_ROOT/bin/heartbeat.sh" "$UNIT"
/iopsstor/scratch/cscs/dthapa/system3_qwem_omni_8_28/omni_thr_fit/bin/worker.sh: line 79: 73324 Terminated              bash "$THR_ROOT/bin/heartbeat.sh" "$UNIT"
/iopsstor/scratch/cscs/dthapa/system3_qwem_omni_8_28/omni_thr_fit/bin/worker.sh: line 79: 256612 Terminated              bash "$THR_ROOT/bin/heartbeat.sh" "$UNIT"
/iopsstor/scratch/cscs/dthapa/system3_qwem_omni_8_28/omni_thr_fit/bin/worker.sh: line 79: 256633 Terminated              bash "$THR_ROOT/bin/heartbeat.sh" "$UNIT"
/iopsstor/scratch/cscs/dthapa/system3_qwem_omni_8_28/omni_thr_fit/bin/worker.sh: line 79:  6578 Terminated              bash "$THR_ROOT/bin/heartbeat.sh" "$UNIT"
/iopsstor/scratch/cscs/dthapa/system3_qwem_omni_8_28/omni_thr_fit/bin/worker.sh: line 79: 73358 Terminated              bash "$THR_ROOT/bin/heartbeat.sh" "$UNIT"
/iopsstor/scratch/cscs/dthapa/system3_qwem_omni_8_28/omni_thr_fit/bin/worker.sh: line 79: 38963 Terminated              bash "$THR_ROOT/bin/heartbeat.sh" "$UNIT"
/iopsstor/scratch/cscs/dthapa/system3_qwem_omni_8_28/omni_thr_fit/bin/worker.sh: line 79: 38980 Terminated              bash "$THR_ROOT/bin/heartbeat.sh" "$UNIT"
/iopsstor/scratch/cscs/dthapa/system3_qwem_omni_8_28/omni_thr_fit/bin/worker.sh: line 79:  6616 Terminated              bash "$THR_ROOT/bin/heartbeat.sh" "$UNIT"
/iopsstor/scratch/cscs/dthapa/system3_qwem_omni_8_28/omni_thr_fit/bin/worker.sh: line 79: 256735 Terminated              bash "$THR_ROOT/bin/heartbeat.sh" "$UNIT"
/iopsstor/scratch/cscs/dthapa/system3_qwem_omni_8_28/omni_thr_fit/bin/worker.sh: line 79: 73414 Terminated              bash "$THR_ROOT/bin/heartbeat.sh" "$UNIT"
/iopsstor/scratch/cscs/dthapa/system3_qwem_omni_8_28/omni_thr_fit/bin/worker.sh: line 79: 39027 Terminated              bash "$THR_ROOT/bin/heartbeat.sh" "$UNIT"
/iopsstor/scratch/cscs/dthapa/system3_qwem_omni_8_28/omni_thr_fit/bin/worker.sh: line 79: 73453 Terminated              bash "$THR_ROOT/bin/heartbeat.sh" "$UNIT"
/iopsstor/scratch/cscs/dthapa/system3_qwem_omni_8_28/omni_thr_fit/bin/worker.sh: line 79:  6664 Terminated              bash "$THR_ROOT/bin/heartbeat.sh" "$UNIT"
/iopsstor/scratch/cscs/dthapa/system3_qwem_omni_8_28/omni_thr_fit/bin/worker.sh: line 79: 39064 Terminated              bash "$THR_ROOT/bin/heartbeat.sh" "$UNIT"
/iopsstor/scratch/cscs/dthapa/system3_qwem_omni_8_28/omni_thr_fit/bin/worker.sh: line 79:  6713 Terminated              bash "$THR_ROOT/bin/heartbeat.sh" "$UNIT"
/iopsstor/scratch/cscs/dthapa/system3_qwem_omni_8_28/omni_thr_fit/bin/worker.sh: line 79: 256861 Terminated              bash "$THR_ROOT/bin/heartbeat.sh" "$UNIT"
/iopsstor/scratch/cscs/dthapa/system3_qwem_omni_8_28/omni_thr_fit/bin/worker.sh: line 79: 73515 Terminated              bash "$THR_ROOT/bin/heartbeat.sh" "$UNIT"
/iopsstor/scratch/cscs/dthapa/system3_qwem_omni_8_28/omni_thr_fit/bin/worker.sh: line 79: 256882 Terminated              bash "$THR_ROOT/bin/heartbeat.sh" "$UNIT"
/iopsstor/scratch/cscs/dthapa/system3_qwem_omni_8_28/omni_thr_fit/bin/worker.sh: line 79:  6752 Terminated              bash "$THR_ROOT/bin/heartbeat.sh" "$UNIT"
/iopsstor/scratch/cscs/dthapa/system3_qwem_omni_8_28/omni_thr_fit/bin/worker.sh: line 79: 73553 Terminated              bash "$THR_ROOT/bin/heartbeat.sh" "$UNIT"
/iopsstor/scratch/cscs/dthapa/system3_qwem_omni_8_28/omni_thr_fit/bin/worker.sh: line 79: 39137 Terminated              bash "$THR_ROOT/bin/heartbeat.sh" "$UNIT"
/iopsstor/scratch/cscs/dthapa/system3_qwem_omni_8_28/omni_thr_fit/bin/worker.sh: line 79:  6812 Terminated              bash "$THR_ROOT/bin/heartbeat.sh" "$UNIT"
/iopsstor/scratch/cscs/dthapa/system3_qwem_omni_8_28/omni_thr_fit/bin/worker.sh: line 79: 39153 Terminated              bash "$THR_ROOT/bin/heartbeat.sh" "$UNIT"
/iopsstor/scratch/cscs/dthapa/system3_qwem_omni_8_28/omni_thr_fit/bin/worker.sh: line 79: 256979 Terminated              bash "$THR_ROOT/bin/heartbeat.sh" "$UNIT"
/iopsstor/scratch/cscs/dthapa/system3_qwem_omni_8_28/omni_thr_fit/bin/worker.sh: line 79: 73605 Terminated              bash "$THR_ROOT/bin/heartbeat.sh" "$UNIT"
/iopsstor/scratch/cscs/dthapa/system3_qwem_omni_8_28/omni_thr_fit/bin/worker.sh: line 79: 73626 Terminated              bash "$THR_ROOT/bin/heartbeat.sh" "$UNIT"
/iopsstor/scratch/cscs/dthapa/system3_qwem_omni_8_28/omni_thr_fit/bin/worker.sh: line 79: 39201 Terminated              bash "$THR_ROOT/bin/heartbeat.sh" "$UNIT"
/iopsstor/scratch/cscs/dthapa/system3_qwem_omni_8_28/omni_thr_fit/bin/worker.sh: line 79:  6864 Terminated              bash "$THR_ROOT/bin/heartbeat.sh" "$UNIT"
/iopsstor/scratch/cscs/dthapa/system3_qwem_omni_8_28/omni_thr_fit/bin/worker.sh: line 79: 39237 Terminated              bash "$THR_ROOT/bin/heartbeat.sh" "$UNIT"
/iopsstor/scratch/cscs/dthapa/system3_qwem_omni_8_28/omni_thr_fit/bin/worker.sh: line 79: 257125 Terminated              bash "$THR_ROOT/bin/heartbeat.sh" "$UNIT"
/iopsstor/scratch/cscs/dthapa/system3_qwem_omni_8_28/omni_thr_fit/bin/worker.sh: line 79: 257142 Terminated              bash "$THR_ROOT/bin/heartbeat.sh" "$UNIT"
/iopsstor/scratch/cscs/dthapa/system3_qwem_omni_8_28/omni_thr_fit/bin/worker.sh: line 79:  6908 Terminated              bash "$THR_ROOT/bin/heartbeat.sh" "$UNIT"
/iopsstor/scratch/cscs/dthapa/system3_qwem_omni_8_28/omni_thr_fit/bin/worker.sh: line 79: 73688 Terminated              bash "$THR_ROOT/bin/heartbeat.sh" "$UNIT"
/iopsstor/scratch/cscs/dthapa/system3_qwem_omni_8_28/omni_thr_fit/bin/worker.sh: line 79:  6947 Terminated              bash "$THR_ROOT/bin/heartbeat.sh" "$UNIT"
/iopsstor/scratch/cscs/dthapa/system3_qwem_omni_8_28/omni_thr_fit/bin/worker.sh: line 79: 73726 Terminated              bash "$THR_ROOT/bin/heartbeat.sh" "$UNIT"
/iopsstor/scratch/cscs/dthapa/system3_qwem_omni_8_28/omni_thr_fit/bin/worker.sh: line 79: 257224 Terminated              bash "$THR_ROOT/bin/heartbeat.sh" "$UNIT"
/iopsstor/scratch/cscs/dthapa/system3_qwem_omni_8_28/omni_thr_fit/bin/worker.sh: line 79: 39314 Terminated              bash "$THR_ROOT/bin/heartbeat.sh" "$UNIT"
/iopsstor/scratch/cscs/dthapa/system3_qwem_omni_8_28/omni_thr_fit/bin/worker.sh: line 79:  6985 Terminated              bash "$THR_ROOT/bin/heartbeat.sh" "$UNIT"
/iopsstor/scratch/cscs/dthapa/system3_qwem_omni_8_28/omni_thr_fit/bin/worker.sh: line 79: 39330 Terminated              bash "$THR_ROOT/bin/heartbeat.sh" "$UNIT"
/iopsstor/scratch/cscs/dthapa/system3_qwem_omni_8_28/omni_thr_fit/bin/worker.sh: line 79: 252674 Terminated              bash "$THR_ROOT/bin/heartbeat.sh" "$UNIT"
/iopsstor/scratch/cscs/dthapa/system3_qwem_omni_8_28/omni_thr_fit/bin/worker.sh: line 79: 262045 Terminated              bash "$THR_ROOT/bin/heartbeat.sh" "$UNIT"
/iopsstor/scratch/cscs/dthapa/system3_qwem_omni_8_28/omni_thr_fit/bin/worker.sh: line 79: 262270 Terminated              bash "$THR_ROOT/bin/heartbeat.sh" "$UNIT"
/iopsstor/scratch/cscs/dthapa/system3_qwem_omni_8_28/omni_thr_fit/bin/worker.sh: line 79: 262499 Terminated              bash "$THR_ROOT/bin/heartbeat.sh" "$UNIT"
/iopsstor/scratch/cscs/dthapa/system3_qwem_omni_8_28/omni_thr_fit/bin/worker.sh: line 79: 262691 Terminated              bash "$THR_ROOT/bin/heartbeat.sh" "$UNIT"
/iopsstor/scratch/cscs/dthapa/system3_qwem_omni_8_28/omni_thr_fit/bin/worker.sh: line 79: 262918 Terminated              bash "$THR_ROOT/bin/heartbeat.sh" "$UNIT"
/iopsstor/scratch/cscs/dthapa/system3_qwem_omni_8_28/omni_thr_fit/bin/worker.sh: line 79: 263224 Terminated              bash "$THR_ROOT/bin/heartbeat.sh" "$UNIT"
/iopsstor/scratch/cscs/dthapa/system3_qwem_omni_8_28/omni_thr_fit/bin/worker.sh: line 79: 263540 Terminated              bash "$THR_ROOT/bin/heartbeat.sh" "$UNIT"
/iopsstor/scratch/cscs/dthapa/system3_qwem_omni_8_28/omni_thr_fit/bin/worker.sh: line 79: 263950 Terminated              bash "$THR_ROOT/bin/heartbeat.sh" "$UNIT"
/iopsstor/scratch/cscs/dthapa/system3_qwem_omni_8_28/omni_thr_fit/bin/worker.sh: line 79: 39533 Terminated              bash "$THR_ROOT/bin/heartbeat.sh" "$UNIT"
/iopsstor/scratch/cscs/dthapa/system3_qwem_omni_8_28/omni_thr_fit/bin/worker.sh: line 79: 265376 Terminated              bash "$THR_ROOT/bin/heartbeat.sh" "$UNIT"
/iopsstor/scratch/cscs/dthapa/system3_qwem_omni_8_28/omni_thr_fit/bin/worker.sh: line 79: 47933 Terminated              bash "$THR_ROOT/bin/heartbeat.sh" "$UNIT"
/iopsstor/scratch/cscs/dthapa/system3_qwem_omni_8_28/omni_thr_fit/bin/worker.sh: line 79: 267144 Terminated              bash "$THR_ROOT/bin/heartbeat.sh" "$UNIT"
/iopsstor/scratch/cscs/dthapa/system3_qwem_omni_8_28/omni_thr_fit/bin/worker.sh: line 79: 50131 Terminated              bash "$THR_ROOT/bin/heartbeat.sh" "$UNIT"
/iopsstor/scratch/cscs/dthapa/system3_qwem_omni_8_28/omni_thr_fit/bin/worker.sh: line 79: 268521 Terminated              bash "$THR_ROOT/bin/heartbeat.sh" "$UNIT"
/iopsstor/scratch/cscs/dthapa/system3_qwem_omni_8_28/omni_thr_fit/bin/worker.sh: line 79: 52462 Terminated              bash "$THR_ROOT/bin/heartbeat.sh" "$UNIT"
/iopsstor/scratch/cscs/dthapa/system3_qwem_omni_8_28/omni_thr_fit/bin/worker.sh: line 79: 269507 Terminated              bash "$THR_ROOT/bin/heartbeat.sh" "$UNIT"
/iopsstor/scratch/cscs/dthapa/system3_qwem_omni_8_28/omni_thr_fit/bin/worker.sh: line 79: 52720 Terminated              bash "$THR_ROOT/bin/heartbeat.sh" "$UNIT"
/iopsstor/scratch/cscs/dthapa/system3_qwem_omni_8_28/omni_thr_fit/bin/worker.sh: line 79: 269994 Terminated              bash "$THR_ROOT/bin/heartbeat.sh" "$UNIT"
/iopsstor/scratch/cscs/dthapa/system3_qwem_omni_8_28/omni_thr_fit/bin/worker.sh: line 79: 52899 Terminated              bash "$THR_ROOT/bin/heartbeat.sh" "$UNIT"
/iopsstor/scratch/cscs/dthapa/system3_qwem_omni_8_28/omni_thr_fit/bin/worker.sh: line 79: 271262 Terminated              bash "$THR_ROOT/bin/heartbeat.sh" "$UNIT"
/iopsstor/scratch/cscs/dthapa/system3_qwem_omni_8_28/omni_thr_fit/bin/worker.sh: line 79: 53104 Terminated              bash "$THR_ROOT/bin/heartbeat.sh" "$UNIT"
/iopsstor/scratch/cscs/dthapa/system3_qwem_omni_8_28/omni_thr_fit/bin/worker.sh: line 79: 272557 Terminated              bash "$THR_ROOT/bin/heartbeat.sh" "$UNIT"
/iopsstor/scratch/cscs/dthapa/system3_qwem_omni_8_28/omni_thr_fit/bin/worker.sh: line 79: 53297 Terminated              bash "$THR_ROOT/bin/heartbeat.sh" "$UNIT"
/iopsstor/scratch/cscs/dthapa/system3_qwem_omni_8_28/omni_thr_fit/bin/worker.sh: line 79: 273579 Terminated              bash "$THR_ROOT/bin/heartbeat.sh" "$UNIT"
/iopsstor/scratch/cscs/dthapa/system3_qwem_omni_8_28/omni_thr_fit/bin/worker.sh: line 79: 53508 Terminated              bash "$THR_ROOT/bin/heartbeat.sh" "$UNIT"
/iopsstor/scratch/cscs/dthapa/system3_qwem_omni_8_28/omni_thr_fit/bin/worker.sh: line 79: 273821 Terminated              bash "$THR_ROOT/bin/heartbeat.sh" "$UNIT"
/iopsstor/scratch/cscs/dthapa/system3_qwem_omni_8_28/omni_thr_fit/bin/worker.sh: line 79: 53764 Terminated              bash "$THR_ROOT/bin/heartbeat.sh" "$UNIT"
/iopsstor/scratch/cscs/dthapa/system3_qwem_omni_8_28/omni_thr_fit/bin/worker.sh: line 79: 274002 Terminated              bash "$THR_ROOT/bin/heartbeat.sh" "$UNIT"
/iopsstor/scratch/cscs/dthapa/system3_qwem_omni_8_28/omni_thr_fit/bin/worker.sh: line 79: 54021 Terminated              bash "$THR_ROOT/bin/heartbeat.sh" "$UNIT"
/iopsstor/scratch/cscs/dthapa/system3_qwem_omni_8_28/omni_thr_fit/bin/worker.sh: line 79: 274224 Terminated              bash "$THR_ROOT/bin/heartbeat.sh" "$UNIT"
/iopsstor/scratch/cscs/dthapa/system3_qwem_omni_8_28/omni_thr_fit/bin/worker.sh: line 79: 54490 Terminated              bash "$THR_ROOT/bin/heartbeat.sh" "$UNIT"
/iopsstor/scratch/cscs/dthapa/system3_qwem_omni_8_28/omni_thr_fit/bin/worker.sh: line 79: 274485 Terminated              bash "$THR_ROOT/bin/heartbeat.sh" "$UNIT"
/iopsstor/scratch/cscs/dthapa/system3_qwem_omni_8_28/omni_thr_fit/bin/worker.sh: line 79: 55924 Terminated              bash "$THR_ROOT/bin/heartbeat.sh" "$UNIT"
/iopsstor/scratch/cscs/dthapa/system3_qwem_omni_8_28/omni_thr_fit/bin/worker.sh: line 79: 274705 Terminated              bash "$THR_ROOT/bin/heartbeat.sh" "$UNIT"
/iopsstor/scratch/cscs/dthapa/system3_qwem_omni_8_28/omni_thr_fit/bin/worker.sh: line 79: 57376 Terminated              bash "$THR_ROOT/bin/heartbeat.sh" "$UNIT"
/iopsstor/scratch/cscs/dthapa/system3_qwem_omni_8_28/omni_thr_fit/bin/worker.sh: line 79: 274918 Terminated              bash "$THR_ROOT/bin/heartbeat.sh" "$UNIT"
/iopsstor/scratch/cscs/dthapa/system3_qwem_omni_8_28/omni_thr_fit/bin/worker.sh: line 79: 58579 Terminated              bash "$THR_ROOT/bin/heartbeat.sh" "$UNIT"
/iopsstor/scratch/cscs/dthapa/system3_qwem_omni_8_28/omni_thr_fit/bin/worker.sh: line 79: 275206 Terminated              bash "$THR_ROOT/bin/heartbeat.sh" "$UNIT"
/iopsstor/scratch/cscs/dthapa/system3_qwem_omni_8_28/omni_thr_fit/bin/worker.sh: line 79: 58804 Terminated              bash "$THR_ROOT/bin/heartbeat.sh" "$UNIT"
/iopsstor/scratch/cscs/dthapa/system3_qwem_omni_8_28/omni_thr_fit/bin/worker.sh: line 79: 39513 Terminated              bash "$THR_ROOT/bin/heartbeat.sh" "$UNIT"
/iopsstor/scratch/cscs/dthapa/system3_qwem_omni_8_28/omni_thr_fit/bin/worker.sh: line 79: 275524 Terminated              bash "$THR_ROOT/bin/heartbeat.sh" "$UNIT"
/iopsstor/scratch/cscs/dthapa/system3_qwem_omni_8_28/omni_thr_fit/bin/worker.sh: line 79: 59045 Terminated              bash "$THR_ROOT/bin/heartbeat.sh" "$UNIT"
/iopsstor/scratch/cscs/dthapa/system3_qwem_omni_8_28/omni_thr_fit/bin/worker.sh: line 79: 59131 Terminated              bash "$THR_ROOT/bin/heartbeat.sh" "$UNIT"
/iopsstor/scratch/cscs/dthapa/system3_qwem_omni_8_28/omni_thr_fit/bin/worker.sh: line 79: 275767 Terminated              bash "$THR_ROOT/bin/heartbeat.sh" "$UNIT"
/iopsstor/scratch/cscs/dthapa/system3_qwem_omni_8_28/omni_thr_fit/bin/worker.sh: line 79: 59245 Terminated              bash "$THR_ROOT/bin/heartbeat.sh" "$UNIT"
/iopsstor/scratch/cscs/dthapa/system3_qwem_omni_8_28/omni_thr_fit/bin/worker.sh: line 79: 59339 Terminated              bash "$THR_ROOT/bin/heartbeat.sh" "$UNIT"
/iopsstor/scratch/cscs/dthapa/system3_qwem_omni_8_28/omni_thr_fit/bin/worker.sh: line 79: 276025 Terminated              bash "$THR_ROOT/bin/heartbeat.sh" "$UNIT"
/iopsstor/scratch/cscs/dthapa/system3_qwem_omni_8_28/omni_thr_fit/bin/worker.sh: line 79: 73882 Terminated              bash "$THR_ROOT/bin/heartbeat.sh" "$UNIT"
/iopsstor/scratch/cscs/dthapa/system3_qwem_omni_8_28/omni_thr_fit/bin/worker.sh: line 79: 59442 Terminated              bash "$THR_ROOT/bin/heartbeat.sh" "$UNIT"
/iopsstor/scratch/cscs/dthapa/system3_qwem_omni_8_28/omni_thr_fit/bin/worker.sh: line 79: 59509 Terminated              bash "$THR_ROOT/bin/heartbeat.sh" "$UNIT"
/iopsstor/scratch/cscs/dthapa/system3_qwem_omni_8_28/omni_thr_fit/bin/worker.sh: line 79: 276254 Terminated              bash "$THR_ROOT/bin/heartbeat.sh" "$UNIT"
/iopsstor/scratch/cscs/dthapa/system3_qwem_omni_8_28/omni_thr_fit/bin/worker.sh: line 79: 94258 Terminated              bash "$THR_ROOT/bin/heartbeat.sh" "$UNIT"
/iopsstor/scratch/cscs/dthapa/system3_qwem_omni_8_28/omni_thr_fit/bin/worker.sh: line 79: 59614 Terminated              bash "$THR_ROOT/bin/heartbeat.sh" "$UNIT"
/iopsstor/scratch/cscs/dthapa/system3_qwem_omni_8_28/omni_thr_fit/bin/worker.sh: line 79: 59711 Terminated              bash "$THR_ROOT/bin/heartbeat.sh" "$UNIT"
/iopsstor/scratch/cscs/dthapa/system3_qwem_omni_8_28/omni_thr_fit/bin/worker.sh: line 79: 276476 Terminated              bash "$THR_ROOT/bin/heartbeat.sh" "$UNIT"
/iopsstor/scratch/cscs/dthapa/system3_qwem_omni_8_28/omni_thr_fit/bin/worker.sh: line 79: 94484 Terminated              bash "$THR_ROOT/bin/heartbeat.sh" "$UNIT"
/iopsstor/scratch/cscs/dthapa/system3_qwem_omni_8_28/omni_thr_fit/bin/worker.sh: line 79: 59800 Terminated              bash "$THR_ROOT/bin/heartbeat.sh" "$UNIT"
/iopsstor/scratch/cscs/dthapa/system3_qwem_omni_8_28/omni_thr_fit/bin/worker.sh: line 79: 276705 Terminated              bash "$THR_ROOT/bin/heartbeat.sh" "$UNIT"
/iopsstor/scratch/cscs/dthapa/system3_qwem_omni_8_28/omni_thr_fit/bin/worker.sh: line 79: 59918 Terminated              bash "$THR_ROOT/bin/heartbeat.sh" "$UNIT"
/iopsstor/scratch/cscs/dthapa/system3_qwem_omni_8_28/omni_thr_fit/bin/worker.sh: line 79: 94716 Terminated              bash "$THR_ROOT/bin/heartbeat.sh" "$UNIT"
/iopsstor/scratch/cscs/dthapa/system3_qwem_omni_8_28/omni_thr_fit/bin/worker.sh: line 79: 60033 Terminated              bash "$THR_ROOT/bin/heartbeat.sh" "$UNIT"
/iopsstor/scratch/cscs/dthapa/system3_qwem_omni_8_28/omni_thr_fit/bin/worker.sh: line 79: 276936 Terminated              bash "$THR_ROOT/bin/heartbeat.sh" "$UNIT"
/iopsstor/scratch/cscs/dthapa/system3_qwem_omni_8_28/omni_thr_fit/bin/worker.sh: line 79: 60129 Terminated              bash "$THR_ROOT/bin/heartbeat.sh" "$UNIT"
/iopsstor/scratch/cscs/dthapa/system3_qwem_omni_8_28/omni_thr_fit/bin/worker.sh: line 79: 94943 Terminated              bash "$THR_ROOT/bin/heartbeat.sh" "$UNIT"
/iopsstor/scratch/cscs/dthapa/system3_qwem_omni_8_28/omni_thr_fit/bin/worker.sh: line 79: 60215 Terminated              bash "$THR_ROOT/bin/heartbeat.sh" "$UNIT"
/iopsstor/scratch/cscs/dthapa/system3_qwem_omni_8_28/omni_thr_fit/bin/worker.sh: line 79: 277835 Terminated              bash "$THR_ROOT/bin/heartbeat.sh" "$UNIT"
/iopsstor/scratch/cscs/dthapa/system3_qwem_omni_8_28/omni_thr_fit/bin/worker.sh: line 79: 60347 Terminated              bash "$THR_ROOT/bin/heartbeat.sh" "$UNIT"
/iopsstor/scratch/cscs/dthapa/system3_qwem_omni_8_28/omni_thr_fit/bin/worker.sh: line 79: 95155 Terminated              bash "$THR_ROOT/bin/heartbeat.sh" "$UNIT"
/iopsstor/scratch/cscs/dthapa/system3_qwem_omni_8_28/omni_thr_fit/bin/worker.sh: line 79: 60449 Terminated              bash "$THR_ROOT/bin/heartbeat.sh" "$UNIT"
/iopsstor/scratch/cscs/dthapa/system3_qwem_omni_8_28/omni_thr_fit/bin/worker.sh: line 79: 279025 Terminated              bash "$THR_ROOT/bin/heartbeat.sh" "$UNIT"
/iopsstor/scratch/cscs/dthapa/system3_qwem_omni_8_28/omni_thr_fit/bin/worker.sh: line 79: 95383 Terminated              bash "$THR_ROOT/bin/heartbeat.sh" "$UNIT"
/iopsstor/scratch/cscs/dthapa/system3_qwem_omni_8_28/omni_thr_fit/bin/worker.sh: line 79: 60534 Terminated              bash "$THR_ROOT/bin/heartbeat.sh" "$UNIT"
/iopsstor/scratch/cscs/dthapa/system3_qwem_omni_8_28/omni_thr_fit/bin/worker.sh: line 79: 60653 Terminated              bash "$THR_ROOT/bin/heartbeat.sh" "$UNIT"
/iopsstor/scratch/cscs/dthapa/system3_qwem_omni_8_28/omni_thr_fit/bin/worker.sh: line 79: 280230 Terminated              bash "$THR_ROOT/bin/heartbeat.sh" "$UNIT"
/iopsstor/scratch/cscs/dthapa/system3_qwem_omni_8_28/omni_thr_fit/bin/worker.sh: line 79: 95705 Terminated              bash "$THR_ROOT/bin/heartbeat.sh" "$UNIT"
/iopsstor/scratch/cscs/dthapa/system3_qwem_omni_8_28/omni_thr_fit/bin/worker.sh: line 79: 60736 Terminated              bash "$THR_ROOT/bin/heartbeat.sh" "$UNIT"
/iopsstor/scratch/cscs/dthapa/system3_qwem_omni_8_28/omni_thr_fit/bin/worker.sh: line 79: 60855 Terminated              bash "$THR_ROOT/bin/heartbeat.sh" "$UNIT"
/iopsstor/scratch/cscs/dthapa/system3_qwem_omni_8_28/omni_thr_fit/bin/worker.sh: line 79: 280632 Terminated              bash "$THR_ROOT/bin/heartbeat.sh" "$UNIT"
/iopsstor/scratch/cscs/dthapa/system3_qwem_omni_8_28/omni_thr_fit/bin/worker.sh: line 79: 96872 Terminated              bash "$THR_ROOT/bin/heartbeat.sh" "$UNIT"
/iopsstor/scratch/cscs/dthapa/system3_qwem_omni_8_28/omni_thr_fit/bin/worker.sh: line 79: 60936 Terminated              bash "$THR_ROOT/bin/heartbeat.sh" "$UNIT"
/iopsstor/scratch/cscs/dthapa/system3_qwem_omni_8_28/omni_thr_fit/bin/worker.sh: line 79: 61040 Terminated              bash "$THR_ROOT/bin/heartbeat.sh" "$UNIT"
/iopsstor/scratch/cscs/dthapa/system3_qwem_omni_8_28/omni_thr_fit/bin/worker.sh: line 79: 280815 Terminated              bash "$THR_ROOT/bin/heartbeat.sh" "$UNIT"
/iopsstor/scratch/cscs/dthapa/system3_qwem_omni_8_28/omni_thr_fit/bin/worker.sh: line 79: 98048 Terminated              bash "$THR_ROOT/bin/heartbeat.sh" "$UNIT"
/iopsstor/scratch/cscs/dthapa/system3_qwem_omni_8_28/omni_thr_fit/bin/worker.sh: line 79: 61137 Terminated              bash "$THR_ROOT/bin/heartbeat.sh" "$UNIT"
/iopsstor/scratch/cscs/dthapa/system3_qwem_omni_8_28/omni_thr_fit/bin/worker.sh: line 79: 61245 Terminated              bash "$THR_ROOT/bin/heartbeat.sh" "$UNIT"
/iopsstor/scratch/cscs/dthapa/system3_qwem_omni_8_28/omni_thr_fit/bin/worker.sh: line 79: 73939 Terminated              bash "$THR_ROOT/bin/heartbeat.sh" "$UNIT"
/iopsstor/scratch/cscs/dthapa/system3_qwem_omni_8_28/omni_thr_fit/bin/worker.sh: line 79: 280995 Terminated              bash "$THR_ROOT/bin/heartbeat.sh" "$UNIT"
/iopsstor/scratch/cscs/dthapa/system3_qwem_omni_8_28/omni_thr_fit/bin/worker.sh: line 79: 99063 Terminated              bash "$THR_ROOT/bin/heartbeat.sh" "$UNIT"
/iopsstor/scratch/cscs/dthapa/system3_qwem_omni_8_28/omni_thr_fit/bin/worker.sh: line 79: 61358 Terminated              bash "$THR_ROOT/bin/heartbeat.sh" "$UNIT"
/iopsstor/scratch/cscs/dthapa/system3_qwem_omni_8_28/omni_thr_fit/bin/worker.sh: line 79: 99233 Terminated              bash "$THR_ROOT/bin/heartbeat.sh" "$UNIT"
/iopsstor/scratch/cscs/dthapa/system3_qwem_omni_8_28/omni_thr_fit/bin/worker.sh: line 79: 61449 Terminated              bash "$THR_ROOT/bin/heartbeat.sh" "$UNIT"
/iopsstor/scratch/cscs/dthapa/system3_qwem_omni_8_28/omni_thr_fit/bin/worker.sh: line 79: 281214 Terminated              bash "$THR_ROOT/bin/heartbeat.sh" "$UNIT"
/iopsstor/scratch/cscs/dthapa/system3_qwem_omni_8_28/omni_thr_fit/bin/worker.sh: line 79: 99286 Terminated              bash "$THR_ROOT/bin/heartbeat.sh" "$UNIT"
/iopsstor/scratch/cscs/dthapa/system3_qwem_omni_8_28/omni_thr_fit/bin/worker.sh: line 79: 61546 Terminated              bash "$THR_ROOT/bin/heartbeat.sh" "$UNIT"
/iopsstor/scratch/cscs/dthapa/system3_qwem_omni_8_28/omni_thr_fit/bin/worker.sh: line 79: 257394 Terminated              bash "$THR_ROOT/bin/heartbeat.sh" "$UNIT"
/iopsstor/scratch/cscs/dthapa/system3_qwem_omni_8_28/omni_thr_fit/bin/worker.sh: line 79: 99387 Terminated              bash "$THR_ROOT/bin/heartbeat.sh" "$UNIT"
/iopsstor/scratch/cscs/dthapa/system3_qwem_omni_8_28/omni_thr_fit/bin/worker.sh: line 79: 61631 Terminated              bash "$THR_ROOT/bin/heartbeat.sh" "$UNIT"
/iopsstor/scratch/cscs/dthapa/system3_qwem_omni_8_28/omni_thr_fit/bin/worker.sh: line 79: 281383 Terminated              bash "$THR_ROOT/bin/heartbeat.sh" "$UNIT"
/iopsstor/scratch/cscs/dthapa/system3_qwem_omni_8_28/omni_thr_fit/bin/worker.sh: line 79: 99460 Terminated              bash "$THR_ROOT/bin/heartbeat.sh" "$UNIT"
/iopsstor/scratch/cscs/dthapa/system3_qwem_omni_8_28/omni_thr_fit/bin/worker.sh: line 79: 281519 Terminated              bash "$THR_ROOT/bin/heartbeat.sh" "$UNIT"
/iopsstor/scratch/cscs/dthapa/system3_qwem_omni_8_28/omni_thr_fit/bin/worker.sh: line 79: 61730 Terminated              bash "$THR_ROOT/bin/heartbeat.sh" "$UNIT"
/iopsstor/scratch/cscs/dthapa/system3_qwem_omni_8_28/omni_thr_fit/bin/worker.sh: line 79: 99552 Terminated              bash "$THR_ROOT/bin/heartbeat.sh" "$UNIT"
/iopsstor/scratch/cscs/dthapa/system3_qwem_omni_8_28/omni_thr_fit/bin/worker.sh: line 79: 61835 Terminated              bash "$THR_ROOT/bin/heartbeat.sh" "$UNIT"
/iopsstor/scratch/cscs/dthapa/system3_qwem_omni_8_28/omni_thr_fit/bin/worker.sh: line 79: 281607 Terminated              bash "$THR_ROOT/bin/heartbeat.sh" "$UNIT"
/iopsstor/scratch/cscs/dthapa/system3_qwem_omni_8_28/omni_thr_fit/bin/worker.sh: line 79: 99629 Terminated              bash "$THR_ROOT/bin/heartbeat.sh" "$UNIT"
/iopsstor/scratch/cscs/dthapa/system3_qwem_omni_8_28/omni_thr_fit/bin/worker.sh: line 79: 281690 Terminated              bash "$THR_ROOT/bin/heartbeat.sh" "$UNIT"
/iopsstor/scratch/cscs/dthapa/system3_qwem_omni_8_28/omni_thr_fit/bin/worker.sh: line 79: 61954 Terminated              bash "$THR_ROOT/bin/heartbeat.sh" "$UNIT"
/iopsstor/scratch/cscs/dthapa/system3_qwem_omni_8_28/omni_thr_fit/bin/worker.sh: line 79:  7037 Terminated              bash "$THR_ROOT/bin/heartbeat.sh" "$UNIT"
/iopsstor/scratch/cscs/dthapa/system3_qwem_omni_8_28/omni_thr_fit/bin/worker.sh: line 79: 99723 Terminated              bash "$THR_ROOT/bin/heartbeat.sh" "$UNIT"
/iopsstor/scratch/cscs/dthapa/system3_qwem_omni_8_28/omni_thr_fit/bin/worker.sh: line 79: 281835 Terminated              bash "$THR_ROOT/bin/heartbeat.sh" "$UNIT"
/iopsstor/scratch/cscs/dthapa/system3_qwem_omni_8_28/omni_thr_fit/bin/worker.sh: line 79: 62054 Terminated              bash "$THR_ROOT/bin/heartbeat.sh" "$UNIT"
/iopsstor/scratch/cscs/dthapa/system3_qwem_omni_8_28/omni_thr_fit/bin/worker.sh: line 79: 281915 Terminated              bash "$THR_ROOT/bin/heartbeat.sh" "$UNIT"
/iopsstor/scratch/cscs/dthapa/system3_qwem_omni_8_28/omni_thr_fit/bin/worker.sh: line 79: 99819 Terminated              bash "$THR_ROOT/bin/heartbeat.sh" "$UNIT"
/iopsstor/scratch/cscs/dthapa/system3_qwem_omni_8_28/omni_thr_fit/bin/worker.sh: line 79: 62136 Terminated              bash "$THR_ROOT/bin/heartbeat.sh" "$UNIT"
/iopsstor/scratch/cscs/dthapa/system3_qwem_omni_8_28/omni_thr_fit/bin/worker.sh: line 79: 37462 Terminated              bash "$THR_ROOT/bin/heartbeat.sh" "$UNIT"
/iopsstor/scratch/cscs/dthapa/system3_qwem_omni_8_28/omni_thr_fit/bin/worker.sh: line 79: 99890 Terminated              bash "$THR_ROOT/bin/heartbeat.sh" "$UNIT"
/iopsstor/scratch/cscs/dthapa/system3_qwem_omni_8_28/omni_thr_fit/bin/worker.sh: line 79: 282048 Terminated              bash "$THR_ROOT/bin/heartbeat.sh" "$UNIT"
/iopsstor/scratch/cscs/dthapa/system3_qwem_omni_8_28/omni_thr_fit/bin/worker.sh: line 79: 62255 Terminated              bash "$THR_ROOT/bin/heartbeat.sh" "$UNIT"
/iopsstor/scratch/cscs/dthapa/system3_qwem_omni_8_28/omni_thr_fit/bin/worker.sh: line 79: 282135 Terminated              bash "$THR_ROOT/bin/heartbeat.sh" "$UNIT"
/iopsstor/scratch/cscs/dthapa/system3_qwem_omni_8_28/omni_thr_fit/bin/worker.sh: line 79: 99971 Terminated              bash "$THR_ROOT/bin/heartbeat.sh" "$UNIT"
/iopsstor/scratch/cscs/dthapa/system3_qwem_omni_8_28/omni_thr_fit/bin/worker.sh: line 79: 62323 Terminated              bash "$THR_ROOT/bin/heartbeat.sh" "$UNIT"
/iopsstor/scratch/cscs/dthapa/system3_qwem_omni_8_28/omni_thr_fit/bin/worker.sh: line 79: 37735 Terminated              bash "$THR_ROOT/bin/heartbeat.sh" "$UNIT"
/iopsstor/scratch/cscs/dthapa/system3_qwem_omni_8_28/omni_thr_fit/bin/worker.sh: line 79: 282278 Terminated              bash "$THR_ROOT/bin/heartbeat.sh" "$UNIT"
/iopsstor/scratch/cscs/dthapa/system3_qwem_omni_8_28/omni_thr_fit/bin/worker.sh: line 79: 100087 Terminated              bash "$THR_ROOT/bin/heartbeat.sh" "$UNIT"
/iopsstor/scratch/cscs/dthapa/system3_qwem_omni_8_28/omni_thr_fit/bin/worker.sh: line 79: 62459 Terminated              bash "$THR_ROOT/bin/heartbeat.sh" "$UNIT"
/iopsstor/scratch/cscs/dthapa/system3_qwem_omni_8_28/omni_thr_fit/bin/worker.sh: line 79: 39440 Terminated              bash "$THR_ROOT/bin/heartbeat.sh" "$UNIT"
/iopsstor/scratch/cscs/dthapa/system3_qwem_omni_8_28/omni_thr_fit/bin/worker.sh: line 79: 282368 Terminated              bash "$THR_ROOT/bin/heartbeat.sh" "$UNIT"
/iopsstor/scratch/cscs/dthapa/system3_qwem_omni_8_28/omni_thr_fit/bin/worker.sh: line 79: 100170 Terminated              bash "$THR_ROOT/bin/heartbeat.sh" "$UNIT"
/iopsstor/scratch/cscs/dthapa/system3_qwem_omni_8_28/omni_thr_fit/bin/worker.sh: line 79: 62552 Terminated              bash "$THR_ROOT/bin/heartbeat.sh" "$UNIT"
/iopsstor/scratch/cscs/dthapa/system3_qwem_omni_8_28/omni_thr_fit/bin/worker.sh: line 79: 37977 Terminated              bash "$THR_ROOT/bin/heartbeat.sh" "$UNIT"
/iopsstor/scratch/cscs/dthapa/system3_qwem_omni_8_28/omni_thr_fit/bin/worker.sh: line 79: 282510 Terminated              bash "$THR_ROOT/bin/heartbeat.sh" "$UNIT"
/iopsstor/scratch/cscs/dthapa/system3_qwem_omni_8_28/omni_thr_fit/bin/worker.sh: line 79: 100260 Terminated              bash "$THR_ROOT/bin/heartbeat.sh" "$UNIT"
/iopsstor/scratch/cscs/dthapa/system3_qwem_omni_8_28/omni_thr_fit/bin/worker.sh: line 79: 62645 Terminated              bash "$THR_ROOT/bin/heartbeat.sh" "$UNIT"
/iopsstor/scratch/cscs/dthapa/system3_qwem_omni_8_28/omni_thr_fit/bin/worker.sh: line 79: 282599 Terminated              bash "$THR_ROOT/bin/heartbeat.sh" "$UNIT"
/iopsstor/scratch/cscs/dthapa/system3_qwem_omni_8_28/omni_thr_fit/bin/worker.sh: line 79: 62698 Terminated              bash "$THR_ROOT/bin/heartbeat.sh" "$UNIT"
/iopsstor/scratch/cscs/dthapa/system3_qwem_omni_8_28/omni_thr_fit/bin/worker.sh: line 79: 100341 Terminated              bash "$THR_ROOT/bin/heartbeat.sh" "$UNIT"
/iopsstor/scratch/cscs/dthapa/system3_qwem_omni_8_28/omni_thr_fit/bin/worker.sh: line 79: 62746 Terminated              bash "$THR_ROOT/bin/heartbeat.sh" "$UNIT"
/iopsstor/scratch/cscs/dthapa/system3_qwem_omni_8_28/omni_thr_fit/bin/worker.sh: line 79: 38258 Terminated              bash "$THR_ROOT/bin/heartbeat.sh" "$UNIT"
/iopsstor/scratch/cscs/dthapa/system3_qwem_omni_8_28/omni_thr_fit/bin/worker.sh: line 79: 73820 Terminated              bash "$THR_ROOT/bin/heartbeat.sh" "$UNIT"
/iopsstor/scratch/cscs/dthapa/system3_qwem_omni_8_28/omni_thr_fit/bin/worker.sh: line 79: 282714 Terminated              bash "$THR_ROOT/bin/heartbeat.sh" "$UNIT"
/iopsstor/scratch/cscs/dthapa/system3_qwem_omni_8_28/omni_thr_fit/bin/worker.sh: line 79: 100458 Terminated              bash "$THR_ROOT/bin/heartbeat.sh" "$UNIT"
/iopsstor/scratch/cscs/dthapa/system3_qwem_omni_8_28/omni_thr_fit/bin/worker.sh: line 79: 62844 Terminated              bash "$THR_ROOT/bin/heartbeat.sh" "$UNIT"
/iopsstor/scratch/cscs/dthapa/system3_qwem_omni_8_28/omni_thr_fit/bin/worker.sh: line 79: 282787 Terminated              bash "$THR_ROOT/bin/heartbeat.sh" "$UNIT"
/iopsstor/scratch/cscs/dthapa/system3_qwem_omni_8_28/omni_thr_fit/bin/worker.sh: line 79: 62887 Terminated              bash "$THR_ROOT/bin/heartbeat.sh" "$UNIT"
/iopsstor/scratch/cscs/dthapa/system3_qwem_omni_8_28/omni_thr_fit/bin/worker.sh: line 79: 100541 Terminated              bash "$THR_ROOT/bin/heartbeat.sh" "$UNIT"
/iopsstor/scratch/cscs/dthapa/system3_qwem_omni_8_28/omni_thr_fit/bin/worker.sh: line 79: 38513 Terminated              bash "$THR_ROOT/bin/heartbeat.sh" "$UNIT"
/iopsstor/scratch/cscs/dthapa/system3_qwem_omni_8_28/omni_thr_fit/bin/worker.sh: line 79: 62958 Terminated              bash "$THR_ROOT/bin/heartbeat.sh" "$UNIT"
/iopsstor/scratch/cscs/dthapa/system3_qwem_omni_8_28/omni_thr_fit/bin/worker.sh: line 79: 100642 Terminated              bash "$THR_ROOT/bin/heartbeat.sh" "$UNIT"
/iopsstor/scratch/cscs/dthapa/system3_qwem_omni_8_28/omni_thr_fit/bin/worker.sh: line 79: 282949 Terminated              bash "$THR_ROOT/bin/heartbeat.sh" "$UNIT"
/iopsstor/scratch/cscs/dthapa/system3_qwem_omni_8_28/omni_thr_fit/bin/worker.sh: line 79: 63057 Terminated              bash "$THR_ROOT/bin/heartbeat.sh" "$UNIT"
/iopsstor/scratch/cscs/dthapa/system3_qwem_omni_8_28/omni_thr_fit/bin/worker.sh: line 79: 100710 Terminated              bash "$THR_ROOT/bin/heartbeat.sh" "$UNIT"
/iopsstor/scratch/cscs/dthapa/system3_qwem_omni_8_28/omni_thr_fit/bin/worker.sh: line 79: 283022 Terminated              bash "$THR_ROOT/bin/heartbeat.sh" "$UNIT"
/iopsstor/scratch/cscs/dthapa/system3_qwem_omni_8_28/omni_thr_fit/bin/worker.sh: line 79: 63097 Terminated              bash "$THR_ROOT/bin/heartbeat.sh" "$UNIT"
/iopsstor/scratch/cscs/dthapa/system3_qwem_omni_8_28/omni_thr_fit/bin/worker.sh: line 79: 100778 Terminated              bash "$THR_ROOT/bin/heartbeat.sh" "$UNIT"
/iopsstor/scratch/cscs/dthapa/system3_qwem_omni_8_28/omni_thr_fit/bin/worker.sh: line 79: 38745 Terminated              bash "$THR_ROOT/bin/heartbeat.sh" "$UNIT"
/iopsstor/scratch/cscs/dthapa/system3_qwem_omni_8_28/omni_thr_fit/bin/worker.sh: line 79:  7081 Terminated              bash "$THR_ROOT/bin/heartbeat.sh" "$UNIT"
/iopsstor/scratch/cscs/dthapa/system3_qwem_omni_8_28/omni_thr_fit/bin/worker.sh: line 79:  7158 Terminated              bash "$THR_ROOT/bin/heartbeat.sh" "$UNIT"
/iopsstor/scratch/cscs/dthapa/system3_qwem_omni_8_28/omni_thr_fit/bin/worker.sh: line 79: 257496 Terminated              bash "$THR_ROOT/bin/heartbeat.sh" "$UNIT"
/iopsstor/scratch/cscs/dthapa/system3_qwem_omni_8_28/omni_thr_fit/bin/worker.sh: line 79:  7124 Terminated              bash "$THR_ROOT/bin/heartbeat.sh" "$UNIT"
/iopsstor/scratch/cscs/dthapa/system3_qwem_omni_8_28/omni_thr_fit/bin/worker.sh: line 79: 257358 Terminated              bash "$THR_ROOT/bin/heartbeat.sh" "$UNIT"
/iopsstor/scratch/cscs/dthapa/system3_qwem_omni_8_28/omni_thr_fit/bin/worker.sh: line 79: 39402 Terminated              bash "$THR_ROOT/bin/heartbeat.sh" "$UNIT"
/iopsstor/scratch/cscs/dthapa/system3_qwem_omni_8_28/omni_thr_fit/bin/worker.sh: line 79: 73799 Terminated              bash "$THR_ROOT/bin/heartbeat.sh" "$UNIT"
[chain] gen 2 end: 76/1410 samples, cells 0/94
[chain]   next shape: nodes=4 max_dur=238s fit_n=947
[chain] gen 2 exit Fri Aug 28 08:38:49 PM CEST 2026
