[chain] gen=5/400 nodes=4 lanes=16
[chain] progress=80/1410 samples, cells=0/94
[chain] xRT_mean=1.845 p95=3.696 longest_remaining=594.6s rec_nodes=4
[chain] window-fit cap for this shape: max_dur=211s
[chain] gen 6 queued: nodes=4 time=00:22:00
/iopsstor/scratch/cscs/dthapa/system3_qwem_omni_8_28/omni_thr_fit/bin/worker.sh: line 79: 42205 Terminated              bash "$THR_ROOT/bin/heartbeat.sh" "$UNIT"
/iopsstor/scratch/cscs/dthapa/system3_qwem_omni_8_28/omni_thr_fit/bin/worker.sh: line 79: 42195 Terminated              bash "$THR_ROOT/bin/heartbeat.sh" "$UNIT"
/iopsstor/scratch/cscs/dthapa/system3_qwem_omni_8_28/omni_thr_fit/bin/worker.sh: line 79: 42211 Terminated              bash "$THR_ROOT/bin/heartbeat.sh" "$UNIT"
/iopsstor/scratch/cscs/dthapa/system3_qwem_omni_8_28/omni_thr_fit/bin/worker.sh: line 79: 42196 Terminated              bash "$THR_ROOT/bin/heartbeat.sh" "$UNIT"
/iopsstor/scratch/cscs/dthapa/system3_qwem_omni_8_28/omni_thr_fit/bin/worker.sh: line 79: 268121 Terminated              bash "$THR_ROOT/bin/heartbeat.sh" "$UNIT"
/iopsstor/scratch/cscs/dthapa/system3_qwem_omni_8_28/omni_thr_fit/bin/worker.sh: line 79: 64631 Terminated              bash "$THR_ROOT/bin/heartbeat.sh" "$UNIT"
/iopsstor/scratch/cscs/dthapa/system3_qwem_omni_8_28/omni_thr_fit/bin/worker.sh: line 79: 268109 Terminated              bash "$THR_ROOT/bin/heartbeat.sh" "$UNIT"
/iopsstor/scratch/cscs/dthapa/system3_qwem_omni_8_28/omni_thr_fit/bin/worker.sh: line 79: 64634 Terminated              bash "$THR_ROOT/bin/heartbeat.sh" "$UNIT"
/iopsstor/scratch/cscs/dthapa/system3_qwem_omni_8_28/omni_thr_fit/bin/worker.sh: line 79: 110407 Terminated              bash "$THR_ROOT/bin/heartbeat.sh" "$UNIT"
/iopsstor/scratch/cscs/dthapa/system3_qwem_omni_8_28/omni_thr_fit/bin/worker.sh: line 79: 268104 Terminated              bash "$THR_ROOT/bin/heartbeat.sh" "$UNIT"
/iopsstor/scratch/cscs/dthapa/system3_qwem_omni_8_28/omni_thr_fit/bin/worker.sh: line 79: 64630 Terminated              bash "$THR_ROOT/bin/heartbeat.sh" "$UNIT"
/iopsstor/scratch/cscs/dthapa/system3_qwem_omni_8_28/omni_thr_fit/bin/worker.sh: line 79: 110389 Terminated              bash "$THR_ROOT/bin/heartbeat.sh" "$UNIT"
/iopsstor/scratch/cscs/dthapa/system3_qwem_omni_8_28/omni_thr_fit/bin/worker.sh: line 79: 268113 Terminated              bash "$THR_ROOT/bin/heartbeat.sh" "$UNIT"
/iopsstor/scratch/cscs/dthapa/system3_qwem_omni_8_28/omni_thr_fit/bin/worker.sh: line 79: 64644 Terminated              bash "$THR_ROOT/bin/heartbeat.sh" "$UNIT"
/iopsstor/scratch/cscs/dthapa/system3_qwem_omni_8_28/omni_thr_fit/bin/worker.sh: line 79: 110400 Terminated              bash "$THR_ROOT/bin/heartbeat.sh" "$UNIT"
/iopsstor/scratch/cscs/dthapa/system3_qwem_omni_8_28/omni_thr_fit/bin/worker.sh: line 79: 110396 Terminated              bash "$THR_ROOT/bin/heartbeat.sh" "$UNIT"
/iopsstor/scratch/cscs/dthapa/system3_qwem_omni_8_28/omni_thr_fit/bin/worker.sh: line 79: 42495 Terminated              bash "$THR_ROOT/bin/heartbeat.sh" "$UNIT"
/iopsstor/scratch/cscs/dthapa/system3_qwem_omni_8_28/omni_thr_fit/bin/worker.sh: line 79: 268448 Terminated              bash "$THR_ROOT/bin/heartbeat.sh" "$UNIT"
/iopsstor/scratch/cscs/dthapa/system3_qwem_omni_8_28/omni_thr_fit/bin/worker.sh: line 79: 110694 Terminated              bash "$THR_ROOT/bin/heartbeat.sh" "$UNIT"
/iopsstor/scratch/cscs/dthapa/system3_qwem_omni_8_28/omni_thr_fit/bin/worker.sh: line 79: 64974 Terminated              bash "$THR_ROOT/bin/heartbeat.sh" "$UNIT"
/iopsstor/scratch/cscs/dthapa/system3_qwem_omni_8_28/omni_thr_fit/bin/worker.sh: line 79: 42544 Terminated              bash "$THR_ROOT/bin/heartbeat.sh" "$UNIT"
/iopsstor/scratch/cscs/dthapa/system3_qwem_omni_8_28/omni_thr_fit/bin/worker.sh: line 79: 268432 Terminated              bash "$THR_ROOT/bin/heartbeat.sh" "$UNIT"
/iopsstor/scratch/cscs/dthapa/system3_qwem_omni_8_28/omni_thr_fit/bin/worker.sh: line 79: 110676 Terminated              bash "$THR_ROOT/bin/heartbeat.sh" "$UNIT"
/iopsstor/scratch/cscs/dthapa/system3_qwem_omni_8_28/omni_thr_fit/bin/worker.sh: line 79: 64958 Terminated              bash "$THR_ROOT/bin/heartbeat.sh" "$UNIT"
/iopsstor/scratch/cscs/dthapa/system3_qwem_omni_8_28/omni_thr_fit/bin/worker.sh: line 79: 42514 Terminated              bash "$THR_ROOT/bin/heartbeat.sh" "$UNIT"
/iopsstor/scratch/cscs/dthapa/system3_qwem_omni_8_28/omni_thr_fit/bin/worker.sh: line 79: 64940 Terminated              bash "$THR_ROOT/bin/heartbeat.sh" "$UNIT"
/iopsstor/scratch/cscs/dthapa/system3_qwem_omni_8_28/omni_thr_fit/bin/worker.sh: line 79: 42530 Terminated              bash "$THR_ROOT/bin/heartbeat.sh" "$UNIT"
/iopsstor/scratch/cscs/dthapa/system3_qwem_omni_8_28/omni_thr_fit/bin/worker.sh: line 79: 110724 Terminated              bash "$THR_ROOT/bin/heartbeat.sh" "$UNIT"
/iopsstor/scratch/cscs/dthapa/system3_qwem_omni_8_28/omni_thr_fit/bin/worker.sh: line 79: 268466 Terminated              bash "$THR_ROOT/bin/heartbeat.sh" "$UNIT"
/iopsstor/scratch/cscs/dthapa/system3_qwem_omni_8_28/omni_thr_fit/bin/worker.sh: line 79: 64988 Terminated              bash "$THR_ROOT/bin/heartbeat.sh" "$UNIT"
/iopsstor/scratch/cscs/dthapa/system3_qwem_omni_8_28/omni_thr_fit/bin/worker.sh: line 79: 268413 Terminated              bash "$THR_ROOT/bin/heartbeat.sh" "$UNIT"
/iopsstor/scratch/cscs/dthapa/system3_qwem_omni_8_28/omni_thr_fit/bin/worker.sh: line 79: 110710 Terminated              bash "$THR_ROOT/bin/heartbeat.sh" "$UNIT"
/iopsstor/scratch/cscs/dthapa/system3_qwem_omni_8_28/omni_thr_fit/bin/worker.sh: line 79: 268583 Terminated              bash "$THR_ROOT/bin/heartbeat.sh" "$UNIT"
/iopsstor/scratch/cscs/dthapa/system3_qwem_omni_8_28/omni_thr_fit/bin/worker.sh: line 79: 65109 Terminated              bash "$THR_ROOT/bin/heartbeat.sh" "$UNIT"
/iopsstor/scratch/cscs/dthapa/system3_qwem_omni_8_28/omni_thr_fit/bin/worker.sh: line 79: 42666 Terminated              bash "$THR_ROOT/bin/heartbeat.sh" "$UNIT"
/iopsstor/scratch/cscs/dthapa/system3_qwem_omni_8_28/omni_thr_fit/bin/worker.sh: line 79: 110861 Terminated              bash "$THR_ROOT/bin/heartbeat.sh" "$UNIT"
/iopsstor/scratch/cscs/dthapa/system3_qwem_omni_8_28/omni_thr_fit/bin/worker.sh: line 79: 42693 Terminated              bash "$THR_ROOT/bin/heartbeat.sh" "$UNIT"
/iopsstor/scratch/cscs/dthapa/system3_qwem_omni_8_28/omni_thr_fit/bin/worker.sh: line 79: 110899 Terminated              bash "$THR_ROOT/bin/heartbeat.sh" "$UNIT"
/iopsstor/scratch/cscs/dthapa/system3_qwem_omni_8_28/omni_thr_fit/bin/worker.sh: line 79: 65147 Terminated              bash "$THR_ROOT/bin/heartbeat.sh" "$UNIT"
/iopsstor/scratch/cscs/dthapa/system3_qwem_omni_8_28/omni_thr_fit/bin/worker.sh: line 79: 268621 Terminated              bash "$THR_ROOT/bin/heartbeat.sh" "$UNIT"
/iopsstor/scratch/cscs/dthapa/system3_qwem_omni_8_28/omni_thr_fit/bin/worker.sh: line 79: 42727 Terminated              bash "$THR_ROOT/bin/heartbeat.sh" "$UNIT"
/iopsstor/scratch/cscs/dthapa/system3_qwem_omni_8_28/omni_thr_fit/bin/worker.sh: line 79: 110920 Terminated              bash "$THR_ROOT/bin/heartbeat.sh" "$UNIT"
/iopsstor/scratch/cscs/dthapa/system3_qwem_omni_8_28/omni_thr_fit/bin/worker.sh: line 79: 42743 Terminated              bash "$THR_ROOT/bin/heartbeat.sh" "$UNIT"
/iopsstor/scratch/cscs/dthapa/system3_qwem_omni_8_28/omni_thr_fit/bin/worker.sh: line 79: 110940 Terminated              bash "$THR_ROOT/bin/heartbeat.sh" "$UNIT"
/iopsstor/scratch/cscs/dthapa/system3_qwem_omni_8_28/omni_thr_fit/bin/worker.sh: line 79: 65163 Terminated              bash "$THR_ROOT/bin/heartbeat.sh" "$UNIT"
/iopsstor/scratch/cscs/dthapa/system3_qwem_omni_8_28/omni_thr_fit/bin/worker.sh: line 79: 268642 Terminated              bash "$THR_ROOT/bin/heartbeat.sh" "$UNIT"
/iopsstor/scratch/cscs/dthapa/system3_qwem_omni_8_28/omni_thr_fit/bin/worker.sh: line 79: 65185 Terminated              bash "$THR_ROOT/bin/heartbeat.sh" "$UNIT"
/iopsstor/scratch/cscs/dthapa/system3_qwem_omni_8_28/omni_thr_fit/bin/worker.sh: line 79: 268661 Terminated              bash "$THR_ROOT/bin/heartbeat.sh" "$UNIT"
/iopsstor/scratch/cscs/dthapa/system3_qwem_omni_8_28/omni_thr_fit/bin/worker.sh: line 79: 42827 Terminated              bash "$THR_ROOT/bin/heartbeat.sh" "$UNIT"
/iopsstor/scratch/cscs/dthapa/system3_qwem_omni_8_28/omni_thr_fit/bin/worker.sh: line 79: 111024 Terminated              bash "$THR_ROOT/bin/heartbeat.sh" "$UNIT"
/iopsstor/scratch/cscs/dthapa/system3_qwem_omni_8_28/omni_thr_fit/bin/worker.sh: line 79: 65283 Terminated              bash "$THR_ROOT/bin/heartbeat.sh" "$UNIT"
/iopsstor/scratch/cscs/dthapa/system3_qwem_omni_8_28/omni_thr_fit/bin/worker.sh: line 79: 268760 Terminated              bash "$THR_ROOT/bin/heartbeat.sh" "$UNIT"
/iopsstor/scratch/cscs/dthapa/system3_qwem_omni_8_28/omni_thr_fit/bin/worker.sh: line 79: 42873 Terminated              bash "$THR_ROOT/bin/heartbeat.sh" "$UNIT"
/iopsstor/scratch/cscs/dthapa/system3_qwem_omni_8_28/omni_thr_fit/bin/worker.sh: line 79: 111068 Terminated              bash "$THR_ROOT/bin/heartbeat.sh" "$UNIT"
/iopsstor/scratch/cscs/dthapa/system3_qwem_omni_8_28/omni_thr_fit/bin/worker.sh: line 79: 65329 Terminated              bash "$THR_ROOT/bin/heartbeat.sh" "$UNIT"
/iopsstor/scratch/cscs/dthapa/system3_qwem_omni_8_28/omni_thr_fit/bin/worker.sh: line 79: 268831 Terminated              bash "$THR_ROOT/bin/heartbeat.sh" "$UNIT"
/iopsstor/scratch/cscs/dthapa/system3_qwem_omni_8_28/omni_thr_fit/bin/worker.sh: line 79: 42898 Terminated              bash "$THR_ROOT/bin/heartbeat.sh" "$UNIT"
/iopsstor/scratch/cscs/dthapa/system3_qwem_omni_8_28/omni_thr_fit/bin/worker.sh: line 79: 111100 Terminated              bash "$THR_ROOT/bin/heartbeat.sh" "$UNIT"
/iopsstor/scratch/cscs/dthapa/system3_qwem_omni_8_28/omni_thr_fit/bin/worker.sh: line 79: 65368 Terminated              bash "$THR_ROOT/bin/heartbeat.sh" "$UNIT"
/iopsstor/scratch/cscs/dthapa/system3_qwem_omni_8_28/omni_thr_fit/bin/worker.sh: line 79: 268879 Terminated              bash "$THR_ROOT/bin/heartbeat.sh" "$UNIT"
/iopsstor/scratch/cscs/dthapa/system3_qwem_omni_8_28/omni_thr_fit/bin/worker.sh: line 79: 111124 Terminated              bash "$THR_ROOT/bin/heartbeat.sh" "$UNIT"
/iopsstor/scratch/cscs/dthapa/system3_qwem_omni_8_28/omni_thr_fit/bin/worker.sh: line 79: 65389 Terminated              bash "$THR_ROOT/bin/heartbeat.sh" "$UNIT"
/iopsstor/scratch/cscs/dthapa/system3_qwem_omni_8_28/omni_thr_fit/bin/worker.sh: line 79: 42943 Terminated              bash "$THR_ROOT/bin/heartbeat.sh" "$UNIT"
/iopsstor/scratch/cscs/dthapa/system3_qwem_omni_8_28/omni_thr_fit/bin/worker.sh: line 79: 268896 Terminated              bash "$THR_ROOT/bin/heartbeat.sh" "$UNIT"
/iopsstor/scratch/cscs/dthapa/system3_qwem_omni_8_28/omni_thr_fit/bin/worker.sh: line 79: 43013 Terminated              bash "$THR_ROOT/bin/heartbeat.sh" "$UNIT"
/iopsstor/scratch/cscs/dthapa/system3_qwem_omni_8_28/omni_thr_fit/bin/worker.sh: line 79: 65459 Terminated              bash "$THR_ROOT/bin/heartbeat.sh" "$UNIT"
/iopsstor/scratch/cscs/dthapa/system3_qwem_omni_8_28/omni_thr_fit/bin/worker.sh: line 79: 111214 Terminated              bash "$THR_ROOT/bin/heartbeat.sh" "$UNIT"
/iopsstor/scratch/cscs/dthapa/system3_qwem_omni_8_28/omni_thr_fit/bin/worker.sh: line 79: 268969 Terminated              bash "$THR_ROOT/bin/heartbeat.sh" "$UNIT"
/iopsstor/scratch/cscs/dthapa/system3_qwem_omni_8_28/omni_thr_fit/bin/worker.sh: line 79: 43063 Terminated              bash "$THR_ROOT/bin/heartbeat.sh" "$UNIT"
/iopsstor/scratch/cscs/dthapa/system3_qwem_omni_8_28/omni_thr_fit/bin/worker.sh: line 79: 65509 Terminated              bash "$THR_ROOT/bin/heartbeat.sh" "$UNIT"
/iopsstor/scratch/cscs/dthapa/system3_qwem_omni_8_28/omni_thr_fit/bin/worker.sh: line 79: 111264 Terminated              bash "$THR_ROOT/bin/heartbeat.sh" "$UNIT"
/iopsstor/scratch/cscs/dthapa/system3_qwem_omni_8_28/omni_thr_fit/bin/worker.sh: line 79: 269018 Terminated              bash "$THR_ROOT/bin/heartbeat.sh" "$UNIT"
/iopsstor/scratch/cscs/dthapa/system3_qwem_omni_8_28/omni_thr_fit/bin/worker.sh: line 79: 43089 Terminated              bash "$THR_ROOT/bin/heartbeat.sh" "$UNIT"
/iopsstor/scratch/cscs/dthapa/system3_qwem_omni_8_28/omni_thr_fit/bin/worker.sh: line 79: 111300 Terminated              bash "$THR_ROOT/bin/heartbeat.sh" "$UNIT"
/iopsstor/scratch/cscs/dthapa/system3_qwem_omni_8_28/omni_thr_fit/bin/worker.sh: line 79: 65542 Terminated              bash "$THR_ROOT/bin/heartbeat.sh" "$UNIT"
/iopsstor/scratch/cscs/dthapa/system3_qwem_omni_8_28/omni_thr_fit/bin/worker.sh: line 79: 269054 Terminated              bash "$THR_ROOT/bin/heartbeat.sh" "$UNIT"
/iopsstor/scratch/cscs/dthapa/system3_qwem_omni_8_28/omni_thr_fit/bin/worker.sh: line 79: 65566 Terminated              bash "$THR_ROOT/bin/heartbeat.sh" "$UNIT"
/iopsstor/scratch/cscs/dthapa/system3_qwem_omni_8_28/omni_thr_fit/bin/worker.sh: line 79: 111325 Terminated              bash "$THR_ROOT/bin/heartbeat.sh" "$UNIT"
/iopsstor/scratch/cscs/dthapa/system3_qwem_omni_8_28/omni_thr_fit/bin/worker.sh: line 79: 43129 Terminated              bash "$THR_ROOT/bin/heartbeat.sh" "$UNIT"
/iopsstor/scratch/cscs/dthapa/system3_qwem_omni_8_28/omni_thr_fit/bin/worker.sh: line 79: 269075 Terminated              bash "$THR_ROOT/bin/heartbeat.sh" "$UNIT"
/iopsstor/scratch/cscs/dthapa/system3_qwem_omni_8_28/omni_thr_fit/bin/worker.sh: line 79: 65629 Terminated              bash "$THR_ROOT/bin/heartbeat.sh" "$UNIT"
/iopsstor/scratch/cscs/dthapa/system3_qwem_omni_8_28/omni_thr_fit/bin/worker.sh: line 79: 43187 Terminated              bash "$THR_ROOT/bin/heartbeat.sh" "$UNIT"
/iopsstor/scratch/cscs/dthapa/system3_qwem_omni_8_28/omni_thr_fit/bin/worker.sh: line 79: 111392 Terminated              bash "$THR_ROOT/bin/heartbeat.sh" "$UNIT"
/iopsstor/scratch/cscs/dthapa/system3_qwem_omni_8_28/omni_thr_fit/bin/worker.sh: line 79: 269147 Terminated              bash "$THR_ROOT/bin/heartbeat.sh" "$UNIT"
/iopsstor/scratch/cscs/dthapa/system3_qwem_omni_8_28/omni_thr_fit/bin/worker.sh: line 79: 43231 Terminated              bash "$THR_ROOT/bin/heartbeat.sh" "$UNIT"
/iopsstor/scratch/cscs/dthapa/system3_qwem_omni_8_28/omni_thr_fit/bin/worker.sh: line 79: 65674 Terminated              bash "$THR_ROOT/bin/heartbeat.sh" "$UNIT"
/iopsstor/scratch/cscs/dthapa/system3_qwem_omni_8_28/omni_thr_fit/bin/worker.sh: line 79: 111433 Terminated              bash "$THR_ROOT/bin/heartbeat.sh" "$UNIT"
/iopsstor/scratch/cscs/dthapa/system3_qwem_omni_8_28/omni_thr_fit/bin/worker.sh: line 79: 269188 Terminated              bash "$THR_ROOT/bin/heartbeat.sh" "$UNIT"
/iopsstor/scratch/cscs/dthapa/system3_qwem_omni_8_28/omni_thr_fit/bin/worker.sh: line 79: 43270 Terminated              bash "$THR_ROOT/bin/heartbeat.sh" "$UNIT"
/iopsstor/scratch/cscs/dthapa/system3_qwem_omni_8_28/omni_thr_fit/bin/worker.sh: line 79: 65741 Terminated              bash "$THR_ROOT/bin/heartbeat.sh" "$UNIT"
/iopsstor/scratch/cscs/dthapa/system3_qwem_omni_8_28/omni_thr_fit/bin/worker.sh: line 79: 111474 Terminated              bash "$THR_ROOT/bin/heartbeat.sh" "$UNIT"
/iopsstor/scratch/cscs/dthapa/system3_qwem_omni_8_28/omni_thr_fit/bin/worker.sh: line 79: 111498 Terminated              bash "$THR_ROOT/bin/heartbeat.sh" "$UNIT"
/iopsstor/scratch/cscs/dthapa/system3_qwem_omni_8_28/omni_thr_fit/bin/worker.sh: line 79: 269230 Terminated              bash "$THR_ROOT/bin/heartbeat.sh" "$UNIT"
/iopsstor/scratch/cscs/dthapa/system3_qwem_omni_8_28/omni_thr_fit/bin/worker.sh: line 79: 65757 Terminated              bash "$THR_ROOT/bin/heartbeat.sh" "$UNIT"
/iopsstor/scratch/cscs/dthapa/system3_qwem_omni_8_28/omni_thr_fit/bin/worker.sh: line 79: 269254 Terminated              bash "$THR_ROOT/bin/heartbeat.sh" "$UNIT"
/iopsstor/scratch/cscs/dthapa/system3_qwem_omni_8_28/omni_thr_fit/bin/worker.sh: line 79: 43306 Terminated              bash "$THR_ROOT/bin/heartbeat.sh" "$UNIT"
/iopsstor/scratch/cscs/dthapa/system3_qwem_omni_8_28/omni_thr_fit/bin/worker.sh: line 79: 65822 Terminated              bash "$THR_ROOT/bin/heartbeat.sh" "$UNIT"
/iopsstor/scratch/cscs/dthapa/system3_qwem_omni_8_28/omni_thr_fit/bin/worker.sh: line 79: 111563 Terminated              bash "$THR_ROOT/bin/heartbeat.sh" "$UNIT"
/iopsstor/scratch/cscs/dthapa/system3_qwem_omni_8_28/omni_thr_fit/bin/worker.sh: line 79: 43377 Terminated              bash "$THR_ROOT/bin/heartbeat.sh" "$UNIT"
/iopsstor/scratch/cscs/dthapa/system3_qwem_omni_8_28/omni_thr_fit/bin/worker.sh: line 79: 65860 Terminated              bash "$THR_ROOT/bin/heartbeat.sh" "$UNIT"
/iopsstor/scratch/cscs/dthapa/system3_qwem_omni_8_28/omni_thr_fit/bin/worker.sh: line 79: 43421 Terminated              bash "$THR_ROOT/bin/heartbeat.sh" "$UNIT"
/iopsstor/scratch/cscs/dthapa/system3_qwem_omni_8_28/omni_thr_fit/bin/worker.sh: line 79: 111623 Terminated              bash "$THR_ROOT/bin/heartbeat.sh" "$UNIT"
/iopsstor/scratch/cscs/dthapa/system3_qwem_omni_8_28/omni_thr_fit/bin/worker.sh: line 79: 269339 Terminated              bash "$THR_ROOT/bin/heartbeat.sh" "$UNIT"
/iopsstor/scratch/cscs/dthapa/system3_qwem_omni_8_28/omni_thr_fit/bin/worker.sh: line 79: 269386 Terminated              bash "$THR_ROOT/bin/heartbeat.sh" "$UNIT"
/iopsstor/scratch/cscs/dthapa/system3_qwem_omni_8_28/omni_thr_fit/bin/worker.sh: line 79: 65912 Terminated              bash "$THR_ROOT/bin/heartbeat.sh" "$UNIT"
/iopsstor/scratch/cscs/dthapa/system3_qwem_omni_8_28/omni_thr_fit/bin/worker.sh: line 79: 43464 Terminated              bash "$THR_ROOT/bin/heartbeat.sh" "$UNIT"
/iopsstor/scratch/cscs/dthapa/system3_qwem_omni_8_28/omni_thr_fit/bin/worker.sh: line 79: 111674 Terminated              bash "$THR_ROOT/bin/heartbeat.sh" "$UNIT"
/iopsstor/scratch/cscs/dthapa/system3_qwem_omni_8_28/omni_thr_fit/bin/worker.sh: line 79: 269426 Terminated              bash "$THR_ROOT/bin/heartbeat.sh" "$UNIT"
/iopsstor/scratch/cscs/dthapa/system3_qwem_omni_8_28/omni_thr_fit/bin/worker.sh: line 79: 65944 Terminated              bash "$THR_ROOT/bin/heartbeat.sh" "$UNIT"
/iopsstor/scratch/cscs/dthapa/system3_qwem_omni_8_28/omni_thr_fit/bin/worker.sh: line 79: 269451 Terminated              bash "$THR_ROOT/bin/heartbeat.sh" "$UNIT"
/iopsstor/scratch/cscs/dthapa/system3_qwem_omni_8_28/omni_thr_fit/bin/worker.sh: line 79: 43506 Terminated              bash "$THR_ROOT/bin/heartbeat.sh" "$UNIT"
/iopsstor/scratch/cscs/dthapa/system3_qwem_omni_8_28/omni_thr_fit/bin/worker.sh: line 79: 65992 Terminated              bash "$THR_ROOT/bin/heartbeat.sh" "$UNIT"
/iopsstor/scratch/cscs/dthapa/system3_qwem_omni_8_28/omni_thr_fit/bin/worker.sh: line 79: 111690 Terminated              bash "$THR_ROOT/bin/heartbeat.sh" "$UNIT"
/iopsstor/scratch/cscs/dthapa/system3_qwem_omni_8_28/omni_thr_fit/bin/worker.sh: line 79: 111755 Terminated              bash "$THR_ROOT/bin/heartbeat.sh" "$UNIT"
/iopsstor/scratch/cscs/dthapa/system3_qwem_omni_8_28/omni_thr_fit/bin/worker.sh: line 79: 43554 Terminated              bash "$THR_ROOT/bin/heartbeat.sh" "$UNIT"
/iopsstor/scratch/cscs/dthapa/system3_qwem_omni_8_28/omni_thr_fit/bin/worker.sh: line 79: 66029 Terminated              bash "$THR_ROOT/bin/heartbeat.sh" "$UNIT"
/iopsstor/scratch/cscs/dthapa/system3_qwem_omni_8_28/omni_thr_fit/bin/worker.sh: line 79: 43581 Terminated              bash "$THR_ROOT/bin/heartbeat.sh" "$UNIT"
/iopsstor/scratch/cscs/dthapa/system3_qwem_omni_8_28/omni_thr_fit/bin/worker.sh: line 79: 111791 Terminated              bash "$THR_ROOT/bin/heartbeat.sh" "$UNIT"
/iopsstor/scratch/cscs/dthapa/system3_qwem_omni_8_28/omni_thr_fit/bin/worker.sh: line 79: 269518 Terminated              bash "$THR_ROOT/bin/heartbeat.sh" "$UNIT"
/iopsstor/scratch/cscs/dthapa/system3_qwem_omni_8_28/omni_thr_fit/bin/worker.sh: line 79: 66088 Terminated              bash "$THR_ROOT/bin/heartbeat.sh" "$UNIT"
/iopsstor/scratch/cscs/dthapa/system3_qwem_omni_8_28/omni_thr_fit/bin/worker.sh: line 79: 269561 Terminated              bash "$THR_ROOT/bin/heartbeat.sh" "$UNIT"
/iopsstor/scratch/cscs/dthapa/system3_qwem_omni_8_28/omni_thr_fit/bin/worker.sh: line 79: 43642 Terminated              bash "$THR_ROOT/bin/heartbeat.sh" "$UNIT"
/iopsstor/scratch/cscs/dthapa/system3_qwem_omni_8_28/omni_thr_fit/bin/worker.sh: line 79: 111849 Terminated              bash "$THR_ROOT/bin/heartbeat.sh" "$UNIT"
/iopsstor/scratch/cscs/dthapa/system3_qwem_omni_8_28/omni_thr_fit/bin/worker.sh: line 79: 66130 Terminated              bash "$THR_ROOT/bin/heartbeat.sh" "$UNIT"
/iopsstor/scratch/cscs/dthapa/system3_qwem_omni_8_28/omni_thr_fit/bin/worker.sh: line 79: 269608 Terminated              bash "$THR_ROOT/bin/heartbeat.sh" "$UNIT"
/iopsstor/scratch/cscs/dthapa/system3_qwem_omni_8_28/omni_thr_fit/bin/worker.sh: line 79: 66160 Terminated              bash "$THR_ROOT/bin/heartbeat.sh" "$UNIT"
/iopsstor/scratch/cscs/dthapa/system3_qwem_omni_8_28/omni_thr_fit/bin/worker.sh: line 79: 269629 Terminated              bash "$THR_ROOT/bin/heartbeat.sh" "$UNIT"
/iopsstor/scratch/cscs/dthapa/system3_qwem_omni_8_28/omni_thr_fit/bin/worker.sh: line 79: 43684 Terminated              bash "$THR_ROOT/bin/heartbeat.sh" "$UNIT"
/iopsstor/scratch/cscs/dthapa/system3_qwem_omni_8_28/omni_thr_fit/bin/worker.sh: line 79: 111889 Terminated              bash "$THR_ROOT/bin/heartbeat.sh" "$UNIT"
/iopsstor/scratch/cscs/dthapa/system3_qwem_omni_8_28/omni_thr_fit/bin/worker.sh: line 79: 111925 Terminated              bash "$THR_ROOT/bin/heartbeat.sh" "$UNIT"
/iopsstor/scratch/cscs/dthapa/system3_qwem_omni_8_28/omni_thr_fit/bin/worker.sh: line 79: 66225 Terminated              bash "$THR_ROOT/bin/heartbeat.sh" "$UNIT"
/iopsstor/scratch/cscs/dthapa/system3_qwem_omni_8_28/omni_thr_fit/bin/worker.sh: line 79: 43740 Terminated              bash "$THR_ROOT/bin/heartbeat.sh" "$UNIT"
/iopsstor/scratch/cscs/dthapa/system3_qwem_omni_8_28/omni_thr_fit/bin/worker.sh: line 79: 111963 Terminated              bash "$THR_ROOT/bin/heartbeat.sh" "$UNIT"
/iopsstor/scratch/cscs/dthapa/system3_qwem_omni_8_28/omni_thr_fit/bin/worker.sh: line 79: 43756 Terminated              bash "$THR_ROOT/bin/heartbeat.sh" "$UNIT"
/iopsstor/scratch/cscs/dthapa/system3_qwem_omni_8_28/omni_thr_fit/bin/worker.sh: line 79: 269716 Terminated              bash "$THR_ROOT/bin/heartbeat.sh" "$UNIT"
/iopsstor/scratch/cscs/dthapa/system3_qwem_omni_8_28/omni_thr_fit/bin/worker.sh: line 79: 66287 Terminated              bash "$THR_ROOT/bin/heartbeat.sh" "$UNIT"
/iopsstor/scratch/cscs/dthapa/system3_qwem_omni_8_28/omni_thr_fit/bin/worker.sh: line 79: 269765 Terminated              bash "$THR_ROOT/bin/heartbeat.sh" "$UNIT"
/iopsstor/scratch/cscs/dthapa/system3_qwem_omni_8_28/omni_thr_fit/bin/worker.sh: line 79: 43838 Terminated              bash "$THR_ROOT/bin/heartbeat.sh" "$UNIT"
/iopsstor/scratch/cscs/dthapa/system3_qwem_omni_8_28/omni_thr_fit/bin/worker.sh: line 79: 112022 Terminated              bash "$THR_ROOT/bin/heartbeat.sh" "$UNIT"
/iopsstor/scratch/cscs/dthapa/system3_qwem_omni_8_28/omni_thr_fit/bin/worker.sh: line 79: 66326 Terminated              bash "$THR_ROOT/bin/heartbeat.sh" "$UNIT"
/iopsstor/scratch/cscs/dthapa/system3_qwem_omni_8_28/omni_thr_fit/bin/worker.sh: line 79: 269799 Terminated              bash "$THR_ROOT/bin/heartbeat.sh" "$UNIT"
/iopsstor/scratch/cscs/dthapa/system3_qwem_omni_8_28/omni_thr_fit/bin/worker.sh: line 79: 66349 Terminated              bash "$THR_ROOT/bin/heartbeat.sh" "$UNIT"
/iopsstor/scratch/cscs/dthapa/system3_qwem_omni_8_28/omni_thr_fit/bin/worker.sh: line 79: 269827 Terminated              bash "$THR_ROOT/bin/heartbeat.sh" "$UNIT"
/iopsstor/scratch/cscs/dthapa/system3_qwem_omni_8_28/omni_thr_fit/bin/worker.sh: line 79: 112084 Terminated              bash "$THR_ROOT/bin/heartbeat.sh" "$UNIT"
/iopsstor/scratch/cscs/dthapa/system3_qwem_omni_8_28/omni_thr_fit/bin/worker.sh: line 79: 43875 Terminated              bash "$THR_ROOT/bin/heartbeat.sh" "$UNIT"
/iopsstor/scratch/cscs/dthapa/system3_qwem_omni_8_28/omni_thr_fit/bin/worker.sh: line 79: 112114 Terminated              bash "$THR_ROOT/bin/heartbeat.sh" "$UNIT"
/iopsstor/scratch/cscs/dthapa/system3_qwem_omni_8_28/omni_thr_fit/bin/worker.sh: line 79: 66399 Terminated              bash "$THR_ROOT/bin/heartbeat.sh" "$UNIT"
/iopsstor/scratch/cscs/dthapa/system3_qwem_omni_8_28/omni_thr_fit/bin/worker.sh: line 79: 112156 Terminated              bash "$THR_ROOT/bin/heartbeat.sh" "$UNIT"
/iopsstor/scratch/cscs/dthapa/system3_qwem_omni_8_28/omni_thr_fit/bin/worker.sh: line 79: 43938 Terminated              bash "$THR_ROOT/bin/heartbeat.sh" "$UNIT"
/iopsstor/scratch/cscs/dthapa/system3_qwem_omni_8_28/omni_thr_fit/bin/worker.sh: line 79: 43959 Terminated              bash "$THR_ROOT/bin/heartbeat.sh" "$UNIT"
/iopsstor/scratch/cscs/dthapa/system3_qwem_omni_8_28/omni_thr_fit/bin/worker.sh: line 79: 269896 Terminated              bash "$THR_ROOT/bin/heartbeat.sh" "$UNIT"
/iopsstor/scratch/cscs/dthapa/system3_qwem_omni_8_28/omni_thr_fit/bin/worker.sh: line 79: 66460 Terminated              bash "$THR_ROOT/bin/heartbeat.sh" "$UNIT"
/iopsstor/scratch/cscs/dthapa/system3_qwem_omni_8_28/omni_thr_fit/bin/worker.sh: line 79: 269937 Terminated              bash "$THR_ROOT/bin/heartbeat.sh" "$UNIT"
/iopsstor/scratch/cscs/dthapa/system3_qwem_omni_8_28/omni_thr_fit/bin/worker.sh: line 79: 112226 Terminated              bash "$THR_ROOT/bin/heartbeat.sh" "$UNIT"
/iopsstor/scratch/cscs/dthapa/system3_qwem_omni_8_28/omni_thr_fit/bin/worker.sh: line 79: 44019 Terminated              bash "$THR_ROOT/bin/heartbeat.sh" "$UNIT"
/iopsstor/scratch/cscs/dthapa/system3_qwem_omni_8_28/omni_thr_fit/bin/worker.sh: line 79: 66502 Terminated              bash "$THR_ROOT/bin/heartbeat.sh" "$UNIT"
/iopsstor/scratch/cscs/dthapa/system3_qwem_omni_8_28/omni_thr_fit/bin/worker.sh: line 79: 66525 Terminated              bash "$THR_ROOT/bin/heartbeat.sh" "$UNIT"
/iopsstor/scratch/cscs/dthapa/system3_qwem_omni_8_28/omni_thr_fit/bin/worker.sh: line 79: 269978 Terminated              bash "$THR_ROOT/bin/heartbeat.sh" "$UNIT"
/iopsstor/scratch/cscs/dthapa/system3_qwem_omni_8_28/omni_thr_fit/bin/worker.sh: line 79: 112291 Terminated              bash "$THR_ROOT/bin/heartbeat.sh" "$UNIT"
/iopsstor/scratch/cscs/dthapa/system3_qwem_omni_8_28/omni_thr_fit/bin/worker.sh: line 79: 270005 Terminated              bash "$THR_ROOT/bin/heartbeat.sh" "$UNIT"
/iopsstor/scratch/cscs/dthapa/system3_qwem_omni_8_28/omni_thr_fit/bin/worker.sh: line 79: 44063 Terminated              bash "$THR_ROOT/bin/heartbeat.sh" "$UNIT"
/iopsstor/scratch/cscs/dthapa/system3_qwem_omni_8_28/omni_thr_fit/bin/worker.sh: line 79: 112312 Terminated              bash "$THR_ROOT/bin/heartbeat.sh" "$UNIT"
/iopsstor/scratch/cscs/dthapa/system3_qwem_omni_8_28/omni_thr_fit/bin/worker.sh: line 79: 66572 Terminated              bash "$THR_ROOT/bin/heartbeat.sh" "$UNIT"
/iopsstor/scratch/cscs/dthapa/system3_qwem_omni_8_28/omni_thr_fit/bin/worker.sh: line 79: 112353 Terminated              bash "$THR_ROOT/bin/heartbeat.sh" "$UNIT"
/iopsstor/scratch/cscs/dthapa/system3_qwem_omni_8_28/omni_thr_fit/bin/worker.sh: line 79: 44114 Terminated              bash "$THR_ROOT/bin/heartbeat.sh" "$UNIT"
/iopsstor/scratch/cscs/dthapa/system3_qwem_omni_8_28/omni_thr_fit/bin/worker.sh: line 79: 44135 Terminated              bash "$THR_ROOT/bin/heartbeat.sh" "$UNIT"
/iopsstor/scratch/cscs/dthapa/system3_qwem_omni_8_28/omni_thr_fit/bin/worker.sh: line 79: 270069 Terminated              bash "$THR_ROOT/bin/heartbeat.sh" "$UNIT"
/iopsstor/scratch/cscs/dthapa/system3_qwem_omni_8_28/omni_thr_fit/bin/worker.sh: line 79: 66655 Terminated              bash "$THR_ROOT/bin/heartbeat.sh" "$UNIT"
/iopsstor/scratch/cscs/dthapa/system3_qwem_omni_8_28/omni_thr_fit/bin/worker.sh: line 79: 270123 Terminated              bash "$THR_ROOT/bin/heartbeat.sh" "$UNIT"
/iopsstor/scratch/cscs/dthapa/system3_qwem_omni_8_28/omni_thr_fit/bin/worker.sh: line 79: 112414 Terminated              bash "$THR_ROOT/bin/heartbeat.sh" "$UNIT"
/iopsstor/scratch/cscs/dthapa/system3_qwem_omni_8_28/omni_thr_fit/bin/worker.sh: line 79: 44198 Terminated              bash "$THR_ROOT/bin/heartbeat.sh" "$UNIT"
/iopsstor/scratch/cscs/dthapa/system3_qwem_omni_8_28/omni_thr_fit/bin/worker.sh: line 79: 66701 Terminated              bash "$THR_ROOT/bin/heartbeat.sh" "$UNIT"
/iopsstor/scratch/cscs/dthapa/system3_qwem_omni_8_28/omni_thr_fit/bin/worker.sh: line 79: 66721 Terminated              bash "$THR_ROOT/bin/heartbeat.sh" "$UNIT"
/iopsstor/scratch/cscs/dthapa/system3_qwem_omni_8_28/omni_thr_fit/bin/worker.sh: line 79: 112471 Terminated              bash "$THR_ROOT/bin/heartbeat.sh" "$UNIT"
/iopsstor/scratch/cscs/dthapa/system3_qwem_omni_8_28/omni_thr_fit/bin/worker.sh: line 79: 44260 Terminated              bash "$THR_ROOT/bin/heartbeat.sh" "$UNIT"
/iopsstor/scratch/cscs/dthapa/system3_qwem_omni_8_28/omni_thr_fit/bin/worker.sh: line 79: 112492 Terminated              bash "$THR_ROOT/bin/heartbeat.sh" "$UNIT"
/iopsstor/scratch/cscs/dthapa/system3_qwem_omni_8_28/omni_thr_fit/bin/worker.sh: line 79: 270180 Terminated              bash "$THR_ROOT/bin/heartbeat.sh" "$UNIT"
/iopsstor/scratch/cscs/dthapa/system3_qwem_omni_8_28/omni_thr_fit/bin/worker.sh: line 79: 270196 Terminated              bash "$THR_ROOT/bin/heartbeat.sh" "$UNIT"
/iopsstor/scratch/cscs/dthapa/system3_qwem_omni_8_28/omni_thr_fit/bin/worker.sh: line 79: 66763 Terminated              bash "$THR_ROOT/bin/heartbeat.sh" "$UNIT"
/iopsstor/scratch/cscs/dthapa/system3_qwem_omni_8_28/omni_thr_fit/bin/worker.sh: line 79: 112551 Terminated              bash "$THR_ROOT/bin/heartbeat.sh" "$UNIT"
/iopsstor/scratch/cscs/dthapa/system3_qwem_omni_8_28/omni_thr_fit/bin/worker.sh: line 79: 270260 Terminated              bash "$THR_ROOT/bin/heartbeat.sh" "$UNIT"
/iopsstor/scratch/cscs/dthapa/system3_qwem_omni_8_28/omni_thr_fit/bin/worker.sh: line 79: 44316 Terminated              bash "$THR_ROOT/bin/heartbeat.sh" "$UNIT"
/iopsstor/scratch/cscs/dthapa/system3_qwem_omni_8_28/omni_thr_fit/bin/worker.sh: line 79: 44330 Terminated              bash "$THR_ROOT/bin/heartbeat.sh" "$UNIT"
/iopsstor/scratch/cscs/dthapa/system3_qwem_omni_8_28/omni_thr_fit/bin/worker.sh: line 79: 66816 Terminated              bash "$THR_ROOT/bin/heartbeat.sh" "$UNIT"
/iopsstor/scratch/cscs/dthapa/system3_qwem_omni_8_28/omni_thr_fit/bin/worker.sh: line 79: 112609 Terminated              bash "$THR_ROOT/bin/heartbeat.sh" "$UNIT"
/iopsstor/scratch/cscs/dthapa/system3_qwem_omni_8_28/omni_thr_fit/bin/worker.sh: line 79: 270296 Terminated              bash "$THR_ROOT/bin/heartbeat.sh" "$UNIT"
/iopsstor/scratch/cscs/dthapa/system3_qwem_omni_8_28/omni_thr_fit/bin/worker.sh: line 79: 44393 Terminated              bash "$THR_ROOT/bin/heartbeat.sh" "$UNIT"
/iopsstor/scratch/cscs/dthapa/system3_qwem_omni_8_28/omni_thr_fit/bin/worker.sh: line 79: 66879 Terminated              bash "$THR_ROOT/bin/heartbeat.sh" "$UNIT"
/iopsstor/scratch/cscs/dthapa/system3_qwem_omni_8_28/omni_thr_fit/bin/worker.sh: line 79: 112663 Terminated              bash "$THR_ROOT/bin/heartbeat.sh" "$UNIT"
/iopsstor/scratch/cscs/dthapa/system3_qwem_omni_8_28/omni_thr_fit/bin/worker.sh: line 79: 66895 Terminated              bash "$THR_ROOT/bin/heartbeat.sh" "$UNIT"
/iopsstor/scratch/cscs/dthapa/system3_qwem_omni_8_28/omni_thr_fit/bin/worker.sh: line 79: 44429 Terminated              bash "$THR_ROOT/bin/heartbeat.sh" "$UNIT"
/iopsstor/scratch/cscs/dthapa/system3_qwem_omni_8_28/omni_thr_fit/bin/worker.sh: line 79: 112684 Terminated              bash "$THR_ROOT/bin/heartbeat.sh" "$UNIT"
/iopsstor/scratch/cscs/dthapa/system3_qwem_omni_8_28/omni_thr_fit/bin/worker.sh: line 79: 270362 Terminated              bash "$THR_ROOT/bin/heartbeat.sh" "$UNIT"
/iopsstor/scratch/cscs/dthapa/system3_qwem_omni_8_28/omni_thr_fit/bin/worker.sh: line 79: 270387 Terminated              bash "$THR_ROOT/bin/heartbeat.sh" "$UNIT"
/iopsstor/scratch/cscs/dthapa/system3_qwem_omni_8_28/omni_thr_fit/bin/worker.sh: line 79: 66939 Terminated              bash "$THR_ROOT/bin/heartbeat.sh" "$UNIT"
/iopsstor/scratch/cscs/dthapa/system3_qwem_omni_8_28/omni_thr_fit/bin/worker.sh: line 79: 112724 Terminated              bash "$THR_ROOT/bin/heartbeat.sh" "$UNIT"
/iopsstor/scratch/cscs/dthapa/system3_qwem_omni_8_28/omni_thr_fit/bin/worker.sh: line 79: 270434 Terminated              bash "$THR_ROOT/bin/heartbeat.sh" "$UNIT"
/iopsstor/scratch/cscs/dthapa/system3_qwem_omni_8_28/omni_thr_fit/bin/worker.sh: line 79: 44491 Terminated              bash "$THR_ROOT/bin/heartbeat.sh" "$UNIT"
/iopsstor/scratch/cscs/dthapa/system3_qwem_omni_8_28/omni_thr_fit/bin/worker.sh: line 79: 66985 Terminated              bash "$THR_ROOT/bin/heartbeat.sh" "$UNIT"
/iopsstor/scratch/cscs/dthapa/system3_qwem_omni_8_28/omni_thr_fit/bin/worker.sh: line 79: 44513 Terminated              bash "$THR_ROOT/bin/heartbeat.sh" "$UNIT"
/iopsstor/scratch/cscs/dthapa/system3_qwem_omni_8_28/omni_thr_fit/bin/worker.sh: line 79: 112782 Terminated              bash "$THR_ROOT/bin/heartbeat.sh" "$UNIT"
/iopsstor/scratch/cscs/dthapa/system3_qwem_omni_8_28/omni_thr_fit/bin/worker.sh: line 79: 270475 Terminated              bash "$THR_ROOT/bin/heartbeat.sh" "$UNIT"
/iopsstor/scratch/cscs/dthapa/system3_qwem_omni_8_28/omni_thr_fit/bin/worker.sh: line 79: 44566 Terminated              bash "$THR_ROOT/bin/heartbeat.sh" "$UNIT"
/iopsstor/scratch/cscs/dthapa/system3_qwem_omni_8_28/omni_thr_fit/bin/worker.sh: line 79: 67054 Terminated              bash "$THR_ROOT/bin/heartbeat.sh" "$UNIT"
/iopsstor/scratch/cscs/dthapa/system3_qwem_omni_8_28/omni_thr_fit/bin/worker.sh: line 79: 112836 Terminated              bash "$THR_ROOT/bin/heartbeat.sh" "$UNIT"
/iopsstor/scratch/cscs/dthapa/system3_qwem_omni_8_28/omni_thr_fit/bin/worker.sh: line 79: 112857 Terminated              bash "$THR_ROOT/bin/heartbeat.sh" "$UNIT"
/iopsstor/scratch/cscs/dthapa/system3_qwem_omni_8_28/omni_thr_fit/bin/worker.sh: line 79: 67074 Terminated              bash "$THR_ROOT/bin/heartbeat.sh" "$UNIT"
/iopsstor/scratch/cscs/dthapa/system3_qwem_omni_8_28/omni_thr_fit/bin/worker.sh: line 79: 270541 Terminated              bash "$THR_ROOT/bin/heartbeat.sh" "$UNIT"
/iopsstor/scratch/cscs/dthapa/system3_qwem_omni_8_28/omni_thr_fit/bin/worker.sh: line 79: 44602 Terminated              bash "$THR_ROOT/bin/heartbeat.sh" "$UNIT"
/iopsstor/scratch/cscs/dthapa/system3_qwem_omni_8_28/omni_thr_fit/bin/worker.sh: line 79: 112897 Terminated              bash "$THR_ROOT/bin/heartbeat.sh" "$UNIT"
/iopsstor/scratch/cscs/dthapa/system3_qwem_omni_8_28/omni_thr_fit/bin/worker.sh: line 79: 67140 Terminated              bash "$THR_ROOT/bin/heartbeat.sh" "$UNIT"
/iopsstor/scratch/cscs/dthapa/system3_qwem_omni_8_28/omni_thr_fit/bin/worker.sh: line 79: 270565 Terminated              bash "$THR_ROOT/bin/heartbeat.sh" "$UNIT"
/iopsstor/scratch/cscs/dthapa/system3_qwem_omni_8_28/omni_thr_fit/bin/worker.sh: line 79: 270621 Terminated              bash "$THR_ROOT/bin/heartbeat.sh" "$UNIT"
/iopsstor/scratch/cscs/dthapa/system3_qwem_omni_8_28/omni_thr_fit/bin/worker.sh: line 79: 44661 Terminated              bash "$THR_ROOT/bin/heartbeat.sh" "$UNIT"
/iopsstor/scratch/cscs/dthapa/system3_qwem_omni_8_28/omni_thr_fit/bin/worker.sh: line 79: 67187 Terminated              bash "$THR_ROOT/bin/heartbeat.sh" "$UNIT"
/iopsstor/scratch/cscs/dthapa/system3_qwem_omni_8_28/omni_thr_fit/bin/worker.sh: line 79: 112946 Terminated              bash "$THR_ROOT/bin/heartbeat.sh" "$UNIT"
/iopsstor/scratch/cscs/dthapa/system3_qwem_omni_8_28/omni_thr_fit/bin/worker.sh: line 79: 44712 Terminated              bash "$THR_ROOT/bin/heartbeat.sh" "$UNIT"
/iopsstor/scratch/cscs/dthapa/system3_qwem_omni_8_28/omni_thr_fit/bin/worker.sh: line 79: 270669 Terminated              bash "$THR_ROOT/bin/heartbeat.sh" "$UNIT"
/iopsstor/scratch/cscs/dthapa/system3_qwem_omni_8_28/omni_thr_fit/bin/worker.sh: line 79: 44753 Terminated              bash "$THR_ROOT/bin/heartbeat.sh" "$UNIT"
/iopsstor/scratch/cscs/dthapa/system3_qwem_omni_8_28/omni_thr_fit/bin/worker.sh: line 79: 67249 Terminated              bash "$THR_ROOT/bin/heartbeat.sh" "$UNIT"
/iopsstor/scratch/cscs/dthapa/system3_qwem_omni_8_28/omni_thr_fit/bin/worker.sh: line 79: 113029 Terminated              bash "$THR_ROOT/bin/heartbeat.sh" "$UNIT"
/iopsstor/scratch/cscs/dthapa/system3_qwem_omni_8_28/omni_thr_fit/bin/worker.sh: line 79: 67278 Terminated              bash "$THR_ROOT/bin/heartbeat.sh" "$UNIT"
/iopsstor/scratch/cscs/dthapa/system3_qwem_omni_8_28/omni_thr_fit/bin/worker.sh: line 79: 113050 Terminated              bash "$THR_ROOT/bin/heartbeat.sh" "$UNIT"
/iopsstor/scratch/cscs/dthapa/system3_qwem_omni_8_28/omni_thr_fit/bin/worker.sh: line 79: 270735 Terminated              bash "$THR_ROOT/bin/heartbeat.sh" "$UNIT"
/iopsstor/scratch/cscs/dthapa/system3_qwem_omni_8_28/omni_thr_fit/bin/worker.sh: line 79: 44806 Terminated              bash "$THR_ROOT/bin/heartbeat.sh" "$UNIT"
/iopsstor/scratch/cscs/dthapa/system3_qwem_omni_8_28/omni_thr_fit/bin/worker.sh: line 79: 113090 Terminated              bash "$THR_ROOT/bin/heartbeat.sh" "$UNIT"
/iopsstor/scratch/cscs/dthapa/system3_qwem_omni_8_28/omni_thr_fit/bin/worker.sh: line 79: 67316 Terminated              bash "$THR_ROOT/bin/heartbeat.sh" "$UNIT"
/iopsstor/scratch/cscs/dthapa/system3_qwem_omni_8_28/omni_thr_fit/bin/worker.sh: line 79: 270770 Terminated              bash "$THR_ROOT/bin/heartbeat.sh" "$UNIT"
/iopsstor/scratch/cscs/dthapa/system3_qwem_omni_8_28/omni_thr_fit/bin/worker.sh: line 79: 270791 Terminated              bash "$THR_ROOT/bin/heartbeat.sh" "$UNIT"
/iopsstor/scratch/cscs/dthapa/system3_qwem_omni_8_28/omni_thr_fit/bin/worker.sh: line 79: 44854 Terminated              bash "$THR_ROOT/bin/heartbeat.sh" "$UNIT"
/iopsstor/scratch/cscs/dthapa/system3_qwem_omni_8_28/omni_thr_fit/bin/worker.sh: line 79: 113138 Terminated              bash "$THR_ROOT/bin/heartbeat.sh" "$UNIT"
/iopsstor/scratch/cscs/dthapa/system3_qwem_omni_8_28/omni_thr_fit/bin/worker.sh: line 79: 67362 Terminated              bash "$THR_ROOT/bin/heartbeat.sh" "$UNIT"
/iopsstor/scratch/cscs/dthapa/system3_qwem_omni_8_28/omni_thr_fit/bin/worker.sh: line 79: 44894 Terminated              bash "$THR_ROOT/bin/heartbeat.sh" "$UNIT"
/iopsstor/scratch/cscs/dthapa/system3_qwem_omni_8_28/omni_thr_fit/bin/worker.sh: line 79: 270847 Terminated              bash "$THR_ROOT/bin/heartbeat.sh" "$UNIT"
/iopsstor/scratch/cscs/dthapa/system3_qwem_omni_8_28/omni_thr_fit/bin/worker.sh: line 79: 67415 Terminated              bash "$THR_ROOT/bin/heartbeat.sh" "$UNIT"
/iopsstor/scratch/cscs/dthapa/system3_qwem_omni_8_28/omni_thr_fit/bin/worker.sh: line 79: 44932 Terminated              bash "$THR_ROOT/bin/heartbeat.sh" "$UNIT"
/iopsstor/scratch/cscs/dthapa/system3_qwem_omni_8_28/omni_thr_fit/bin/worker.sh: line 79: 113200 Terminated              bash "$THR_ROOT/bin/heartbeat.sh" "$UNIT"
/iopsstor/scratch/cscs/dthapa/system3_qwem_omni_8_28/omni_thr_fit/bin/worker.sh: line 79: 67446 Terminated              bash "$THR_ROOT/bin/heartbeat.sh" "$UNIT"
/iopsstor/scratch/cscs/dthapa/system3_qwem_omni_8_28/omni_thr_fit/bin/worker.sh: line 79: 113224 Terminated              bash "$THR_ROOT/bin/heartbeat.sh" "$UNIT"
/iopsstor/scratch/cscs/dthapa/system3_qwem_omni_8_28/omni_thr_fit/bin/worker.sh: line 79: 270909 Terminated              bash "$THR_ROOT/bin/heartbeat.sh" "$UNIT"
/iopsstor/scratch/cscs/dthapa/system3_qwem_omni_8_28/omni_thr_fit/bin/worker.sh: line 79: 44984 Terminated              bash "$THR_ROOT/bin/heartbeat.sh" "$UNIT"
/iopsstor/scratch/cscs/dthapa/system3_qwem_omni_8_28/omni_thr_fit/bin/worker.sh: line 79: 67487 Terminated              bash "$THR_ROOT/bin/heartbeat.sh" "$UNIT"
/iopsstor/scratch/cscs/dthapa/system3_qwem_omni_8_28/omni_thr_fit/bin/worker.sh: line 79: 113267 Terminated              bash "$THR_ROOT/bin/heartbeat.sh" "$UNIT"
/iopsstor/scratch/cscs/dthapa/system3_qwem_omni_8_28/omni_thr_fit/bin/worker.sh: line 79: 270948 Terminated              bash "$THR_ROOT/bin/heartbeat.sh" "$UNIT"
/iopsstor/scratch/cscs/dthapa/system3_qwem_omni_8_28/omni_thr_fit/bin/worker.sh: line 79: 270965 Terminated              bash "$THR_ROOT/bin/heartbeat.sh" "$UNIT"
/iopsstor/scratch/cscs/dthapa/system3_qwem_omni_8_28/omni_thr_fit/bin/worker.sh: line 79: 45028 Terminated              bash "$THR_ROOT/bin/heartbeat.sh" "$UNIT"
/iopsstor/scratch/cscs/dthapa/system3_qwem_omni_8_28/omni_thr_fit/bin/worker.sh: line 79: 113312 Terminated              bash "$THR_ROOT/bin/heartbeat.sh" "$UNIT"
/iopsstor/scratch/cscs/dthapa/system3_qwem_omni_8_28/omni_thr_fit/bin/worker.sh: line 79: 67560 Terminated              bash "$THR_ROOT/bin/heartbeat.sh" "$UNIT"
/iopsstor/scratch/cscs/dthapa/system3_qwem_omni_8_28/omni_thr_fit/bin/worker.sh: line 79: 271023 Terminated              bash "$THR_ROOT/bin/heartbeat.sh" "$UNIT"
/iopsstor/scratch/cscs/dthapa/system3_qwem_omni_8_28/omni_thr_fit/bin/worker.sh: line 79: 45071 Terminated              bash "$THR_ROOT/bin/heartbeat.sh" "$UNIT"
/iopsstor/scratch/cscs/dthapa/system3_qwem_omni_8_28/omni_thr_fit/bin/worker.sh: line 79: 67603 Terminated              bash "$THR_ROOT/bin/heartbeat.sh" "$UNIT"
/iopsstor/scratch/cscs/dthapa/system3_qwem_omni_8_28/omni_thr_fit/bin/worker.sh: line 79: 45102 Terminated              bash "$THR_ROOT/bin/heartbeat.sh" "$UNIT"
/iopsstor/scratch/cscs/dthapa/system3_qwem_omni_8_28/omni_thr_fit/bin/worker.sh: line 79: 113377 Terminated              bash "$THR_ROOT/bin/heartbeat.sh" "$UNIT"
/iopsstor/scratch/cscs/dthapa/system3_qwem_omni_8_28/omni_thr_fit/bin/worker.sh: line 79: 67639 Terminated              bash "$THR_ROOT/bin/heartbeat.sh" "$UNIT"
/iopsstor/scratch/cscs/dthapa/system3_qwem_omni_8_28/omni_thr_fit/bin/worker.sh: line 79: 113401 Terminated              bash "$THR_ROOT/bin/heartbeat.sh" "$UNIT"
/iopsstor/scratch/cscs/dthapa/system3_qwem_omni_8_28/omni_thr_fit/bin/worker.sh: line 79: 271102 Terminated              bash "$THR_ROOT/bin/heartbeat.sh" "$UNIT"
/iopsstor/scratch/cscs/dthapa/system3_qwem_omni_8_28/omni_thr_fit/bin/worker.sh: line 79: 67680 Terminated              bash "$THR_ROOT/bin/heartbeat.sh" "$UNIT"
/iopsstor/scratch/cscs/dthapa/system3_qwem_omni_8_28/omni_thr_fit/bin/worker.sh: line 79: 113463 Terminated              bash "$THR_ROOT/bin/heartbeat.sh" "$UNIT"
/iopsstor/scratch/cscs/dthapa/system3_qwem_omni_8_28/omni_thr_fit/bin/worker.sh: line 79: 271141 Terminated              bash "$THR_ROOT/bin/heartbeat.sh" "$UNIT"
/iopsstor/scratch/cscs/dthapa/system3_qwem_omni_8_28/omni_thr_fit/bin/worker.sh: line 79: 45181 Terminated              bash "$THR_ROOT/bin/heartbeat.sh" "$UNIT"
/iopsstor/scratch/cscs/dthapa/system3_qwem_omni_8_28/omni_thr_fit/bin/worker.sh: line 79: 271164 Terminated              bash "$THR_ROOT/bin/heartbeat.sh" "$UNIT"
/iopsstor/scratch/cscs/dthapa/system3_qwem_omni_8_28/omni_thr_fit/bin/worker.sh: line 79: 45219 Terminated              bash "$THR_ROOT/bin/heartbeat.sh" "$UNIT"
/iopsstor/scratch/cscs/dthapa/system3_qwem_omni_8_28/omni_thr_fit/bin/worker.sh: line 79: 113509 Terminated              bash "$THR_ROOT/bin/heartbeat.sh" "$UNIT"
/iopsstor/scratch/cscs/dthapa/system3_qwem_omni_8_28/omni_thr_fit/bin/worker.sh: line 79: 67734 Terminated              bash "$THR_ROOT/bin/heartbeat.sh" "$UNIT"
/iopsstor/scratch/cscs/dthapa/system3_qwem_omni_8_28/omni_thr_fit/bin/worker.sh: line 79: 271220 Terminated              bash "$THR_ROOT/bin/heartbeat.sh" "$UNIT"
/iopsstor/scratch/cscs/dthapa/system3_qwem_omni_8_28/omni_thr_fit/bin/worker.sh: line 79: 45270 Terminated              bash "$THR_ROOT/bin/heartbeat.sh" "$UNIT"
/iopsstor/scratch/cscs/dthapa/system3_qwem_omni_8_28/omni_thr_fit/bin/worker.sh: line 79: 67780 Terminated              bash "$THR_ROOT/bin/heartbeat.sh" "$UNIT"
/iopsstor/scratch/cscs/dthapa/system3_qwem_omni_8_28/omni_thr_fit/bin/worker.sh: line 79: 113574 Terminated              bash "$THR_ROOT/bin/heartbeat.sh" "$UNIT"
/iopsstor/scratch/cscs/dthapa/system3_qwem_omni_8_28/omni_thr_fit/bin/worker.sh: line 79: 67815 Terminated              bash "$THR_ROOT/bin/heartbeat.sh" "$UNIT"
/iopsstor/scratch/cscs/dthapa/system3_qwem_omni_8_28/omni_thr_fit/bin/worker.sh: line 79: 45291 Terminated              bash "$THR_ROOT/bin/heartbeat.sh" "$UNIT"
/iopsstor/scratch/cscs/dthapa/system3_qwem_omni_8_28/omni_thr_fit/bin/worker.sh: line 79: 113595 Terminated              bash "$THR_ROOT/bin/heartbeat.sh" "$UNIT"
/iopsstor/scratch/cscs/dthapa/system3_qwem_omni_8_28/omni_thr_fit/bin/worker.sh: line 79: 67856 Terminated              bash "$THR_ROOT/bin/heartbeat.sh" "$UNIT"
/iopsstor/scratch/cscs/dthapa/system3_qwem_omni_8_28/omni_thr_fit/bin/worker.sh: line 79: 113637 Terminated              bash "$THR_ROOT/bin/heartbeat.sh" "$UNIT"
/iopsstor/scratch/cscs/dthapa/system3_qwem_omni_8_28/omni_thr_fit/bin/worker.sh: line 79: 271286 Terminated              bash "$THR_ROOT/bin/heartbeat.sh" "$UNIT"
/iopsstor/scratch/cscs/dthapa/system3_qwem_omni_8_28/omni_thr_fit/bin/worker.sh: line 79: 45365 Terminated              bash "$THR_ROOT/bin/heartbeat.sh" "$UNIT"
/iopsstor/scratch/cscs/dthapa/system3_qwem_omni_8_28/omni_thr_fit/bin/worker.sh: line 79: 271321 Terminated              bash "$THR_ROOT/bin/heartbeat.sh" "$UNIT"
/iopsstor/scratch/cscs/dthapa/system3_qwem_omni_8_28/omni_thr_fit/bin/worker.sh: line 79: 271349 Terminated              bash "$THR_ROOT/bin/heartbeat.sh" "$UNIT"
/iopsstor/scratch/cscs/dthapa/system3_qwem_omni_8_28/omni_thr_fit/bin/worker.sh: line 79: 113680 Terminated              bash "$THR_ROOT/bin/heartbeat.sh" "$UNIT"
/iopsstor/scratch/cscs/dthapa/system3_qwem_omni_8_28/omni_thr_fit/bin/worker.sh: line 79: 45389 Terminated              bash "$THR_ROOT/bin/heartbeat.sh" "$UNIT"
/iopsstor/scratch/cscs/dthapa/system3_qwem_omni_8_28/omni_thr_fit/bin/worker.sh: line 79: 67911 Terminated              bash "$THR_ROOT/bin/heartbeat.sh" "$UNIT"
/iopsstor/scratch/cscs/dthapa/system3_qwem_omni_8_28/omni_thr_fit/bin/worker.sh: line 79: 45440 Terminated              bash "$THR_ROOT/bin/heartbeat.sh" "$UNIT"
/iopsstor/scratch/cscs/dthapa/system3_qwem_omni_8_28/omni_thr_fit/bin/worker.sh: line 79: 67954 Terminated              bash "$THR_ROOT/bin/heartbeat.sh" "$UNIT"
/iopsstor/scratch/cscs/dthapa/system3_qwem_omni_8_28/omni_thr_fit/bin/worker.sh: line 79: 271391 Terminated              bash "$THR_ROOT/bin/heartbeat.sh" "$UNIT"
/iopsstor/scratch/cscs/dthapa/system3_qwem_omni_8_28/omni_thr_fit/bin/worker.sh: line 79: 67985 Terminated              bash "$THR_ROOT/bin/heartbeat.sh" "$UNIT"
/iopsstor/scratch/cscs/dthapa/system3_qwem_omni_8_28/omni_thr_fit/bin/worker.sh: line 79: 113747 Terminated              bash "$THR_ROOT/bin/heartbeat.sh" "$UNIT"
/iopsstor/scratch/cscs/dthapa/system3_qwem_omni_8_28/omni_thr_fit/bin/worker.sh: line 79: 45473 Terminated              bash "$THR_ROOT/bin/heartbeat.sh" "$UNIT"
/iopsstor/scratch/cscs/dthapa/system3_qwem_omni_8_28/omni_thr_fit/bin/worker.sh: line 79: 113770 Terminated              bash "$THR_ROOT/bin/heartbeat.sh" "$UNIT"
/iopsstor/scratch/cscs/dthapa/system3_qwem_omni_8_28/omni_thr_fit/bin/worker.sh: line 79: 68046 Terminated              bash "$THR_ROOT/bin/heartbeat.sh" "$UNIT"
/iopsstor/scratch/cscs/dthapa/system3_qwem_omni_8_28/omni_thr_fit/bin/worker.sh: line 79: 113814 Terminated              bash "$THR_ROOT/bin/heartbeat.sh" "$UNIT"
/iopsstor/scratch/cscs/dthapa/system3_qwem_omni_8_28/omni_thr_fit/bin/worker.sh: line 79: 271462 Terminated              bash "$THR_ROOT/bin/heartbeat.sh" "$UNIT"
/iopsstor/scratch/cscs/dthapa/system3_qwem_omni_8_28/omni_thr_fit/bin/worker.sh: line 79: 45559 Terminated              bash "$THR_ROOT/bin/heartbeat.sh" "$UNIT"
/iopsstor/scratch/cscs/dthapa/system3_qwem_omni_8_28/omni_thr_fit/bin/worker.sh: line 79: 68101 Terminated              bash "$THR_ROOT/bin/heartbeat.sh" "$UNIT"
/iopsstor/scratch/cscs/dthapa/system3_qwem_omni_8_28/omni_thr_fit/bin/worker.sh: line 79: 271544 Terminated              bash "$THR_ROOT/bin/heartbeat.sh" "$UNIT"
/iopsstor/scratch/cscs/dthapa/system3_qwem_omni_8_28/omni_thr_fit/bin/worker.sh: line 79: 271524 Terminated              bash "$THR_ROOT/bin/heartbeat.sh" "$UNIT"
/iopsstor/scratch/cscs/dthapa/system3_qwem_omni_8_28/omni_thr_fit/bin/worker.sh: line 79: 113854 Terminated              bash "$THR_ROOT/bin/heartbeat.sh" "$UNIT"
/iopsstor/scratch/cscs/dthapa/system3_qwem_omni_8_28/omni_thr_fit/bin/worker.sh: line 79: 45610 Terminated              bash "$THR_ROOT/bin/heartbeat.sh" "$UNIT"
/iopsstor/scratch/cscs/dthapa/system3_qwem_omni_8_28/omni_thr_fit/bin/worker.sh: line 79: 45656 Terminated              bash "$THR_ROOT/bin/heartbeat.sh" "$UNIT"
/iopsstor/scratch/cscs/dthapa/system3_qwem_omni_8_28/omni_thr_fit/bin/worker.sh: line 79: 68145 Terminated              bash "$THR_ROOT/bin/heartbeat.sh" "$UNIT"
/iopsstor/scratch/cscs/dthapa/system3_qwem_omni_8_28/omni_thr_fit/bin/worker.sh: line 79: 68181 Terminated              bash "$THR_ROOT/bin/heartbeat.sh" "$UNIT"
/iopsstor/scratch/cscs/dthapa/system3_qwem_omni_8_28/omni_thr_fit/bin/worker.sh: line 79: 271590 Terminated              bash "$THR_ROOT/bin/heartbeat.sh" "$UNIT"
/iopsstor/scratch/cscs/dthapa/system3_qwem_omni_8_28/omni_thr_fit/bin/worker.sh: line 79: 113942 Terminated              bash "$THR_ROOT/bin/heartbeat.sh" "$UNIT"
/iopsstor/scratch/cscs/dthapa/system3_qwem_omni_8_28/omni_thr_fit/bin/worker.sh: line 79: 45693 Terminated              bash "$THR_ROOT/bin/heartbeat.sh" "$UNIT"
/iopsstor/scratch/cscs/dthapa/system3_qwem_omni_8_28/omni_thr_fit/bin/worker.sh: line 79: 113967 Terminated              bash "$THR_ROOT/bin/heartbeat.sh" "$UNIT"
/iopsstor/scratch/cscs/dthapa/system3_qwem_omni_8_28/omni_thr_fit/bin/worker.sh: line 79: 68245 Terminated              bash "$THR_ROOT/bin/heartbeat.sh" "$UNIT"
/iopsstor/scratch/cscs/dthapa/system3_qwem_omni_8_28/omni_thr_fit/bin/worker.sh: line 79: 114012 Terminated              bash "$THR_ROOT/bin/heartbeat.sh" "$UNIT"
/iopsstor/scratch/cscs/dthapa/system3_qwem_omni_8_28/omni_thr_fit/bin/worker.sh: line 79: 271665 Terminated              bash "$THR_ROOT/bin/heartbeat.sh" "$UNIT"
/iopsstor/scratch/cscs/dthapa/system3_qwem_omni_8_28/omni_thr_fit/bin/worker.sh: line 79: 45752 Terminated              bash "$THR_ROOT/bin/heartbeat.sh" "$UNIT"
/iopsstor/scratch/cscs/dthapa/system3_qwem_omni_8_28/omni_thr_fit/bin/worker.sh: line 79: 68301 Terminated              bash "$THR_ROOT/bin/heartbeat.sh" "$UNIT"
/iopsstor/scratch/cscs/dthapa/system3_qwem_omni_8_28/omni_thr_fit/bin/worker.sh: line 79: 271704 Terminated              bash "$THR_ROOT/bin/heartbeat.sh" "$UNIT"
/iopsstor/scratch/cscs/dthapa/system3_qwem_omni_8_28/omni_thr_fit/bin/worker.sh: line 79: 114061 Terminated              bash "$THR_ROOT/bin/heartbeat.sh" "$UNIT"
/iopsstor/scratch/cscs/dthapa/system3_qwem_omni_8_28/omni_thr_fit/bin/worker.sh: line 79: 271722 Terminated              bash "$THR_ROOT/bin/heartbeat.sh" "$UNIT"
/iopsstor/scratch/cscs/dthapa/system3_qwem_omni_8_28/omni_thr_fit/bin/worker.sh: line 79: 45791 Terminated              bash "$THR_ROOT/bin/heartbeat.sh" "$UNIT"
/iopsstor/scratch/cscs/dthapa/system3_qwem_omni_8_28/omni_thr_fit/bin/worker.sh: line 79: 68346 Terminated              bash "$THR_ROOT/bin/heartbeat.sh" "$UNIT"
/iopsstor/scratch/cscs/dthapa/system3_qwem_omni_8_28/omni_thr_fit/bin/worker.sh: line 79: 45827 Terminated              bash "$THR_ROOT/bin/heartbeat.sh" "$UNIT"
/iopsstor/scratch/cscs/dthapa/system3_qwem_omni_8_28/omni_thr_fit/bin/worker.sh: line 79: 68369 Terminated              bash "$THR_ROOT/bin/heartbeat.sh" "$UNIT"
/iopsstor/scratch/cscs/dthapa/system3_qwem_omni_8_28/omni_thr_fit/bin/worker.sh: line 79: 114109 Terminated              bash "$THR_ROOT/bin/heartbeat.sh" "$UNIT"
/iopsstor/scratch/cscs/dthapa/system3_qwem_omni_8_28/omni_thr_fit/bin/worker.sh: line 79: 271770 Terminated              bash "$THR_ROOT/bin/heartbeat.sh" "$UNIT"
/iopsstor/scratch/cscs/dthapa/system3_qwem_omni_8_28/omni_thr_fit/bin/worker.sh: line 79: 114141 Terminated              bash "$THR_ROOT/bin/heartbeat.sh" "$UNIT"
/iopsstor/scratch/cscs/dthapa/system3_qwem_omni_8_28/omni_thr_fit/bin/worker.sh: line 79: 45866 Terminated              bash "$THR_ROOT/bin/heartbeat.sh" "$UNIT"
/iopsstor/scratch/cscs/dthapa/system3_qwem_omni_8_28/omni_thr_fit/bin/worker.sh: line 79: 68419 Terminated              bash "$THR_ROOT/bin/heartbeat.sh" "$UNIT"
/iopsstor/scratch/cscs/dthapa/system3_qwem_omni_8_28/omni_thr_fit/bin/worker.sh: line 79: 114183 Terminated              bash "$THR_ROOT/bin/heartbeat.sh" "$UNIT"
/iopsstor/scratch/cscs/dthapa/system3_qwem_omni_8_28/omni_thr_fit/bin/worker.sh: line 79: 271841 Terminated              bash "$THR_ROOT/bin/heartbeat.sh" "$UNIT"
/iopsstor/scratch/cscs/dthapa/system3_qwem_omni_8_28/omni_thr_fit/bin/worker.sh: line 79: 68477 Terminated              bash "$THR_ROOT/bin/heartbeat.sh" "$UNIT"
/iopsstor/scratch/cscs/dthapa/system3_qwem_omni_8_28/omni_thr_fit/bin/worker.sh: line 79: 45927 Terminated              bash "$THR_ROOT/bin/heartbeat.sh" "$UNIT"
/iopsstor/scratch/cscs/dthapa/system3_qwem_omni_8_28/omni_thr_fit/bin/worker.sh: line 79: 271882 Terminated              bash "$THR_ROOT/bin/heartbeat.sh" "$UNIT"
/iopsstor/scratch/cscs/dthapa/system3_qwem_omni_8_28/omni_thr_fit/bin/worker.sh: line 79: 114235 Terminated              bash "$THR_ROOT/bin/heartbeat.sh" "$UNIT"
/iopsstor/scratch/cscs/dthapa/system3_qwem_omni_8_28/omni_thr_fit/bin/worker.sh: line 79: 271904 Terminated              bash "$THR_ROOT/bin/heartbeat.sh" "$UNIT"
/iopsstor/scratch/cscs/dthapa/system3_qwem_omni_8_28/omni_thr_fit/bin/worker.sh: line 79: 45969 Terminated              bash "$THR_ROOT/bin/heartbeat.sh" "$UNIT"
/iopsstor/scratch/cscs/dthapa/system3_qwem_omni_8_28/omni_thr_fit/bin/worker.sh: line 79: 45999 Terminated              bash "$THR_ROOT/bin/heartbeat.sh" "$UNIT"
/iopsstor/scratch/cscs/dthapa/system3_qwem_omni_8_28/omni_thr_fit/bin/worker.sh: line 79: 68541 Terminated              bash "$THR_ROOT/bin/heartbeat.sh" "$UNIT"
/iopsstor/scratch/cscs/dthapa/system3_qwem_omni_8_28/omni_thr_fit/bin/worker.sh: line 79: 68568 Terminated              bash "$THR_ROOT/bin/heartbeat.sh" "$UNIT"
/iopsstor/scratch/cscs/dthapa/system3_qwem_omni_8_28/omni_thr_fit/bin/worker.sh: line 79: 114278 Terminated              bash "$THR_ROOT/bin/heartbeat.sh" "$UNIT"
/iopsstor/scratch/cscs/dthapa/system3_qwem_omni_8_28/omni_thr_fit/bin/worker.sh: line 79: 271964 Terminated              bash "$THR_ROOT/bin/heartbeat.sh" "$UNIT"
/iopsstor/scratch/cscs/dthapa/system3_qwem_omni_8_28/omni_thr_fit/bin/worker.sh: line 79: 114315 Terminated              bash "$THR_ROOT/bin/heartbeat.sh" "$UNIT"
/iopsstor/scratch/cscs/dthapa/system3_qwem_omni_8_28/omni_thr_fit/bin/worker.sh: line 79: 46058 Terminated              bash "$THR_ROOT/bin/heartbeat.sh" "$UNIT"
/iopsstor/scratch/cscs/dthapa/system3_qwem_omni_8_28/omni_thr_fit/bin/worker.sh: line 79: 68610 Terminated              bash "$THR_ROOT/bin/heartbeat.sh" "$UNIT"
/iopsstor/scratch/cscs/dthapa/system3_qwem_omni_8_28/omni_thr_fit/bin/worker.sh: line 79: 114371 Terminated              bash "$THR_ROOT/bin/heartbeat.sh" "$UNIT"
/iopsstor/scratch/cscs/dthapa/system3_qwem_omni_8_28/omni_thr_fit/bin/worker.sh: line 79: 272034 Terminated              bash "$THR_ROOT/bin/heartbeat.sh" "$UNIT"
/iopsstor/scratch/cscs/dthapa/system3_qwem_omni_8_28/omni_thr_fit/bin/worker.sh: line 79: 68657 Terminated              bash "$THR_ROOT/bin/heartbeat.sh" "$UNIT"
/iopsstor/scratch/cscs/dthapa/system3_qwem_omni_8_28/omni_thr_fit/bin/worker.sh: line 79: 114425 Terminated              bash "$THR_ROOT/bin/heartbeat.sh" "$UNIT"
/iopsstor/scratch/cscs/dthapa/system3_qwem_omni_8_28/omni_thr_fit/bin/worker.sh: line 79: 46128 Terminated              bash "$THR_ROOT/bin/heartbeat.sh" "$UNIT"
/iopsstor/scratch/cscs/dthapa/system3_qwem_omni_8_28/omni_thr_fit/bin/worker.sh: line 79: 272075 Terminated              bash "$THR_ROOT/bin/heartbeat.sh" "$UNIT"
/iopsstor/scratch/cscs/dthapa/system3_qwem_omni_8_28/omni_thr_fit/bin/worker.sh: line 79: 272098 Terminated              bash "$THR_ROOT/bin/heartbeat.sh" "$UNIT"
/iopsstor/scratch/cscs/dthapa/system3_qwem_omni_8_28/omni_thr_fit/bin/worker.sh: line 79: 46162 Terminated              bash "$THR_ROOT/bin/heartbeat.sh" "$UNIT"
/iopsstor/scratch/cscs/dthapa/system3_qwem_omni_8_28/omni_thr_fit/bin/worker.sh: line 79: 68720 Terminated              bash "$THR_ROOT/bin/heartbeat.sh" "$UNIT"
/iopsstor/scratch/cscs/dthapa/system3_qwem_omni_8_28/omni_thr_fit/bin/worker.sh: line 79: 46193 Terminated              bash "$THR_ROOT/bin/heartbeat.sh" "$UNIT"
/iopsstor/scratch/cscs/dthapa/system3_qwem_omni_8_28/omni_thr_fit/bin/worker.sh: line 79: 68742 Terminated              bash "$THR_ROOT/bin/heartbeat.sh" "$UNIT"
/iopsstor/scratch/cscs/dthapa/system3_qwem_omni_8_28/omni_thr_fit/bin/worker.sh: line 79: 114469 Terminated              bash "$THR_ROOT/bin/heartbeat.sh" "$UNIT"
/iopsstor/scratch/cscs/dthapa/system3_qwem_omni_8_28/omni_thr_fit/bin/worker.sh: line 79: 272138 Terminated              bash "$THR_ROOT/bin/heartbeat.sh" "$UNIT"
/iopsstor/scratch/cscs/dthapa/system3_qwem_omni_8_28/omni_thr_fit/bin/worker.sh: line 79: 114504 Terminated              bash "$THR_ROOT/bin/heartbeat.sh" "$UNIT"
/iopsstor/scratch/cscs/dthapa/system3_qwem_omni_8_28/omni_thr_fit/bin/worker.sh: line 79: 68785 Terminated              bash "$THR_ROOT/bin/heartbeat.sh" "$UNIT"
/iopsstor/scratch/cscs/dthapa/system3_qwem_omni_8_28/omni_thr_fit/bin/worker.sh: line 79: 46233 Terminated              bash "$THR_ROOT/bin/heartbeat.sh" "$UNIT"
/iopsstor/scratch/cscs/dthapa/system3_qwem_omni_8_28/omni_thr_fit/bin/worker.sh: line 79: 114588 Terminated              bash "$THR_ROOT/bin/heartbeat.sh" "$UNIT"
/iopsstor/scratch/cscs/dthapa/system3_qwem_omni_8_28/omni_thr_fit/bin/worker.sh: line 79: 68830 Terminated              bash "$THR_ROOT/bin/heartbeat.sh" "$UNIT"
/iopsstor/scratch/cscs/dthapa/system3_qwem_omni_8_28/omni_thr_fit/bin/worker.sh: line 79: 272208 Terminated              bash "$THR_ROOT/bin/heartbeat.sh" "$UNIT"
/iopsstor/scratch/cscs/dthapa/system3_qwem_omni_8_28/omni_thr_fit/bin/worker.sh: line 79: 114637 Terminated              bash "$THR_ROOT/bin/heartbeat.sh" "$UNIT"
/iopsstor/scratch/cscs/dthapa/system3_qwem_omni_8_28/omni_thr_fit/bin/worker.sh: line 79: 272250 Terminated              bash "$THR_ROOT/bin/heartbeat.sh" "$UNIT"
/iopsstor/scratch/cscs/dthapa/system3_qwem_omni_8_28/omni_thr_fit/bin/worker.sh: line 79: 272271 Terminated              bash "$THR_ROOT/bin/heartbeat.sh" "$UNIT"
/iopsstor/scratch/cscs/dthapa/system3_qwem_omni_8_28/omni_thr_fit/bin/worker.sh: line 79: 46303 Terminated              bash "$THR_ROOT/bin/heartbeat.sh" "$UNIT"
/iopsstor/scratch/cscs/dthapa/system3_qwem_omni_8_28/omni_thr_fit/bin/worker.sh: line 79: 46334 Terminated              bash "$THR_ROOT/bin/heartbeat.sh" "$UNIT"
/iopsstor/scratch/cscs/dthapa/system3_qwem_omni_8_28/omni_thr_fit/bin/worker.sh: line 79: 68893 Terminated              bash "$THR_ROOT/bin/heartbeat.sh" "$UNIT"
/iopsstor/scratch/cscs/dthapa/system3_qwem_omni_8_28/omni_thr_fit/bin/worker.sh: line 79: 46366 Terminated              bash "$THR_ROOT/bin/heartbeat.sh" "$UNIT"
/iopsstor/scratch/cscs/dthapa/system3_qwem_omni_8_28/omni_thr_fit/bin/worker.sh: line 79: 68916 Terminated              bash "$THR_ROOT/bin/heartbeat.sh" "$UNIT"
/iopsstor/scratch/cscs/dthapa/system3_qwem_omni_8_28/omni_thr_fit/bin/worker.sh: line 79: 114699 Terminated              bash "$THR_ROOT/bin/heartbeat.sh" "$UNIT"
/iopsstor/scratch/cscs/dthapa/system3_qwem_omni_8_28/omni_thr_fit/bin/worker.sh: line 79: 272316 Terminated              bash "$THR_ROOT/bin/heartbeat.sh" "$UNIT"
/iopsstor/scratch/cscs/dthapa/system3_qwem_omni_8_28/omni_thr_fit/bin/worker.sh: line 79: 114721 Terminated              bash "$THR_ROOT/bin/heartbeat.sh" "$UNIT"
/iopsstor/scratch/cscs/dthapa/system3_qwem_omni_8_28/omni_thr_fit/bin/worker.sh: line 79: 68978 Terminated              bash "$THR_ROOT/bin/heartbeat.sh" "$UNIT"
/iopsstor/scratch/cscs/dthapa/system3_qwem_omni_8_28/omni_thr_fit/bin/worker.sh: line 79: 46410 Terminated              bash "$THR_ROOT/bin/heartbeat.sh" "$UNIT"
/iopsstor/scratch/cscs/dthapa/system3_qwem_omni_8_28/omni_thr_fit/bin/worker.sh: line 79: 114762 Terminated              bash "$THR_ROOT/bin/heartbeat.sh" "$UNIT"
/iopsstor/scratch/cscs/dthapa/system3_qwem_omni_8_28/omni_thr_fit/bin/worker.sh: line 79: 69025 Terminated              bash "$THR_ROOT/bin/heartbeat.sh" "$UNIT"
/iopsstor/scratch/cscs/dthapa/system3_qwem_omni_8_28/omni_thr_fit/bin/worker.sh: line 79: 272412 Terminated              bash "$THR_ROOT/bin/heartbeat.sh" "$UNIT"
/iopsstor/scratch/cscs/dthapa/system3_qwem_omni_8_28/omni_thr_fit/bin/worker.sh: line 79: 114810 Terminated              bash "$THR_ROOT/bin/heartbeat.sh" "$UNIT"
/iopsstor/scratch/cscs/dthapa/system3_qwem_omni_8_28/omni_thr_fit/bin/worker.sh: line 79: 272434 Terminated              bash "$THR_ROOT/bin/heartbeat.sh" "$UNIT"
/iopsstor/scratch/cscs/dthapa/system3_qwem_omni_8_28/omni_thr_fit/bin/worker.sh: line 79: 69084 Terminated              bash "$THR_ROOT/bin/heartbeat.sh" "$UNIT"
/iopsstor/scratch/cscs/dthapa/system3_qwem_omni_8_28/omni_thr_fit/bin/worker.sh: line 79: 46513 Terminated              bash "$THR_ROOT/bin/heartbeat.sh" "$UNIT"
/iopsstor/scratch/cscs/dthapa/system3_qwem_omni_8_28/omni_thr_fit/bin/worker.sh: line 79: 69111 Terminated              bash "$THR_ROOT/bin/heartbeat.sh" "$UNIT"
/iopsstor/scratch/cscs/dthapa/system3_qwem_omni_8_28/omni_thr_fit/bin/worker.sh: line 79: 272474 Terminated              bash "$THR_ROOT/bin/heartbeat.sh" "$UNIT"
/iopsstor/scratch/cscs/dthapa/system3_qwem_omni_8_28/omni_thr_fit/bin/worker.sh: line 79: 46527 Terminated              bash "$THR_ROOT/bin/heartbeat.sh" "$UNIT"
/iopsstor/scratch/cscs/dthapa/system3_qwem_omni_8_28/omni_thr_fit/bin/worker.sh: line 79: 46556 Terminated              bash "$THR_ROOT/bin/heartbeat.sh" "$UNIT"
/iopsstor/scratch/cscs/dthapa/system3_qwem_omni_8_28/omni_thr_fit/bin/worker.sh: line 79: 114893 Terminated              bash "$THR_ROOT/bin/heartbeat.sh" "$UNIT"
/iopsstor/scratch/cscs/dthapa/system3_qwem_omni_8_28/omni_thr_fit/bin/worker.sh: line 79: 272514 Terminated              bash "$THR_ROOT/bin/heartbeat.sh" "$UNIT"
/iopsstor/scratch/cscs/dthapa/system3_qwem_omni_8_28/omni_thr_fit/bin/worker.sh: line 79: 114915 Terminated              bash "$THR_ROOT/bin/heartbeat.sh" "$UNIT"
/iopsstor/scratch/cscs/dthapa/system3_qwem_omni_8_28/omni_thr_fit/bin/worker.sh: line 79: 69155 Terminated              bash "$THR_ROOT/bin/heartbeat.sh" "$UNIT"
/iopsstor/scratch/cscs/dthapa/system3_qwem_omni_8_28/omni_thr_fit/bin/worker.sh: line 79: 46605 Terminated              bash "$THR_ROOT/bin/heartbeat.sh" "$UNIT"
/iopsstor/scratch/cscs/dthapa/system3_qwem_omni_8_28/omni_thr_fit/bin/worker.sh: line 79: 114955 Terminated              bash "$THR_ROOT/bin/heartbeat.sh" "$UNIT"
/iopsstor/scratch/cscs/dthapa/system3_qwem_omni_8_28/omni_thr_fit/bin/worker.sh: line 79: 69197 Terminated              bash "$THR_ROOT/bin/heartbeat.sh" "$UNIT"
/iopsstor/scratch/cscs/dthapa/system3_qwem_omni_8_28/omni_thr_fit/bin/worker.sh: line 79: 115002 Terminated              bash "$THR_ROOT/bin/heartbeat.sh" "$UNIT"
/iopsstor/scratch/cscs/dthapa/system3_qwem_omni_8_28/omni_thr_fit/bin/worker.sh: line 79: 272592 Terminated              bash "$THR_ROOT/bin/heartbeat.sh" "$UNIT"
/iopsstor/scratch/cscs/dthapa/system3_qwem_omni_8_28/omni_thr_fit/bin/worker.sh: line 79: 272608 Terminated              bash "$THR_ROOT/bin/heartbeat.sh" "$UNIT"
/iopsstor/scratch/cscs/dthapa/system3_qwem_omni_8_28/omni_thr_fit/bin/worker.sh: line 79: 69259 Terminated              bash "$THR_ROOT/bin/heartbeat.sh" "$UNIT"
/iopsstor/scratch/cscs/dthapa/system3_qwem_omni_8_28/omni_thr_fit/bin/worker.sh: line 79: 46679 Terminated              bash "$THR_ROOT/bin/heartbeat.sh" "$UNIT"
/iopsstor/scratch/cscs/dthapa/system3_qwem_omni_8_28/omni_thr_fit/bin/worker.sh: line 79: 69286 Terminated              bash "$THR_ROOT/bin/heartbeat.sh" "$UNIT"
/iopsstor/scratch/cscs/dthapa/system3_qwem_omni_8_28/omni_thr_fit/bin/worker.sh: line 79: 272656 Terminated              bash "$THR_ROOT/bin/heartbeat.sh" "$UNIT"
/iopsstor/scratch/cscs/dthapa/system3_qwem_omni_8_28/omni_thr_fit/bin/worker.sh: line 79: 115066 Terminated              bash "$THR_ROOT/bin/heartbeat.sh" "$UNIT"
/iopsstor/scratch/cscs/dthapa/system3_qwem_omni_8_28/omni_thr_fit/bin/worker.sh: line 79: 115088 Terminated              bash "$THR_ROOT/bin/heartbeat.sh" "$UNIT"
/iopsstor/scratch/cscs/dthapa/system3_qwem_omni_8_28/omni_thr_fit/bin/worker.sh: line 79: 46717 Terminated              bash "$THR_ROOT/bin/heartbeat.sh" "$UNIT"
/iopsstor/scratch/cscs/dthapa/system3_qwem_omni_8_28/omni_thr_fit/bin/worker.sh: line 79: 46734 Terminated              bash "$THR_ROOT/bin/heartbeat.sh" "$UNIT"
/iopsstor/scratch/cscs/dthapa/system3_qwem_omni_8_28/omni_thr_fit/bin/worker.sh: line 79: 272685 Terminated              bash "$THR_ROOT/bin/heartbeat.sh" "$UNIT"
/iopsstor/scratch/cscs/dthapa/system3_qwem_omni_8_28/omni_thr_fit/bin/worker.sh: line 79: 69330 Terminated              bash "$THR_ROOT/bin/heartbeat.sh" "$UNIT"
/iopsstor/scratch/cscs/dthapa/system3_qwem_omni_8_28/omni_thr_fit/bin/worker.sh: line 79: 115132 Terminated              bash "$THR_ROOT/bin/heartbeat.sh" "$UNIT"
/iopsstor/scratch/cscs/dthapa/system3_qwem_omni_8_28/omni_thr_fit/bin/worker.sh: line 79: 46780 Terminated              bash "$THR_ROOT/bin/heartbeat.sh" "$UNIT"
/iopsstor/scratch/cscs/dthapa/system3_qwem_omni_8_28/omni_thr_fit/bin/worker.sh: line 79: 69371 Terminated              bash "$THR_ROOT/bin/heartbeat.sh" "$UNIT"
/iopsstor/scratch/cscs/dthapa/system3_qwem_omni_8_28/omni_thr_fit/bin/worker.sh: line 79: 115178 Terminated              bash "$THR_ROOT/bin/heartbeat.sh" "$UNIT"
/iopsstor/scratch/cscs/dthapa/system3_qwem_omni_8_28/omni_thr_fit/bin/worker.sh: line 79: 272765 Terminated              bash "$THR_ROOT/bin/heartbeat.sh" "$UNIT"
/iopsstor/scratch/cscs/dthapa/system3_qwem_omni_8_28/omni_thr_fit/bin/worker.sh: line 79: 272785 Terminated              bash "$THR_ROOT/bin/heartbeat.sh" "$UNIT"
/iopsstor/scratch/cscs/dthapa/system3_qwem_omni_8_28/omni_thr_fit/bin/worker.sh: line 79: 69449 Terminated              bash "$THR_ROOT/bin/heartbeat.sh" "$UNIT"
/iopsstor/scratch/cscs/dthapa/system3_qwem_omni_8_28/omni_thr_fit/bin/worker.sh: line 79: 69476 Terminated              bash "$THR_ROOT/bin/heartbeat.sh" "$UNIT"
/iopsstor/scratch/cscs/dthapa/system3_qwem_omni_8_28/omni_thr_fit/bin/worker.sh: line 79: 46854 Terminated              bash "$THR_ROOT/bin/heartbeat.sh" "$UNIT"
/iopsstor/scratch/cscs/dthapa/system3_qwem_omni_8_28/omni_thr_fit/bin/worker.sh: line 79: 272848 Terminated              bash "$THR_ROOT/bin/heartbeat.sh" "$UNIT"
/iopsstor/scratch/cscs/dthapa/system3_qwem_omni_8_28/omni_thr_fit/bin/worker.sh: line 79: 115242 Terminated              bash "$THR_ROOT/bin/heartbeat.sh" "$UNIT"
/iopsstor/scratch/cscs/dthapa/system3_qwem_omni_8_28/omni_thr_fit/bin/worker.sh: line 79: 115265 Terminated              bash "$THR_ROOT/bin/heartbeat.sh" "$UNIT"
/iopsstor/scratch/cscs/dthapa/system3_qwem_omni_8_28/omni_thr_fit/bin/worker.sh: line 79: 69518 Terminated              bash "$THR_ROOT/bin/heartbeat.sh" "$UNIT"
/iopsstor/scratch/cscs/dthapa/system3_qwem_omni_8_28/omni_thr_fit/bin/worker.sh: line 79: 46921 Terminated              bash "$THR_ROOT/bin/heartbeat.sh" "$UNIT"
/iopsstor/scratch/cscs/dthapa/system3_qwem_omni_8_28/omni_thr_fit/bin/worker.sh: line 79: 46935 Terminated              bash "$THR_ROOT/bin/heartbeat.sh" "$UNIT"
/iopsstor/scratch/cscs/dthapa/system3_qwem_omni_8_28/omni_thr_fit/bin/worker.sh: line 79: 272879 Terminated              bash "$THR_ROOT/bin/heartbeat.sh" "$UNIT"
/iopsstor/scratch/cscs/dthapa/system3_qwem_omni_8_28/omni_thr_fit/bin/worker.sh: line 79: 115307 Terminated              bash "$THR_ROOT/bin/heartbeat.sh" "$UNIT"
/iopsstor/scratch/cscs/dthapa/system3_qwem_omni_8_28/omni_thr_fit/bin/worker.sh: line 79: 69565 Terminated              bash "$THR_ROOT/bin/heartbeat.sh" "$UNIT"
/iopsstor/scratch/cscs/dthapa/system3_qwem_omni_8_28/omni_thr_fit/bin/worker.sh: line 79: 46981 Terminated              bash "$THR_ROOT/bin/heartbeat.sh" "$UNIT"
/iopsstor/scratch/cscs/dthapa/system3_qwem_omni_8_28/omni_thr_fit/bin/worker.sh: line 79: 115367 Terminated              bash "$THR_ROOT/bin/heartbeat.sh" "$UNIT"
/iopsstor/scratch/cscs/dthapa/system3_qwem_omni_8_28/omni_thr_fit/bin/worker.sh: line 79: 272980 Terminated              bash "$THR_ROOT/bin/heartbeat.sh" "$UNIT"
/iopsstor/scratch/cscs/dthapa/system3_qwem_omni_8_28/omni_thr_fit/bin/worker.sh: line 79: 69626 Terminated              bash "$THR_ROOT/bin/heartbeat.sh" "$UNIT"
/iopsstor/scratch/cscs/dthapa/system3_qwem_omni_8_28/omni_thr_fit/bin/worker.sh: line 79: 272959 Terminated              bash "$THR_ROOT/bin/heartbeat.sh" "$UNIT"
/iopsstor/scratch/cscs/dthapa/system3_qwem_omni_8_28/omni_thr_fit/bin/worker.sh: line 79: 69652 Terminated              bash "$THR_ROOT/bin/heartbeat.sh" "$UNIT"
/iopsstor/scratch/cscs/dthapa/system3_qwem_omni_8_28/omni_thr_fit/bin/worker.sh: line 79: 115435 Terminated              bash "$THR_ROOT/bin/heartbeat.sh" "$UNIT"
/iopsstor/scratch/cscs/dthapa/system3_qwem_omni_8_28/omni_thr_fit/bin/worker.sh: line 79: 47050 Terminated              bash "$THR_ROOT/bin/heartbeat.sh" "$UNIT"
/iopsstor/scratch/cscs/dthapa/system3_qwem_omni_8_28/omni_thr_fit/bin/worker.sh: line 79: 273023 Terminated              bash "$THR_ROOT/bin/heartbeat.sh" "$UNIT"
/iopsstor/scratch/cscs/dthapa/system3_qwem_omni_8_28/omni_thr_fit/bin/worker.sh: line 79: 115457 Terminated              bash "$THR_ROOT/bin/heartbeat.sh" "$UNIT"
/iopsstor/scratch/cscs/dthapa/system3_qwem_omni_8_28/omni_thr_fit/bin/worker.sh: line 79: 69699 Terminated              bash "$THR_ROOT/bin/heartbeat.sh" "$UNIT"
/iopsstor/scratch/cscs/dthapa/system3_qwem_omni_8_28/omni_thr_fit/bin/worker.sh: line 79: 47095 Terminated              bash "$THR_ROOT/bin/heartbeat.sh" "$UNIT"
/iopsstor/scratch/cscs/dthapa/system3_qwem_omni_8_28/omni_thr_fit/bin/worker.sh: line 79: 47112 Terminated              bash "$THR_ROOT/bin/heartbeat.sh" "$UNIT"
/iopsstor/scratch/cscs/dthapa/system3_qwem_omni_8_28/omni_thr_fit/bin/worker.sh: line 79: 115497 Terminated              bash "$THR_ROOT/bin/heartbeat.sh" "$UNIT"
/iopsstor/scratch/cscs/dthapa/system3_qwem_omni_8_28/omni_thr_fit/bin/worker.sh: line 79: 273081 Terminated              bash "$THR_ROOT/bin/heartbeat.sh" "$UNIT"
/iopsstor/scratch/cscs/dthapa/system3_qwem_omni_8_28/omni_thr_fit/bin/worker.sh: line 79: 69744 Terminated              bash "$THR_ROOT/bin/heartbeat.sh" "$UNIT"
/iopsstor/scratch/cscs/dthapa/system3_qwem_omni_8_28/omni_thr_fit/bin/worker.sh: line 79: 47158 Terminated              bash "$THR_ROOT/bin/heartbeat.sh" "$UNIT"
/iopsstor/scratch/cscs/dthapa/system3_qwem_omni_8_28/omni_thr_fit/bin/worker.sh: line 79: 115542 Terminated              bash "$THR_ROOT/bin/heartbeat.sh" "$UNIT"
/iopsstor/scratch/cscs/dthapa/system3_qwem_omni_8_28/omni_thr_fit/bin/worker.sh: line 79: 273157 Terminated              bash "$THR_ROOT/bin/heartbeat.sh" "$UNIT"
/iopsstor/scratch/cscs/dthapa/system3_qwem_omni_8_28/omni_thr_fit/bin/worker.sh: line 79: 69801 Terminated              bash "$THR_ROOT/bin/heartbeat.sh" "$UNIT"
/iopsstor/scratch/cscs/dthapa/system3_qwem_omni_8_28/omni_thr_fit/bin/worker.sh: line 79: 69829 Terminated              bash "$THR_ROOT/bin/heartbeat.sh" "$UNIT"
/iopsstor/scratch/cscs/dthapa/system3_qwem_omni_8_28/omni_thr_fit/bin/worker.sh: line 79: 273173 Terminated              bash "$THR_ROOT/bin/heartbeat.sh" "$UNIT"
/iopsstor/scratch/cscs/dthapa/system3_qwem_omni_8_28/omni_thr_fit/bin/worker.sh: line 79: 115610 Terminated              bash "$THR_ROOT/bin/heartbeat.sh" "$UNIT"
/iopsstor/scratch/cscs/dthapa/system3_qwem_omni_8_28/omni_thr_fit/bin/worker.sh: line 79: 115631 Terminated              bash "$THR_ROOT/bin/heartbeat.sh" "$UNIT"
/iopsstor/scratch/cscs/dthapa/system3_qwem_omni_8_28/omni_thr_fit/bin/worker.sh: line 79: 273222 Terminated              bash "$THR_ROOT/bin/heartbeat.sh" "$UNIT"
/iopsstor/scratch/cscs/dthapa/system3_qwem_omni_8_28/omni_thr_fit/bin/worker.sh: line 79: 69878 Terminated              bash "$THR_ROOT/bin/heartbeat.sh" "$UNIT"
/iopsstor/scratch/cscs/dthapa/system3_qwem_omni_8_28/omni_thr_fit/bin/worker.sh: line 79: 47227 Terminated              bash "$THR_ROOT/bin/heartbeat.sh" "$UNIT"
/iopsstor/scratch/cscs/dthapa/system3_qwem_omni_8_28/omni_thr_fit/bin/worker.sh: line 79: 47262 Terminated              bash "$THR_ROOT/bin/heartbeat.sh" "$UNIT"
/iopsstor/scratch/cscs/dthapa/system3_qwem_omni_8_28/omni_thr_fit/bin/worker.sh: line 79: 115672 Terminated              bash "$THR_ROOT/bin/heartbeat.sh" "$UNIT"
/iopsstor/scratch/cscs/dthapa/system3_qwem_omni_8_28/omni_thr_fit/bin/worker.sh: line 79: 273259 Terminated              bash "$THR_ROOT/bin/heartbeat.sh" "$UNIT"
/iopsstor/scratch/cscs/dthapa/system3_qwem_omni_8_28/omni_thr_fit/bin/worker.sh: line 79: 47290 Terminated              bash "$THR_ROOT/bin/heartbeat.sh" "$UNIT"
/iopsstor/scratch/cscs/dthapa/system3_qwem_omni_8_28/omni_thr_fit/bin/worker.sh: line 79: 69932 Terminated              bash "$THR_ROOT/bin/heartbeat.sh" "$UNIT"
/iopsstor/scratch/cscs/dthapa/system3_qwem_omni_8_28/omni_thr_fit/bin/worker.sh: line 79: 47353 Terminated              bash "$THR_ROOT/bin/heartbeat.sh" "$UNIT"
/iopsstor/scratch/cscs/dthapa/system3_qwem_omni_8_28/omni_thr_fit/bin/worker.sh: line 79: 115717 Terminated              bash "$THR_ROOT/bin/heartbeat.sh" "$UNIT"
/iopsstor/scratch/cscs/dthapa/system3_qwem_omni_8_28/omni_thr_fit/bin/worker.sh: line 79: 273341 Terminated              bash "$THR_ROOT/bin/heartbeat.sh" "$UNIT"
/iopsstor/scratch/cscs/dthapa/system3_qwem_omni_8_28/omni_thr_fit/bin/worker.sh: line 79: 69990 Terminated              bash "$THR_ROOT/bin/heartbeat.sh" "$UNIT"
/iopsstor/scratch/cscs/dthapa/system3_qwem_omni_8_28/omni_thr_fit/bin/worker.sh: line 79: 70018 Terminated              bash "$THR_ROOT/bin/heartbeat.sh" "$UNIT"
/iopsstor/scratch/cscs/dthapa/system3_qwem_omni_8_28/omni_thr_fit/bin/worker.sh: line 79: 273373 Terminated              bash "$THR_ROOT/bin/heartbeat.sh" "$UNIT"
/iopsstor/scratch/cscs/dthapa/system3_qwem_omni_8_28/omni_thr_fit/bin/worker.sh: line 79: 115794 Terminated              bash "$THR_ROOT/bin/heartbeat.sh" "$UNIT"
/iopsstor/scratch/cscs/dthapa/system3_qwem_omni_8_28/omni_thr_fit/bin/worker.sh: line 79: 115820 Terminated              bash "$THR_ROOT/bin/heartbeat.sh" "$UNIT"
/iopsstor/scratch/cscs/dthapa/system3_qwem_omni_8_28/omni_thr_fit/bin/worker.sh: line 79: 70065 Terminated              bash "$THR_ROOT/bin/heartbeat.sh" "$UNIT"
/iopsstor/scratch/cscs/dthapa/system3_qwem_omni_8_28/omni_thr_fit/bin/worker.sh: line 79: 273419 Terminated              bash "$THR_ROOT/bin/heartbeat.sh" "$UNIT"
/iopsstor/scratch/cscs/dthapa/system3_qwem_omni_8_28/omni_thr_fit/bin/worker.sh: line 79: 47425 Terminated              bash "$THR_ROOT/bin/heartbeat.sh" "$UNIT"
/iopsstor/scratch/cscs/dthapa/system3_qwem_omni_8_28/omni_thr_fit/bin/worker.sh: line 79: 47449 Terminated              bash "$THR_ROOT/bin/heartbeat.sh" "$UNIT"
/iopsstor/scratch/cscs/dthapa/system3_qwem_omni_8_28/omni_thr_fit/bin/worker.sh: line 79: 115868 Terminated              bash "$THR_ROOT/bin/heartbeat.sh" "$UNIT"
/iopsstor/scratch/cscs/dthapa/system3_qwem_omni_8_28/omni_thr_fit/bin/worker.sh: line 79: 70106 Terminated              bash "$THR_ROOT/bin/heartbeat.sh" "$UNIT"
/iopsstor/scratch/cscs/dthapa/system3_qwem_omni_8_28/omni_thr_fit/bin/worker.sh: line 79: 273452 Terminated              bash "$THR_ROOT/bin/heartbeat.sh" "$UNIT"
/iopsstor/scratch/cscs/dthapa/system3_qwem_omni_8_28/omni_thr_fit/bin/worker.sh: line 79: 47486 Terminated              bash "$THR_ROOT/bin/heartbeat.sh" "$UNIT"
/iopsstor/scratch/cscs/dthapa/system3_qwem_omni_8_28/omni_thr_fit/bin/worker.sh: line 79: 115909 Terminated              bash "$THR_ROOT/bin/heartbeat.sh" "$UNIT"
/iopsstor/scratch/cscs/dthapa/system3_qwem_omni_8_28/omni_thr_fit/bin/worker.sh: line 79: 47527 Terminated              bash "$THR_ROOT/bin/heartbeat.sh" "$UNIT"
/iopsstor/scratch/cscs/dthapa/system3_qwem_omni_8_28/omni_thr_fit/bin/worker.sh: line 79: 273510 Terminated              bash "$THR_ROOT/bin/heartbeat.sh" "$UNIT"
/iopsstor/scratch/cscs/dthapa/system3_qwem_omni_8_28/omni_thr_fit/bin/worker.sh: line 79: 70163 Terminated              bash "$THR_ROOT/bin/heartbeat.sh" "$UNIT"
/iopsstor/scratch/cscs/dthapa/system3_qwem_omni_8_28/omni_thr_fit/bin/worker.sh: line 79: 70191 Terminated              bash "$THR_ROOT/bin/heartbeat.sh" "$UNIT"
/iopsstor/scratch/cscs/dthapa/system3_qwem_omni_8_28/omni_thr_fit/bin/worker.sh: line 79: 115972 Terminated              bash "$THR_ROOT/bin/heartbeat.sh" "$UNIT"
/iopsstor/scratch/cscs/dthapa/system3_qwem_omni_8_28/omni_thr_fit/bin/worker.sh: line 79: 273553 Terminated              bash "$THR_ROOT/bin/heartbeat.sh" "$UNIT"
/iopsstor/scratch/cscs/dthapa/system3_qwem_omni_8_28/omni_thr_fit/bin/worker.sh: line 79: 115994 Terminated              bash "$THR_ROOT/bin/heartbeat.sh" "$UNIT"
/iopsstor/scratch/cscs/dthapa/system3_qwem_omni_8_28/omni_thr_fit/bin/worker.sh: line 79: 70239 Terminated              bash "$THR_ROOT/bin/heartbeat.sh" "$UNIT"
/iopsstor/scratch/cscs/dthapa/system3_qwem_omni_8_28/omni_thr_fit/bin/worker.sh: line 79: 273592 Terminated              bash "$THR_ROOT/bin/heartbeat.sh" "$UNIT"
/iopsstor/scratch/cscs/dthapa/system3_qwem_omni_8_28/omni_thr_fit/bin/worker.sh: line 79: 47601 Terminated              bash "$THR_ROOT/bin/heartbeat.sh" "$UNIT"
/iopsstor/scratch/cscs/dthapa/system3_qwem_omni_8_28/omni_thr_fit/bin/worker.sh: line 79: 47622 Terminated              bash "$THR_ROOT/bin/heartbeat.sh" "$UNIT"
/iopsstor/scratch/cscs/dthapa/system3_qwem_omni_8_28/omni_thr_fit/bin/worker.sh: line 79: 116037 Terminated              bash "$THR_ROOT/bin/heartbeat.sh" "$UNIT"
/iopsstor/scratch/cscs/dthapa/system3_qwem_omni_8_28/omni_thr_fit/bin/worker.sh: line 79: 70276 Terminated              bash "$THR_ROOT/bin/heartbeat.sh" "$UNIT"
/iopsstor/scratch/cscs/dthapa/system3_qwem_omni_8_28/omni_thr_fit/bin/worker.sh: line 79: 273631 Terminated              bash "$THR_ROOT/bin/heartbeat.sh" "$UNIT"
/iopsstor/scratch/cscs/dthapa/system3_qwem_omni_8_28/omni_thr_fit/bin/worker.sh: line 79: 47670 Terminated              bash "$THR_ROOT/bin/heartbeat.sh" "$UNIT"
/iopsstor/scratch/cscs/dthapa/system3_qwem_omni_8_28/omni_thr_fit/bin/worker.sh: line 79: 116082 Terminated              bash "$THR_ROOT/bin/heartbeat.sh" "$UNIT"
/iopsstor/scratch/cscs/dthapa/system3_qwem_omni_8_28/omni_thr_fit/bin/worker.sh: line 79: 70357 Terminated              bash "$THR_ROOT/bin/heartbeat.sh" "$UNIT"
/iopsstor/scratch/cscs/dthapa/system3_qwem_omni_8_28/omni_thr_fit/bin/worker.sh: line 79: 47702 Terminated              bash "$THR_ROOT/bin/heartbeat.sh" "$UNIT"
/iopsstor/scratch/cscs/dthapa/system3_qwem_omni_8_28/omni_thr_fit/bin/worker.sh: line 79: 273683 Terminated              bash "$THR_ROOT/bin/heartbeat.sh" "$UNIT"
/iopsstor/scratch/cscs/dthapa/system3_qwem_omni_8_28/omni_thr_fit/bin/worker.sh: line 79: 70385 Terminated              bash "$THR_ROOT/bin/heartbeat.sh" "$UNIT"
/iopsstor/scratch/cscs/dthapa/system3_qwem_omni_8_28/omni_thr_fit/bin/worker.sh: line 79: 116143 Terminated              bash "$THR_ROOT/bin/heartbeat.sh" "$UNIT"
/iopsstor/scratch/cscs/dthapa/system3_qwem_omni_8_28/omni_thr_fit/bin/worker.sh: line 79: 116169 Terminated              bash "$THR_ROOT/bin/heartbeat.sh" "$UNIT"
/iopsstor/scratch/cscs/dthapa/system3_qwem_omni_8_28/omni_thr_fit/bin/worker.sh: line 79: 273745 Terminated              bash "$THR_ROOT/bin/heartbeat.sh" "$UNIT"
/iopsstor/scratch/cscs/dthapa/system3_qwem_omni_8_28/omni_thr_fit/bin/worker.sh: line 79: 70434 Terminated              bash "$THR_ROOT/bin/heartbeat.sh" "$UNIT"
/iopsstor/scratch/cscs/dthapa/system3_qwem_omni_8_28/omni_thr_fit/bin/worker.sh: line 79: 116218 Terminated              bash "$THR_ROOT/bin/heartbeat.sh" "$UNIT"
/iopsstor/scratch/cscs/dthapa/system3_qwem_omni_8_28/omni_thr_fit/bin/worker.sh: line 79: 47796 Terminated              bash "$THR_ROOT/bin/heartbeat.sh" "$UNIT"
/iopsstor/scratch/cscs/dthapa/system3_qwem_omni_8_28/omni_thr_fit/bin/worker.sh: line 79: 273789 Terminated              bash "$THR_ROOT/bin/heartbeat.sh" "$UNIT"
/iopsstor/scratch/cscs/dthapa/system3_qwem_omni_8_28/omni_thr_fit/bin/worker.sh: line 79: 47818 Terminated              bash "$THR_ROOT/bin/heartbeat.sh" "$UNIT"
/iopsstor/scratch/cscs/dthapa/system3_qwem_omni_8_28/omni_thr_fit/bin/worker.sh: line 79: 70471 Terminated              bash "$THR_ROOT/bin/heartbeat.sh" "$UNIT"
/iopsstor/scratch/cscs/dthapa/system3_qwem_omni_8_28/omni_thr_fit/bin/worker.sh: line 79: 273831 Terminated              bash "$THR_ROOT/bin/heartbeat.sh" "$UNIT"
/iopsstor/scratch/cscs/dthapa/system3_qwem_omni_8_28/omni_thr_fit/bin/worker.sh: line 79: 47867 Terminated              bash "$THR_ROOT/bin/heartbeat.sh" "$UNIT"
/iopsstor/scratch/cscs/dthapa/system3_qwem_omni_8_28/omni_thr_fit/bin/worker.sh: line 79: 116272 Terminated              bash "$THR_ROOT/bin/heartbeat.sh" "$UNIT"
/iopsstor/scratch/cscs/dthapa/system3_qwem_omni_8_28/omni_thr_fit/bin/worker.sh: line 79: 70528 Terminated              bash "$THR_ROOT/bin/heartbeat.sh" "$UNIT"
/iopsstor/scratch/cscs/dthapa/system3_qwem_omni_8_28/omni_thr_fit/bin/worker.sh: line 79: 70556 Terminated              bash "$THR_ROOT/bin/heartbeat.sh" "$UNIT"
/iopsstor/scratch/cscs/dthapa/system3_qwem_omni_8_28/omni_thr_fit/bin/worker.sh: line 79: 47899 Terminated              bash "$THR_ROOT/bin/heartbeat.sh" "$UNIT"
/iopsstor/scratch/cscs/dthapa/system3_qwem_omni_8_28/omni_thr_fit/bin/worker.sh: line 79: 273875 Terminated              bash "$THR_ROOT/bin/heartbeat.sh" "$UNIT"
/iopsstor/scratch/cscs/dthapa/system3_qwem_omni_8_28/omni_thr_fit/bin/worker.sh: line 79: 116339 Terminated              bash "$THR_ROOT/bin/heartbeat.sh" "$UNIT"
/iopsstor/scratch/cscs/dthapa/system3_qwem_omni_8_28/omni_thr_fit/bin/worker.sh: line 79: 116361 Terminated              bash "$THR_ROOT/bin/heartbeat.sh" "$UNIT"
/iopsstor/scratch/cscs/dthapa/system3_qwem_omni_8_28/omni_thr_fit/bin/worker.sh: line 79: 70609 Terminated              bash "$THR_ROOT/bin/heartbeat.sh" "$UNIT"
/iopsstor/scratch/cscs/dthapa/system3_qwem_omni_8_28/omni_thr_fit/bin/worker.sh: line 79: 273918 Terminated              bash "$THR_ROOT/bin/heartbeat.sh" "$UNIT"
/iopsstor/scratch/cscs/dthapa/system3_qwem_omni_8_28/omni_thr_fit/bin/worker.sh: line 79: 116398 Terminated              bash "$THR_ROOT/bin/heartbeat.sh" "$UNIT"
/iopsstor/scratch/cscs/dthapa/system3_qwem_omni_8_28/omni_thr_fit/bin/worker.sh: line 79: 70647 Terminated              bash "$THR_ROOT/bin/heartbeat.sh" "$UNIT"
/iopsstor/scratch/cscs/dthapa/system3_qwem_omni_8_28/omni_thr_fit/bin/worker.sh: line 79: 273966 Terminated              bash "$THR_ROOT/bin/heartbeat.sh" "$UNIT"
/iopsstor/scratch/cscs/dthapa/system3_qwem_omni_8_28/omni_thr_fit/bin/worker.sh: line 79: 47977 Terminated              bash "$THR_ROOT/bin/heartbeat.sh" "$UNIT"
/iopsstor/scratch/cscs/dthapa/system3_qwem_omni_8_28/omni_thr_fit/bin/worker.sh: line 79: 47994 Terminated              bash "$THR_ROOT/bin/heartbeat.sh" "$UNIT"
/iopsstor/scratch/cscs/dthapa/system3_qwem_omni_8_28/omni_thr_fit/bin/worker.sh: line 79: 116451 Terminated              bash "$THR_ROOT/bin/heartbeat.sh" "$UNIT"
/iopsstor/scratch/cscs/dthapa/system3_qwem_omni_8_28/omni_thr_fit/bin/worker.sh: line 79: 274009 Terminated              bash "$THR_ROOT/bin/heartbeat.sh" "$UNIT"
/iopsstor/scratch/cscs/dthapa/system3_qwem_omni_8_28/omni_thr_fit/bin/worker.sh: line 79: 70703 Terminated              bash "$THR_ROOT/bin/heartbeat.sh" "$UNIT"
/iopsstor/scratch/cscs/dthapa/system3_qwem_omni_8_28/omni_thr_fit/bin/worker.sh: line 79: 48042 Terminated              bash "$THR_ROOT/bin/heartbeat.sh" "$UNIT"
/iopsstor/scratch/cscs/dthapa/system3_qwem_omni_8_28/omni_thr_fit/bin/worker.sh: line 79: 70725 Terminated              bash "$THR_ROOT/bin/heartbeat.sh" "$UNIT"
/iopsstor/scratch/cscs/dthapa/system3_qwem_omni_8_28/omni_thr_fit/bin/worker.sh: line 79: 274052 Terminated              bash "$THR_ROOT/bin/heartbeat.sh" "$UNIT"
/iopsstor/scratch/cscs/dthapa/system3_qwem_omni_8_28/omni_thr_fit/bin/worker.sh: line 79: 48078 Terminated              bash "$THR_ROOT/bin/heartbeat.sh" "$UNIT"
/iopsstor/scratch/cscs/dthapa/system3_qwem_omni_8_28/omni_thr_fit/bin/worker.sh: line 79: 116513 Terminated              bash "$THR_ROOT/bin/heartbeat.sh" "$UNIT"
/iopsstor/scratch/cscs/dthapa/system3_qwem_omni_8_28/omni_thr_fit/bin/worker.sh: line 79: 116534 Terminated              bash "$THR_ROOT/bin/heartbeat.sh" "$UNIT"
/iopsstor/scratch/cscs/dthapa/system3_qwem_omni_8_28/omni_thr_fit/bin/worker.sh: line 79: 70788 Terminated              bash "$THR_ROOT/bin/heartbeat.sh" "$UNIT"
/iopsstor/scratch/cscs/dthapa/system3_qwem_omni_8_28/omni_thr_fit/bin/worker.sh: line 79: 274095 Terminated              bash "$THR_ROOT/bin/heartbeat.sh" "$UNIT"
/iopsstor/scratch/cscs/dthapa/system3_qwem_omni_8_28/omni_thr_fit/bin/worker.sh: line 79: 116571 Terminated              bash "$THR_ROOT/bin/heartbeat.sh" "$UNIT"
/iopsstor/scratch/cscs/dthapa/system3_qwem_omni_8_28/omni_thr_fit/bin/worker.sh: line 79: 70842 Terminated              bash "$THR_ROOT/bin/heartbeat.sh" "$UNIT"
/iopsstor/scratch/cscs/dthapa/system3_qwem_omni_8_28/omni_thr_fit/bin/worker.sh: line 79: 274141 Terminated              bash "$THR_ROOT/bin/heartbeat.sh" "$UNIT"
/iopsstor/scratch/cscs/dthapa/system3_qwem_omni_8_28/omni_thr_fit/bin/worker.sh: line 79: 48155 Terminated              bash "$THR_ROOT/bin/heartbeat.sh" "$UNIT"
/iopsstor/scratch/cscs/dthapa/system3_qwem_omni_8_28/omni_thr_fit/bin/worker.sh: line 79: 48172 Terminated              bash "$THR_ROOT/bin/heartbeat.sh" "$UNIT"
/iopsstor/scratch/cscs/dthapa/system3_qwem_omni_8_28/omni_thr_fit/bin/worker.sh: line 79: 116620 Terminated              bash "$THR_ROOT/bin/heartbeat.sh" "$UNIT"
/iopsstor/scratch/cscs/dthapa/system3_qwem_omni_8_28/omni_thr_fit/bin/worker.sh: line 79: 70899 Terminated              bash "$THR_ROOT/bin/heartbeat.sh" "$UNIT"
/iopsstor/scratch/cscs/dthapa/system3_qwem_omni_8_28/omni_thr_fit/bin/worker.sh: line 79: 274207 Terminated              bash "$THR_ROOT/bin/heartbeat.sh" "$UNIT"
/iopsstor/scratch/cscs/dthapa/system3_qwem_omni_8_28/omni_thr_fit/bin/worker.sh: line 79: 70920 Terminated              bash "$THR_ROOT/bin/heartbeat.sh" "$UNIT"
/iopsstor/scratch/cscs/dthapa/system3_qwem_omni_8_28/omni_thr_fit/bin/worker.sh: line 79: 48239 Terminated              bash "$THR_ROOT/bin/heartbeat.sh" "$UNIT"
/iopsstor/scratch/cscs/dthapa/system3_qwem_omni_8_28/omni_thr_fit/bin/worker.sh: line 79: 274232 Terminated              bash "$THR_ROOT/bin/heartbeat.sh" "$UNIT"
/iopsstor/scratch/cscs/dthapa/system3_qwem_omni_8_28/omni_thr_fit/bin/worker.sh: line 79: 116702 Terminated              bash "$THR_ROOT/bin/heartbeat.sh" "$UNIT"
/iopsstor/scratch/cscs/dthapa/system3_qwem_omni_8_28/omni_thr_fit/bin/worker.sh: line 79: 48275 Terminated              bash "$THR_ROOT/bin/heartbeat.sh" "$UNIT"
/iopsstor/scratch/cscs/dthapa/system3_qwem_omni_8_28/omni_thr_fit/bin/worker.sh: line 79: 116723 Terminated              bash "$THR_ROOT/bin/heartbeat.sh" "$UNIT"
/iopsstor/scratch/cscs/dthapa/system3_qwem_omni_8_28/omni_thr_fit/bin/worker.sh: line 79: 70979 Terminated              bash "$THR_ROOT/bin/heartbeat.sh" "$UNIT"
/iopsstor/scratch/cscs/dthapa/system3_qwem_omni_8_28/omni_thr_fit/bin/worker.sh: line 79: 274296 Terminated              bash "$THR_ROOT/bin/heartbeat.sh" "$UNIT"
/iopsstor/scratch/cscs/dthapa/system3_qwem_omni_8_28/omni_thr_fit/bin/worker.sh: line 79: 116790 Terminated              bash "$THR_ROOT/bin/heartbeat.sh" "$UNIT"
/iopsstor/scratch/cscs/dthapa/system3_qwem_omni_8_28/omni_thr_fit/bin/worker.sh: line 79: 71018 Terminated              bash "$THR_ROOT/bin/heartbeat.sh" "$UNIT"
/iopsstor/scratch/cscs/dthapa/system3_qwem_omni_8_28/omni_thr_fit/bin/worker.sh: line 79: 274332 Terminated              bash "$THR_ROOT/bin/heartbeat.sh" "$UNIT"
/iopsstor/scratch/cscs/dthapa/system3_qwem_omni_8_28/omni_thr_fit/bin/worker.sh: line 79: 116835 Terminated              bash "$THR_ROOT/bin/heartbeat.sh" "$UNIT"
/iopsstor/scratch/cscs/dthapa/system3_qwem_omni_8_28/omni_thr_fit/bin/worker.sh: line 79: 48354 Terminated              bash "$THR_ROOT/bin/heartbeat.sh" "$UNIT"
/iopsstor/scratch/cscs/dthapa/system3_qwem_omni_8_28/omni_thr_fit/bin/worker.sh: line 79: 48370 Terminated              bash "$THR_ROOT/bin/heartbeat.sh" "$UNIT"
/iopsstor/scratch/cscs/dthapa/system3_qwem_omni_8_28/omni_thr_fit/bin/worker.sh: line 79: 71074 Terminated              bash "$THR_ROOT/bin/heartbeat.sh" "$UNIT"
/iopsstor/scratch/cscs/dthapa/system3_qwem_omni_8_28/omni_thr_fit/bin/worker.sh: line 79: 274382 Terminated              bash "$THR_ROOT/bin/heartbeat.sh" "$UNIT"
/iopsstor/scratch/cscs/dthapa/system3_qwem_omni_8_28/omni_thr_fit/bin/worker.sh: line 79: 71095 Terminated              bash "$THR_ROOT/bin/heartbeat.sh" "$UNIT"
/iopsstor/scratch/cscs/dthapa/system3_qwem_omni_8_28/omni_thr_fit/bin/worker.sh: line 79: 48418 Terminated              bash "$THR_ROOT/bin/heartbeat.sh" "$UNIT"
/iopsstor/scratch/cscs/dthapa/system3_qwem_omni_8_28/omni_thr_fit/bin/worker.sh: line 79: 274407 Terminated              bash "$THR_ROOT/bin/heartbeat.sh" "$UNIT"
/iopsstor/scratch/cscs/dthapa/system3_qwem_omni_8_28/omni_thr_fit/bin/worker.sh: line 79: 116899 Terminated              bash "$THR_ROOT/bin/heartbeat.sh" "$UNIT"
/iopsstor/scratch/cscs/dthapa/system3_qwem_omni_8_28/omni_thr_fit/bin/worker.sh: line 79: 116920 Terminated              bash "$THR_ROOT/bin/heartbeat.sh" "$UNIT"
/iopsstor/scratch/cscs/dthapa/system3_qwem_omni_8_28/omni_thr_fit/bin/worker.sh: line 79: 71153 Terminated              bash "$THR_ROOT/bin/heartbeat.sh" "$UNIT"
/iopsstor/scratch/cscs/dthapa/system3_qwem_omni_8_28/omni_thr_fit/bin/worker.sh: line 79: 48454 Terminated              bash "$THR_ROOT/bin/heartbeat.sh" "$UNIT"
/iopsstor/scratch/cscs/dthapa/system3_qwem_omni_8_28/omni_thr_fit/bin/worker.sh: line 79: 116963 Terminated              bash "$THR_ROOT/bin/heartbeat.sh" "$UNIT"
/iopsstor/scratch/cscs/dthapa/system3_qwem_omni_8_28/omni_thr_fit/bin/worker.sh: line 79: 274474 Terminated              bash "$THR_ROOT/bin/heartbeat.sh" "$UNIT"
/iopsstor/scratch/cscs/dthapa/system3_qwem_omni_8_28/omni_thr_fit/bin/worker.sh: line 79: 71192 Terminated              bash "$THR_ROOT/bin/heartbeat.sh" "$UNIT"
/iopsstor/scratch/cscs/dthapa/system3_qwem_omni_8_28/omni_thr_fit/bin/worker.sh: line 79: 274506 Terminated              bash "$THR_ROOT/bin/heartbeat.sh" "$UNIT"
/iopsstor/scratch/cscs/dthapa/system3_qwem_omni_8_28/omni_thr_fit/bin/worker.sh: line 79: 117008 Terminated              bash "$THR_ROOT/bin/heartbeat.sh" "$UNIT"
/iopsstor/scratch/cscs/dthapa/system3_qwem_omni_8_28/omni_thr_fit/bin/worker.sh: line 79: 71247 Terminated              bash "$THR_ROOT/bin/heartbeat.sh" "$UNIT"
/iopsstor/scratch/cscs/dthapa/system3_qwem_omni_8_28/omni_thr_fit/bin/worker.sh: line 79: 274556 Terminated              bash "$THR_ROOT/bin/heartbeat.sh" "$UNIT"
/iopsstor/scratch/cscs/dthapa/system3_qwem_omni_8_28/omni_thr_fit/bin/worker.sh: line 79: 48533 Terminated              bash "$THR_ROOT/bin/heartbeat.sh" "$UNIT"
/iopsstor/scratch/cscs/dthapa/system3_qwem_omni_8_28/omni_thr_fit/bin/worker.sh: line 79: 71264 Terminated              bash "$THR_ROOT/bin/heartbeat.sh" "$UNIT"
/iopsstor/scratch/cscs/dthapa/system3_qwem_omni_8_28/omni_thr_fit/bin/worker.sh: line 79: 48549 Terminated              bash "$THR_ROOT/bin/heartbeat.sh" "$UNIT"
/iopsstor/scratch/cscs/dthapa/system3_qwem_omni_8_28/omni_thr_fit/bin/worker.sh: line 79: 274588 Terminated              bash "$THR_ROOT/bin/heartbeat.sh" "$UNIT"
/iopsstor/scratch/cscs/dthapa/system3_qwem_omni_8_28/omni_thr_fit/bin/worker.sh: line 79: 117072 Terminated              bash "$THR_ROOT/bin/heartbeat.sh" "$UNIT"
/iopsstor/scratch/cscs/dthapa/system3_qwem_omni_8_28/omni_thr_fit/bin/worker.sh: line 79: 48597 Terminated              bash "$THR_ROOT/bin/heartbeat.sh" "$UNIT"
/iopsstor/scratch/cscs/dthapa/system3_qwem_omni_8_28/omni_thr_fit/bin/worker.sh: line 79: 117093 Terminated              bash "$THR_ROOT/bin/heartbeat.sh" "$UNIT"
/iopsstor/scratch/cscs/dthapa/system3_qwem_omni_8_28/omni_thr_fit/bin/worker.sh: line 79: 71343 Terminated              bash "$THR_ROOT/bin/heartbeat.sh" "$UNIT"
/iopsstor/scratch/cscs/dthapa/system3_qwem_omni_8_28/omni_thr_fit/bin/worker.sh: line 79: 48633 Terminated              bash "$THR_ROOT/bin/heartbeat.sh" "$UNIT"
/iopsstor/scratch/cscs/dthapa/system3_qwem_omni_8_28/omni_thr_fit/bin/worker.sh: line 79: 117136 Terminated              bash "$THR_ROOT/bin/heartbeat.sh" "$UNIT"
/iopsstor/scratch/cscs/dthapa/system3_qwem_omni_8_28/omni_thr_fit/bin/worker.sh: line 79: 274666 Terminated              bash "$THR_ROOT/bin/heartbeat.sh" "$UNIT"
/iopsstor/scratch/cscs/dthapa/system3_qwem_omni_8_28/omni_thr_fit/bin/worker.sh: line 79: 71380 Terminated              bash "$THR_ROOT/bin/heartbeat.sh" "$UNIT"
/iopsstor/scratch/cscs/dthapa/system3_qwem_omni_8_28/omni_thr_fit/bin/worker.sh: line 79: 274705 Terminated              bash "$THR_ROOT/bin/heartbeat.sh" "$UNIT"
/iopsstor/scratch/cscs/dthapa/system3_qwem_omni_8_28/omni_thr_fit/bin/worker.sh: line 79: 117199 Terminated              bash "$THR_ROOT/bin/heartbeat.sh" "$UNIT"
/iopsstor/scratch/cscs/dthapa/system3_qwem_omni_8_28/omni_thr_fit/bin/worker.sh: line 79: 274748 Terminated              bash "$THR_ROOT/bin/heartbeat.sh" "$UNIT"
/iopsstor/scratch/cscs/dthapa/system3_qwem_omni_8_28/omni_thr_fit/bin/worker.sh: line 79: 71437 Terminated              bash "$THR_ROOT/bin/heartbeat.sh" "$UNIT"
/iopsstor/scratch/cscs/dthapa/system3_qwem_omni_8_28/omni_thr_fit/bin/worker.sh: line 79: 71457 Terminated              bash "$THR_ROOT/bin/heartbeat.sh" "$UNIT"
/iopsstor/scratch/cscs/dthapa/system3_qwem_omni_8_28/omni_thr_fit/bin/worker.sh: line 79: 48729 Terminated              bash "$THR_ROOT/bin/heartbeat.sh" "$UNIT"
/iopsstor/scratch/cscs/dthapa/system3_qwem_omni_8_28/omni_thr_fit/bin/worker.sh: line 79: 48745 Terminated              bash "$THR_ROOT/bin/heartbeat.sh" "$UNIT"
/iopsstor/scratch/cscs/dthapa/system3_qwem_omni_8_28/omni_thr_fit/bin/worker.sh: line 79: 274785 Terminated              bash "$THR_ROOT/bin/heartbeat.sh" "$UNIT"
/iopsstor/scratch/cscs/dthapa/system3_qwem_omni_8_28/omni_thr_fit/bin/worker.sh: line 79: 117263 Terminated              bash "$THR_ROOT/bin/heartbeat.sh" "$UNIT"
/iopsstor/scratch/cscs/dthapa/system3_qwem_omni_8_28/omni_thr_fit/bin/worker.sh: line 79: 48794 Terminated              bash "$THR_ROOT/bin/heartbeat.sh" "$UNIT"
/iopsstor/scratch/cscs/dthapa/system3_qwem_omni_8_28/omni_thr_fit/bin/worker.sh: line 79: 71516 Terminated              bash "$THR_ROOT/bin/heartbeat.sh" "$UNIT"
/iopsstor/scratch/cscs/dthapa/system3_qwem_omni_8_28/omni_thr_fit/bin/worker.sh: line 79: 117284 Terminated              bash "$THR_ROOT/bin/heartbeat.sh" "$UNIT"
/iopsstor/scratch/cscs/dthapa/system3_qwem_omni_8_28/omni_thr_fit/bin/worker.sh: line 79: 117327 Terminated              bash "$THR_ROOT/bin/heartbeat.sh" "$UNIT"
/iopsstor/scratch/cscs/dthapa/system3_qwem_omni_8_28/omni_thr_fit/bin/worker.sh: line 79: 274839 Terminated              bash "$THR_ROOT/bin/heartbeat.sh" "$UNIT"
/iopsstor/scratch/cscs/dthapa/system3_qwem_omni_8_28/omni_thr_fit/bin/worker.sh: line 79: 48830 Terminated              bash "$THR_ROOT/bin/heartbeat.sh" "$UNIT"
/iopsstor/scratch/cscs/dthapa/system3_qwem_omni_8_28/omni_thr_fit/bin/worker.sh: line 79: 71553 Terminated              bash "$THR_ROOT/bin/heartbeat.sh" "$UNIT"
/iopsstor/scratch/cscs/dthapa/system3_qwem_omni_8_28/omni_thr_fit/bin/worker.sh: line 79: 274878 Terminated              bash "$THR_ROOT/bin/heartbeat.sh" "$UNIT"
/iopsstor/scratch/cscs/dthapa/system3_qwem_omni_8_28/omni_thr_fit/bin/worker.sh: line 79: 117369 Terminated              bash "$THR_ROOT/bin/heartbeat.sh" "$UNIT"
/iopsstor/scratch/cscs/dthapa/system3_qwem_omni_8_28/omni_thr_fit/bin/worker.sh: line 79: 274921 Terminated              bash "$THR_ROOT/bin/heartbeat.sh" "$UNIT"
/iopsstor/scratch/cscs/dthapa/system3_qwem_omni_8_28/omni_thr_fit/bin/worker.sh: line 79: 71614 Terminated              bash "$THR_ROOT/bin/heartbeat.sh" "$UNIT"
/iopsstor/scratch/cscs/dthapa/system3_qwem_omni_8_28/omni_thr_fit/bin/worker.sh: line 79: 71631 Terminated              bash "$THR_ROOT/bin/heartbeat.sh" "$UNIT"
/iopsstor/scratch/cscs/dthapa/system3_qwem_omni_8_28/omni_thr_fit/bin/worker.sh: line 79: 48912 Terminated              bash "$THR_ROOT/bin/heartbeat.sh" "$UNIT"
/iopsstor/scratch/cscs/dthapa/system3_qwem_omni_8_28/omni_thr_fit/bin/worker.sh: line 79: 48928 Terminated              bash "$THR_ROOT/bin/heartbeat.sh" "$UNIT"
/iopsstor/scratch/cscs/dthapa/system3_qwem_omni_8_28/omni_thr_fit/bin/worker.sh: line 79: 274958 Terminated              bash "$THR_ROOT/bin/heartbeat.sh" "$UNIT"
/iopsstor/scratch/cscs/dthapa/system3_qwem_omni_8_28/omni_thr_fit/bin/worker.sh: line 79: 117440 Terminated              bash "$THR_ROOT/bin/heartbeat.sh" "$UNIT"
/iopsstor/scratch/cscs/dthapa/system3_qwem_omni_8_28/omni_thr_fit/bin/worker.sh: line 79: 71691 Terminated              bash "$THR_ROOT/bin/heartbeat.sh" "$UNIT"
/iopsstor/scratch/cscs/dthapa/system3_qwem_omni_8_28/omni_thr_fit/bin/worker.sh: line 79: 117479 Terminated              bash "$THR_ROOT/bin/heartbeat.sh" "$UNIT"
/iopsstor/scratch/cscs/dthapa/system3_qwem_omni_8_28/omni_thr_fit/bin/worker.sh: line 79: 48976 Terminated              bash "$THR_ROOT/bin/heartbeat.sh" "$UNIT"
/iopsstor/scratch/cscs/dthapa/system3_qwem_omni_8_28/omni_thr_fit/bin/worker.sh: line 79: 117499 Terminated              bash "$THR_ROOT/bin/heartbeat.sh" "$UNIT"
/iopsstor/scratch/cscs/dthapa/system3_qwem_omni_8_28/omni_thr_fit/bin/worker.sh: line 79: 275012 Terminated              bash "$THR_ROOT/bin/heartbeat.sh" "$UNIT"
/iopsstor/scratch/cscs/dthapa/system3_qwem_omni_8_28/omni_thr_fit/bin/worker.sh: line 79: 71748 Terminated              bash "$THR_ROOT/bin/heartbeat.sh" "$UNIT"
/iopsstor/scratch/cscs/dthapa/system3_qwem_omni_8_28/omni_thr_fit/bin/worker.sh: line 79: 49012 Terminated              bash "$THR_ROOT/bin/heartbeat.sh" "$UNIT"
/iopsstor/scratch/cscs/dthapa/system3_qwem_omni_8_28/omni_thr_fit/bin/worker.sh: line 79: 275070 Terminated              bash "$THR_ROOT/bin/heartbeat.sh" "$UNIT"
/iopsstor/scratch/cscs/dthapa/system3_qwem_omni_8_28/omni_thr_fit/bin/worker.sh: line 79: 117548 Terminated              bash "$THR_ROOT/bin/heartbeat.sh" "$UNIT"
/iopsstor/scratch/cscs/dthapa/system3_qwem_omni_8_28/omni_thr_fit/bin/worker.sh: line 79: 71808 Terminated              bash "$THR_ROOT/bin/heartbeat.sh" "$UNIT"
/iopsstor/scratch/cscs/dthapa/system3_qwem_omni_8_28/omni_thr_fit/bin/worker.sh: line 79: 275113 Terminated              bash "$THR_ROOT/bin/heartbeat.sh" "$UNIT"
/iopsstor/scratch/cscs/dthapa/system3_qwem_omni_8_28/omni_thr_fit/bin/worker.sh: line 79: 71838 Terminated              bash "$THR_ROOT/bin/heartbeat.sh" "$UNIT"
/iopsstor/scratch/cscs/dthapa/system3_qwem_omni_8_28/omni_thr_fit/bin/worker.sh: line 79: 49107 Terminated              bash "$THR_ROOT/bin/heartbeat.sh" "$UNIT"
/iopsstor/scratch/cscs/dthapa/system3_qwem_omni_8_28/omni_thr_fit/bin/worker.sh: line 79: 275158 Terminated              bash "$THR_ROOT/bin/heartbeat.sh" "$UNIT"
/iopsstor/scratch/cscs/dthapa/system3_qwem_omni_8_28/omni_thr_fit/bin/worker.sh: line 79: 49123 Terminated              bash "$THR_ROOT/bin/heartbeat.sh" "$UNIT"
/iopsstor/scratch/cscs/dthapa/system3_qwem_omni_8_28/omni_thr_fit/bin/worker.sh: line 79: 117632 Terminated              bash "$THR_ROOT/bin/heartbeat.sh" "$UNIT"
/iopsstor/scratch/cscs/dthapa/system3_qwem_omni_8_28/omni_thr_fit/bin/worker.sh: line 79: 71886 Terminated              bash "$THR_ROOT/bin/heartbeat.sh" "$UNIT"
/iopsstor/scratch/cscs/dthapa/system3_qwem_omni_8_28/omni_thr_fit/bin/worker.sh: line 79: 117664 Terminated              bash "$THR_ROOT/bin/heartbeat.sh" "$UNIT"
/iopsstor/scratch/cscs/dthapa/system3_qwem_omni_8_28/omni_thr_fit/bin/worker.sh: line 79: 117689 Terminated              bash "$THR_ROOT/bin/heartbeat.sh" "$UNIT"
/iopsstor/scratch/cscs/dthapa/system3_qwem_omni_8_28/omni_thr_fit/bin/worker.sh: line 79: 49173 Terminated              bash "$THR_ROOT/bin/heartbeat.sh" "$UNIT"
/iopsstor/scratch/cscs/dthapa/system3_qwem_omni_8_28/omni_thr_fit/bin/worker.sh: line 79: 275212 Terminated              bash "$THR_ROOT/bin/heartbeat.sh" "$UNIT"
/iopsstor/scratch/cscs/dthapa/system3_qwem_omni_8_28/omni_thr_fit/bin/worker.sh: line 79: 71925 Terminated              bash "$THR_ROOT/bin/heartbeat.sh" "$UNIT"
/iopsstor/scratch/cscs/dthapa/system3_qwem_omni_8_28/omni_thr_fit/bin/worker.sh: line 79: 49209 Terminated              bash "$THR_ROOT/bin/heartbeat.sh" "$UNIT"
/iopsstor/scratch/cscs/dthapa/system3_qwem_omni_8_28/omni_thr_fit/bin/worker.sh: line 79: 275256 Terminated              bash "$THR_ROOT/bin/heartbeat.sh" "$UNIT"
/iopsstor/scratch/cscs/dthapa/system3_qwem_omni_8_28/omni_thr_fit/bin/worker.sh: line 79: 117741 Terminated              bash "$THR_ROOT/bin/heartbeat.sh" "$UNIT"
/iopsstor/scratch/cscs/dthapa/system3_qwem_omni_8_28/omni_thr_fit/bin/worker.sh: line 79: 71977 Terminated              bash "$THR_ROOT/bin/heartbeat.sh" "$UNIT"
/iopsstor/scratch/cscs/dthapa/system3_qwem_omni_8_28/omni_thr_fit/bin/worker.sh: line 79: 72008 Terminated              bash "$THR_ROOT/bin/heartbeat.sh" "$UNIT"
/iopsstor/scratch/cscs/dthapa/system3_qwem_omni_8_28/omni_thr_fit/bin/worker.sh: line 79: 275295 Terminated              bash "$THR_ROOT/bin/heartbeat.sh" "$UNIT"
/iopsstor/scratch/cscs/dthapa/system3_qwem_omni_8_28/omni_thr_fit/bin/worker.sh: line 79: 275333 Terminated              bash "$THR_ROOT/bin/heartbeat.sh" "$UNIT"
/iopsstor/scratch/cscs/dthapa/system3_qwem_omni_8_28/omni_thr_fit/bin/worker.sh: line 79: 117806 Terminated              bash "$THR_ROOT/bin/heartbeat.sh" "$UNIT"
/iopsstor/scratch/cscs/dthapa/system3_qwem_omni_8_28/omni_thr_fit/bin/worker.sh: line 79: 72060 Terminated              bash "$THR_ROOT/bin/heartbeat.sh" "$UNIT"
/iopsstor/scratch/cscs/dthapa/system3_qwem_omni_8_28/omni_thr_fit/bin/worker.sh: line 79: 49286 Terminated              bash "$THR_ROOT/bin/heartbeat.sh" "$UNIT"
/iopsstor/scratch/cscs/dthapa/system3_qwem_omni_8_28/omni_thr_fit/bin/worker.sh: line 79: 117837 Terminated              bash "$THR_ROOT/bin/heartbeat.sh" "$UNIT"
/iopsstor/scratch/cscs/dthapa/system3_qwem_omni_8_28/omni_thr_fit/bin/worker.sh: line 79: 49302 Terminated              bash "$THR_ROOT/bin/heartbeat.sh" "$UNIT"
/iopsstor/scratch/cscs/dthapa/system3_qwem_omni_8_28/omni_thr_fit/bin/worker.sh: line 79: 117866 Terminated              bash "$THR_ROOT/bin/heartbeat.sh" "$UNIT"
/iopsstor/scratch/cscs/dthapa/system3_qwem_omni_8_28/omni_thr_fit/bin/worker.sh: line 79: 49350 Terminated              bash "$THR_ROOT/bin/heartbeat.sh" "$UNIT"
/iopsstor/scratch/cscs/dthapa/system3_qwem_omni_8_28/omni_thr_fit/bin/worker.sh: line 79: 72104 Terminated              bash "$THR_ROOT/bin/heartbeat.sh" "$UNIT"
/iopsstor/scratch/cscs/dthapa/system3_qwem_omni_8_28/omni_thr_fit/bin/worker.sh: line 79: 275388 Terminated              bash "$THR_ROOT/bin/heartbeat.sh" "$UNIT"
/iopsstor/scratch/cscs/dthapa/system3_qwem_omni_8_28/omni_thr_fit/bin/worker.sh: line 79: 275430 Terminated              bash "$THR_ROOT/bin/heartbeat.sh" "$UNIT"
/iopsstor/scratch/cscs/dthapa/system3_qwem_omni_8_28/omni_thr_fit/bin/worker.sh: line 79: 49386 Terminated              bash "$THR_ROOT/bin/heartbeat.sh" "$UNIT"
/iopsstor/scratch/cscs/dthapa/system3_qwem_omni_8_28/omni_thr_fit/bin/worker.sh: line 79: 72151 Terminated              bash "$THR_ROOT/bin/heartbeat.sh" "$UNIT"
/iopsstor/scratch/cscs/dthapa/system3_qwem_omni_8_28/omni_thr_fit/bin/worker.sh: line 79: 117918 Terminated              bash "$THR_ROOT/bin/heartbeat.sh" "$UNIT"
/iopsstor/scratch/cscs/dthapa/system3_qwem_omni_8_28/omni_thr_fit/bin/worker.sh: line 79: 72201 Terminated              bash "$THR_ROOT/bin/heartbeat.sh" "$UNIT"
/iopsstor/scratch/cscs/dthapa/system3_qwem_omni_8_28/omni_thr_fit/bin/worker.sh: line 79: 275474 Terminated              bash "$THR_ROOT/bin/heartbeat.sh" "$UNIT"
/iopsstor/scratch/cscs/dthapa/system3_qwem_omni_8_28/omni_thr_fit/bin/worker.sh: line 79: 275520 Terminated              bash "$THR_ROOT/bin/heartbeat.sh" "$UNIT"
/iopsstor/scratch/cscs/dthapa/system3_qwem_omni_8_28/omni_thr_fit/bin/worker.sh: line 79: 72247 Terminated              bash "$THR_ROOT/bin/heartbeat.sh" "$UNIT"
/iopsstor/scratch/cscs/dthapa/system3_qwem_omni_8_28/omni_thr_fit/bin/worker.sh: line 79: 117986 Terminated              bash "$THR_ROOT/bin/heartbeat.sh" "$UNIT"
/iopsstor/scratch/cscs/dthapa/system3_qwem_omni_8_28/omni_thr_fit/bin/worker.sh: line 79: 118003 Terminated              bash "$THR_ROOT/bin/heartbeat.sh" "$UNIT"
/iopsstor/scratch/cscs/dthapa/system3_qwem_omni_8_28/omni_thr_fit/bin/worker.sh: line 79: 49463 Terminated              bash "$THR_ROOT/bin/heartbeat.sh" "$UNIT"
/iopsstor/scratch/cscs/dthapa/system3_qwem_omni_8_28/omni_thr_fit/bin/worker.sh: line 79: 49479 Terminated              bash "$THR_ROOT/bin/heartbeat.sh" "$UNIT"
/iopsstor/scratch/cscs/dthapa/system3_qwem_omni_8_28/omni_thr_fit/bin/worker.sh: line 79: 72296 Terminated              bash "$THR_ROOT/bin/heartbeat.sh" "$UNIT"
/iopsstor/scratch/cscs/dthapa/system3_qwem_omni_8_28/omni_thr_fit/bin/worker.sh: line 79: 118046 Terminated              bash "$THR_ROOT/bin/heartbeat.sh" "$UNIT"
/iopsstor/scratch/cscs/dthapa/system3_qwem_omni_8_28/omni_thr_fit/bin/worker.sh: line 79: 49546 Terminated              bash "$THR_ROOT/bin/heartbeat.sh" "$UNIT"
/iopsstor/scratch/cscs/dthapa/system3_qwem_omni_8_28/omni_thr_fit/bin/worker.sh: line 79: 275583 Terminated              bash "$THR_ROOT/bin/heartbeat.sh" "$UNIT"
/iopsstor/scratch/cscs/dthapa/system3_qwem_omni_8_28/omni_thr_fit/bin/worker.sh: line 79: 275614 Terminated              bash "$THR_ROOT/bin/heartbeat.sh" "$UNIT"
/iopsstor/scratch/cscs/dthapa/system3_qwem_omni_8_28/omni_thr_fit/bin/worker.sh: line 79: 72342 Terminated              bash "$THR_ROOT/bin/heartbeat.sh" "$UNIT"
/iopsstor/scratch/cscs/dthapa/system3_qwem_omni_8_28/omni_thr_fit/bin/worker.sh: line 79: 49583 Terminated              bash "$THR_ROOT/bin/heartbeat.sh" "$UNIT"
/iopsstor/scratch/cscs/dthapa/system3_qwem_omni_8_28/omni_thr_fit/bin/worker.sh: line 79: 72369 Terminated              bash "$THR_ROOT/bin/heartbeat.sh" "$UNIT"
/iopsstor/scratch/cscs/dthapa/system3_qwem_omni_8_28/omni_thr_fit/bin/worker.sh: line 79: 118110 Terminated              bash "$THR_ROOT/bin/heartbeat.sh" "$UNIT"
/iopsstor/scratch/cscs/dthapa/system3_qwem_omni_8_28/omni_thr_fit/bin/worker.sh: line 79: 275668 Terminated              bash "$THR_ROOT/bin/heartbeat.sh" "$UNIT"
/iopsstor/scratch/cscs/dthapa/system3_qwem_omni_8_28/omni_thr_fit/bin/worker.sh: line 79: 275689 Terminated              bash "$THR_ROOT/bin/heartbeat.sh" "$UNIT"
/iopsstor/scratch/cscs/dthapa/system3_qwem_omni_8_28/omni_thr_fit/bin/worker.sh: line 79: 72415 Terminated              bash "$THR_ROOT/bin/heartbeat.sh" "$UNIT"
/iopsstor/scratch/cscs/dthapa/system3_qwem_omni_8_28/omni_thr_fit/bin/worker.sh: line 79: 118182 Terminated              bash "$THR_ROOT/bin/heartbeat.sh" "$UNIT"
/iopsstor/scratch/cscs/dthapa/system3_qwem_omni_8_28/omni_thr_fit/bin/worker.sh: line 79: 118198 Terminated              bash "$THR_ROOT/bin/heartbeat.sh" "$UNIT"
/iopsstor/scratch/cscs/dthapa/system3_qwem_omni_8_28/omni_thr_fit/bin/worker.sh: line 79: 49659 Terminated              bash "$THR_ROOT/bin/heartbeat.sh" "$UNIT"
/iopsstor/scratch/cscs/dthapa/system3_qwem_omni_8_28/omni_thr_fit/bin/worker.sh: line 79: 49675 Terminated              bash "$THR_ROOT/bin/heartbeat.sh" "$UNIT"
/iopsstor/scratch/cscs/dthapa/system3_qwem_omni_8_28/omni_thr_fit/bin/worker.sh: line 79: 72471 Terminated              bash "$THR_ROOT/bin/heartbeat.sh" "$UNIT"
/iopsstor/scratch/cscs/dthapa/system3_qwem_omni_8_28/omni_thr_fit/bin/worker.sh: line 79: 118246 Terminated              bash "$THR_ROOT/bin/heartbeat.sh" "$UNIT"
/iopsstor/scratch/cscs/dthapa/system3_qwem_omni_8_28/omni_thr_fit/bin/worker.sh: line 79: 275763 Terminated              bash "$THR_ROOT/bin/heartbeat.sh" "$UNIT"
/iopsstor/scratch/cscs/dthapa/system3_qwem_omni_8_28/omni_thr_fit/bin/worker.sh: line 79: 49723 Terminated              bash "$THR_ROOT/bin/heartbeat.sh" "$UNIT"
/iopsstor/scratch/cscs/dthapa/system3_qwem_omni_8_28/omni_thr_fit/bin/worker.sh: line 79: 275785 Terminated              bash "$THR_ROOT/bin/heartbeat.sh" "$UNIT"
/iopsstor/scratch/cscs/dthapa/system3_qwem_omni_8_28/omni_thr_fit/bin/worker.sh: line 79: 72515 Terminated              bash "$THR_ROOT/bin/heartbeat.sh" "$UNIT"
/iopsstor/scratch/cscs/dthapa/system3_qwem_omni_8_28/omni_thr_fit/bin/worker.sh: line 79: 72538 Terminated              bash "$THR_ROOT/bin/heartbeat.sh" "$UNIT"
/iopsstor/scratch/cscs/dthapa/system3_qwem_omni_8_28/omni_thr_fit/bin/worker.sh: line 79: 49781 Terminated              bash "$THR_ROOT/bin/heartbeat.sh" "$UNIT"
/iopsstor/scratch/cscs/dthapa/system3_qwem_omni_8_28/omni_thr_fit/bin/worker.sh: line 79: 118287 Terminated              bash "$THR_ROOT/bin/heartbeat.sh" "$UNIT"
/iopsstor/scratch/cscs/dthapa/system3_qwem_omni_8_28/omni_thr_fit/bin/worker.sh: line 79: 275841 Terminated              bash "$THR_ROOT/bin/heartbeat.sh" "$UNIT"
/iopsstor/scratch/cscs/dthapa/system3_qwem_omni_8_28/omni_thr_fit/bin/worker.sh: line 79: 275862 Terminated              bash "$THR_ROOT/bin/heartbeat.sh" "$UNIT"
/iopsstor/scratch/cscs/dthapa/system3_qwem_omni_8_28/omni_thr_fit/bin/worker.sh: line 79: 72589 Terminated              bash "$THR_ROOT/bin/heartbeat.sh" "$UNIT"
/iopsstor/scratch/cscs/dthapa/system3_qwem_omni_8_28/omni_thr_fit/bin/worker.sh: line 79: 118355 Terminated              bash "$THR_ROOT/bin/heartbeat.sh" "$UNIT"
/iopsstor/scratch/cscs/dthapa/system3_qwem_omni_8_28/omni_thr_fit/bin/worker.sh: line 79: 118375 Terminated              bash "$THR_ROOT/bin/heartbeat.sh" "$UNIT"
/iopsstor/scratch/cscs/dthapa/system3_qwem_omni_8_28/omni_thr_fit/bin/worker.sh: line 79: 49857 Terminated              bash "$THR_ROOT/bin/heartbeat.sh" "$UNIT"
/iopsstor/scratch/cscs/dthapa/system3_qwem_omni_8_28/omni_thr_fit/bin/worker.sh: line 79: 72687 Terminated              bash "$THR_ROOT/bin/heartbeat.sh" "$UNIT"
/iopsstor/scratch/cscs/dthapa/system3_qwem_omni_8_28/omni_thr_fit/bin/worker.sh: line 79: 49873 Terminated              bash "$THR_ROOT/bin/heartbeat.sh" "$UNIT"
/iopsstor/scratch/cscs/dthapa/system3_qwem_omni_8_28/omni_thr_fit/bin/worker.sh: line 79: 118420 Terminated              bash "$THR_ROOT/bin/heartbeat.sh" "$UNIT"
/iopsstor/scratch/cscs/dthapa/system3_qwem_omni_8_28/omni_thr_fit/bin/worker.sh: line 79: 275954 Terminated              bash "$THR_ROOT/bin/heartbeat.sh" "$UNIT"
/iopsstor/scratch/cscs/dthapa/system3_qwem_omni_8_28/omni_thr_fit/bin/worker.sh: line 79: 275982 Terminated              bash "$THR_ROOT/bin/heartbeat.sh" "$UNIT"
/iopsstor/scratch/cscs/dthapa/system3_qwem_omni_8_28/omni_thr_fit/bin/worker.sh: line 79: 72728 Terminated              bash "$THR_ROOT/bin/heartbeat.sh" "$UNIT"
/iopsstor/scratch/cscs/dthapa/system3_qwem_omni_8_28/omni_thr_fit/bin/worker.sh: line 79: 49922 Terminated              bash "$THR_ROOT/bin/heartbeat.sh" "$UNIT"
/iopsstor/scratch/cscs/dthapa/system3_qwem_omni_8_28/omni_thr_fit/bin/worker.sh: line 79: 72747 Terminated              bash "$THR_ROOT/bin/heartbeat.sh" "$UNIT"
/iopsstor/scratch/cscs/dthapa/system3_qwem_omni_8_28/omni_thr_fit/bin/worker.sh: line 79: 118465 Terminated              bash "$THR_ROOT/bin/heartbeat.sh" "$UNIT"
/iopsstor/scratch/cscs/dthapa/system3_qwem_omni_8_28/omni_thr_fit/bin/worker.sh: line 79: 49979 Terminated              bash "$THR_ROOT/bin/heartbeat.sh" "$UNIT"
/iopsstor/scratch/cscs/dthapa/system3_qwem_omni_8_28/omni_thr_fit/bin/worker.sh: line 79: 276032 Terminated              bash "$THR_ROOT/bin/heartbeat.sh" "$UNIT"
/iopsstor/scratch/cscs/dthapa/system3_qwem_omni_8_28/omni_thr_fit/bin/worker.sh: line 79: 276053 Terminated              bash "$THR_ROOT/bin/heartbeat.sh" "$UNIT"
/iopsstor/scratch/cscs/dthapa/system3_qwem_omni_8_28/omni_thr_fit/bin/worker.sh: line 79: 72803 Terminated              bash "$THR_ROOT/bin/heartbeat.sh" "$UNIT"
/iopsstor/scratch/cscs/dthapa/system3_qwem_omni_8_28/omni_thr_fit/bin/worker.sh: line 79: 118548 Terminated              bash "$THR_ROOT/bin/heartbeat.sh" "$UNIT"
/iopsstor/scratch/cscs/dthapa/system3_qwem_omni_8_28/omni_thr_fit/bin/worker.sh: line 79: 118570 Terminated              bash "$THR_ROOT/bin/heartbeat.sh" "$UNIT"
/iopsstor/scratch/cscs/dthapa/system3_qwem_omni_8_28/omni_thr_fit/bin/worker.sh: line 79: 72853 Terminated              bash "$THR_ROOT/bin/heartbeat.sh" "$UNIT"
/iopsstor/scratch/cscs/dthapa/system3_qwem_omni_8_28/omni_thr_fit/bin/worker.sh: line 79: 50061 Terminated              bash "$THR_ROOT/bin/heartbeat.sh" "$UNIT"
/iopsstor/scratch/cscs/dthapa/system3_qwem_omni_8_28/omni_thr_fit/bin/worker.sh: line 79: 50077 Terminated              bash "$THR_ROOT/bin/heartbeat.sh" "$UNIT"
/iopsstor/scratch/cscs/dthapa/system3_qwem_omni_8_28/omni_thr_fit/bin/worker.sh: line 79: 118608 Terminated              bash "$THR_ROOT/bin/heartbeat.sh" "$UNIT"
/iopsstor/scratch/cscs/dthapa/system3_qwem_omni_8_28/omni_thr_fit/bin/worker.sh: line 79: 276129 Terminated              bash "$THR_ROOT/bin/heartbeat.sh" "$UNIT"
/iopsstor/scratch/cscs/dthapa/system3_qwem_omni_8_28/omni_thr_fit/bin/worker.sh: line 79: 276153 Terminated              bash "$THR_ROOT/bin/heartbeat.sh" "$UNIT"
/iopsstor/scratch/cscs/dthapa/system3_qwem_omni_8_28/omni_thr_fit/bin/worker.sh: line 79: 72898 Terminated              bash "$THR_ROOT/bin/heartbeat.sh" "$UNIT"
/iopsstor/scratch/cscs/dthapa/system3_qwem_omni_8_28/omni_thr_fit/bin/worker.sh: line 79: 72925 Terminated              bash "$THR_ROOT/bin/heartbeat.sh" "$UNIT"
/iopsstor/scratch/cscs/dthapa/system3_qwem_omni_8_28/omni_thr_fit/bin/worker.sh: line 79: 50126 Terminated              bash "$THR_ROOT/bin/heartbeat.sh" "$UNIT"
/iopsstor/scratch/cscs/dthapa/system3_qwem_omni_8_28/omni_thr_fit/bin/worker.sh: line 79: 118653 Terminated              bash "$THR_ROOT/bin/heartbeat.sh" "$UNIT"
/iopsstor/scratch/cscs/dthapa/system3_qwem_omni_8_28/omni_thr_fit/bin/worker.sh: line 79: 276207 Terminated              bash "$THR_ROOT/bin/heartbeat.sh" "$UNIT"
/iopsstor/scratch/cscs/dthapa/system3_qwem_omni_8_28/omni_thr_fit/bin/worker.sh: line 79: 50162 Terminated              bash "$THR_ROOT/bin/heartbeat.sh" "$UNIT"
/iopsstor/scratch/cscs/dthapa/system3_qwem_omni_8_28/omni_thr_fit/bin/worker.sh: line 79: 276228 Terminated              bash "$THR_ROOT/bin/heartbeat.sh" "$UNIT"
/iopsstor/scratch/cscs/dthapa/system3_qwem_omni_8_28/omni_thr_fit/bin/worker.sh: line 79: 72970 Terminated              bash "$THR_ROOT/bin/heartbeat.sh" "$UNIT"
/iopsstor/scratch/cscs/dthapa/system3_qwem_omni_8_28/omni_thr_fit/bin/worker.sh: line 79: 118721 Terminated              bash "$THR_ROOT/bin/heartbeat.sh" "$UNIT"
/iopsstor/scratch/cscs/dthapa/system3_qwem_omni_8_28/omni_thr_fit/bin/worker.sh: line 79: 118742 Terminated              bash "$THR_ROOT/bin/heartbeat.sh" "$UNIT"
/iopsstor/scratch/cscs/dthapa/system3_qwem_omni_8_28/omni_thr_fit/bin/worker.sh: line 79: 73030 Terminated              bash "$THR_ROOT/bin/heartbeat.sh" "$UNIT"
/iopsstor/scratch/cscs/dthapa/system3_qwem_omni_8_28/omni_thr_fit/bin/worker.sh: line 79: 118783 Terminated              bash "$THR_ROOT/bin/heartbeat.sh" "$UNIT"
/iopsstor/scratch/cscs/dthapa/system3_qwem_omni_8_28/omni_thr_fit/bin/worker.sh: line 79: 50240 Terminated              bash "$THR_ROOT/bin/heartbeat.sh" "$UNIT"
/iopsstor/scratch/cscs/dthapa/system3_qwem_omni_8_28/omni_thr_fit/bin/worker.sh: line 79: 50256 Terminated              bash "$THR_ROOT/bin/heartbeat.sh" "$UNIT"
/iopsstor/scratch/cscs/dthapa/system3_qwem_omni_8_28/omni_thr_fit/bin/worker.sh: line 79: 73071 Terminated              bash "$THR_ROOT/bin/heartbeat.sh" "$UNIT"
/iopsstor/scratch/cscs/dthapa/system3_qwem_omni_8_28/omni_thr_fit/bin/worker.sh: line 79: 276302 Terminated              bash "$THR_ROOT/bin/heartbeat.sh" "$UNIT"
/iopsstor/scratch/cscs/dthapa/system3_qwem_omni_8_28/omni_thr_fit/bin/worker.sh: line 79: 276325 Terminated              bash "$THR_ROOT/bin/heartbeat.sh" "$UNIT"
/iopsstor/scratch/cscs/dthapa/system3_qwem_omni_8_28/omni_thr_fit/bin/worker.sh: line 79: 73094 Terminated              bash "$THR_ROOT/bin/heartbeat.sh" "$UNIT"
/iopsstor/scratch/cscs/dthapa/system3_qwem_omni_8_28/omni_thr_fit/bin/worker.sh: line 79: 50306 Terminated              bash "$THR_ROOT/bin/heartbeat.sh" "$UNIT"
/iopsstor/scratch/cscs/dthapa/system3_qwem_omni_8_28/omni_thr_fit/bin/worker.sh: line 79: 118829 Terminated              bash "$THR_ROOT/bin/heartbeat.sh" "$UNIT"
/iopsstor/scratch/cscs/dthapa/system3_qwem_omni_8_28/omni_thr_fit/bin/worker.sh: line 79: 276377 Terminated              bash "$THR_ROOT/bin/heartbeat.sh" "$UNIT"
/iopsstor/scratch/cscs/dthapa/system3_qwem_omni_8_28/omni_thr_fit/bin/worker.sh: line 79: 276411 Terminated              bash "$THR_ROOT/bin/heartbeat.sh" "$UNIT"
/iopsstor/scratch/cscs/dthapa/system3_qwem_omni_8_28/omni_thr_fit/bin/worker.sh: line 79: 73161 Terminated              bash "$THR_ROOT/bin/heartbeat.sh" "$UNIT"
/iopsstor/scratch/cscs/dthapa/system3_qwem_omni_8_28/omni_thr_fit/bin/worker.sh: line 79: 50342 Terminated              bash "$THR_ROOT/bin/heartbeat.sh" "$UNIT"
/iopsstor/scratch/cscs/dthapa/system3_qwem_omni_8_28/omni_thr_fit/bin/worker.sh: line 79: 118897 Terminated              bash "$THR_ROOT/bin/heartbeat.sh" "$UNIT"
/iopsstor/scratch/cscs/dthapa/system3_qwem_omni_8_28/omni_thr_fit/bin/worker.sh: line 79: 118918 Terminated              bash "$THR_ROOT/bin/heartbeat.sh" "$UNIT"
/iopsstor/scratch/cscs/dthapa/system3_qwem_omni_8_28/omni_thr_fit/bin/worker.sh: line 79: 73222 Terminated              bash "$THR_ROOT/bin/heartbeat.sh" "$UNIT"
/iopsstor/scratch/cscs/dthapa/system3_qwem_omni_8_28/omni_thr_fit/bin/worker.sh: line 79: 118975 Terminated              bash "$THR_ROOT/bin/heartbeat.sh" "$UNIT"
/iopsstor/scratch/cscs/dthapa/system3_qwem_omni_8_28/omni_thr_fit/bin/worker.sh: line 79: 73262 Terminated              bash "$THR_ROOT/bin/heartbeat.sh" "$UNIT"
/iopsstor/scratch/cscs/dthapa/system3_qwem_omni_8_28/omni_thr_fit/bin/worker.sh: line 79: 50438 Terminated              bash "$THR_ROOT/bin/heartbeat.sh" "$UNIT"
/iopsstor/scratch/cscs/dthapa/system3_qwem_omni_8_28/omni_thr_fit/bin/worker.sh: line 79: 73280 Terminated              bash "$THR_ROOT/bin/heartbeat.sh" "$UNIT"
/iopsstor/scratch/cscs/dthapa/system3_qwem_omni_8_28/omni_thr_fit/bin/worker.sh: line 79: 50454 Terminated              bash "$THR_ROOT/bin/heartbeat.sh" "$UNIT"
/iopsstor/scratch/cscs/dthapa/system3_qwem_omni_8_28/omni_thr_fit/bin/worker.sh: line 79: 276496 Terminated              bash "$THR_ROOT/bin/heartbeat.sh" "$UNIT"
/iopsstor/scratch/cscs/dthapa/system3_qwem_omni_8_28/omni_thr_fit/bin/worker.sh: line 79: 276515 Terminated              bash "$THR_ROOT/bin/heartbeat.sh" "$UNIT"
/iopsstor/scratch/cscs/dthapa/system3_qwem_omni_8_28/omni_thr_fit/bin/worker.sh: line 79: 119020 Terminated              bash "$THR_ROOT/bin/heartbeat.sh" "$UNIT"
/iopsstor/scratch/cscs/dthapa/system3_qwem_omni_8_28/omni_thr_fit/bin/worker.sh: line 79: 50504 Terminated              bash "$THR_ROOT/bin/heartbeat.sh" "$UNIT"
/iopsstor/scratch/cscs/dthapa/system3_qwem_omni_8_28/omni_thr_fit/bin/worker.sh: line 79: 276574 Terminated              bash "$THR_ROOT/bin/heartbeat.sh" "$UNIT"
/iopsstor/scratch/cscs/dthapa/system3_qwem_omni_8_28/omni_thr_fit/bin/worker.sh: line 79: 73334 Terminated              bash "$THR_ROOT/bin/heartbeat.sh" "$UNIT"
/iopsstor/scratch/cscs/dthapa/system3_qwem_omni_8_28/omni_thr_fit/bin/worker.sh: line 79: 276595 Terminated              bash "$THR_ROOT/bin/heartbeat.sh" "$UNIT"
/iopsstor/scratch/cscs/dthapa/system3_qwem_omni_8_28/omni_thr_fit/bin/worker.sh: line 79: 50540 Terminated              bash "$THR_ROOT/bin/heartbeat.sh" "$UNIT"
/iopsstor/scratch/cscs/dthapa/system3_qwem_omni_8_28/omni_thr_fit/bin/worker.sh: line 79: 119091 Terminated              bash "$THR_ROOT/bin/heartbeat.sh" "$UNIT"
/iopsstor/scratch/cscs/dthapa/system3_qwem_omni_8_28/omni_thr_fit/bin/worker.sh: line 79: 119112 Terminated              bash "$THR_ROOT/bin/heartbeat.sh" "$UNIT"
/iopsstor/scratch/cscs/dthapa/system3_qwem_omni_8_28/omni_thr_fit/bin/worker.sh: line 79: 73395 Terminated              bash "$THR_ROOT/bin/heartbeat.sh" "$UNIT"
/iopsstor/scratch/cscs/dthapa/system3_qwem_omni_8_28/omni_thr_fit/bin/worker.sh: line 79: 119153 Terminated              bash "$THR_ROOT/bin/heartbeat.sh" "$UNIT"
/iopsstor/scratch/cscs/dthapa/system3_qwem_omni_8_28/omni_thr_fit/bin/worker.sh: line 79: 73435 Terminated              bash "$THR_ROOT/bin/heartbeat.sh" "$UNIT"
/iopsstor/scratch/cscs/dthapa/system3_qwem_omni_8_28/omni_thr_fit/bin/worker.sh: line 79: 73458 Terminated              bash "$THR_ROOT/bin/heartbeat.sh" "$UNIT"
/iopsstor/scratch/cscs/dthapa/system3_qwem_omni_8_28/omni_thr_fit/bin/worker.sh: line 79: 276681 Terminated              bash "$THR_ROOT/bin/heartbeat.sh" "$UNIT"
/iopsstor/scratch/cscs/dthapa/system3_qwem_omni_8_28/omni_thr_fit/bin/worker.sh: line 79: 50618 Terminated              bash "$THR_ROOT/bin/heartbeat.sh" "$UNIT"
/iopsstor/scratch/cscs/dthapa/system3_qwem_omni_8_28/omni_thr_fit/bin/worker.sh: line 79: 50634 Terminated              bash "$THR_ROOT/bin/heartbeat.sh" "$UNIT"
/iopsstor/scratch/cscs/dthapa/system3_qwem_omni_8_28/omni_thr_fit/bin/worker.sh: line 79: 276705 Terminated              bash "$THR_ROOT/bin/heartbeat.sh" "$UNIT"
/iopsstor/scratch/cscs/dthapa/system3_qwem_omni_8_28/omni_thr_fit/bin/worker.sh: line 79: 119198 Terminated              bash "$THR_ROOT/bin/heartbeat.sh" "$UNIT"
/iopsstor/scratch/cscs/dthapa/system3_qwem_omni_8_28/omni_thr_fit/bin/worker.sh: line 79: 276753 Terminated              bash "$THR_ROOT/bin/heartbeat.sh" "$UNIT"
/iopsstor/scratch/cscs/dthapa/system3_qwem_omni_8_28/omni_thr_fit/bin/worker.sh: line 79: 50682 Terminated              bash "$THR_ROOT/bin/heartbeat.sh" "$UNIT"
/iopsstor/scratch/cscs/dthapa/system3_qwem_omni_8_28/omni_thr_fit/bin/worker.sh: line 79: 73503 Terminated              bash "$THR_ROOT/bin/heartbeat.sh" "$UNIT"
/iopsstor/scratch/cscs/dthapa/system3_qwem_omni_8_28/omni_thr_fit/bin/worker.sh: line 79: 276774 Terminated              bash "$THR_ROOT/bin/heartbeat.sh" "$UNIT"
/iopsstor/scratch/cscs/dthapa/system3_qwem_omni_8_28/omni_thr_fit/bin/worker.sh: line 79: 119266 Terminated              bash "$THR_ROOT/bin/heartbeat.sh" "$UNIT"
/iopsstor/scratch/cscs/dthapa/system3_qwem_omni_8_28/omni_thr_fit/bin/worker.sh: line 79: 50718 Terminated              bash "$THR_ROOT/bin/heartbeat.sh" "$UNIT"
/iopsstor/scratch/cscs/dthapa/system3_qwem_omni_8_28/omni_thr_fit/bin/worker.sh: line 79: 119287 Terminated              bash "$THR_ROOT/bin/heartbeat.sh" "$UNIT"
/iopsstor/scratch/cscs/dthapa/system3_qwem_omni_8_28/omni_thr_fit/bin/worker.sh: line 79: 119326 Terminated              bash "$THR_ROOT/bin/heartbeat.sh" "$UNIT"
/iopsstor/scratch/cscs/dthapa/system3_qwem_omni_8_28/omni_thr_fit/bin/worker.sh: line 79: 73592 Terminated              bash "$THR_ROOT/bin/heartbeat.sh" "$UNIT"
/iopsstor/scratch/cscs/dthapa/system3_qwem_omni_8_28/omni_thr_fit/bin/worker.sh: line 79: 73624 Terminated              bash "$THR_ROOT/bin/heartbeat.sh" "$UNIT"
/iopsstor/scratch/cscs/dthapa/system3_qwem_omni_8_28/omni_thr_fit/bin/worker.sh: line 79: 73655 Terminated              bash "$THR_ROOT/bin/heartbeat.sh" "$UNIT"
/iopsstor/scratch/cscs/dthapa/system3_qwem_omni_8_28/omni_thr_fit/bin/worker.sh: line 79: 276881 Terminated              bash "$THR_ROOT/bin/heartbeat.sh" "$UNIT"
/iopsstor/scratch/cscs/dthapa/system3_qwem_omni_8_28/omni_thr_fit/bin/worker.sh: line 79: 276909 Terminated              bash "$THR_ROOT/bin/heartbeat.sh" "$UNIT"
/iopsstor/scratch/cscs/dthapa/system3_qwem_omni_8_28/omni_thr_fit/bin/worker.sh: line 79: 119371 Terminated              bash "$THR_ROOT/bin/heartbeat.sh" "$UNIT"
/iopsstor/scratch/cscs/dthapa/system3_qwem_omni_8_28/omni_thr_fit/bin/worker.sh: line 79: 50816 Terminated              bash "$THR_ROOT/bin/heartbeat.sh" "$UNIT"
/iopsstor/scratch/cscs/dthapa/system3_qwem_omni_8_28/omni_thr_fit/bin/worker.sh: line 79: 50832 Terminated              bash "$THR_ROOT/bin/heartbeat.sh" "$UNIT"
/iopsstor/scratch/cscs/dthapa/system3_qwem_omni_8_28/omni_thr_fit/bin/worker.sh: line 79: 276952 Terminated              bash "$THR_ROOT/bin/heartbeat.sh" "$UNIT"
/iopsstor/scratch/cscs/dthapa/system3_qwem_omni_8_28/omni_thr_fit/bin/worker.sh: line 79: 73699 Terminated              bash "$THR_ROOT/bin/heartbeat.sh" "$UNIT"
/iopsstor/scratch/cscs/dthapa/system3_qwem_omni_8_28/omni_thr_fit/bin/worker.sh: line 79: 276969 Terminated              bash "$THR_ROOT/bin/heartbeat.sh" "$UNIT"
/iopsstor/scratch/cscs/dthapa/system3_qwem_omni_8_28/omni_thr_fit/bin/worker.sh: line 79: 50881 Terminated              bash "$THR_ROOT/bin/heartbeat.sh" "$UNIT"
/iopsstor/scratch/cscs/dthapa/system3_qwem_omni_8_28/omni_thr_fit/bin/worker.sh: line 79: 119453 Terminated              bash "$THR_ROOT/bin/heartbeat.sh" "$UNIT"
/iopsstor/scratch/cscs/dthapa/system3_qwem_omni_8_28/omni_thr_fit/bin/worker.sh: line 79: 119475 Terminated              bash "$THR_ROOT/bin/heartbeat.sh" "$UNIT"
/iopsstor/scratch/cscs/dthapa/system3_qwem_omni_8_28/omni_thr_fit/bin/worker.sh: line 79: 50917 Terminated              bash "$THR_ROOT/bin/heartbeat.sh" "$UNIT"
/iopsstor/scratch/cscs/dthapa/system3_qwem_omni_8_28/omni_thr_fit/bin/worker.sh: line 79: 119526 Terminated              bash "$THR_ROOT/bin/heartbeat.sh" "$UNIT"
/iopsstor/scratch/cscs/dthapa/system3_qwem_omni_8_28/omni_thr_fit/bin/worker.sh: line 79: 73776 Terminated              bash "$THR_ROOT/bin/heartbeat.sh" "$UNIT"
/iopsstor/scratch/cscs/dthapa/system3_qwem_omni_8_28/omni_thr_fit/bin/worker.sh: line 79: 73796 Terminated              bash "$THR_ROOT/bin/heartbeat.sh" "$UNIT"
/iopsstor/scratch/cscs/dthapa/system3_qwem_omni_8_28/omni_thr_fit/bin/worker.sh: line 79: 73820 Terminated              bash "$THR_ROOT/bin/heartbeat.sh" "$UNIT"
/iopsstor/scratch/cscs/dthapa/system3_qwem_omni_8_28/omni_thr_fit/bin/worker.sh: line 79: 277058 Terminated              bash "$THR_ROOT/bin/heartbeat.sh" "$UNIT"
/iopsstor/scratch/cscs/dthapa/system3_qwem_omni_8_28/omni_thr_fit/bin/worker.sh: line 79: 277082 Terminated              bash "$THR_ROOT/bin/heartbeat.sh" "$UNIT"
/iopsstor/scratch/cscs/dthapa/system3_qwem_omni_8_28/omni_thr_fit/bin/worker.sh: line 79: 119567 Terminated              bash "$THR_ROOT/bin/heartbeat.sh" "$UNIT"
/iopsstor/scratch/cscs/dthapa/system3_qwem_omni_8_28/omni_thr_fit/bin/worker.sh: line 79: 50994 Terminated              bash "$THR_ROOT/bin/heartbeat.sh" "$UNIT"
/iopsstor/scratch/cscs/dthapa/system3_qwem_omni_8_28/omni_thr_fit/bin/worker.sh: line 79: 51011 Terminated              bash "$THR_ROOT/bin/heartbeat.sh" "$UNIT"
/iopsstor/scratch/cscs/dthapa/system3_qwem_omni_8_28/omni_thr_fit/bin/worker.sh: line 79: 73870 Terminated              bash "$THR_ROOT/bin/heartbeat.sh" "$UNIT"
/iopsstor/scratch/cscs/dthapa/system3_qwem_omni_8_28/omni_thr_fit/bin/worker.sh: line 79: 277131 Terminated              bash "$THR_ROOT/bin/heartbeat.sh" "$UNIT"
/iopsstor/scratch/cscs/dthapa/system3_qwem_omni_8_28/omni_thr_fit/bin/worker.sh: line 79: 277153 Terminated              bash "$THR_ROOT/bin/heartbeat.sh" "$UNIT"
/iopsstor/scratch/cscs/dthapa/system3_qwem_omni_8_28/omni_thr_fit/bin/worker.sh: line 79: 119630 Terminated              bash "$THR_ROOT/bin/heartbeat.sh" "$UNIT"
/iopsstor/scratch/cscs/dthapa/system3_qwem_omni_8_28/omni_thr_fit/bin/worker.sh: line 79: 51059 Terminated              bash "$THR_ROOT/bin/heartbeat.sh" "$UNIT"
/iopsstor/scratch/cscs/dthapa/system3_qwem_omni_8_28/omni_thr_fit/bin/worker.sh: line 79: 119652 Terminated              bash "$THR_ROOT/bin/heartbeat.sh" "$UNIT"
/iopsstor/scratch/cscs/dthapa/system3_qwem_omni_8_28/omni_thr_fit/bin/worker.sh: line 79: 51095 Terminated              bash "$THR_ROOT/bin/heartbeat.sh" "$UNIT"
/iopsstor/scratch/cscs/dthapa/system3_qwem_omni_8_28/omni_thr_fit/bin/worker.sh: line 79: 119699 Terminated              bash "$THR_ROOT/bin/heartbeat.sh" "$UNIT"
/iopsstor/scratch/cscs/dthapa/system3_qwem_omni_8_28/omni_thr_fit/bin/worker.sh: line 79: 73949 Terminated              bash "$THR_ROOT/bin/heartbeat.sh" "$UNIT"
/iopsstor/scratch/cscs/dthapa/system3_qwem_omni_8_28/omni_thr_fit/bin/worker.sh: line 79: 73973 Terminated              bash "$THR_ROOT/bin/heartbeat.sh" "$UNIT"
/iopsstor/scratch/cscs/dthapa/system3_qwem_omni_8_28/omni_thr_fit/bin/worker.sh: line 79: 73996 Terminated              bash "$THR_ROOT/bin/heartbeat.sh" "$UNIT"
/iopsstor/scratch/cscs/dthapa/system3_qwem_omni_8_28/omni_thr_fit/bin/worker.sh: line 79: 277236 Terminated              bash "$THR_ROOT/bin/heartbeat.sh" "$UNIT"
/iopsstor/scratch/cscs/dthapa/system3_qwem_omni_8_28/omni_thr_fit/bin/worker.sh: line 79: 277266 Terminated              bash "$THR_ROOT/bin/heartbeat.sh" "$UNIT"
/iopsstor/scratch/cscs/dthapa/system3_qwem_omni_8_28/omni_thr_fit/bin/worker.sh: line 79: 119740 Terminated              bash "$THR_ROOT/bin/heartbeat.sh" "$UNIT"
/iopsstor/scratch/cscs/dthapa/system3_qwem_omni_8_28/omni_thr_fit/bin/worker.sh: line 79: 74063 Terminated              bash "$THR_ROOT/bin/heartbeat.sh" "$UNIT"
/iopsstor/scratch/cscs/dthapa/system3_qwem_omni_8_28/omni_thr_fit/bin/worker.sh: line 79: 51172 Terminated              bash "$THR_ROOT/bin/heartbeat.sh" "$UNIT"
/iopsstor/scratch/cscs/dthapa/system3_qwem_omni_8_28/omni_thr_fit/bin/worker.sh: line 79: 51188 Terminated              bash "$THR_ROOT/bin/heartbeat.sh" "$UNIT"
/iopsstor/scratch/cscs/dthapa/system3_qwem_omni_8_28/omni_thr_fit/bin/worker.sh: line 79: 277313 Terminated              bash "$THR_ROOT/bin/heartbeat.sh" "$UNIT"
/iopsstor/scratch/cscs/dthapa/system3_qwem_omni_8_28/omni_thr_fit/bin/worker.sh: line 79: 277354 Terminated              bash "$THR_ROOT/bin/heartbeat.sh" "$UNIT"
/iopsstor/scratch/cscs/dthapa/system3_qwem_omni_8_28/omni_thr_fit/bin/worker.sh: line 79: 51237 Terminated              bash "$THR_ROOT/bin/heartbeat.sh" "$UNIT"
/iopsstor/scratch/cscs/dthapa/system3_qwem_omni_8_28/omni_thr_fit/bin/worker.sh: line 79: 119825 Terminated              bash "$THR_ROOT/bin/heartbeat.sh" "$UNIT"
/iopsstor/scratch/cscs/dthapa/system3_qwem_omni_8_28/omni_thr_fit/bin/worker.sh: line 79: 119868 Terminated              bash "$THR_ROOT/bin/heartbeat.sh" "$UNIT"
/iopsstor/scratch/cscs/dthapa/system3_qwem_omni_8_28/omni_thr_fit/bin/worker.sh: line 79: 51292 Terminated              bash "$THR_ROOT/bin/heartbeat.sh" "$UNIT"
/iopsstor/scratch/cscs/dthapa/system3_qwem_omni_8_28/omni_thr_fit/bin/worker.sh: line 79: 74141 Terminated              bash "$THR_ROOT/bin/heartbeat.sh" "$UNIT"
/iopsstor/scratch/cscs/dthapa/system3_qwem_omni_8_28/omni_thr_fit/bin/worker.sh: line 79: 74166 Terminated              bash "$THR_ROOT/bin/heartbeat.sh" "$UNIT"
/iopsstor/scratch/cscs/dthapa/system3_qwem_omni_8_28/omni_thr_fit/bin/worker.sh: line 79: 277455 Terminated              bash "$THR_ROOT/bin/heartbeat.sh" "$UNIT"
/iopsstor/scratch/cscs/dthapa/system3_qwem_omni_8_28/omni_thr_fit/bin/worker.sh: line 79: 74195 Terminated              bash "$THR_ROOT/bin/heartbeat.sh" "$UNIT"
/iopsstor/scratch/cscs/dthapa/system3_qwem_omni_8_28/omni_thr_fit/bin/worker.sh: line 79: 277489 Terminated              bash "$THR_ROOT/bin/heartbeat.sh" "$UNIT"
/iopsstor/scratch/cscs/dthapa/system3_qwem_omni_8_28/omni_thr_fit/bin/worker.sh: line 79: 119932 Terminated              bash "$THR_ROOT/bin/heartbeat.sh" "$UNIT"
/iopsstor/scratch/cscs/dthapa/system3_qwem_omni_8_28/omni_thr_fit/bin/worker.sh: line 79: 74237 Terminated              bash "$THR_ROOT/bin/heartbeat.sh" "$UNIT"
/iopsstor/scratch/cscs/dthapa/system3_qwem_omni_8_28/omni_thr_fit/bin/worker.sh: line 79: 277532 Terminated              bash "$THR_ROOT/bin/heartbeat.sh" "$UNIT"
/iopsstor/scratch/cscs/dthapa/system3_qwem_omni_8_28/omni_thr_fit/bin/worker.sh: line 79: 51369 Terminated              bash "$THR_ROOT/bin/heartbeat.sh" "$UNIT"
/iopsstor/scratch/cscs/dthapa/system3_qwem_omni_8_28/omni_thr_fit/bin/worker.sh: line 79: 51385 Terminated              bash "$THR_ROOT/bin/heartbeat.sh" "$UNIT"
/iopsstor/scratch/cscs/dthapa/system3_qwem_omni_8_28/omni_thr_fit/bin/worker.sh: line 79: 277553 Terminated              bash "$THR_ROOT/bin/heartbeat.sh" "$UNIT"
/iopsstor/scratch/cscs/dthapa/system3_qwem_omni_8_28/omni_thr_fit/bin/worker.sh: line 79: 120207 Terminated              bash "$THR_ROOT/bin/heartbeat.sh" "$UNIT"
/iopsstor/scratch/cscs/dthapa/system3_qwem_omni_8_28/omni_thr_fit/bin/worker.sh: line 79: 51433 Terminated              bash "$THR_ROOT/bin/heartbeat.sh" "$UNIT"
/iopsstor/scratch/cscs/dthapa/system3_qwem_omni_8_28/omni_thr_fit/bin/worker.sh: line 79: 120488 Terminated              bash "$THR_ROOT/bin/heartbeat.sh" "$UNIT"
/iopsstor/scratch/cscs/dthapa/system3_qwem_omni_8_28/omni_thr_fit/bin/worker.sh: line 79: 74311 Terminated              bash "$THR_ROOT/bin/heartbeat.sh" "$UNIT"
/iopsstor/scratch/cscs/dthapa/system3_qwem_omni_8_28/omni_thr_fit/bin/worker.sh: line 79: 51469 Terminated              bash "$THR_ROOT/bin/heartbeat.sh" "$UNIT"
/iopsstor/scratch/cscs/dthapa/system3_qwem_omni_8_28/omni_thr_fit/bin/worker.sh: line 79: 277628 Terminated              bash "$THR_ROOT/bin/heartbeat.sh" "$UNIT"
/iopsstor/scratch/cscs/dthapa/system3_qwem_omni_8_28/omni_thr_fit/bin/worker.sh: line 79: 74340 Terminated              bash "$THR_ROOT/bin/heartbeat.sh" "$UNIT"
/iopsstor/scratch/cscs/dthapa/system3_qwem_omni_8_28/omni_thr_fit/bin/worker.sh: line 79: 74371 Terminated              bash "$THR_ROOT/bin/heartbeat.sh" "$UNIT"
/iopsstor/scratch/cscs/dthapa/system3_qwem_omni_8_28/omni_thr_fit/bin/worker.sh: line 79: 277660 Terminated              bash "$THR_ROOT/bin/heartbeat.sh" "$UNIT"
/iopsstor/scratch/cscs/dthapa/system3_qwem_omni_8_28/omni_thr_fit/bin/worker.sh: line 79: 120927 Terminated              bash "$THR_ROOT/bin/heartbeat.sh" "$UNIT"
/iopsstor/scratch/cscs/dthapa/system3_qwem_omni_8_28/omni_thr_fit/bin/worker.sh: line 79: 74408 Terminated              bash "$THR_ROOT/bin/heartbeat.sh" "$UNIT"
/iopsstor/scratch/cscs/dthapa/system3_qwem_omni_8_28/omni_thr_fit/bin/worker.sh: line 79: 277710 Terminated              bash "$THR_ROOT/bin/heartbeat.sh" "$UNIT"
/iopsstor/scratch/cscs/dthapa/system3_qwem_omni_8_28/omni_thr_fit/bin/worker.sh: line 79: 277732 Terminated              bash "$THR_ROOT/bin/heartbeat.sh" "$UNIT"
/iopsstor/scratch/cscs/dthapa/system3_qwem_omni_8_28/omni_thr_fit/bin/worker.sh: line 79: 51547 Terminated              bash "$THR_ROOT/bin/heartbeat.sh" "$UNIT"
/iopsstor/scratch/cscs/dthapa/system3_qwem_omni_8_28/omni_thr_fit/bin/worker.sh: line 79: 51563 Terminated              bash "$THR_ROOT/bin/heartbeat.sh" "$UNIT"
/iopsstor/scratch/cscs/dthapa/system3_qwem_omni_8_28/omni_thr_fit/bin/worker.sh: line 79: 121480 Terminated              bash "$THR_ROOT/bin/heartbeat.sh" "$UNIT"
/iopsstor/scratch/cscs/dthapa/system3_qwem_omni_8_28/omni_thr_fit/bin/worker.sh: line 79: 121788 Terminated              bash "$THR_ROOT/bin/heartbeat.sh" "$UNIT"
/iopsstor/scratch/cscs/dthapa/system3_qwem_omni_8_28/omni_thr_fit/bin/worker.sh: line 79: 51611 Terminated              bash "$THR_ROOT/bin/heartbeat.sh" "$UNIT"
/iopsstor/scratch/cscs/dthapa/system3_qwem_omni_8_28/omni_thr_fit/bin/worker.sh: line 79: 74501 Terminated              bash "$THR_ROOT/bin/heartbeat.sh" "$UNIT"
/iopsstor/scratch/cscs/dthapa/system3_qwem_omni_8_28/omni_thr_fit/bin/worker.sh: line 79: 51647 Terminated              bash "$THR_ROOT/bin/heartbeat.sh" "$UNIT"
/iopsstor/scratch/cscs/dthapa/system3_qwem_omni_8_28/omni_thr_fit/bin/worker.sh: line 79: 74559 Terminated              bash "$THR_ROOT/bin/heartbeat.sh" "$UNIT"
/iopsstor/scratch/cscs/dthapa/system3_qwem_omni_8_28/omni_thr_fit/bin/worker.sh: line 79: 122254 Terminated              bash "$THR_ROOT/bin/heartbeat.sh" "$UNIT"
/iopsstor/scratch/cscs/dthapa/system3_qwem_omni_8_28/omni_thr_fit/bin/worker.sh: line 79: 277826 Terminated              bash "$THR_ROOT/bin/heartbeat.sh" "$UNIT"
/iopsstor/scratch/cscs/dthapa/system3_qwem_omni_8_28/omni_thr_fit/bin/worker.sh: line 79: 277854 Terminated              bash "$THR_ROOT/bin/heartbeat.sh" "$UNIT"
/iopsstor/scratch/cscs/dthapa/system3_qwem_omni_8_28/omni_thr_fit/bin/worker.sh: line 79: 74545 Terminated              bash "$THR_ROOT/bin/heartbeat.sh" "$UNIT"
/iopsstor/scratch/cscs/dthapa/system3_qwem_omni_8_28/omni_thr_fit/bin/worker.sh: line 79: 74604 Terminated              bash "$THR_ROOT/bin/heartbeat.sh" "$UNIT"
/iopsstor/scratch/cscs/dthapa/system3_qwem_omni_8_28/omni_thr_fit/bin/worker.sh: line 79: 277907 Terminated              bash "$THR_ROOT/bin/heartbeat.sh" "$UNIT"
/iopsstor/scratch/cscs/dthapa/system3_qwem_omni_8_28/omni_thr_fit/bin/worker.sh: line 79: 122346 Terminated              bash "$THR_ROOT/bin/heartbeat.sh" "$UNIT"
/iopsstor/scratch/cscs/dthapa/system3_qwem_omni_8_28/omni_thr_fit/bin/worker.sh: line 79: 277928 Terminated              bash "$THR_ROOT/bin/heartbeat.sh" "$UNIT"
/iopsstor/scratch/cscs/dthapa/system3_qwem_omni_8_28/omni_thr_fit/bin/worker.sh: line 79: 51739 Terminated              bash "$THR_ROOT/bin/heartbeat.sh" "$UNIT"
/iopsstor/scratch/cscs/dthapa/system3_qwem_omni_8_28/omni_thr_fit/bin/worker.sh: line 79: 51759 Terminated              bash "$THR_ROOT/bin/heartbeat.sh" "$UNIT"
/iopsstor/scratch/cscs/dthapa/system3_qwem_omni_8_28/omni_thr_fit/bin/worker.sh: line 79: 122394 Terminated              bash "$THR_ROOT/bin/heartbeat.sh" "$UNIT"
/iopsstor/scratch/cscs/dthapa/system3_qwem_omni_8_28/omni_thr_fit/bin/worker.sh: line 79: 74662 Terminated              bash "$THR_ROOT/bin/heartbeat.sh" "$UNIT"
/iopsstor/scratch/cscs/dthapa/system3_qwem_omni_8_28/omni_thr_fit/bin/worker.sh: line 79: 51807 Terminated              bash "$THR_ROOT/bin/heartbeat.sh" "$UNIT"
/iopsstor/scratch/cscs/dthapa/system3_qwem_omni_8_28/omni_thr_fit/bin/worker.sh: line 79: 74720 Terminated              bash "$THR_ROOT/bin/heartbeat.sh" "$UNIT"
/iopsstor/scratch/cscs/dthapa/system3_qwem_omni_8_28/omni_thr_fit/bin/worker.sh: line 79: 122445 Terminated              bash "$THR_ROOT/bin/heartbeat.sh" "$UNIT"
/iopsstor/scratch/cscs/dthapa/system3_qwem_omni_8_28/omni_thr_fit/bin/worker.sh: line 79: 51844 Terminated              bash "$THR_ROOT/bin/heartbeat.sh" "$UNIT"
/iopsstor/scratch/cscs/dthapa/system3_qwem_omni_8_28/omni_thr_fit/bin/worker.sh: line 79: 278004 Terminated              bash "$THR_ROOT/bin/heartbeat.sh" "$UNIT"
/iopsstor/scratch/cscs/dthapa/system3_qwem_omni_8_28/omni_thr_fit/bin/worker.sh: line 79: 278024 Terminated              bash "$THR_ROOT/bin/heartbeat.sh" "$UNIT"
/iopsstor/scratch/cscs/dthapa/system3_qwem_omni_8_28/omni_thr_fit/bin/worker.sh: line 79: 74741 Terminated              bash "$THR_ROOT/bin/heartbeat.sh" "$UNIT"
/iopsstor/scratch/cscs/dthapa/system3_qwem_omni_8_28/omni_thr_fit/bin/worker.sh: line 79: 74777 Terminated              bash "$THR_ROOT/bin/heartbeat.sh" "$UNIT"
/iopsstor/scratch/cscs/dthapa/system3_qwem_omni_8_28/omni_thr_fit/bin/worker.sh: line 79: 122529 Terminated              bash "$THR_ROOT/bin/heartbeat.sh" "$UNIT"
/iopsstor/scratch/cscs/dthapa/system3_qwem_omni_8_28/omni_thr_fit/bin/worker.sh: line 79: 278086 Terminated              bash "$THR_ROOT/bin/heartbeat.sh" "$UNIT"
/iopsstor/scratch/cscs/dthapa/system3_qwem_omni_8_28/omni_thr_fit/bin/worker.sh: line 79: 278107 Terminated              bash "$THR_ROOT/bin/heartbeat.sh" "$UNIT"
/iopsstor/scratch/cscs/dthapa/system3_qwem_omni_8_28/omni_thr_fit/bin/worker.sh: line 79: 51923 Terminated              bash "$THR_ROOT/bin/heartbeat.sh" "$UNIT"
/iopsstor/scratch/cscs/dthapa/system3_qwem_omni_8_28/omni_thr_fit/bin/worker.sh: line 79: 122567 Terminated              bash "$THR_ROOT/bin/heartbeat.sh" "$UNIT"
/iopsstor/scratch/cscs/dthapa/system3_qwem_omni_8_28/omni_thr_fit/bin/worker.sh: line 79: 51939 Terminated              bash "$THR_ROOT/bin/heartbeat.sh" "$UNIT"
/iopsstor/scratch/cscs/dthapa/system3_qwem_omni_8_28/omni_thr_fit/bin/worker.sh: line 79: 74835 Terminated              bash "$THR_ROOT/bin/heartbeat.sh" "$UNIT"
/iopsstor/scratch/cscs/dthapa/system3_qwem_omni_8_28/omni_thr_fit/bin/worker.sh: line 79: 51987 Terminated              bash "$THR_ROOT/bin/heartbeat.sh" "$UNIT"
/iopsstor/scratch/cscs/dthapa/system3_qwem_omni_8_28/omni_thr_fit/bin/worker.sh: line 79: 74879 Terminated              bash "$THR_ROOT/bin/heartbeat.sh" "$UNIT"
/iopsstor/scratch/cscs/dthapa/system3_qwem_omni_8_28/omni_thr_fit/bin/worker.sh: line 79: 122614 Terminated              bash "$THR_ROOT/bin/heartbeat.sh" "$UNIT"
/iopsstor/scratch/cscs/dthapa/system3_qwem_omni_8_28/omni_thr_fit/bin/worker.sh: line 79: 278182 Terminated              bash "$THR_ROOT/bin/heartbeat.sh" "$UNIT"
/iopsstor/scratch/cscs/dthapa/system3_qwem_omni_8_28/omni_thr_fit/bin/worker.sh: line 79: 52027 Terminated              bash "$THR_ROOT/bin/heartbeat.sh" "$UNIT"
/iopsstor/scratch/cscs/dthapa/system3_qwem_omni_8_28/omni_thr_fit/bin/worker.sh: line 79: 278206 Terminated              bash "$THR_ROOT/bin/heartbeat.sh" "$UNIT"
/iopsstor/scratch/cscs/dthapa/system3_qwem_omni_8_28/omni_thr_fit/bin/worker.sh: line 79: 74937 Terminated              bash "$THR_ROOT/bin/heartbeat.sh" "$UNIT"
/iopsstor/scratch/cscs/dthapa/system3_qwem_omni_8_28/omni_thr_fit/bin/worker.sh: line 79: 122672 Terminated              bash "$THR_ROOT/bin/heartbeat.sh" "$UNIT"
/iopsstor/scratch/cscs/dthapa/system3_qwem_omni_8_28/omni_thr_fit/bin/worker.sh: line 79: 74975 Terminated              bash "$THR_ROOT/bin/heartbeat.sh" "$UNIT"
/iopsstor/scratch/cscs/dthapa/system3_qwem_omni_8_28/omni_thr_fit/bin/worker.sh: line 79: 278282 Terminated              bash "$THR_ROOT/bin/heartbeat.sh" "$UNIT"
/iopsstor/scratch/cscs/dthapa/system3_qwem_omni_8_28/omni_thr_fit/bin/worker.sh: line 79: 122714 Terminated              bash "$THR_ROOT/bin/heartbeat.sh" "$UNIT"
/iopsstor/scratch/cscs/dthapa/system3_qwem_omni_8_28/omni_thr_fit/bin/worker.sh: line 79: 278305 Terminated              bash "$THR_ROOT/bin/heartbeat.sh" "$UNIT"
/iopsstor/scratch/cscs/dthapa/system3_qwem_omni_8_28/omni_thr_fit/bin/worker.sh: line 79: 52122 Terminated              bash "$THR_ROOT/bin/heartbeat.sh" "$UNIT"
/iopsstor/scratch/cscs/dthapa/system3_qwem_omni_8_28/omni_thr_fit/bin/worker.sh: line 79: 52138 Terminated              bash "$THR_ROOT/bin/heartbeat.sh" "$UNIT"
/iopsstor/scratch/cscs/dthapa/system3_qwem_omni_8_28/omni_thr_fit/bin/worker.sh: line 79: 75028 Terminated              bash "$THR_ROOT/bin/heartbeat.sh" "$UNIT"
/iopsstor/scratch/cscs/dthapa/system3_qwem_omni_8_28/omni_thr_fit/bin/worker.sh: line 79: 75067 Terminated              bash "$THR_ROOT/bin/heartbeat.sh" "$UNIT"
/iopsstor/scratch/cscs/dthapa/system3_qwem_omni_8_28/omni_thr_fit/bin/worker.sh: line 79: 122787 Terminated              bash "$THR_ROOT/bin/heartbeat.sh" "$UNIT"
/iopsstor/scratch/cscs/dthapa/system3_qwem_omni_8_28/omni_thr_fit/bin/worker.sh: line 79: 52186 Terminated              bash "$THR_ROOT/bin/heartbeat.sh" "$UNIT"
/iopsstor/scratch/cscs/dthapa/system3_qwem_omni_8_28/omni_thr_fit/bin/worker.sh: line 79: 278381 Terminated              bash "$THR_ROOT/bin/heartbeat.sh" "$UNIT"
/iopsstor/scratch/cscs/dthapa/system3_qwem_omni_8_28/omni_thr_fit/bin/worker.sh: line 79: 278410 Terminated              bash "$THR_ROOT/bin/heartbeat.sh" "$UNIT"
/iopsstor/scratch/cscs/dthapa/system3_qwem_omni_8_28/omni_thr_fit/bin/worker.sh: line 79: 52219 Terminated              bash "$THR_ROOT/bin/heartbeat.sh" "$UNIT"
/iopsstor/scratch/cscs/dthapa/system3_qwem_omni_8_28/omni_thr_fit/bin/worker.sh: line 79: 75115 Terminated              bash "$THR_ROOT/bin/heartbeat.sh" "$UNIT"
/iopsstor/scratch/cscs/dthapa/system3_qwem_omni_8_28/omni_thr_fit/bin/worker.sh: line 79: 122864 Terminated              bash "$THR_ROOT/bin/heartbeat.sh" "$UNIT"
/iopsstor/scratch/cscs/dthapa/system3_qwem_omni_8_28/omni_thr_fit/bin/worker.sh: line 79: 278459 Terminated              bash "$THR_ROOT/bin/heartbeat.sh" "$UNIT"
/iopsstor/scratch/cscs/dthapa/system3_qwem_omni_8_28/omni_thr_fit/bin/worker.sh: line 79: 75158 Terminated              bash "$THR_ROOT/bin/heartbeat.sh" "$UNIT"
/iopsstor/scratch/cscs/dthapa/system3_qwem_omni_8_28/omni_thr_fit/bin/worker.sh: line 79: 122902 Terminated              bash "$THR_ROOT/bin/heartbeat.sh" "$UNIT"
/iopsstor/scratch/cscs/dthapa/system3_qwem_omni_8_28/omni_thr_fit/bin/worker.sh: line 79: 278495 Terminated              bash "$THR_ROOT/bin/heartbeat.sh" "$UNIT"
/iopsstor/scratch/cscs/dthapa/system3_qwem_omni_8_28/omni_thr_fit/bin/worker.sh: line 79: 52298 Terminated              bash "$THR_ROOT/bin/heartbeat.sh" "$UNIT"
/iopsstor/scratch/cscs/dthapa/system3_qwem_omni_8_28/omni_thr_fit/bin/worker.sh: line 79: 52318 Terminated              bash "$THR_ROOT/bin/heartbeat.sh" "$UNIT"
/iopsstor/scratch/cscs/dthapa/system3_qwem_omni_8_28/omni_thr_fit/bin/worker.sh: line 79: 75230 Terminated              bash "$THR_ROOT/bin/heartbeat.sh" "$UNIT"
/iopsstor/scratch/cscs/dthapa/system3_qwem_omni_8_28/omni_thr_fit/bin/worker.sh: line 79: 122959 Terminated              bash "$THR_ROOT/bin/heartbeat.sh" "$UNIT"
/iopsstor/scratch/cscs/dthapa/system3_qwem_omni_8_28/omni_thr_fit/bin/worker.sh: line 79: 75201 Terminated              bash "$THR_ROOT/bin/heartbeat.sh" "$UNIT"
/iopsstor/scratch/cscs/dthapa/system3_qwem_omni_8_28/omni_thr_fit/bin/worker.sh: line 79: 278559 Terminated              bash "$THR_ROOT/bin/heartbeat.sh" "$UNIT"
/iopsstor/scratch/cscs/dthapa/system3_qwem_omni_8_28/omni_thr_fit/bin/worker.sh: line 79: 52367 Terminated              bash "$THR_ROOT/bin/heartbeat.sh" "$UNIT"
/iopsstor/scratch/cscs/dthapa/system3_qwem_omni_8_28/omni_thr_fit/bin/worker.sh: line 79: 278577 Terminated              bash "$THR_ROOT/bin/heartbeat.sh" "$UNIT"
/iopsstor/scratch/cscs/dthapa/system3_qwem_omni_8_28/omni_thr_fit/bin/worker.sh: line 79: 75292 Terminated              bash "$THR_ROOT/bin/heartbeat.sh" "$UNIT"
/iopsstor/scratch/cscs/dthapa/system3_qwem_omni_8_28/omni_thr_fit/bin/worker.sh: line 79: 52399 Terminated              bash "$THR_ROOT/bin/heartbeat.sh" "$UNIT"
/iopsstor/scratch/cscs/dthapa/system3_qwem_omni_8_28/omni_thr_fit/bin/worker.sh: line 79: 123032 Terminated              bash "$THR_ROOT/bin/heartbeat.sh" "$UNIT"
/iopsstor/scratch/cscs/dthapa/system3_qwem_omni_8_28/omni_thr_fit/bin/worker.sh: line 79: 278634 Terminated              bash "$THR_ROOT/bin/heartbeat.sh" "$UNIT"
/iopsstor/scratch/cscs/dthapa/system3_qwem_omni_8_28/omni_thr_fit/bin/worker.sh: line 79: 75328 Terminated              bash "$THR_ROOT/bin/heartbeat.sh" "$UNIT"
/iopsstor/scratch/cscs/dthapa/system3_qwem_omni_8_28/omni_thr_fit/bin/worker.sh: line 79: 123100 Terminated              bash "$THR_ROOT/bin/heartbeat.sh" "$UNIT"
/iopsstor/scratch/cscs/dthapa/system3_qwem_omni_8_28/omni_thr_fit/bin/worker.sh: line 79: 278671 Terminated              bash "$THR_ROOT/bin/heartbeat.sh" "$UNIT"
/iopsstor/scratch/cscs/dthapa/system3_qwem_omni_8_28/omni_thr_fit/bin/worker.sh: line 79: 123163 Terminated              bash "$THR_ROOT/bin/heartbeat.sh" "$UNIT"
/iopsstor/scratch/cscs/dthapa/system3_qwem_omni_8_28/omni_thr_fit/bin/worker.sh: line 79: 75405 Terminated              bash "$THR_ROOT/bin/heartbeat.sh" "$UNIT"
/iopsstor/scratch/cscs/dthapa/system3_qwem_omni_8_28/omni_thr_fit/bin/worker.sh: line 79: 52476 Terminated              bash "$THR_ROOT/bin/heartbeat.sh" "$UNIT"
/iopsstor/scratch/cscs/dthapa/system3_qwem_omni_8_28/omni_thr_fit/bin/worker.sh: line 79: 52497 Terminated              bash "$THR_ROOT/bin/heartbeat.sh" "$UNIT"
/iopsstor/scratch/cscs/dthapa/system3_qwem_omni_8_28/omni_thr_fit/bin/worker.sh: line 79: 75421 Terminated              bash "$THR_ROOT/bin/heartbeat.sh" "$UNIT"
/iopsstor/scratch/cscs/dthapa/system3_qwem_omni_8_28/omni_thr_fit/bin/worker.sh: line 79: 278748 Terminated              bash "$THR_ROOT/bin/heartbeat.sh" "$UNIT"
/iopsstor/scratch/cscs/dthapa/system3_qwem_omni_8_28/omni_thr_fit/bin/worker.sh: line 79: 278770 Terminated              bash "$THR_ROOT/bin/heartbeat.sh" "$UNIT"
/iopsstor/scratch/cscs/dthapa/system3_qwem_omni_8_28/omni_thr_fit/bin/worker.sh: line 79: 52564 Terminated              bash "$THR_ROOT/bin/heartbeat.sh" "$UNIT"
/iopsstor/scratch/cscs/dthapa/system3_qwem_omni_8_28/omni_thr_fit/bin/worker.sh: line 79: 123235 Terminated              bash "$THR_ROOT/bin/heartbeat.sh" "$UNIT"
/iopsstor/scratch/cscs/dthapa/system3_qwem_omni_8_28/omni_thr_fit/bin/worker.sh: line 79: 75481 Terminated              bash "$THR_ROOT/bin/heartbeat.sh" "$UNIT"
/iopsstor/scratch/cscs/dthapa/system3_qwem_omni_8_28/omni_thr_fit/bin/worker.sh: line 79: 52596 Terminated              bash "$THR_ROOT/bin/heartbeat.sh" "$UNIT"
/iopsstor/scratch/cscs/dthapa/system3_qwem_omni_8_28/omni_thr_fit/bin/worker.sh: line 79: 123292 Terminated              bash "$THR_ROOT/bin/heartbeat.sh" "$UNIT"
/iopsstor/scratch/cscs/dthapa/system3_qwem_omni_8_28/omni_thr_fit/bin/worker.sh: line 79: 278834 Terminated              bash "$THR_ROOT/bin/heartbeat.sh" "$UNIT"
/iopsstor/scratch/cscs/dthapa/system3_qwem_omni_8_28/omni_thr_fit/bin/worker.sh: line 79: 75519 Terminated              bash "$THR_ROOT/bin/heartbeat.sh" "$UNIT"
/iopsstor/scratch/cscs/dthapa/system3_qwem_omni_8_28/omni_thr_fit/bin/worker.sh: line 79: 278867 Terminated              bash "$THR_ROOT/bin/heartbeat.sh" "$UNIT"
/iopsstor/scratch/cscs/dthapa/system3_qwem_omni_8_28/omni_thr_fit/bin/worker.sh: line 79: 123338 Terminated              bash "$THR_ROOT/bin/heartbeat.sh" "$UNIT"
/iopsstor/scratch/cscs/dthapa/system3_qwem_omni_8_28/omni_thr_fit/bin/worker.sh: line 79: 75574 Terminated              bash "$THR_ROOT/bin/heartbeat.sh" "$UNIT"
/iopsstor/scratch/cscs/dthapa/system3_qwem_omni_8_28/omni_thr_fit/bin/worker.sh: line 79: 52673 Terminated              bash "$THR_ROOT/bin/heartbeat.sh" "$UNIT"
/iopsstor/scratch/cscs/dthapa/system3_qwem_omni_8_28/omni_thr_fit/bin/worker.sh: line 79: 52693 Terminated              bash "$THR_ROOT/bin/heartbeat.sh" "$UNIT"
/iopsstor/scratch/cscs/dthapa/system3_qwem_omni_8_28/omni_thr_fit/bin/worker.sh: line 79: 75617 Terminated              bash "$THR_ROOT/bin/heartbeat.sh" "$UNIT"
/iopsstor/scratch/cscs/dthapa/system3_qwem_omni_8_28/omni_thr_fit/bin/worker.sh: line 79: 278926 Terminated              bash "$THR_ROOT/bin/heartbeat.sh" "$UNIT"
/iopsstor/scratch/cscs/dthapa/system3_qwem_omni_8_28/omni_thr_fit/bin/worker.sh: line 79: 278947 Terminated              bash "$THR_ROOT/bin/heartbeat.sh" "$UNIT"
/iopsstor/scratch/cscs/dthapa/system3_qwem_omni_8_28/omni_thr_fit/bin/worker.sh: line 79: 123411 Terminated              bash "$THR_ROOT/bin/heartbeat.sh" "$UNIT"
/iopsstor/scratch/cscs/dthapa/system3_qwem_omni_8_28/omni_thr_fit/bin/worker.sh: line 79: 52742 Terminated              bash "$THR_ROOT/bin/heartbeat.sh" "$UNIT"
/iopsstor/scratch/cscs/dthapa/system3_qwem_omni_8_28/omni_thr_fit/bin/worker.sh: line 79: 75656 Terminated              bash "$THR_ROOT/bin/heartbeat.sh" "$UNIT"
/iopsstor/scratch/cscs/dthapa/system3_qwem_omni_8_28/omni_thr_fit/bin/worker.sh: line 79: 123479 Terminated              bash "$THR_ROOT/bin/heartbeat.sh" "$UNIT"
/iopsstor/scratch/cscs/dthapa/system3_qwem_omni_8_28/omni_thr_fit/bin/worker.sh: line 79: 52775 Terminated              bash "$THR_ROOT/bin/heartbeat.sh" "$UNIT"
/iopsstor/scratch/cscs/dthapa/system3_qwem_omni_8_28/omni_thr_fit/bin/worker.sh: line 79: 279011 Terminated              bash "$THR_ROOT/bin/heartbeat.sh" "$UNIT"
/iopsstor/scratch/cscs/dthapa/system3_qwem_omni_8_28/omni_thr_fit/bin/worker.sh: line 79: 75698 Terminated              bash "$THR_ROOT/bin/heartbeat.sh" "$UNIT"
/iopsstor/scratch/cscs/dthapa/system3_qwem_omni_8_28/omni_thr_fit/bin/worker.sh: line 79: 123540 Terminated              bash "$THR_ROOT/bin/heartbeat.sh" "$UNIT"
/iopsstor/scratch/cscs/dthapa/system3_qwem_omni_8_28/omni_thr_fit/bin/worker.sh: line 79: 279050 Terminated              bash "$THR_ROOT/bin/heartbeat.sh" "$UNIT"
/iopsstor/scratch/cscs/dthapa/system3_qwem_omni_8_28/omni_thr_fit/bin/worker.sh: line 79: 75747 Terminated              bash "$THR_ROOT/bin/heartbeat.sh" "$UNIT"
/iopsstor/scratch/cscs/dthapa/system3_qwem_omni_8_28/omni_thr_fit/bin/worker.sh: line 79: 52853 Terminated              bash "$THR_ROOT/bin/heartbeat.sh" "$UNIT"
/iopsstor/scratch/cscs/dthapa/system3_qwem_omni_8_28/omni_thr_fit/bin/worker.sh: line 79: 52870 Terminated              bash "$THR_ROOT/bin/heartbeat.sh" "$UNIT"
/iopsstor/scratch/cscs/dthapa/system3_qwem_omni_8_28/omni_thr_fit/bin/worker.sh: line 79: 75789 Terminated              bash "$THR_ROOT/bin/heartbeat.sh" "$UNIT"
/iopsstor/scratch/cscs/dthapa/system3_qwem_omni_8_28/omni_thr_fit/bin/worker.sh: line 79: 279109 Terminated              bash "$THR_ROOT/bin/heartbeat.sh" "$UNIT"
/iopsstor/scratch/cscs/dthapa/system3_qwem_omni_8_28/omni_thr_fit/bin/worker.sh: line 79: 279126 Terminated              bash "$THR_ROOT/bin/heartbeat.sh" "$UNIT"
/iopsstor/scratch/cscs/dthapa/system3_qwem_omni_8_28/omni_thr_fit/bin/worker.sh: line 79: 123643 Terminated              bash "$THR_ROOT/bin/heartbeat.sh" "$UNIT"
/iopsstor/scratch/cscs/dthapa/system3_qwem_omni_8_28/omni_thr_fit/bin/worker.sh: line 79: 52918 Terminated              bash "$THR_ROOT/bin/heartbeat.sh" "$UNIT"
/iopsstor/scratch/cscs/dthapa/system3_qwem_omni_8_28/omni_thr_fit/bin/worker.sh: line 79: 75851 Terminated              bash "$THR_ROOT/bin/heartbeat.sh" "$UNIT"
/iopsstor/scratch/cscs/dthapa/system3_qwem_omni_8_28/omni_thr_fit/bin/worker.sh: line 79: 123707 Terminated              bash "$THR_ROOT/bin/heartbeat.sh" "$UNIT"
/iopsstor/scratch/cscs/dthapa/system3_qwem_omni_8_28/omni_thr_fit/bin/worker.sh: line 79: 279207 Terminated              bash "$THR_ROOT/bin/heartbeat.sh" "$UNIT"
/iopsstor/scratch/cscs/dthapa/system3_qwem_omni_8_28/omni_thr_fit/bin/worker.sh: line 79: 52954 Terminated              bash "$THR_ROOT/bin/heartbeat.sh" "$UNIT"
/iopsstor/scratch/cscs/dthapa/system3_qwem_omni_8_28/omni_thr_fit/bin/worker.sh: line 79: 75894 Terminated              bash "$THR_ROOT/bin/heartbeat.sh" "$UNIT"
/iopsstor/scratch/cscs/dthapa/system3_qwem_omni_8_28/omni_thr_fit/bin/worker.sh: line 79: 123787 Terminated              bash "$THR_ROOT/bin/heartbeat.sh" "$UNIT"
/iopsstor/scratch/cscs/dthapa/system3_qwem_omni_8_28/omni_thr_fit/bin/worker.sh: line 79: 75935 Terminated              bash "$THR_ROOT/bin/heartbeat.sh" "$UNIT"
/iopsstor/scratch/cscs/dthapa/system3_qwem_omni_8_28/omni_thr_fit/bin/worker.sh: line 79: 279252 Terminated              bash "$THR_ROOT/bin/heartbeat.sh" "$UNIT"
/iopsstor/scratch/cscs/dthapa/system3_qwem_omni_8_28/omni_thr_fit/bin/worker.sh: line 79: 53049 Terminated              bash "$THR_ROOT/bin/heartbeat.sh" "$UNIT"
/iopsstor/scratch/cscs/dthapa/system3_qwem_omni_8_28/omni_thr_fit/bin/worker.sh: line 79: 279309 Terminated              bash "$THR_ROOT/bin/heartbeat.sh" "$UNIT"
/iopsstor/scratch/cscs/dthapa/system3_qwem_omni_8_28/omni_thr_fit/bin/worker.sh: line 79: 53065 Terminated              bash "$THR_ROOT/bin/heartbeat.sh" "$UNIT"
/iopsstor/scratch/cscs/dthapa/system3_qwem_omni_8_28/omni_thr_fit/bin/worker.sh: line 79: 123908 Terminated              bash "$THR_ROOT/bin/heartbeat.sh" "$UNIT"
/iopsstor/scratch/cscs/dthapa/system3_qwem_omni_8_28/omni_thr_fit/bin/worker.sh: line 79: 75983 Terminated              bash "$THR_ROOT/bin/heartbeat.sh" "$UNIT"
/iopsstor/scratch/cscs/dthapa/system3_qwem_omni_8_28/omni_thr_fit/bin/worker.sh: line 79: 279330 Terminated              bash "$THR_ROOT/bin/heartbeat.sh" "$UNIT"
/iopsstor/scratch/cscs/dthapa/system3_qwem_omni_8_28/omni_thr_fit/bin/worker.sh: line 79: 123965 Terminated              bash "$THR_ROOT/bin/heartbeat.sh" "$UNIT"
/iopsstor/scratch/cscs/dthapa/system3_qwem_omni_8_28/omni_thr_fit/bin/worker.sh: line 79: 53113 Terminated              bash "$THR_ROOT/bin/heartbeat.sh" "$UNIT"
/iopsstor/scratch/cscs/dthapa/system3_qwem_omni_8_28/omni_thr_fit/bin/worker.sh: line 79: 76025 Terminated              bash "$THR_ROOT/bin/heartbeat.sh" "$UNIT"
/iopsstor/scratch/cscs/dthapa/system3_qwem_omni_8_28/omni_thr_fit/bin/worker.sh: line 79: 279388 Terminated              bash "$THR_ROOT/bin/heartbeat.sh" "$UNIT"
/iopsstor/scratch/cscs/dthapa/system3_qwem_omni_8_28/omni_thr_fit/bin/worker.sh: line 79: 76073 Terminated              bash "$THR_ROOT/bin/heartbeat.sh" "$UNIT"
/iopsstor/scratch/cscs/dthapa/system3_qwem_omni_8_28/omni_thr_fit/bin/worker.sh: line 79: 53149 Terminated              bash "$THR_ROOT/bin/heartbeat.sh" "$UNIT"
/iopsstor/scratch/cscs/dthapa/system3_qwem_omni_8_28/omni_thr_fit/bin/worker.sh: line 79: 124033 Terminated              bash "$THR_ROOT/bin/heartbeat.sh" "$UNIT"
/iopsstor/scratch/cscs/dthapa/system3_qwem_omni_8_28/omni_thr_fit/bin/worker.sh: line 79: 76097 Terminated              bash "$THR_ROOT/bin/heartbeat.sh" "$UNIT"
/iopsstor/scratch/cscs/dthapa/system3_qwem_omni_8_28/omni_thr_fit/bin/worker.sh: line 79: 279426 Terminated              bash "$THR_ROOT/bin/heartbeat.sh" "$UNIT"
/iopsstor/scratch/cscs/dthapa/system3_qwem_omni_8_28/omni_thr_fit/bin/worker.sh: line 79: 124140 Terminated              bash "$THR_ROOT/bin/heartbeat.sh" "$UNIT"
/iopsstor/scratch/cscs/dthapa/system3_qwem_omni_8_28/omni_thr_fit/bin/worker.sh: line 79: 279484 Terminated              bash "$THR_ROOT/bin/heartbeat.sh" "$UNIT"
/iopsstor/scratch/cscs/dthapa/system3_qwem_omni_8_28/omni_thr_fit/bin/worker.sh: line 79: 53228 Terminated              bash "$THR_ROOT/bin/heartbeat.sh" "$UNIT"
/iopsstor/scratch/cscs/dthapa/system3_qwem_omni_8_28/omni_thr_fit/bin/worker.sh: line 79: 279506 Terminated              bash "$THR_ROOT/bin/heartbeat.sh" "$UNIT"
/iopsstor/scratch/cscs/dthapa/system3_qwem_omni_8_28/omni_thr_fit/bin/worker.sh: line 79: 53244 Terminated              bash "$THR_ROOT/bin/heartbeat.sh" "$UNIT"
/iopsstor/scratch/cscs/dthapa/system3_qwem_omni_8_28/omni_thr_fit/bin/worker.sh: line 79: 76160 Terminated              bash "$THR_ROOT/bin/heartbeat.sh" "$UNIT"
/iopsstor/scratch/cscs/dthapa/system3_qwem_omni_8_28/omni_thr_fit/bin/worker.sh: line 79: 124189 Terminated              bash "$THR_ROOT/bin/heartbeat.sh" "$UNIT"
/iopsstor/scratch/cscs/dthapa/system3_qwem_omni_8_28/omni_thr_fit/bin/worker.sh: line 79: 76205 Terminated              bash "$THR_ROOT/bin/heartbeat.sh" "$UNIT"
/iopsstor/scratch/cscs/dthapa/system3_qwem_omni_8_28/omni_thr_fit/bin/worker.sh: line 79: 53292 Terminated              bash "$THR_ROOT/bin/heartbeat.sh" "$UNIT"
/iopsstor/scratch/cscs/dthapa/system3_qwem_omni_8_28/omni_thr_fit/bin/worker.sh: line 79: 279563 Terminated              bash "$THR_ROOT/bin/heartbeat.sh" "$UNIT"
/iopsstor/scratch/cscs/dthapa/system3_qwem_omni_8_28/omni_thr_fit/bin/worker.sh: line 79: 124265 Terminated              bash "$THR_ROOT/bin/heartbeat.sh" "$UNIT"
/iopsstor/scratch/cscs/dthapa/system3_qwem_omni_8_28/omni_thr_fit/bin/worker.sh: line 79: 76250 Terminated              bash "$THR_ROOT/bin/heartbeat.sh" "$UNIT"
/iopsstor/scratch/cscs/dthapa/system3_qwem_omni_8_28/omni_thr_fit/bin/worker.sh: line 79: 53328 Terminated              bash "$THR_ROOT/bin/heartbeat.sh" "$UNIT"
/iopsstor/scratch/cscs/dthapa/system3_qwem_omni_8_28/omni_thr_fit/bin/worker.sh: line 79: 76290 Terminated              bash "$THR_ROOT/bin/heartbeat.sh" "$UNIT"
/iopsstor/scratch/cscs/dthapa/system3_qwem_omni_8_28/omni_thr_fit/bin/worker.sh: line 79: 279601 Terminated              bash "$THR_ROOT/bin/heartbeat.sh" "$UNIT"
/iopsstor/scratch/cscs/dthapa/system3_qwem_omni_8_28/omni_thr_fit/bin/worker.sh: line 79: 124353 Terminated              bash "$THR_ROOT/bin/heartbeat.sh" "$UNIT"
/iopsstor/scratch/cscs/dthapa/system3_qwem_omni_8_28/omni_thr_fit/bin/worker.sh: line 79: 279678 Terminated              bash "$THR_ROOT/bin/heartbeat.sh" "$UNIT"
/iopsstor/scratch/cscs/dthapa/system3_qwem_omni_8_28/omni_thr_fit/bin/worker.sh: line 79: 279707 Terminated              bash "$THR_ROOT/bin/heartbeat.sh" "$UNIT"
/iopsstor/scratch/cscs/dthapa/system3_qwem_omni_8_28/omni_thr_fit/bin/worker.sh: line 79: 124439 Terminated              bash "$THR_ROOT/bin/heartbeat.sh" "$UNIT"
/iopsstor/scratch/cscs/dthapa/system3_qwem_omni_8_28/omni_thr_fit/bin/worker.sh: line 79: 53427 Terminated              bash "$THR_ROOT/bin/heartbeat.sh" "$UNIT"
/iopsstor/scratch/cscs/dthapa/system3_qwem_omni_8_28/omni_thr_fit/bin/worker.sh: line 79: 76358 Terminated              bash "$THR_ROOT/bin/heartbeat.sh" "$UNIT"
/iopsstor/scratch/cscs/dthapa/system3_qwem_omni_8_28/omni_thr_fit/bin/worker.sh: line 79: 53443 Terminated              bash "$THR_ROOT/bin/heartbeat.sh" "$UNIT"
/iopsstor/scratch/cscs/dthapa/system3_qwem_omni_8_28/omni_thr_fit/bin/worker.sh: line 79: 76404 Terminated              bash "$THR_ROOT/bin/heartbeat.sh" "$UNIT"
/iopsstor/scratch/cscs/dthapa/system3_qwem_omni_8_28/omni_thr_fit/bin/worker.sh: line 79: 53492 Terminated              bash "$THR_ROOT/bin/heartbeat.sh" "$UNIT"
/iopsstor/scratch/cscs/dthapa/system3_qwem_omni_8_28/omni_thr_fit/bin/worker.sh: line 79: 279759 Terminated              bash "$THR_ROOT/bin/heartbeat.sh" "$UNIT"
/iopsstor/scratch/cscs/dthapa/system3_qwem_omni_8_28/omni_thr_fit/bin/worker.sh: line 79: 124500 Terminated              bash "$THR_ROOT/bin/heartbeat.sh" "$UNIT"
/iopsstor/scratch/cscs/dthapa/system3_qwem_omni_8_28/omni_thr_fit/bin/worker.sh: line 79: 76444 Terminated              bash "$THR_ROOT/bin/heartbeat.sh" "$UNIT"
/iopsstor/scratch/cscs/dthapa/system3_qwem_omni_8_28/omni_thr_fit/bin/worker.sh: line 79: 279799 Terminated              bash "$THR_ROOT/bin/heartbeat.sh" "$UNIT"
/iopsstor/scratch/cscs/dthapa/system3_qwem_omni_8_28/omni_thr_fit/bin/worker.sh: line 79: 53528 Terminated              bash "$THR_ROOT/bin/heartbeat.sh" "$UNIT"
/iopsstor/scratch/cscs/dthapa/system3_qwem_omni_8_28/omni_thr_fit/bin/worker.sh: line 79: 76465 Terminated              bash "$THR_ROOT/bin/heartbeat.sh" "$UNIT"
/iopsstor/scratch/cscs/dthapa/system3_qwem_omni_8_28/omni_thr_fit/bin/worker.sh: line 79: 124602 Terminated              bash "$THR_ROOT/bin/heartbeat.sh" "$UNIT"
/iopsstor/scratch/cscs/dthapa/system3_qwem_omni_8_28/omni_thr_fit/bin/worker.sh: line 79: 279859 Terminated              bash "$THR_ROOT/bin/heartbeat.sh" "$UNIT"
/iopsstor/scratch/cscs/dthapa/system3_qwem_omni_8_28/omni_thr_fit/bin/worker.sh: line 79: 124653 Terminated              bash "$THR_ROOT/bin/heartbeat.sh" "$UNIT"
/iopsstor/scratch/cscs/dthapa/system3_qwem_omni_8_28/omni_thr_fit/bin/worker.sh: line 79: 279881 Terminated              bash "$THR_ROOT/bin/heartbeat.sh" "$UNIT"
/iopsstor/scratch/cscs/dthapa/system3_qwem_omni_8_28/omni_thr_fit/bin/worker.sh: line 79: 76533 Terminated              bash "$THR_ROOT/bin/heartbeat.sh" "$UNIT"
/iopsstor/scratch/cscs/dthapa/system3_qwem_omni_8_28/omni_thr_fit/bin/worker.sh: line 79: 53607 Terminated              bash "$THR_ROOT/bin/heartbeat.sh" "$UNIT"
/iopsstor/scratch/cscs/dthapa/system3_qwem_omni_8_28/omni_thr_fit/bin/worker.sh: line 79: 53626 Terminated              bash "$THR_ROOT/bin/heartbeat.sh" "$UNIT"
/iopsstor/scratch/cscs/dthapa/system3_qwem_omni_8_28/omni_thr_fit/bin/worker.sh: line 79: 76582 Terminated              bash "$THR_ROOT/bin/heartbeat.sh" "$UNIT"
/iopsstor/scratch/cscs/dthapa/system3_qwem_omni_8_28/omni_thr_fit/bin/worker.sh: line 79: 124730 Terminated              bash "$THR_ROOT/bin/heartbeat.sh" "$UNIT"
/iopsstor/scratch/cscs/dthapa/system3_qwem_omni_8_28/omni_thr_fit/bin/worker.sh: line 79: 279939 Terminated              bash "$THR_ROOT/bin/heartbeat.sh" "$UNIT"
/iopsstor/scratch/cscs/dthapa/system3_qwem_omni_8_28/omni_thr_fit/bin/worker.sh: line 79: 53675 Terminated              bash "$THR_ROOT/bin/heartbeat.sh" "$UNIT"
/iopsstor/scratch/cscs/dthapa/system3_qwem_omni_8_28/omni_thr_fit/bin/worker.sh: line 79: 279975 Terminated              bash "$THR_ROOT/bin/heartbeat.sh" "$UNIT"
/iopsstor/scratch/cscs/dthapa/system3_qwem_omni_8_28/omni_thr_fit/bin/worker.sh: line 79: 76622 Terminated              bash "$THR_ROOT/bin/heartbeat.sh" "$UNIT"
/iopsstor/scratch/cscs/dthapa/system3_qwem_omni_8_28/omni_thr_fit/bin/worker.sh: line 79: 76643 Terminated              bash "$THR_ROOT/bin/heartbeat.sh" "$UNIT"
/iopsstor/scratch/cscs/dthapa/system3_qwem_omni_8_28/omni_thr_fit/bin/worker.sh: line 79: 53711 Terminated              bash "$THR_ROOT/bin/heartbeat.sh" "$UNIT"
/iopsstor/scratch/cscs/dthapa/system3_qwem_omni_8_28/omni_thr_fit/bin/worker.sh: line 79: 124819 Terminated              bash "$THR_ROOT/bin/heartbeat.sh" "$UNIT"
/iopsstor/scratch/cscs/dthapa/system3_qwem_omni_8_28/omni_thr_fit/bin/worker.sh: line 79: 280033 Terminated              bash "$THR_ROOT/bin/heartbeat.sh" "$UNIT"
/iopsstor/scratch/cscs/dthapa/system3_qwem_omni_8_28/omni_thr_fit/bin/worker.sh: line 79: 124866 Terminated              bash "$THR_ROOT/bin/heartbeat.sh" "$UNIT"
/iopsstor/scratch/cscs/dthapa/system3_qwem_omni_8_28/omni_thr_fit/bin/worker.sh: line 79: 280069 Terminated              bash "$THR_ROOT/bin/heartbeat.sh" "$UNIT"
/iopsstor/scratch/cscs/dthapa/system3_qwem_omni_8_28/omni_thr_fit/bin/worker.sh: line 79: 76729 Terminated              bash "$THR_ROOT/bin/heartbeat.sh" "$UNIT"
/iopsstor/scratch/cscs/dthapa/system3_qwem_omni_8_28/omni_thr_fit/bin/worker.sh: line 79: 53790 Terminated              bash "$THR_ROOT/bin/heartbeat.sh" "$UNIT"
/iopsstor/scratch/cscs/dthapa/system3_qwem_omni_8_28/omni_thr_fit/bin/worker.sh: line 79: 53806 Terminated              bash "$THR_ROOT/bin/heartbeat.sh" "$UNIT"
/iopsstor/scratch/cscs/dthapa/system3_qwem_omni_8_28/omni_thr_fit/bin/worker.sh: line 79: 124947 Terminated              bash "$THR_ROOT/bin/heartbeat.sh" "$UNIT"
/iopsstor/scratch/cscs/dthapa/system3_qwem_omni_8_28/omni_thr_fit/bin/worker.sh: line 79: 280139 Terminated              bash "$THR_ROOT/bin/heartbeat.sh" "$UNIT"
/iopsstor/scratch/cscs/dthapa/system3_qwem_omni_8_28/omni_thr_fit/bin/worker.sh: line 79: 76778 Terminated              bash "$THR_ROOT/bin/heartbeat.sh" "$UNIT"
/iopsstor/scratch/cscs/dthapa/system3_qwem_omni_8_28/omni_thr_fit/bin/worker.sh: line 79: 280176 Terminated              bash "$THR_ROOT/bin/heartbeat.sh" "$UNIT"
/iopsstor/scratch/cscs/dthapa/system3_qwem_omni_8_28/omni_thr_fit/bin/worker.sh: line 79: 53875 Terminated              bash "$THR_ROOT/bin/heartbeat.sh" "$UNIT"
/iopsstor/scratch/cscs/dthapa/system3_qwem_omni_8_28/omni_thr_fit/bin/worker.sh: line 79: 76814 Terminated              bash "$THR_ROOT/bin/heartbeat.sh" "$UNIT"
/iopsstor/scratch/cscs/dthapa/system3_qwem_omni_8_28/omni_thr_fit/bin/worker.sh: line 79: 125051 Terminated              bash "$THR_ROOT/bin/heartbeat.sh" "$UNIT"
/iopsstor/scratch/cscs/dthapa/system3_qwem_omni_8_28/omni_thr_fit/bin/worker.sh: line 79: 53911 Terminated              bash "$THR_ROOT/bin/heartbeat.sh" "$UNIT"
/iopsstor/scratch/cscs/dthapa/system3_qwem_omni_8_28/omni_thr_fit/bin/worker.sh: line 79: 76836 Terminated              bash "$THR_ROOT/bin/heartbeat.sh" "$UNIT"
/iopsstor/scratch/cscs/dthapa/system3_qwem_omni_8_28/omni_thr_fit/bin/worker.sh: line 79: 125104 Terminated              bash "$THR_ROOT/bin/heartbeat.sh" "$UNIT"
/iopsstor/scratch/cscs/dthapa/system3_qwem_omni_8_28/omni_thr_fit/bin/worker.sh: line 79: 280238 Terminated              bash "$THR_ROOT/bin/heartbeat.sh" "$UNIT"
/iopsstor/scratch/cscs/dthapa/system3_qwem_omni_8_28/omni_thr_fit/bin/worker.sh: line 79: 280274 Terminated              bash "$THR_ROOT/bin/heartbeat.sh" "$UNIT"
/iopsstor/scratch/cscs/dthapa/system3_qwem_omni_8_28/omni_thr_fit/bin/worker.sh: line 79: 76902 Terminated              bash "$THR_ROOT/bin/heartbeat.sh" "$UNIT"
/iopsstor/scratch/cscs/dthapa/system3_qwem_omni_8_28/omni_thr_fit/bin/worker.sh: line 79: 125164 Terminated              bash "$THR_ROOT/bin/heartbeat.sh" "$UNIT"
/iopsstor/scratch/cscs/dthapa/system3_qwem_omni_8_28/omni_thr_fit/bin/worker.sh: line 79: 54010 Terminated              bash "$THR_ROOT/bin/heartbeat.sh" "$UNIT"
/iopsstor/scratch/cscs/dthapa/system3_qwem_omni_8_28/omni_thr_fit/bin/worker.sh: line 79: 54026 Terminated              bash "$THR_ROOT/bin/heartbeat.sh" "$UNIT"
/iopsstor/scratch/cscs/dthapa/system3_qwem_omni_8_28/omni_thr_fit/bin/worker.sh: line 79: 76951 Terminated              bash "$THR_ROOT/bin/heartbeat.sh" "$UNIT"
/iopsstor/scratch/cscs/dthapa/system3_qwem_omni_8_28/omni_thr_fit/bin/worker.sh: line 79: 280320 Terminated              bash "$THR_ROOT/bin/heartbeat.sh" "$UNIT"
/iopsstor/scratch/cscs/dthapa/system3_qwem_omni_8_28/omni_thr_fit/bin/worker.sh: line 79: 280348 Terminated              bash "$THR_ROOT/bin/heartbeat.sh" "$UNIT"
/iopsstor/scratch/cscs/dthapa/system3_qwem_omni_8_28/omni_thr_fit/bin/worker.sh: line 79: 76981 Terminated              bash "$THR_ROOT/bin/heartbeat.sh" "$UNIT"
/iopsstor/scratch/cscs/dthapa/system3_qwem_omni_8_28/omni_thr_fit/bin/worker.sh: line 79: 54078 Terminated              bash "$THR_ROOT/bin/heartbeat.sh" "$UNIT"
/iopsstor/scratch/cscs/dthapa/system3_qwem_omni_8_28/omni_thr_fit/bin/worker.sh: line 79: 77034 Terminated              bash "$THR_ROOT/bin/heartbeat.sh" "$UNIT"
/iopsstor/scratch/cscs/dthapa/system3_qwem_omni_8_28/omni_thr_fit/bin/worker.sh: line 79: 125253 Terminated              bash "$THR_ROOT/bin/heartbeat.sh" "$UNIT"
/iopsstor/scratch/cscs/dthapa/system3_qwem_omni_8_28/omni_thr_fit/bin/worker.sh: line 79: 54115 Terminated              bash "$THR_ROOT/bin/heartbeat.sh" "$UNIT"
/iopsstor/scratch/cscs/dthapa/system3_qwem_omni_8_28/omni_thr_fit/bin/worker.sh: line 79: 125287 Terminated              bash "$THR_ROOT/bin/heartbeat.sh" "$UNIT"
/iopsstor/scratch/cscs/dthapa/system3_qwem_omni_8_28/omni_thr_fit/bin/worker.sh: line 79: 280419 Terminated              bash "$THR_ROOT/bin/heartbeat.sh" "$UNIT"
/iopsstor/scratch/cscs/dthapa/system3_qwem_omni_8_28/omni_thr_fit/bin/worker.sh: line 79: 280447 Terminated              bash "$THR_ROOT/bin/heartbeat.sh" "$UNIT"
/iopsstor/scratch/cscs/dthapa/system3_qwem_omni_8_28/omni_thr_fit/bin/worker.sh: line 79: 77092 Terminated              bash "$THR_ROOT/bin/heartbeat.sh" "$UNIT"
/iopsstor/scratch/cscs/dthapa/system3_qwem_omni_8_28/omni_thr_fit/bin/worker.sh: line 79: 119796 Terminated              bash "$THR_ROOT/bin/heartbeat.sh" "$UNIT"
/iopsstor/scratch/cscs/dthapa/system3_qwem_omni_8_28/omni_thr_fit/bin/worker.sh: line 79: 125362 Terminated              bash "$THR_ROOT/bin/heartbeat.sh" "$UNIT"
/iopsstor/scratch/cscs/dthapa/system3_qwem_omni_8_28/omni_thr_fit/bin/worker.sh: line 79: 280494 Terminated              bash "$THR_ROOT/bin/heartbeat.sh" "$UNIT"
/iopsstor/scratch/cscs/dthapa/system3_qwem_omni_8_28/omni_thr_fit/bin/worker.sh: line 79: 77136 Terminated              bash "$THR_ROOT/bin/heartbeat.sh" "$UNIT"
/iopsstor/scratch/cscs/dthapa/system3_qwem_omni_8_28/omni_thr_fit/bin/worker.sh: line 79: 54194 Terminated              bash "$THR_ROOT/bin/heartbeat.sh" "$UNIT"
/iopsstor/scratch/cscs/dthapa/system3_qwem_omni_8_28/omni_thr_fit/bin/worker.sh: line 79: 54210 Terminated              bash "$THR_ROOT/bin/heartbeat.sh" "$UNIT"
/iopsstor/scratch/cscs/dthapa/system3_qwem_omni_8_28/omni_thr_fit/bin/worker.sh: line 79: 280523 Terminated              bash "$THR_ROOT/bin/heartbeat.sh" "$UNIT"
/iopsstor/scratch/cscs/dthapa/system3_qwem_omni_8_28/omni_thr_fit/bin/worker.sh: line 79: 77193 Terminated              bash "$THR_ROOT/bin/heartbeat.sh" "$UNIT"
/iopsstor/scratch/cscs/dthapa/system3_qwem_omni_8_28/omni_thr_fit/bin/worker.sh: line 79: 77222 Terminated              bash "$THR_ROOT/bin/heartbeat.sh" "$UNIT"
/iopsstor/scratch/cscs/dthapa/system3_qwem_omni_8_28/omni_thr_fit/bin/worker.sh: line 79: 54258 Terminated              bash "$THR_ROOT/bin/heartbeat.sh" "$UNIT"
/iopsstor/scratch/cscs/dthapa/system3_qwem_omni_8_28/omni_thr_fit/bin/worker.sh: line 79: 125452 Terminated              bash "$THR_ROOT/bin/heartbeat.sh" "$UNIT"
/iopsstor/scratch/cscs/dthapa/system3_qwem_omni_8_28/omni_thr_fit/bin/worker.sh: line 79: 125505 Terminated              bash "$THR_ROOT/bin/heartbeat.sh" "$UNIT"
/iopsstor/scratch/cscs/dthapa/system3_qwem_omni_8_28/omni_thr_fit/bin/worker.sh: line 79: 54314 Terminated              bash "$THR_ROOT/bin/heartbeat.sh" "$UNIT"
/iopsstor/scratch/cscs/dthapa/system3_qwem_omni_8_28/omni_thr_fit/bin/worker.sh: line 79: 280623 Terminated              bash "$THR_ROOT/bin/heartbeat.sh" "$UNIT"
/iopsstor/scratch/cscs/dthapa/system3_qwem_omni_8_28/omni_thr_fit/bin/worker.sh: line 79: 280639 Terminated              bash "$THR_ROOT/bin/heartbeat.sh" "$UNIT"
/iopsstor/scratch/cscs/dthapa/system3_qwem_omni_8_28/omni_thr_fit/bin/worker.sh: line 79: 125578 Terminated              bash "$THR_ROOT/bin/heartbeat.sh" "$UNIT"
/iopsstor/scratch/cscs/dthapa/system3_qwem_omni_8_28/omni_thr_fit/bin/worker.sh: line 79: 77285 Terminated              bash "$THR_ROOT/bin/heartbeat.sh" "$UNIT"
/iopsstor/scratch/cscs/dthapa/system3_qwem_omni_8_28/omni_thr_fit/bin/worker.sh: line 79: 280687 Terminated              bash "$THR_ROOT/bin/heartbeat.sh" "$UNIT"
/iopsstor/scratch/cscs/dthapa/system3_qwem_omni_8_28/omni_thr_fit/bin/worker.sh: line 79: 77335 Terminated              bash "$THR_ROOT/bin/heartbeat.sh" "$UNIT"
/iopsstor/scratch/cscs/dthapa/system3_qwem_omni_8_28/omni_thr_fit/bin/worker.sh: line 79: 125599 Terminated              bash "$THR_ROOT/bin/heartbeat.sh" "$UNIT"
/iopsstor/scratch/cscs/dthapa/system3_qwem_omni_8_28/omni_thr_fit/bin/worker.sh: line 79: 54390 Terminated              bash "$THR_ROOT/bin/heartbeat.sh" "$UNIT"
/iopsstor/scratch/cscs/dthapa/system3_qwem_omni_8_28/omni_thr_fit/bin/worker.sh: line 79: 54406 Terminated              bash "$THR_ROOT/bin/heartbeat.sh" "$UNIT"
/iopsstor/scratch/cscs/dthapa/system3_qwem_omni_8_28/omni_thr_fit/bin/worker.sh: line 79: 280716 Terminated              bash "$THR_ROOT/bin/heartbeat.sh" "$UNIT"
/iopsstor/scratch/cscs/dthapa/system3_qwem_omni_8_28/omni_thr_fit/bin/worker.sh: line 79: 77375 Terminated              bash "$THR_ROOT/bin/heartbeat.sh" "$UNIT"
/iopsstor/scratch/cscs/dthapa/system3_qwem_omni_8_28/omni_thr_fit/bin/worker.sh: line 79: 77393 Terminated              bash "$THR_ROOT/bin/heartbeat.sh" "$UNIT"
/iopsstor/scratch/cscs/dthapa/system3_qwem_omni_8_28/omni_thr_fit/bin/worker.sh: line 79: 125669 Terminated              bash "$THR_ROOT/bin/heartbeat.sh" "$UNIT"
/iopsstor/scratch/cscs/dthapa/system3_qwem_omni_8_28/omni_thr_fit/bin/worker.sh: line 79: 54455 Terminated              bash "$THR_ROOT/bin/heartbeat.sh" "$UNIT"
/iopsstor/scratch/cscs/dthapa/system3_qwem_omni_8_28/omni_thr_fit/bin/worker.sh: line 79: 125696 Terminated              bash "$THR_ROOT/bin/heartbeat.sh" "$UNIT"
/iopsstor/scratch/cscs/dthapa/system3_qwem_omni_8_28/omni_thr_fit/bin/worker.sh: line 79: 54492 Terminated              bash "$THR_ROOT/bin/heartbeat.sh" "$UNIT"
/iopsstor/scratch/cscs/dthapa/system3_qwem_omni_8_28/omni_thr_fit/bin/worker.sh: line 79: 280797 Terminated              bash "$THR_ROOT/bin/heartbeat.sh" "$UNIT"
/iopsstor/scratch/cscs/dthapa/system3_qwem_omni_8_28/omni_thr_fit/bin/worker.sh: line 79: 280818 Terminated              bash "$THR_ROOT/bin/heartbeat.sh" "$UNIT"
/iopsstor/scratch/cscs/dthapa/system3_qwem_omni_8_28/omni_thr_fit/bin/worker.sh: line 79: 77463 Terminated              bash "$THR_ROOT/bin/heartbeat.sh" "$UNIT"
/iopsstor/scratch/cscs/dthapa/system3_qwem_omni_8_28/omni_thr_fit/bin/worker.sh: line 79: 125748 Terminated              bash "$THR_ROOT/bin/heartbeat.sh" "$UNIT"
/iopsstor/scratch/cscs/dthapa/system3_qwem_omni_8_28/omni_thr_fit/bin/worker.sh: line 79: 280865 Terminated              bash "$THR_ROOT/bin/heartbeat.sh" "$UNIT"
/iopsstor/scratch/cscs/dthapa/system3_qwem_omni_8_28/omni_thr_fit/bin/worker.sh: line 79: 125786 Terminated              bash "$THR_ROOT/bin/heartbeat.sh" "$UNIT"
/iopsstor/scratch/cscs/dthapa/system3_qwem_omni_8_28/omni_thr_fit/bin/worker.sh: line 79: 77512 Terminated              bash "$THR_ROOT/bin/heartbeat.sh" "$UNIT"
/iopsstor/scratch/cscs/dthapa/system3_qwem_omni_8_28/omni_thr_fit/bin/worker.sh: line 79: 280890 Terminated              bash "$THR_ROOT/bin/heartbeat.sh" "$UNIT"
/iopsstor/scratch/cscs/dthapa/system3_qwem_omni_8_28/omni_thr_fit/bin/worker.sh: line 79: 54568 Terminated              bash "$THR_ROOT/bin/heartbeat.sh" "$UNIT"
/iopsstor/scratch/cscs/dthapa/system3_qwem_omni_8_28/omni_thr_fit/bin/worker.sh: line 79: 54584 Terminated              bash "$THR_ROOT/bin/heartbeat.sh" "$UNIT"
/iopsstor/scratch/cscs/dthapa/system3_qwem_omni_8_28/omni_thr_fit/bin/worker.sh: line 79: 77549 Terminated              bash "$THR_ROOT/bin/heartbeat.sh" "$UNIT"
/iopsstor/scratch/cscs/dthapa/system3_qwem_omni_8_28/omni_thr_fit/bin/worker.sh: line 79: 125843 Terminated              bash "$THR_ROOT/bin/heartbeat.sh" "$UNIT"
/iopsstor/scratch/cscs/dthapa/system3_qwem_omni_8_28/omni_thr_fit/bin/worker.sh: line 79: 77570 Terminated              bash "$THR_ROOT/bin/heartbeat.sh" "$UNIT"
/iopsstor/scratch/cscs/dthapa/system3_qwem_omni_8_28/omni_thr_fit/bin/worker.sh: line 79: 125864 Terminated              bash "$THR_ROOT/bin/heartbeat.sh" "$UNIT"
/iopsstor/scratch/cscs/dthapa/system3_qwem_omni_8_28/omni_thr_fit/bin/worker.sh: line 79: 54632 Terminated              bash "$THR_ROOT/bin/heartbeat.sh" "$UNIT"
/iopsstor/scratch/cscs/dthapa/system3_qwem_omni_8_28/omni_thr_fit/bin/worker.sh: line 79: 54669 Terminated              bash "$THR_ROOT/bin/heartbeat.sh" "$UNIT"
/iopsstor/scratch/cscs/dthapa/system3_qwem_omni_8_28/omni_thr_fit/bin/worker.sh: line 79: 280988 Terminated              bash "$THR_ROOT/bin/heartbeat.sh" "$UNIT"
/iopsstor/scratch/cscs/dthapa/system3_qwem_omni_8_28/omni_thr_fit/bin/worker.sh: line 79: 281010 Terminated              bash "$THR_ROOT/bin/heartbeat.sh" "$UNIT"
/iopsstor/scratch/cscs/dthapa/system3_qwem_omni_8_28/omni_thr_fit/bin/worker.sh: line 79: 77659 Terminated              bash "$THR_ROOT/bin/heartbeat.sh" "$UNIT"
/iopsstor/scratch/cscs/dthapa/system3_qwem_omni_8_28/omni_thr_fit/bin/worker.sh: line 79: 125933 Terminated              bash "$THR_ROOT/bin/heartbeat.sh" "$UNIT"
/iopsstor/scratch/cscs/dthapa/system3_qwem_omni_8_28/omni_thr_fit/bin/worker.sh: line 79: 281060 Terminated              bash "$THR_ROOT/bin/heartbeat.sh" "$UNIT"
/iopsstor/scratch/cscs/dthapa/system3_qwem_omni_8_28/omni_thr_fit/bin/worker.sh: line 79: 125961 Terminated              bash "$THR_ROOT/bin/heartbeat.sh" "$UNIT"
/iopsstor/scratch/cscs/dthapa/system3_qwem_omni_8_28/omni_thr_fit/bin/worker.sh: line 79: 281081 Terminated              bash "$THR_ROOT/bin/heartbeat.sh" "$UNIT"
/iopsstor/scratch/cscs/dthapa/system3_qwem_omni_8_28/omni_thr_fit/bin/worker.sh: line 79: 77704 Terminated              bash "$THR_ROOT/bin/heartbeat.sh" "$UNIT"
/iopsstor/scratch/cscs/dthapa/system3_qwem_omni_8_28/omni_thr_fit/bin/worker.sh: line 79: 54764 Terminated              bash "$THR_ROOT/bin/heartbeat.sh" "$UNIT"
/iopsstor/scratch/cscs/dthapa/system3_qwem_omni_8_28/omni_thr_fit/bin/worker.sh: line 79: 54780 Terminated              bash "$THR_ROOT/bin/heartbeat.sh" "$UNIT"
/iopsstor/scratch/cscs/dthapa/system3_qwem_omni_8_28/omni_thr_fit/bin/worker.sh: line 79: 126031 Terminated              bash "$THR_ROOT/bin/heartbeat.sh" "$UNIT"
/iopsstor/scratch/cscs/dthapa/system3_qwem_omni_8_28/omni_thr_fit/bin/worker.sh: line 79: 77741 Terminated              bash "$THR_ROOT/bin/heartbeat.sh" "$UNIT"
/iopsstor/scratch/cscs/dthapa/system3_qwem_omni_8_28/omni_thr_fit/bin/worker.sh: line 79: 77766 Terminated              bash "$THR_ROOT/bin/heartbeat.sh" "$UNIT"
/iopsstor/scratch/cscs/dthapa/system3_qwem_omni_8_28/omni_thr_fit/bin/worker.sh: line 79: 126056 Terminated              bash "$THR_ROOT/bin/heartbeat.sh" "$UNIT"
/iopsstor/scratch/cscs/dthapa/system3_qwem_omni_8_28/omni_thr_fit/bin/worker.sh: line 79: 54829 Terminated              bash "$THR_ROOT/bin/heartbeat.sh" "$UNIT"
/iopsstor/scratch/cscs/dthapa/system3_qwem_omni_8_28/omni_thr_fit/bin/worker.sh: line 79: 281165 Terminated              bash "$THR_ROOT/bin/heartbeat.sh" "$UNIT"
/iopsstor/scratch/cscs/dthapa/system3_qwem_omni_8_28/omni_thr_fit/bin/worker.sh: line 79: 54865 Terminated              bash "$THR_ROOT/bin/heartbeat.sh" "$UNIT"
/iopsstor/scratch/cscs/dthapa/system3_qwem_omni_8_28/omni_thr_fit/bin/worker.sh: line 79: 281188 Terminated              bash "$THR_ROOT/bin/heartbeat.sh" "$UNIT"
/iopsstor/scratch/cscs/dthapa/system3_qwem_omni_8_28/omni_thr_fit/bin/worker.sh: line 79: 77832 Terminated              bash "$THR_ROOT/bin/heartbeat.sh" "$UNIT"
/iopsstor/scratch/cscs/dthapa/system3_qwem_omni_8_28/omni_thr_fit/bin/worker.sh: line 79: 126136 Terminated              bash "$THR_ROOT/bin/heartbeat.sh" "$UNIT"
/iopsstor/scratch/cscs/dthapa/system3_qwem_omni_8_28/omni_thr_fit/bin/worker.sh: line 79: 281239 Terminated              bash "$THR_ROOT/bin/heartbeat.sh" "$UNIT"
/iopsstor/scratch/cscs/dthapa/system3_qwem_omni_8_28/omni_thr_fit/bin/worker.sh: line 79: 126152 Terminated              bash "$THR_ROOT/bin/heartbeat.sh" "$UNIT"
/iopsstor/scratch/cscs/dthapa/system3_qwem_omni_8_28/omni_thr_fit/bin/worker.sh: line 79: 281260 Terminated              bash "$THR_ROOT/bin/heartbeat.sh" "$UNIT"
/iopsstor/scratch/cscs/dthapa/system3_qwem_omni_8_28/omni_thr_fit/bin/worker.sh: line 79: 77877 Terminated              bash "$THR_ROOT/bin/heartbeat.sh" "$UNIT"
/iopsstor/scratch/cscs/dthapa/system3_qwem_omni_8_28/omni_thr_fit/bin/worker.sh: line 79: 126201 Terminated              bash "$THR_ROOT/bin/heartbeat.sh" "$UNIT"
/iopsstor/scratch/cscs/dthapa/system3_qwem_omni_8_28/omni_thr_fit/bin/worker.sh: line 79: 54941 Terminated              bash "$THR_ROOT/bin/heartbeat.sh" "$UNIT"
/iopsstor/scratch/cscs/dthapa/system3_qwem_omni_8_28/omni_thr_fit/bin/worker.sh: line 79: 77918 Terminated              bash "$THR_ROOT/bin/heartbeat.sh" "$UNIT"
/iopsstor/scratch/cscs/dthapa/system3_qwem_omni_8_28/omni_thr_fit/bin/worker.sh: line 79: 54957 Terminated              bash "$THR_ROOT/bin/heartbeat.sh" "$UNIT"
/iopsstor/scratch/cscs/dthapa/system3_qwem_omni_8_28/omni_thr_fit/bin/worker.sh: line 79: 77939 Terminated              bash "$THR_ROOT/bin/heartbeat.sh" "$UNIT"
/iopsstor/scratch/cscs/dthapa/system3_qwem_omni_8_28/omni_thr_fit/bin/worker.sh: line 79: 126230 Terminated              bash "$THR_ROOT/bin/heartbeat.sh" "$UNIT"
/iopsstor/scratch/cscs/dthapa/system3_qwem_omni_8_28/omni_thr_fit/bin/worker.sh: line 79: 55006 Terminated              bash "$THR_ROOT/bin/heartbeat.sh" "$UNIT"
/iopsstor/scratch/cscs/dthapa/system3_qwem_omni_8_28/omni_thr_fit/bin/worker.sh: line 79: 281336 Terminated              bash "$THR_ROOT/bin/heartbeat.sh" "$UNIT"
/iopsstor/scratch/cscs/dthapa/system3_qwem_omni_8_28/omni_thr_fit/bin/worker.sh: line 79: 281365 Terminated              bash "$THR_ROOT/bin/heartbeat.sh" "$UNIT"
/iopsstor/scratch/cscs/dthapa/system3_qwem_omni_8_28/omni_thr_fit/bin/worker.sh: line 79: 55042 Terminated              bash "$THR_ROOT/bin/heartbeat.sh" "$UNIT"
/iopsstor/scratch/cscs/dthapa/system3_qwem_omni_8_28/omni_thr_fit/bin/worker.sh: line 79: 78005 Terminated              bash "$THR_ROOT/bin/heartbeat.sh" "$UNIT"
/iopsstor/scratch/cscs/dthapa/system3_qwem_omni_8_28/omni_thr_fit/bin/worker.sh: line 79: 281415 Terminated              bash "$THR_ROOT/bin/heartbeat.sh" "$UNIT"
/iopsstor/scratch/cscs/dthapa/system3_qwem_omni_8_28/omni_thr_fit/bin/worker.sh: line 79: 126309 Terminated              bash "$THR_ROOT/bin/heartbeat.sh" "$UNIT"
/iopsstor/scratch/cscs/dthapa/system3_qwem_omni_8_28/omni_thr_fit/bin/worker.sh: line 79: 126336 Terminated              bash "$THR_ROOT/bin/heartbeat.sh" "$UNIT"
/iopsstor/scratch/cscs/dthapa/system3_qwem_omni_8_28/omni_thr_fit/bin/worker.sh: line 79: 78073 Terminated              bash "$THR_ROOT/bin/heartbeat.sh" "$UNIT"
/iopsstor/scratch/cscs/dthapa/system3_qwem_omni_8_28/omni_thr_fit/bin/worker.sh: line 79: 281436 Terminated              bash "$THR_ROOT/bin/heartbeat.sh" "$UNIT"
/iopsstor/scratch/cscs/dthapa/system3_qwem_omni_8_28/omni_thr_fit/bin/worker.sh: line 79: 126386 Terminated              bash "$THR_ROOT/bin/heartbeat.sh" "$UNIT"
/iopsstor/scratch/cscs/dthapa/system3_qwem_omni_8_28/omni_thr_fit/bin/worker.sh: line 79: 78109 Terminated              bash "$THR_ROOT/bin/heartbeat.sh" "$UNIT"
/iopsstor/scratch/cscs/dthapa/system3_qwem_omni_8_28/omni_thr_fit/bin/worker.sh: line 79: 55118 Terminated              bash "$THR_ROOT/bin/heartbeat.sh" "$UNIT"
/iopsstor/scratch/cscs/dthapa/system3_qwem_omni_8_28/omni_thr_fit/bin/worker.sh: line 79: 55134 Terminated              bash "$THR_ROOT/bin/heartbeat.sh" "$UNIT"
/iopsstor/scratch/cscs/dthapa/system3_qwem_omni_8_28/omni_thr_fit/bin/worker.sh: line 79: 78130 Terminated              bash "$THR_ROOT/bin/heartbeat.sh" "$UNIT"
/iopsstor/scratch/cscs/dthapa/system3_qwem_omni_8_28/omni_thr_fit/bin/worker.sh: line 79: 126422 Terminated              bash "$THR_ROOT/bin/heartbeat.sh" "$UNIT"
/iopsstor/scratch/cscs/dthapa/system3_qwem_omni_8_28/omni_thr_fit/bin/worker.sh: line 79: 55202 Terminated              bash "$THR_ROOT/bin/heartbeat.sh" "$UNIT"
/iopsstor/scratch/cscs/dthapa/system3_qwem_omni_8_28/omni_thr_fit/bin/worker.sh: line 79: 281530 Terminated              bash "$THR_ROOT/bin/heartbeat.sh" "$UNIT"
/iopsstor/scratch/cscs/dthapa/system3_qwem_omni_8_28/omni_thr_fit/bin/worker.sh: line 79: 281558 Terminated              bash "$THR_ROOT/bin/heartbeat.sh" "$UNIT"
/iopsstor/scratch/cscs/dthapa/system3_qwem_omni_8_28/omni_thr_fit/bin/worker.sh: line 79: 55238 Terminated              bash "$THR_ROOT/bin/heartbeat.sh" "$UNIT"
/iopsstor/scratch/cscs/dthapa/system3_qwem_omni_8_28/omni_thr_fit/bin/worker.sh: line 79: 78200 Terminated              bash "$THR_ROOT/bin/heartbeat.sh" "$UNIT"
/iopsstor/scratch/cscs/dthapa/system3_qwem_omni_8_28/omni_thr_fit/bin/worker.sh: line 79: 281605 Terminated              bash "$THR_ROOT/bin/heartbeat.sh" "$UNIT"
/iopsstor/scratch/cscs/dthapa/system3_qwem_omni_8_28/omni_thr_fit/bin/worker.sh: line 79: 126519 Terminated              bash "$THR_ROOT/bin/heartbeat.sh" "$UNIT"
/iopsstor/scratch/cscs/dthapa/system3_qwem_omni_8_28/omni_thr_fit/bin/worker.sh: line 79: 281635 Terminated              bash "$THR_ROOT/bin/heartbeat.sh" "$UNIT"
/iopsstor/scratch/cscs/dthapa/system3_qwem_omni_8_28/omni_thr_fit/bin/worker.sh: line 79: 126535 Terminated              bash "$THR_ROOT/bin/heartbeat.sh" "$UNIT"
/iopsstor/scratch/cscs/dthapa/system3_qwem_omni_8_28/omni_thr_fit/bin/worker.sh: line 79: 78245 Terminated              bash "$THR_ROOT/bin/heartbeat.sh" "$UNIT"
/iopsstor/scratch/cscs/dthapa/system3_qwem_omni_8_28/omni_thr_fit/bin/worker.sh: line 79: 126583 Terminated              bash "$THR_ROOT/bin/heartbeat.sh" "$UNIT"
/iopsstor/scratch/cscs/dthapa/system3_qwem_omni_8_28/omni_thr_fit/bin/worker.sh: line 79: 78286 Terminated              bash "$THR_ROOT/bin/heartbeat.sh" "$UNIT"
/iopsstor/scratch/cscs/dthapa/system3_qwem_omni_8_28/omni_thr_fit/bin/worker.sh: line 79: 55316 Terminated              bash "$THR_ROOT/bin/heartbeat.sh" "$UNIT"
/iopsstor/scratch/cscs/dthapa/system3_qwem_omni_8_28/omni_thr_fit/bin/worker.sh: line 79: 78307 Terminated              bash "$THR_ROOT/bin/heartbeat.sh" "$UNIT"
/iopsstor/scratch/cscs/dthapa/system3_qwem_omni_8_28/omni_thr_fit/bin/worker.sh: line 79: 55332 Terminated              bash "$THR_ROOT/bin/heartbeat.sh" "$UNIT"
/iopsstor/scratch/cscs/dthapa/system3_qwem_omni_8_28/omni_thr_fit/bin/worker.sh: line 79: 126620 Terminated              bash "$THR_ROOT/bin/heartbeat.sh" "$UNIT"
/iopsstor/scratch/cscs/dthapa/system3_qwem_omni_8_28/omni_thr_fit/bin/worker.sh: line 79: 55380 Terminated              bash "$THR_ROOT/bin/heartbeat.sh" "$UNIT"
/iopsstor/scratch/cscs/dthapa/system3_qwem_omni_8_28/omni_thr_fit/bin/worker.sh: line 79: 281716 Terminated              bash "$THR_ROOT/bin/heartbeat.sh" "$UNIT"
/iopsstor/scratch/cscs/dthapa/system3_qwem_omni_8_28/omni_thr_fit/bin/worker.sh: line 79: 281730 Terminated              bash "$THR_ROOT/bin/heartbeat.sh" "$UNIT"
/iopsstor/scratch/cscs/dthapa/system3_qwem_omni_8_28/omni_thr_fit/bin/worker.sh: line 79: 55417 Terminated              bash "$THR_ROOT/bin/heartbeat.sh" "$UNIT"
/iopsstor/scratch/cscs/dthapa/system3_qwem_omni_8_28/omni_thr_fit/bin/worker.sh: line 79: 78373 Terminated              bash "$THR_ROOT/bin/heartbeat.sh" "$UNIT"
/iopsstor/scratch/cscs/dthapa/system3_qwem_omni_8_28/omni_thr_fit/bin/worker.sh: line 79: 281778 Terminated              bash "$THR_ROOT/bin/heartbeat.sh" "$UNIT"
/iopsstor/scratch/cscs/dthapa/system3_qwem_omni_8_28/omni_thr_fit/bin/worker.sh: line 79: 281825 Terminated              bash "$THR_ROOT/bin/heartbeat.sh" "$UNIT"
/iopsstor/scratch/cscs/dthapa/system3_qwem_omni_8_28/omni_thr_fit/bin/worker.sh: line 79: 126697 Terminated              bash "$THR_ROOT/bin/heartbeat.sh" "$UNIT"
/iopsstor/scratch/cscs/dthapa/system3_qwem_omni_8_28/omni_thr_fit/bin/worker.sh: line 79: 78422 Terminated              bash "$THR_ROOT/bin/heartbeat.sh" "$UNIT"
/iopsstor/scratch/cscs/dthapa/system3_qwem_omni_8_28/omni_thr_fit/bin/worker.sh: line 79: 126714 Terminated              bash "$THR_ROOT/bin/heartbeat.sh" "$UNIT"
/iopsstor/scratch/cscs/dthapa/system3_qwem_omni_8_28/omni_thr_fit/bin/worker.sh: line 79: 78459 Terminated              bash "$THR_ROOT/bin/heartbeat.sh" "$UNIT"
/iopsstor/scratch/cscs/dthapa/system3_qwem_omni_8_28/omni_thr_fit/bin/worker.sh: line 79: 126761 Terminated              bash "$THR_ROOT/bin/heartbeat.sh" "$UNIT"
/iopsstor/scratch/cscs/dthapa/system3_qwem_omni_8_28/omni_thr_fit/bin/worker.sh: line 79: 78487 Terminated              bash "$THR_ROOT/bin/heartbeat.sh" "$UNIT"
/iopsstor/scratch/cscs/dthapa/system3_qwem_omni_8_28/omni_thr_fit/bin/worker.sh: line 79: 55494 Terminated              bash "$THR_ROOT/bin/heartbeat.sh" "$UNIT"
/iopsstor/scratch/cscs/dthapa/system3_qwem_omni_8_28/omni_thr_fit/bin/worker.sh: line 79: 55510 Terminated              bash "$THR_ROOT/bin/heartbeat.sh" "$UNIT"
/iopsstor/scratch/cscs/dthapa/system3_qwem_omni_8_28/omni_thr_fit/bin/worker.sh: line 79: 126793 Terminated              bash "$THR_ROOT/bin/heartbeat.sh" "$UNIT"
/iopsstor/scratch/cscs/dthapa/system3_qwem_omni_8_28/omni_thr_fit/bin/worker.sh: line 79: 281927 Terminated              bash "$THR_ROOT/bin/heartbeat.sh" "$UNIT"
/iopsstor/scratch/cscs/dthapa/system3_qwem_omni_8_28/omni_thr_fit/bin/worker.sh: line 79: 55559 Terminated              bash "$THR_ROOT/bin/heartbeat.sh" "$UNIT"
/iopsstor/scratch/cscs/dthapa/system3_qwem_omni_8_28/omni_thr_fit/bin/worker.sh: line 79: 281955 Terminated              bash "$THR_ROOT/bin/heartbeat.sh" "$UNIT"
/iopsstor/scratch/cscs/dthapa/system3_qwem_omni_8_28/omni_thr_fit/bin/worker.sh: line 79: 78565 Terminated              bash "$THR_ROOT/bin/heartbeat.sh" "$UNIT"
/iopsstor/scratch/cscs/dthapa/system3_qwem_omni_8_28/omni_thr_fit/bin/worker.sh: line 79: 281996 Terminated              bash "$THR_ROOT/bin/heartbeat.sh" "$UNIT"
/iopsstor/scratch/cscs/dthapa/system3_qwem_omni_8_28/omni_thr_fit/bin/worker.sh: line 79: 55614 Terminated              bash "$THR_ROOT/bin/heartbeat.sh" "$UNIT"
/iopsstor/scratch/cscs/dthapa/system3_qwem_omni_8_28/omni_thr_fit/bin/worker.sh: line 79: 282017 Terminated              bash "$THR_ROOT/bin/heartbeat.sh" "$UNIT"
/iopsstor/scratch/cscs/dthapa/system3_qwem_omni_8_28/omni_thr_fit/bin/worker.sh: line 79: 78615 Terminated              bash "$THR_ROOT/bin/heartbeat.sh" "$UNIT"
/iopsstor/scratch/cscs/dthapa/system3_qwem_omni_8_28/omni_thr_fit/bin/worker.sh: line 79: 126889 Terminated              bash "$THR_ROOT/bin/heartbeat.sh" "$UNIT"
/iopsstor/scratch/cscs/dthapa/system3_qwem_omni_8_28/omni_thr_fit/bin/worker.sh: line 79: 126909 Terminated              bash "$THR_ROOT/bin/heartbeat.sh" "$UNIT"
/iopsstor/scratch/cscs/dthapa/system3_qwem_omni_8_28/omni_thr_fit/bin/worker.sh: line 79: 78653 Terminated              bash "$THR_ROOT/bin/heartbeat.sh" "$UNIT"
/iopsstor/scratch/cscs/dthapa/system3_qwem_omni_8_28/omni_thr_fit/bin/worker.sh: line 79: 78674 Terminated              bash "$THR_ROOT/bin/heartbeat.sh" "$UNIT"
/iopsstor/scratch/cscs/dthapa/system3_qwem_omni_8_28/omni_thr_fit/bin/worker.sh: line 79: 126957 Terminated              bash "$THR_ROOT/bin/heartbeat.sh" "$UNIT"
/iopsstor/scratch/cscs/dthapa/system3_qwem_omni_8_28/omni_thr_fit/bin/worker.sh: line 79: 55691 Terminated              bash "$THR_ROOT/bin/heartbeat.sh" "$UNIT"
/iopsstor/scratch/cscs/dthapa/system3_qwem_omni_8_28/omni_thr_fit/bin/worker.sh: line 79: 55707 Terminated              bash "$THR_ROOT/bin/heartbeat.sh" "$UNIT"
/iopsstor/scratch/cscs/dthapa/system3_qwem_omni_8_28/omni_thr_fit/bin/worker.sh: line 79: 126989 Terminated              bash "$THR_ROOT/bin/heartbeat.sh" "$UNIT"
/iopsstor/scratch/cscs/dthapa/system3_qwem_omni_8_28/omni_thr_fit/bin/worker.sh: line 79: 282102 Terminated              bash "$THR_ROOT/bin/heartbeat.sh" "$UNIT"
/iopsstor/scratch/cscs/dthapa/system3_qwem_omni_8_28/omni_thr_fit/bin/worker.sh: line 79: 282130 Terminated              bash "$THR_ROOT/bin/heartbeat.sh" "$UNIT"
/iopsstor/scratch/cscs/dthapa/system3_qwem_omni_8_28/omni_thr_fit/bin/worker.sh: line 79: 55755 Terminated              bash "$THR_ROOT/bin/heartbeat.sh" "$UNIT"
[chain] gen 5 end: 81/1410 samples, cells 0/94
[chain]   next shape: nodes=4 max_dur=211s fit_n=921
[chain] gen 5 exit Fri Aug 28 09:27:48 PM CEST 2026
