[chain] gen=7/400 nodes=4 lanes=16
[chain] progress=81/1410 samples, cells=0/94
[chain] xRT_mean=1.842 p95=3.696 longest_remaining=594.6s rec_nodes=4
[chain] window-fit cap for this shape: max_dur=211s
[chain] gen 8 queued: nodes=4 time=00:22:00
/iopsstor/scratch/cscs/dthapa/system3_qwem_omni_8_28/omni_thr_fit/bin/worker.sh: line 79: 112909 Terminated              bash "$THR_ROOT/bin/heartbeat.sh" "$UNIT"
/iopsstor/scratch/cscs/dthapa/system3_qwem_omni_8_28/omni_thr_fit/bin/worker.sh: line 79: 112893 Terminated              bash "$THR_ROOT/bin/heartbeat.sh" "$UNIT"
/iopsstor/scratch/cscs/dthapa/system3_qwem_omni_8_28/omni_thr_fit/bin/worker.sh: line 79: 112902 Terminated              bash "$THR_ROOT/bin/heartbeat.sh" "$UNIT"
/iopsstor/scratch/cscs/dthapa/system3_qwem_omni_8_28/omni_thr_fit/bin/worker.sh: line 79: 112899 Terminated              bash "$THR_ROOT/bin/heartbeat.sh" "$UNIT"
/iopsstor/scratch/cscs/dthapa/system3_qwem_omni_8_28/omni_thr_fit/bin/worker.sh: line 79: 241431 Terminated              bash "$THR_ROOT/bin/heartbeat.sh" "$UNIT"
/iopsstor/scratch/cscs/dthapa/system3_qwem_omni_8_28/omni_thr_fit/bin/worker.sh: line 79: 241427 Terminated              bash "$THR_ROOT/bin/heartbeat.sh" "$UNIT"
/iopsstor/scratch/cscs/dthapa/system3_qwem_omni_8_28/omni_thr_fit/bin/worker.sh: line 79: 241446 Terminated              bash "$THR_ROOT/bin/heartbeat.sh" "$UNIT"
/iopsstor/scratch/cscs/dthapa/system3_qwem_omni_8_28/omni_thr_fit/bin/worker.sh: line 79: 241429 Terminated              bash "$THR_ROOT/bin/heartbeat.sh" "$UNIT"
/iopsstor/scratch/cscs/dthapa/system3_qwem_omni_8_28/omni_thr_fit/bin/worker.sh: line 79: 96216 Terminated              bash "$THR_ROOT/bin/heartbeat.sh" "$UNIT"
/iopsstor/scratch/cscs/dthapa/system3_qwem_omni_8_28/omni_thr_fit/bin/worker.sh: line 79: 96201 Terminated              bash "$THR_ROOT/bin/heartbeat.sh" "$UNIT"
/iopsstor/scratch/cscs/dthapa/system3_qwem_omni_8_28/omni_thr_fit/bin/worker.sh: line 79: 96208 Terminated              bash "$THR_ROOT/bin/heartbeat.sh" "$UNIT"
/iopsstor/scratch/cscs/dthapa/system3_qwem_omni_8_28/omni_thr_fit/bin/worker.sh: line 79: 145072 Terminated              bash "$THR_ROOT/bin/heartbeat.sh" "$UNIT"
/iopsstor/scratch/cscs/dthapa/system3_qwem_omni_8_28/omni_thr_fit/bin/worker.sh: line 79: 96204 Terminated              bash "$THR_ROOT/bin/heartbeat.sh" "$UNIT"
/iopsstor/scratch/cscs/dthapa/system3_qwem_omni_8_28/omni_thr_fit/bin/worker.sh: line 79: 145055 Terminated              bash "$THR_ROOT/bin/heartbeat.sh" "$UNIT"
/iopsstor/scratch/cscs/dthapa/system3_qwem_omni_8_28/omni_thr_fit/bin/worker.sh: line 79: 145098 Terminated              bash "$THR_ROOT/bin/heartbeat.sh" "$UNIT"
/iopsstor/scratch/cscs/dthapa/system3_qwem_omni_8_28/omni_thr_fit/bin/worker.sh: line 79: 145053 Terminated              bash "$THR_ROOT/bin/heartbeat.sh" "$UNIT"
/iopsstor/scratch/cscs/dthapa/system3_qwem_omni_8_28/omni_thr_fit/bin/worker.sh: line 79: 113206 Terminated              bash "$THR_ROOT/bin/heartbeat.sh" "$UNIT"
/iopsstor/scratch/cscs/dthapa/system3_qwem_omni_8_28/omni_thr_fit/bin/worker.sh: line 79: 96502 Terminated              bash "$THR_ROOT/bin/heartbeat.sh" "$UNIT"
/iopsstor/scratch/cscs/dthapa/system3_qwem_omni_8_28/omni_thr_fit/bin/worker.sh: line 79: 241769 Terminated              bash "$THR_ROOT/bin/heartbeat.sh" "$UNIT"
/iopsstor/scratch/cscs/dthapa/system3_qwem_omni_8_28/omni_thr_fit/bin/worker.sh: line 79: 145453 Terminated              bash "$THR_ROOT/bin/heartbeat.sh" "$UNIT"
/iopsstor/scratch/cscs/dthapa/system3_qwem_omni_8_28/omni_thr_fit/bin/worker.sh: line 79: 96520 Terminated              bash "$THR_ROOT/bin/heartbeat.sh" "$UNIT"
/iopsstor/scratch/cscs/dthapa/system3_qwem_omni_8_28/omni_thr_fit/bin/worker.sh: line 79: 241787 Terminated              bash "$THR_ROOT/bin/heartbeat.sh" "$UNIT"
/iopsstor/scratch/cscs/dthapa/system3_qwem_omni_8_28/omni_thr_fit/bin/worker.sh: line 79: 113188 Terminated              bash "$THR_ROOT/bin/heartbeat.sh" "$UNIT"
/iopsstor/scratch/cscs/dthapa/system3_qwem_omni_8_28/omni_thr_fit/bin/worker.sh: line 79: 113236 Terminated              bash "$THR_ROOT/bin/heartbeat.sh" "$UNIT"
/iopsstor/scratch/cscs/dthapa/system3_qwem_omni_8_28/omni_thr_fit/bin/worker.sh: line 79: 145471 Terminated              bash "$THR_ROOT/bin/heartbeat.sh" "$UNIT"
/iopsstor/scratch/cscs/dthapa/system3_qwem_omni_8_28/omni_thr_fit/bin/worker.sh: line 79: 96550 Terminated              bash "$THR_ROOT/bin/heartbeat.sh" "$UNIT"
/iopsstor/scratch/cscs/dthapa/system3_qwem_omni_8_28/omni_thr_fit/bin/worker.sh: line 79: 241821 Terminated              bash "$THR_ROOT/bin/heartbeat.sh" "$UNIT"
/iopsstor/scratch/cscs/dthapa/system3_qwem_omni_8_28/omni_thr_fit/bin/worker.sh: line 79: 113222 Terminated              bash "$THR_ROOT/bin/heartbeat.sh" "$UNIT"
/iopsstor/scratch/cscs/dthapa/system3_qwem_omni_8_28/omni_thr_fit/bin/worker.sh: line 79: 241807 Terminated              bash "$THR_ROOT/bin/heartbeat.sh" "$UNIT"
/iopsstor/scratch/cscs/dthapa/system3_qwem_omni_8_28/omni_thr_fit/bin/worker.sh: line 79: 96536 Terminated              bash "$THR_ROOT/bin/heartbeat.sh" "$UNIT"
/iopsstor/scratch/cscs/dthapa/system3_qwem_omni_8_28/omni_thr_fit/bin/worker.sh: line 79: 145501 Terminated              bash "$THR_ROOT/bin/heartbeat.sh" "$UNIT"
/iopsstor/scratch/cscs/dthapa/system3_qwem_omni_8_28/omni_thr_fit/bin/worker.sh: line 79: 145487 Terminated              bash "$THR_ROOT/bin/heartbeat.sh" "$UNIT"
/iopsstor/scratch/cscs/dthapa/system3_qwem_omni_8_28/omni_thr_fit/bin/worker.sh: line 79: 96666 Terminated              bash "$THR_ROOT/bin/heartbeat.sh" "$UNIT"
/iopsstor/scratch/cscs/dthapa/system3_qwem_omni_8_28/omni_thr_fit/bin/worker.sh: line 79: 113370 Terminated              bash "$THR_ROOT/bin/heartbeat.sh" "$UNIT"
/iopsstor/scratch/cscs/dthapa/system3_qwem_omni_8_28/omni_thr_fit/bin/worker.sh: line 79: 241947 Terminated              bash "$THR_ROOT/bin/heartbeat.sh" "$UNIT"
/iopsstor/scratch/cscs/dthapa/system3_qwem_omni_8_28/omni_thr_fit/bin/worker.sh: line 79: 145617 Terminated              bash "$THR_ROOT/bin/heartbeat.sh" "$UNIT"
/iopsstor/scratch/cscs/dthapa/system3_qwem_omni_8_28/omni_thr_fit/bin/worker.sh: line 79: 96709 Terminated              bash "$THR_ROOT/bin/heartbeat.sh" "$UNIT"
/iopsstor/scratch/cscs/dthapa/system3_qwem_omni_8_28/omni_thr_fit/bin/worker.sh: line 79: 241989 Terminated              bash "$THR_ROOT/bin/heartbeat.sh" "$UNIT"
/iopsstor/scratch/cscs/dthapa/system3_qwem_omni_8_28/omni_thr_fit/bin/worker.sh: line 79: 113412 Terminated              bash "$THR_ROOT/bin/heartbeat.sh" "$UNIT"
/iopsstor/scratch/cscs/dthapa/system3_qwem_omni_8_28/omni_thr_fit/bin/worker.sh: line 79: 145653 Terminated              bash "$THR_ROOT/bin/heartbeat.sh" "$UNIT"
/iopsstor/scratch/cscs/dthapa/system3_qwem_omni_8_28/omni_thr_fit/bin/worker.sh: line 79: 96742 Terminated              bash "$THR_ROOT/bin/heartbeat.sh" "$UNIT"
/iopsstor/scratch/cscs/dthapa/system3_qwem_omni_8_28/omni_thr_fit/bin/worker.sh: line 79: 242010 Terminated              bash "$THR_ROOT/bin/heartbeat.sh" "$UNIT"
/iopsstor/scratch/cscs/dthapa/system3_qwem_omni_8_28/omni_thr_fit/bin/worker.sh: line 79: 242026 Terminated              bash "$THR_ROOT/bin/heartbeat.sh" "$UNIT"
/iopsstor/scratch/cscs/dthapa/system3_qwem_omni_8_28/omni_thr_fit/bin/worker.sh: line 79: 113429 Terminated              bash "$THR_ROOT/bin/heartbeat.sh" "$UNIT"
/iopsstor/scratch/cscs/dthapa/system3_qwem_omni_8_28/omni_thr_fit/bin/worker.sh: line 79: 113449 Terminated              bash "$THR_ROOT/bin/heartbeat.sh" "$UNIT"
/iopsstor/scratch/cscs/dthapa/system3_qwem_omni_8_28/omni_thr_fit/bin/worker.sh: line 79: 145677 Terminated              bash "$THR_ROOT/bin/heartbeat.sh" "$UNIT"
/iopsstor/scratch/cscs/dthapa/system3_qwem_omni_8_28/omni_thr_fit/bin/worker.sh: line 79: 145697 Terminated              bash "$THR_ROOT/bin/heartbeat.sh" "$UNIT"
/iopsstor/scratch/cscs/dthapa/system3_qwem_omni_8_28/omni_thr_fit/bin/worker.sh: line 79: 96764 Terminated              bash "$THR_ROOT/bin/heartbeat.sh" "$UNIT"
/iopsstor/scratch/cscs/dthapa/system3_qwem_omni_8_28/omni_thr_fit/bin/worker.sh: line 79: 96841 Terminated              bash "$THR_ROOT/bin/heartbeat.sh" "$UNIT"
/iopsstor/scratch/cscs/dthapa/system3_qwem_omni_8_28/omni_thr_fit/bin/worker.sh: line 79: 242111 Terminated              bash "$THR_ROOT/bin/heartbeat.sh" "$UNIT"
/iopsstor/scratch/cscs/dthapa/system3_qwem_omni_8_28/omni_thr_fit/bin/worker.sh: line 79: 145796 Terminated              bash "$THR_ROOT/bin/heartbeat.sh" "$UNIT"
/iopsstor/scratch/cscs/dthapa/system3_qwem_omni_8_28/omni_thr_fit/bin/worker.sh: line 79: 113531 Terminated              bash "$THR_ROOT/bin/heartbeat.sh" "$UNIT"
/iopsstor/scratch/cscs/dthapa/system3_qwem_omni_8_28/omni_thr_fit/bin/worker.sh: line 79: 96891 Terminated              bash "$THR_ROOT/bin/heartbeat.sh" "$UNIT"
/iopsstor/scratch/cscs/dthapa/system3_qwem_omni_8_28/omni_thr_fit/bin/worker.sh: line 79: 242184 Terminated              bash "$THR_ROOT/bin/heartbeat.sh" "$UNIT"
/iopsstor/scratch/cscs/dthapa/system3_qwem_omni_8_28/omni_thr_fit/bin/worker.sh: line 79: 145848 Terminated              bash "$THR_ROOT/bin/heartbeat.sh" "$UNIT"
/iopsstor/scratch/cscs/dthapa/system3_qwem_omni_8_28/omni_thr_fit/bin/worker.sh: line 79: 113581 Terminated              bash "$THR_ROOT/bin/heartbeat.sh" "$UNIT"
/iopsstor/scratch/cscs/dthapa/system3_qwem_omni_8_28/omni_thr_fit/bin/worker.sh: line 79: 96915 Terminated              bash "$THR_ROOT/bin/heartbeat.sh" "$UNIT"
/iopsstor/scratch/cscs/dthapa/system3_qwem_omni_8_28/omni_thr_fit/bin/worker.sh: line 79: 242225 Terminated              bash "$THR_ROOT/bin/heartbeat.sh" "$UNIT"
/iopsstor/scratch/cscs/dthapa/system3_qwem_omni_8_28/omni_thr_fit/bin/worker.sh: line 79: 113619 Terminated              bash "$THR_ROOT/bin/heartbeat.sh" "$UNIT"
/iopsstor/scratch/cscs/dthapa/system3_qwem_omni_8_28/omni_thr_fit/bin/worker.sh: line 79: 145883 Terminated              bash "$THR_ROOT/bin/heartbeat.sh" "$UNIT"
/iopsstor/scratch/cscs/dthapa/system3_qwem_omni_8_28/omni_thr_fit/bin/worker.sh: line 79: 96956 Terminated              bash "$THR_ROOT/bin/heartbeat.sh" "$UNIT"
/iopsstor/scratch/cscs/dthapa/system3_qwem_omni_8_28/omni_thr_fit/bin/worker.sh: line 79: 242247 Terminated              bash "$THR_ROOT/bin/heartbeat.sh" "$UNIT"
/iopsstor/scratch/cscs/dthapa/system3_qwem_omni_8_28/omni_thr_fit/bin/worker.sh: line 79: 113633 Terminated              bash "$THR_ROOT/bin/heartbeat.sh" "$UNIT"
/iopsstor/scratch/cscs/dthapa/system3_qwem_omni_8_28/omni_thr_fit/bin/worker.sh: line 79: 145904 Terminated              bash "$THR_ROOT/bin/heartbeat.sh" "$UNIT"
/iopsstor/scratch/cscs/dthapa/system3_qwem_omni_8_28/omni_thr_fit/bin/worker.sh: line 79: 97010 Terminated              bash "$THR_ROOT/bin/heartbeat.sh" "$UNIT"
/iopsstor/scratch/cscs/dthapa/system3_qwem_omni_8_28/omni_thr_fit/bin/worker.sh: line 79: 145976 Terminated              bash "$THR_ROOT/bin/heartbeat.sh" "$UNIT"
/iopsstor/scratch/cscs/dthapa/system3_qwem_omni_8_28/omni_thr_fit/bin/worker.sh: line 79: 242332 Terminated              bash "$THR_ROOT/bin/heartbeat.sh" "$UNIT"
/iopsstor/scratch/cscs/dthapa/system3_qwem_omni_8_28/omni_thr_fit/bin/worker.sh: line 79: 97053 Terminated              bash "$THR_ROOT/bin/heartbeat.sh" "$UNIT"
/iopsstor/scratch/cscs/dthapa/system3_qwem_omni_8_28/omni_thr_fit/bin/worker.sh: line 79: 113729 Terminated              bash "$THR_ROOT/bin/heartbeat.sh" "$UNIT"
/iopsstor/scratch/cscs/dthapa/system3_qwem_omni_8_28/omni_thr_fit/bin/worker.sh: line 79: 242364 Terminated              bash "$THR_ROOT/bin/heartbeat.sh" "$UNIT"
/iopsstor/scratch/cscs/dthapa/system3_qwem_omni_8_28/omni_thr_fit/bin/worker.sh: line 79: 146018 Terminated              bash "$THR_ROOT/bin/heartbeat.sh" "$UNIT"
/iopsstor/scratch/cscs/dthapa/system3_qwem_omni_8_28/omni_thr_fit/bin/worker.sh: line 79: 113774 Terminated              bash "$THR_ROOT/bin/heartbeat.sh" "$UNIT"
/iopsstor/scratch/cscs/dthapa/system3_qwem_omni_8_28/omni_thr_fit/bin/worker.sh: line 79: 97097 Terminated              bash "$THR_ROOT/bin/heartbeat.sh" "$UNIT"
/iopsstor/scratch/cscs/dthapa/system3_qwem_omni_8_28/omni_thr_fit/bin/worker.sh: line 79: 242422 Terminated              bash "$THR_ROOT/bin/heartbeat.sh" "$UNIT"
/iopsstor/scratch/cscs/dthapa/system3_qwem_omni_8_28/omni_thr_fit/bin/worker.sh: line 79: 113812 Terminated              bash "$THR_ROOT/bin/heartbeat.sh" "$UNIT"
/iopsstor/scratch/cscs/dthapa/system3_qwem_omni_8_28/omni_thr_fit/bin/worker.sh: line 79: 97133 Terminated              bash "$THR_ROOT/bin/heartbeat.sh" "$UNIT"
/iopsstor/scratch/cscs/dthapa/system3_qwem_omni_8_28/omni_thr_fit/bin/worker.sh: line 79: 146059 Terminated              bash "$THR_ROOT/bin/heartbeat.sh" "$UNIT"
/iopsstor/scratch/cscs/dthapa/system3_qwem_omni_8_28/omni_thr_fit/bin/worker.sh: line 79: 146083 Terminated              bash "$THR_ROOT/bin/heartbeat.sh" "$UNIT"
/iopsstor/scratch/cscs/dthapa/system3_qwem_omni_8_28/omni_thr_fit/bin/worker.sh: line 79: 113837 Terminated              bash "$THR_ROOT/bin/heartbeat.sh" "$UNIT"
/iopsstor/scratch/cscs/dthapa/system3_qwem_omni_8_28/omni_thr_fit/bin/worker.sh: line 79: 242445 Terminated              bash "$THR_ROOT/bin/heartbeat.sh" "$UNIT"
/iopsstor/scratch/cscs/dthapa/system3_qwem_omni_8_28/omni_thr_fit/bin/worker.sh: line 79: 97202 Terminated              bash "$THR_ROOT/bin/heartbeat.sh" "$UNIT"
/iopsstor/scratch/cscs/dthapa/system3_qwem_omni_8_28/omni_thr_fit/bin/worker.sh: line 79: 146146 Terminated              bash "$THR_ROOT/bin/heartbeat.sh" "$UNIT"
/iopsstor/scratch/cscs/dthapa/system3_qwem_omni_8_28/omni_thr_fit/bin/worker.sh: line 79: 113904 Terminated              bash "$THR_ROOT/bin/heartbeat.sh" "$UNIT"
/iopsstor/scratch/cscs/dthapa/system3_qwem_omni_8_28/omni_thr_fit/bin/worker.sh: line 79: 242516 Terminated              bash "$THR_ROOT/bin/heartbeat.sh" "$UNIT"
/iopsstor/scratch/cscs/dthapa/system3_qwem_omni_8_28/omni_thr_fit/bin/worker.sh: line 79: 97245 Terminated              bash "$THR_ROOT/bin/heartbeat.sh" "$UNIT"
/iopsstor/scratch/cscs/dthapa/system3_qwem_omni_8_28/omni_thr_fit/bin/worker.sh: line 79: 242536 Terminated              bash "$THR_ROOT/bin/heartbeat.sh" "$UNIT"
/iopsstor/scratch/cscs/dthapa/system3_qwem_omni_8_28/omni_thr_fit/bin/worker.sh: line 79: 146186 Terminated              bash "$THR_ROOT/bin/heartbeat.sh" "$UNIT"
/iopsstor/scratch/cscs/dthapa/system3_qwem_omni_8_28/omni_thr_fit/bin/worker.sh: line 79: 113959 Terminated              bash "$THR_ROOT/bin/heartbeat.sh" "$UNIT"
/iopsstor/scratch/cscs/dthapa/system3_qwem_omni_8_28/omni_thr_fit/bin/worker.sh: line 79: 97289 Terminated              bash "$THR_ROOT/bin/heartbeat.sh" "$UNIT"
/iopsstor/scratch/cscs/dthapa/system3_qwem_omni_8_28/omni_thr_fit/bin/worker.sh: line 79: 242600 Terminated              bash "$THR_ROOT/bin/heartbeat.sh" "$UNIT"
/iopsstor/scratch/cscs/dthapa/system3_qwem_omni_8_28/omni_thr_fit/bin/worker.sh: line 79: 113992 Terminated              bash "$THR_ROOT/bin/heartbeat.sh" "$UNIT"
/iopsstor/scratch/cscs/dthapa/system3_qwem_omni_8_28/omni_thr_fit/bin/worker.sh: line 79: 114021 Terminated              bash "$THR_ROOT/bin/heartbeat.sh" "$UNIT"
/iopsstor/scratch/cscs/dthapa/system3_qwem_omni_8_28/omni_thr_fit/bin/worker.sh: line 79: 146259 Terminated              bash "$THR_ROOT/bin/heartbeat.sh" "$UNIT"
/iopsstor/scratch/cscs/dthapa/system3_qwem_omni_8_28/omni_thr_fit/bin/worker.sh: line 79: 97326 Terminated              bash "$THR_ROOT/bin/heartbeat.sh" "$UNIT"
/iopsstor/scratch/cscs/dthapa/system3_qwem_omni_8_28/omni_thr_fit/bin/worker.sh: line 79: 242655 Terminated              bash "$THR_ROOT/bin/heartbeat.sh" "$UNIT"
/iopsstor/scratch/cscs/dthapa/system3_qwem_omni_8_28/omni_thr_fit/bin/worker.sh: line 79: 97366 Terminated              bash "$THR_ROOT/bin/heartbeat.sh" "$UNIT"
/iopsstor/scratch/cscs/dthapa/system3_qwem_omni_8_28/omni_thr_fit/bin/worker.sh: line 79: 146279 Terminated              bash "$THR_ROOT/bin/heartbeat.sh" "$UNIT"
/iopsstor/scratch/cscs/dthapa/system3_qwem_omni_8_28/omni_thr_fit/bin/worker.sh: line 79: 146338 Terminated              bash "$THR_ROOT/bin/heartbeat.sh" "$UNIT"
/iopsstor/scratch/cscs/dthapa/system3_qwem_omni_8_28/omni_thr_fit/bin/worker.sh: line 79: 114083 Terminated              bash "$THR_ROOT/bin/heartbeat.sh" "$UNIT"
/iopsstor/scratch/cscs/dthapa/system3_qwem_omni_8_28/omni_thr_fit/bin/worker.sh: line 79: 242717 Terminated              bash "$THR_ROOT/bin/heartbeat.sh" "$UNIT"
/iopsstor/scratch/cscs/dthapa/system3_qwem_omni_8_28/omni_thr_fit/bin/worker.sh: line 79: 97418 Terminated              bash "$THR_ROOT/bin/heartbeat.sh" "$UNIT"
/iopsstor/scratch/cscs/dthapa/system3_qwem_omni_8_28/omni_thr_fit/bin/worker.sh: line 79: 242739 Terminated              bash "$THR_ROOT/bin/heartbeat.sh" "$UNIT"
/iopsstor/scratch/cscs/dthapa/system3_qwem_omni_8_28/omni_thr_fit/bin/worker.sh: line 79: 146375 Terminated              bash "$THR_ROOT/bin/heartbeat.sh" "$UNIT"
/iopsstor/scratch/cscs/dthapa/system3_qwem_omni_8_28/omni_thr_fit/bin/worker.sh: line 79: 114152 Terminated              bash "$THR_ROOT/bin/heartbeat.sh" "$UNIT"
/iopsstor/scratch/cscs/dthapa/system3_qwem_omni_8_28/omni_thr_fit/bin/worker.sh: line 79: 97462 Terminated              bash "$THR_ROOT/bin/heartbeat.sh" "$UNIT"
/iopsstor/scratch/cscs/dthapa/system3_qwem_omni_8_28/omni_thr_fit/bin/worker.sh: line 79: 242800 Terminated              bash "$THR_ROOT/bin/heartbeat.sh" "$UNIT"
/iopsstor/scratch/cscs/dthapa/system3_qwem_omni_8_28/omni_thr_fit/bin/worker.sh: line 79: 146440 Terminated              bash "$THR_ROOT/bin/heartbeat.sh" "$UNIT"
/iopsstor/scratch/cscs/dthapa/system3_qwem_omni_8_28/omni_thr_fit/bin/worker.sh: line 79: 97505 Terminated              bash "$THR_ROOT/bin/heartbeat.sh" "$UNIT"
/iopsstor/scratch/cscs/dthapa/system3_qwem_omni_8_28/omni_thr_fit/bin/worker.sh: line 79: 114192 Terminated              bash "$THR_ROOT/bin/heartbeat.sh" "$UNIT"
/iopsstor/scratch/cscs/dthapa/system3_qwem_omni_8_28/omni_thr_fit/bin/worker.sh: line 79: 97535 Terminated              bash "$THR_ROOT/bin/heartbeat.sh" "$UNIT"
/iopsstor/scratch/cscs/dthapa/system3_qwem_omni_8_28/omni_thr_fit/bin/worker.sh: line 79: 114212 Terminated              bash "$THR_ROOT/bin/heartbeat.sh" "$UNIT"
/iopsstor/scratch/cscs/dthapa/system3_qwem_omni_8_28/omni_thr_fit/bin/worker.sh: line 79: 242840 Terminated              bash "$THR_ROOT/bin/heartbeat.sh" "$UNIT"
/iopsstor/scratch/cscs/dthapa/system3_qwem_omni_8_28/omni_thr_fit/bin/worker.sh: line 79: 146465 Terminated              bash "$THR_ROOT/bin/heartbeat.sh" "$UNIT"
/iopsstor/scratch/cscs/dthapa/system3_qwem_omni_8_28/omni_thr_fit/bin/worker.sh: line 79: 146513 Terminated              bash "$THR_ROOT/bin/heartbeat.sh" "$UNIT"
/iopsstor/scratch/cscs/dthapa/system3_qwem_omni_8_28/omni_thr_fit/bin/worker.sh: line 79: 114273 Terminated              bash "$THR_ROOT/bin/heartbeat.sh" "$UNIT"
/iopsstor/scratch/cscs/dthapa/system3_qwem_omni_8_28/omni_thr_fit/bin/worker.sh: line 79: 242908 Terminated              bash "$THR_ROOT/bin/heartbeat.sh" "$UNIT"
/iopsstor/scratch/cscs/dthapa/system3_qwem_omni_8_28/omni_thr_fit/bin/worker.sh: line 79: 97587 Terminated              bash "$THR_ROOT/bin/heartbeat.sh" "$UNIT"
/iopsstor/scratch/cscs/dthapa/system3_qwem_omni_8_28/omni_thr_fit/bin/worker.sh: line 79: 242929 Terminated              bash "$THR_ROOT/bin/heartbeat.sh" "$UNIT"
/iopsstor/scratch/cscs/dthapa/system3_qwem_omni_8_28/omni_thr_fit/bin/worker.sh: line 79: 146552 Terminated              bash "$THR_ROOT/bin/heartbeat.sh" "$UNIT"
/iopsstor/scratch/cscs/dthapa/system3_qwem_omni_8_28/omni_thr_fit/bin/worker.sh: line 79: 114310 Terminated              bash "$THR_ROOT/bin/heartbeat.sh" "$UNIT"
/iopsstor/scratch/cscs/dthapa/system3_qwem_omni_8_28/omni_thr_fit/bin/worker.sh: line 79: 97668 Terminated              bash "$THR_ROOT/bin/heartbeat.sh" "$UNIT"
/iopsstor/scratch/cscs/dthapa/system3_qwem_omni_8_28/omni_thr_fit/bin/worker.sh: line 79: 242999 Terminated              bash "$THR_ROOT/bin/heartbeat.sh" "$UNIT"
/iopsstor/scratch/cscs/dthapa/system3_qwem_omni_8_28/omni_thr_fit/bin/worker.sh: line 79: 146608 Terminated              bash "$THR_ROOT/bin/heartbeat.sh" "$UNIT"
/iopsstor/scratch/cscs/dthapa/system3_qwem_omni_8_28/omni_thr_fit/bin/worker.sh: line 79: 114372 Terminated              bash "$THR_ROOT/bin/heartbeat.sh" "$UNIT"
/iopsstor/scratch/cscs/dthapa/system3_qwem_omni_8_28/omni_thr_fit/bin/worker.sh: line 79: 97703 Terminated              bash "$THR_ROOT/bin/heartbeat.sh" "$UNIT"
/iopsstor/scratch/cscs/dthapa/system3_qwem_omni_8_28/omni_thr_fit/bin/worker.sh: line 79: 97724 Terminated              bash "$THR_ROOT/bin/heartbeat.sh" "$UNIT"
/iopsstor/scratch/cscs/dthapa/system3_qwem_omni_8_28/omni_thr_fit/bin/worker.sh: line 79: 243040 Terminated              bash "$THR_ROOT/bin/heartbeat.sh" "$UNIT"
/iopsstor/scratch/cscs/dthapa/system3_qwem_omni_8_28/omni_thr_fit/bin/worker.sh: line 79: 114397 Terminated              bash "$THR_ROOT/bin/heartbeat.sh" "$UNIT"
/iopsstor/scratch/cscs/dthapa/system3_qwem_omni_8_28/omni_thr_fit/bin/worker.sh: line 79: 146651 Terminated              bash "$THR_ROOT/bin/heartbeat.sh" "$UNIT"
/iopsstor/scratch/cscs/dthapa/system3_qwem_omni_8_28/omni_thr_fit/bin/worker.sh: line 79: 114450 Terminated              bash "$THR_ROOT/bin/heartbeat.sh" "$UNIT"
/iopsstor/scratch/cscs/dthapa/system3_qwem_omni_8_28/omni_thr_fit/bin/worker.sh: line 79: 243098 Terminated              bash "$THR_ROOT/bin/heartbeat.sh" "$UNIT"
/iopsstor/scratch/cscs/dthapa/system3_qwem_omni_8_28/omni_thr_fit/bin/worker.sh: line 79: 97775 Terminated              bash "$THR_ROOT/bin/heartbeat.sh" "$UNIT"
/iopsstor/scratch/cscs/dthapa/system3_qwem_omni_8_28/omni_thr_fit/bin/worker.sh: line 79: 146708 Terminated              bash "$THR_ROOT/bin/heartbeat.sh" "$UNIT"
/iopsstor/scratch/cscs/dthapa/system3_qwem_omni_8_28/omni_thr_fit/bin/worker.sh: line 79: 243115 Terminated              bash "$THR_ROOT/bin/heartbeat.sh" "$UNIT"
/iopsstor/scratch/cscs/dthapa/system3_qwem_omni_8_28/omni_thr_fit/bin/worker.sh: line 79: 146747 Terminated              bash "$THR_ROOT/bin/heartbeat.sh" "$UNIT"
/iopsstor/scratch/cscs/dthapa/system3_qwem_omni_8_28/omni_thr_fit/bin/worker.sh: line 79: 114488 Terminated              bash "$THR_ROOT/bin/heartbeat.sh" "$UNIT"
/iopsstor/scratch/cscs/dthapa/system3_qwem_omni_8_28/omni_thr_fit/bin/worker.sh: line 79: 97841 Terminated              bash "$THR_ROOT/bin/heartbeat.sh" "$UNIT"
/iopsstor/scratch/cscs/dthapa/system3_qwem_omni_8_28/omni_thr_fit/bin/worker.sh: line 79: 243199 Terminated              bash "$THR_ROOT/bin/heartbeat.sh" "$UNIT"
/iopsstor/scratch/cscs/dthapa/system3_qwem_omni_8_28/omni_thr_fit/bin/worker.sh: line 79: 114564 Terminated              bash "$THR_ROOT/bin/heartbeat.sh" "$UNIT"
/iopsstor/scratch/cscs/dthapa/system3_qwem_omni_8_28/omni_thr_fit/bin/worker.sh: line 79: 146799 Terminated              bash "$THR_ROOT/bin/heartbeat.sh" "$UNIT"
/iopsstor/scratch/cscs/dthapa/system3_qwem_omni_8_28/omni_thr_fit/bin/worker.sh: line 79: 97876 Terminated              bash "$THR_ROOT/bin/heartbeat.sh" "$UNIT"
/iopsstor/scratch/cscs/dthapa/system3_qwem_omni_8_28/omni_thr_fit/bin/worker.sh: line 79: 97897 Terminated              bash "$THR_ROOT/bin/heartbeat.sh" "$UNIT"
/iopsstor/scratch/cscs/dthapa/system3_qwem_omni_8_28/omni_thr_fit/bin/worker.sh: line 79: 243239 Terminated              bash "$THR_ROOT/bin/heartbeat.sh" "$UNIT"
/iopsstor/scratch/cscs/dthapa/system3_qwem_omni_8_28/omni_thr_fit/bin/worker.sh: line 79: 114643 Terminated              bash "$THR_ROOT/bin/heartbeat.sh" "$UNIT"
/iopsstor/scratch/cscs/dthapa/system3_qwem_omni_8_28/omni_thr_fit/bin/worker.sh: line 79: 146842 Terminated              bash "$THR_ROOT/bin/heartbeat.sh" "$UNIT"
/iopsstor/scratch/cscs/dthapa/system3_qwem_omni_8_28/omni_thr_fit/bin/worker.sh: line 79: 97948 Terminated              bash "$THR_ROOT/bin/heartbeat.sh" "$UNIT"
/iopsstor/scratch/cscs/dthapa/system3_qwem_omni_8_28/omni_thr_fit/bin/worker.sh: line 79: 114693 Terminated              bash "$THR_ROOT/bin/heartbeat.sh" "$UNIT"
/iopsstor/scratch/cscs/dthapa/system3_qwem_omni_8_28/omni_thr_fit/bin/worker.sh: line 79: 243294 Terminated              bash "$THR_ROOT/bin/heartbeat.sh" "$UNIT"
/iopsstor/scratch/cscs/dthapa/system3_qwem_omni_8_28/omni_thr_fit/bin/worker.sh: line 79: 243315 Terminated              bash "$THR_ROOT/bin/heartbeat.sh" "$UNIT"
/iopsstor/scratch/cscs/dthapa/system3_qwem_omni_8_28/omni_thr_fit/bin/worker.sh: line 79: 146885 Terminated              bash "$THR_ROOT/bin/heartbeat.sh" "$UNIT"
/iopsstor/scratch/cscs/dthapa/system3_qwem_omni_8_28/omni_thr_fit/bin/worker.sh: line 79: 146920 Terminated              bash "$THR_ROOT/bin/heartbeat.sh" "$UNIT"
/iopsstor/scratch/cscs/dthapa/system3_qwem_omni_8_28/omni_thr_fit/bin/worker.sh: line 79: 114736 Terminated              bash "$THR_ROOT/bin/heartbeat.sh" "$UNIT"
/iopsstor/scratch/cscs/dthapa/system3_qwem_omni_8_28/omni_thr_fit/bin/worker.sh: line 79: 98014 Terminated              bash "$THR_ROOT/bin/heartbeat.sh" "$UNIT"
/iopsstor/scratch/cscs/dthapa/system3_qwem_omni_8_28/omni_thr_fit/bin/worker.sh: line 79: 243381 Terminated              bash "$THR_ROOT/bin/heartbeat.sh" "$UNIT"
/iopsstor/scratch/cscs/dthapa/system3_qwem_omni_8_28/omni_thr_fit/bin/worker.sh: line 79: 114785 Terminated              bash "$THR_ROOT/bin/heartbeat.sh" "$UNIT"
/iopsstor/scratch/cscs/dthapa/system3_qwem_omni_8_28/omni_thr_fit/bin/worker.sh: line 79: 146972 Terminated              bash "$THR_ROOT/bin/heartbeat.sh" "$UNIT"
/iopsstor/scratch/cscs/dthapa/system3_qwem_omni_8_28/omni_thr_fit/bin/worker.sh: line 79: 98050 Terminated              bash "$THR_ROOT/bin/heartbeat.sh" "$UNIT"
/iopsstor/scratch/cscs/dthapa/system3_qwem_omni_8_28/omni_thr_fit/bin/worker.sh: line 79: 243419 Terminated              bash "$THR_ROOT/bin/heartbeat.sh" "$UNIT"
/iopsstor/scratch/cscs/dthapa/system3_qwem_omni_8_28/omni_thr_fit/bin/worker.sh: line 79: 98075 Terminated              bash "$THR_ROOT/bin/heartbeat.sh" "$UNIT"
/iopsstor/scratch/cscs/dthapa/system3_qwem_omni_8_28/omni_thr_fit/bin/worker.sh: line 79: 114828 Terminated              bash "$THR_ROOT/bin/heartbeat.sh" "$UNIT"
/iopsstor/scratch/cscs/dthapa/system3_qwem_omni_8_28/omni_thr_fit/bin/worker.sh: line 79: 147015 Terminated              bash "$THR_ROOT/bin/heartbeat.sh" "$UNIT"
/iopsstor/scratch/cscs/dthapa/system3_qwem_omni_8_28/omni_thr_fit/bin/worker.sh: line 79: 98140 Terminated              bash "$THR_ROOT/bin/heartbeat.sh" "$UNIT"
/iopsstor/scratch/cscs/dthapa/system3_qwem_omni_8_28/omni_thr_fit/bin/worker.sh: line 79: 243485 Terminated              bash "$THR_ROOT/bin/heartbeat.sh" "$UNIT"
/iopsstor/scratch/cscs/dthapa/system3_qwem_omni_8_28/omni_thr_fit/bin/worker.sh: line 79: 114868 Terminated              bash "$THR_ROOT/bin/heartbeat.sh" "$UNIT"
/iopsstor/scratch/cscs/dthapa/system3_qwem_omni_8_28/omni_thr_fit/bin/worker.sh: line 79: 243505 Terminated              bash "$THR_ROOT/bin/heartbeat.sh" "$UNIT"
/iopsstor/scratch/cscs/dthapa/system3_qwem_omni_8_28/omni_thr_fit/bin/worker.sh: line 79: 147058 Terminated              bash "$THR_ROOT/bin/heartbeat.sh" "$UNIT"
/iopsstor/scratch/cscs/dthapa/system3_qwem_omni_8_28/omni_thr_fit/bin/worker.sh: line 79: 147098 Terminated              bash "$THR_ROOT/bin/heartbeat.sh" "$UNIT"
/iopsstor/scratch/cscs/dthapa/system3_qwem_omni_8_28/omni_thr_fit/bin/worker.sh: line 79: 114918 Terminated              bash "$THR_ROOT/bin/heartbeat.sh" "$UNIT"
/iopsstor/scratch/cscs/dthapa/system3_qwem_omni_8_28/omni_thr_fit/bin/worker.sh: line 79: 98208 Terminated              bash "$THR_ROOT/bin/heartbeat.sh" "$UNIT"
/iopsstor/scratch/cscs/dthapa/system3_qwem_omni_8_28/omni_thr_fit/bin/worker.sh: line 79: 243573 Terminated              bash "$THR_ROOT/bin/heartbeat.sh" "$UNIT"
/iopsstor/scratch/cscs/dthapa/system3_qwem_omni_8_28/omni_thr_fit/bin/worker.sh: line 79: 114963 Terminated              bash "$THR_ROOT/bin/heartbeat.sh" "$UNIT"
/iopsstor/scratch/cscs/dthapa/system3_qwem_omni_8_28/omni_thr_fit/bin/worker.sh: line 79: 147165 Terminated              bash "$THR_ROOT/bin/heartbeat.sh" "$UNIT"
/iopsstor/scratch/cscs/dthapa/system3_qwem_omni_8_28/omni_thr_fit/bin/worker.sh: line 79: 243635 Terminated              bash "$THR_ROOT/bin/heartbeat.sh" "$UNIT"
/iopsstor/scratch/cscs/dthapa/system3_qwem_omni_8_28/omni_thr_fit/bin/worker.sh: line 79: 98254 Terminated              bash "$THR_ROOT/bin/heartbeat.sh" "$UNIT"
/iopsstor/scratch/cscs/dthapa/system3_qwem_omni_8_28/omni_thr_fit/bin/worker.sh: line 79: 98270 Terminated              bash "$THR_ROOT/bin/heartbeat.sh" "$UNIT"
/iopsstor/scratch/cscs/dthapa/system3_qwem_omni_8_28/omni_thr_fit/bin/worker.sh: line 79: 115007 Terminated              bash "$THR_ROOT/bin/heartbeat.sh" "$UNIT"
/iopsstor/scratch/cscs/dthapa/system3_qwem_omni_8_28/omni_thr_fit/bin/worker.sh: line 79: 147214 Terminated              bash "$THR_ROOT/bin/heartbeat.sh" "$UNIT"
/iopsstor/scratch/cscs/dthapa/system3_qwem_omni_8_28/omni_thr_fit/bin/worker.sh: line 79: 115042 Terminated              bash "$THR_ROOT/bin/heartbeat.sh" "$UNIT"
/iopsstor/scratch/cscs/dthapa/system3_qwem_omni_8_28/omni_thr_fit/bin/worker.sh: line 79: 98315 Terminated              bash "$THR_ROOT/bin/heartbeat.sh" "$UNIT"
/iopsstor/scratch/cscs/dthapa/system3_qwem_omni_8_28/omni_thr_fit/bin/worker.sh: line 79: 243689 Terminated              bash "$THR_ROOT/bin/heartbeat.sh" "$UNIT"
/iopsstor/scratch/cscs/dthapa/system3_qwem_omni_8_28/omni_thr_fit/bin/worker.sh: line 79: 243710 Terminated              bash "$THR_ROOT/bin/heartbeat.sh" "$UNIT"
/iopsstor/scratch/cscs/dthapa/system3_qwem_omni_8_28/omni_thr_fit/bin/worker.sh: line 79: 147253 Terminated              bash "$THR_ROOT/bin/heartbeat.sh" "$UNIT"
/iopsstor/scratch/cscs/dthapa/system3_qwem_omni_8_28/omni_thr_fit/bin/worker.sh: line 79: 147292 Terminated              bash "$THR_ROOT/bin/heartbeat.sh" "$UNIT"
/iopsstor/scratch/cscs/dthapa/system3_qwem_omni_8_28/omni_thr_fit/bin/worker.sh: line 79: 98363 Terminated              bash "$THR_ROOT/bin/heartbeat.sh" "$UNIT"
/iopsstor/scratch/cscs/dthapa/system3_qwem_omni_8_28/omni_thr_fit/bin/worker.sh: line 79: 115113 Terminated              bash "$THR_ROOT/bin/heartbeat.sh" "$UNIT"
/iopsstor/scratch/cscs/dthapa/system3_qwem_omni_8_28/omni_thr_fit/bin/worker.sh: line 79: 243774 Terminated              bash "$THR_ROOT/bin/heartbeat.sh" "$UNIT"
/iopsstor/scratch/cscs/dthapa/system3_qwem_omni_8_28/omni_thr_fit/bin/worker.sh: line 79: 115157 Terminated              bash "$THR_ROOT/bin/heartbeat.sh" "$UNIT"
/iopsstor/scratch/cscs/dthapa/system3_qwem_omni_8_28/omni_thr_fit/bin/worker.sh: line 79: 147344 Terminated              bash "$THR_ROOT/bin/heartbeat.sh" "$UNIT"
/iopsstor/scratch/cscs/dthapa/system3_qwem_omni_8_28/omni_thr_fit/bin/worker.sh: line 79: 243813 Terminated              bash "$THR_ROOT/bin/heartbeat.sh" "$UNIT"
/iopsstor/scratch/cscs/dthapa/system3_qwem_omni_8_28/omni_thr_fit/bin/worker.sh: line 79: 98427 Terminated              bash "$THR_ROOT/bin/heartbeat.sh" "$UNIT"
/iopsstor/scratch/cscs/dthapa/system3_qwem_omni_8_28/omni_thr_fit/bin/worker.sh: line 79: 115200 Terminated              bash "$THR_ROOT/bin/heartbeat.sh" "$UNIT"
/iopsstor/scratch/cscs/dthapa/system3_qwem_omni_8_28/omni_thr_fit/bin/worker.sh: line 79: 98448 Terminated              bash "$THR_ROOT/bin/heartbeat.sh" "$UNIT"
/iopsstor/scratch/cscs/dthapa/system3_qwem_omni_8_28/omni_thr_fit/bin/worker.sh: line 79: 147387 Terminated              bash "$THR_ROOT/bin/heartbeat.sh" "$UNIT"
/iopsstor/scratch/cscs/dthapa/system3_qwem_omni_8_28/omni_thr_fit/bin/worker.sh: line 79: 115234 Terminated              bash "$THR_ROOT/bin/heartbeat.sh" "$UNIT"
/iopsstor/scratch/cscs/dthapa/system3_qwem_omni_8_28/omni_thr_fit/bin/worker.sh: line 79: 243869 Terminated              bash "$THR_ROOT/bin/heartbeat.sh" "$UNIT"
/iopsstor/scratch/cscs/dthapa/system3_qwem_omni_8_28/omni_thr_fit/bin/worker.sh: line 79: 98491 Terminated              bash "$THR_ROOT/bin/heartbeat.sh" "$UNIT"
/iopsstor/scratch/cscs/dthapa/system3_qwem_omni_8_28/omni_thr_fit/bin/worker.sh: line 79: 147426 Terminated              bash "$THR_ROOT/bin/heartbeat.sh" "$UNIT"
/iopsstor/scratch/cscs/dthapa/system3_qwem_omni_8_28/omni_thr_fit/bin/worker.sh: line 79: 243885 Terminated              bash "$THR_ROOT/bin/heartbeat.sh" "$UNIT"
/iopsstor/scratch/cscs/dthapa/system3_qwem_omni_8_28/omni_thr_fit/bin/worker.sh: line 79: 147465 Terminated              bash "$THR_ROOT/bin/heartbeat.sh" "$UNIT"
/iopsstor/scratch/cscs/dthapa/system3_qwem_omni_8_28/omni_thr_fit/bin/worker.sh: line 79: 115286 Terminated              bash "$THR_ROOT/bin/heartbeat.sh" "$UNIT"
/iopsstor/scratch/cscs/dthapa/system3_qwem_omni_8_28/omni_thr_fit/bin/worker.sh: line 79: 98554 Terminated              bash "$THR_ROOT/bin/heartbeat.sh" "$UNIT"
/iopsstor/scratch/cscs/dthapa/system3_qwem_omni_8_28/omni_thr_fit/bin/worker.sh: line 79: 243953 Terminated              bash "$THR_ROOT/bin/heartbeat.sh" "$UNIT"
/iopsstor/scratch/cscs/dthapa/system3_qwem_omni_8_28/omni_thr_fit/bin/worker.sh: line 79: 115350 Terminated              bash "$THR_ROOT/bin/heartbeat.sh" "$UNIT"
/iopsstor/scratch/cscs/dthapa/system3_qwem_omni_8_28/omni_thr_fit/bin/worker.sh: line 79: 147517 Terminated              bash "$THR_ROOT/bin/heartbeat.sh" "$UNIT"
/iopsstor/scratch/cscs/dthapa/system3_qwem_omni_8_28/omni_thr_fit/bin/worker.sh: line 79: 98619 Terminated              bash "$THR_ROOT/bin/heartbeat.sh" "$UNIT"
/iopsstor/scratch/cscs/dthapa/system3_qwem_omni_8_28/omni_thr_fit/bin/worker.sh: line 79: 243991 Terminated              bash "$THR_ROOT/bin/heartbeat.sh" "$UNIT"
/iopsstor/scratch/cscs/dthapa/system3_qwem_omni_8_28/omni_thr_fit/bin/worker.sh: line 79: 115389 Terminated              bash "$THR_ROOT/bin/heartbeat.sh" "$UNIT"
/iopsstor/scratch/cscs/dthapa/system3_qwem_omni_8_28/omni_thr_fit/bin/worker.sh: line 79: 98643 Terminated              bash "$THR_ROOT/bin/heartbeat.sh" "$UNIT"
/iopsstor/scratch/cscs/dthapa/system3_qwem_omni_8_28/omni_thr_fit/bin/worker.sh: line 79: 147579 Terminated              bash "$THR_ROOT/bin/heartbeat.sh" "$UNIT"
/iopsstor/scratch/cscs/dthapa/system3_qwem_omni_8_28/omni_thr_fit/bin/worker.sh: line 79: 115428 Terminated              bash "$THR_ROOT/bin/heartbeat.sh" "$UNIT"
/iopsstor/scratch/cscs/dthapa/system3_qwem_omni_8_28/omni_thr_fit/bin/worker.sh: line 79: 98685 Terminated              bash "$THR_ROOT/bin/heartbeat.sh" "$UNIT"
/iopsstor/scratch/cscs/dthapa/system3_qwem_omni_8_28/omni_thr_fit/bin/worker.sh: line 79: 244053 Terminated              bash "$THR_ROOT/bin/heartbeat.sh" "$UNIT"
/iopsstor/scratch/cscs/dthapa/system3_qwem_omni_8_28/omni_thr_fit/bin/worker.sh: line 79: 244075 Terminated              bash "$THR_ROOT/bin/heartbeat.sh" "$UNIT"
/iopsstor/scratch/cscs/dthapa/system3_qwem_omni_8_28/omni_thr_fit/bin/worker.sh: line 79: 147622 Terminated              bash "$THR_ROOT/bin/heartbeat.sh" "$UNIT"
/iopsstor/scratch/cscs/dthapa/system3_qwem_omni_8_28/omni_thr_fit/bin/worker.sh: line 79: 147657 Terminated              bash "$THR_ROOT/bin/heartbeat.sh" "$UNIT"
/iopsstor/scratch/cscs/dthapa/system3_qwem_omni_8_28/omni_thr_fit/bin/worker.sh: line 79: 115481 Terminated              bash "$THR_ROOT/bin/heartbeat.sh" "$UNIT"
/iopsstor/scratch/cscs/dthapa/system3_qwem_omni_8_28/omni_thr_fit/bin/worker.sh: line 79: 98735 Terminated              bash "$THR_ROOT/bin/heartbeat.sh" "$UNIT"
/iopsstor/scratch/cscs/dthapa/system3_qwem_omni_8_28/omni_thr_fit/bin/worker.sh: line 79: 244164 Terminated              bash "$THR_ROOT/bin/heartbeat.sh" "$UNIT"
/iopsstor/scratch/cscs/dthapa/system3_qwem_omni_8_28/omni_thr_fit/bin/worker.sh: line 79: 115532 Terminated              bash "$THR_ROOT/bin/heartbeat.sh" "$UNIT"
/iopsstor/scratch/cscs/dthapa/system3_qwem_omni_8_28/omni_thr_fit/bin/worker.sh: line 79: 147709 Terminated              bash "$THR_ROOT/bin/heartbeat.sh" "$UNIT"
/iopsstor/scratch/cscs/dthapa/system3_qwem_omni_8_28/omni_thr_fit/bin/worker.sh: line 79: 98784 Terminated              bash "$THR_ROOT/bin/heartbeat.sh" "$UNIT"
/iopsstor/scratch/cscs/dthapa/system3_qwem_omni_8_28/omni_thr_fit/bin/worker.sh: line 79: 244204 Terminated              bash "$THR_ROOT/bin/heartbeat.sh" "$UNIT"
/iopsstor/scratch/cscs/dthapa/system3_qwem_omni_8_28/omni_thr_fit/bin/worker.sh: line 79: 98819 Terminated              bash "$THR_ROOT/bin/heartbeat.sh" "$UNIT"
/iopsstor/scratch/cscs/dthapa/system3_qwem_omni_8_28/omni_thr_fit/bin/worker.sh: line 79: 115584 Terminated              bash "$THR_ROOT/bin/heartbeat.sh" "$UNIT"
/iopsstor/scratch/cscs/dthapa/system3_qwem_omni_8_28/omni_thr_fit/bin/worker.sh: line 79: 147752 Terminated              bash "$THR_ROOT/bin/heartbeat.sh" "$UNIT"
/iopsstor/scratch/cscs/dthapa/system3_qwem_omni_8_28/omni_thr_fit/bin/worker.sh: line 79: 98862 Terminated              bash "$THR_ROOT/bin/heartbeat.sh" "$UNIT"
/iopsstor/scratch/cscs/dthapa/system3_qwem_omni_8_28/omni_thr_fit/bin/worker.sh: line 79: 115622 Terminated              bash "$THR_ROOT/bin/heartbeat.sh" "$UNIT"
/iopsstor/scratch/cscs/dthapa/system3_qwem_omni_8_28/omni_thr_fit/bin/worker.sh: line 79: 244263 Terminated              bash "$THR_ROOT/bin/heartbeat.sh" "$UNIT"
/iopsstor/scratch/cscs/dthapa/system3_qwem_omni_8_28/omni_thr_fit/bin/worker.sh: line 79: 244285 Terminated              bash "$THR_ROOT/bin/heartbeat.sh" "$UNIT"
/iopsstor/scratch/cscs/dthapa/system3_qwem_omni_8_28/omni_thr_fit/bin/worker.sh: line 79: 147795 Terminated              bash "$THR_ROOT/bin/heartbeat.sh" "$UNIT"
/iopsstor/scratch/cscs/dthapa/system3_qwem_omni_8_28/omni_thr_fit/bin/worker.sh: line 79: 147830 Terminated              bash "$THR_ROOT/bin/heartbeat.sh" "$UNIT"
/iopsstor/scratch/cscs/dthapa/system3_qwem_omni_8_28/omni_thr_fit/bin/worker.sh: line 79: 98915 Terminated              bash "$THR_ROOT/bin/heartbeat.sh" "$UNIT"
/iopsstor/scratch/cscs/dthapa/system3_qwem_omni_8_28/omni_thr_fit/bin/worker.sh: line 79: 115675 Terminated              bash "$THR_ROOT/bin/heartbeat.sh" "$UNIT"
/iopsstor/scratch/cscs/dthapa/system3_qwem_omni_8_28/omni_thr_fit/bin/worker.sh: line 79: 244350 Terminated              bash "$THR_ROOT/bin/heartbeat.sh" "$UNIT"
/iopsstor/scratch/cscs/dthapa/system3_qwem_omni_8_28/omni_thr_fit/bin/worker.sh: line 79: 115720 Terminated              bash "$THR_ROOT/bin/heartbeat.sh" "$UNIT"
/iopsstor/scratch/cscs/dthapa/system3_qwem_omni_8_28/omni_thr_fit/bin/worker.sh: line 79: 98962 Terminated              bash "$THR_ROOT/bin/heartbeat.sh" "$UNIT"
/iopsstor/scratch/cscs/dthapa/system3_qwem_omni_8_28/omni_thr_fit/bin/worker.sh: line 79: 147884 Terminated              bash "$THR_ROOT/bin/heartbeat.sh" "$UNIT"
/iopsstor/scratch/cscs/dthapa/system3_qwem_omni_8_28/omni_thr_fit/bin/worker.sh: line 79: 99012 Terminated              bash "$THR_ROOT/bin/heartbeat.sh" "$UNIT"
/iopsstor/scratch/cscs/dthapa/system3_qwem_omni_8_28/omni_thr_fit/bin/worker.sh: line 79: 244386 Terminated              bash "$THR_ROOT/bin/heartbeat.sh" "$UNIT"
/iopsstor/scratch/cscs/dthapa/system3_qwem_omni_8_28/omni_thr_fit/bin/worker.sh: line 79: 115764 Terminated              bash "$THR_ROOT/bin/heartbeat.sh" "$UNIT"
/iopsstor/scratch/cscs/dthapa/system3_qwem_omni_8_28/omni_thr_fit/bin/worker.sh: line 79: 147927 Terminated              bash "$THR_ROOT/bin/heartbeat.sh" "$UNIT"
/iopsstor/scratch/cscs/dthapa/system3_qwem_omni_8_28/omni_thr_fit/bin/worker.sh: line 79: 99053 Terminated              bash "$THR_ROOT/bin/heartbeat.sh" "$UNIT"
/iopsstor/scratch/cscs/dthapa/system3_qwem_omni_8_28/omni_thr_fit/bin/worker.sh: line 79: 115803 Terminated              bash "$THR_ROOT/bin/heartbeat.sh" "$UNIT"
/iopsstor/scratch/cscs/dthapa/system3_qwem_omni_8_28/omni_thr_fit/bin/worker.sh: line 79: 244447 Terminated              bash "$THR_ROOT/bin/heartbeat.sh" "$UNIT"
/iopsstor/scratch/cscs/dthapa/system3_qwem_omni_8_28/omni_thr_fit/bin/worker.sh: line 79: 244463 Terminated              bash "$THR_ROOT/bin/heartbeat.sh" "$UNIT"
/iopsstor/scratch/cscs/dthapa/system3_qwem_omni_8_28/omni_thr_fit/bin/worker.sh: line 79: 147970 Terminated              bash "$THR_ROOT/bin/heartbeat.sh" "$UNIT"
/iopsstor/scratch/cscs/dthapa/system3_qwem_omni_8_28/omni_thr_fit/bin/worker.sh: line 79: 99107 Terminated              bash "$THR_ROOT/bin/heartbeat.sh" "$UNIT"
/iopsstor/scratch/cscs/dthapa/system3_qwem_omni_8_28/omni_thr_fit/bin/worker.sh: line 79: 148026 Terminated              bash "$THR_ROOT/bin/heartbeat.sh" "$UNIT"
/iopsstor/scratch/cscs/dthapa/system3_qwem_omni_8_28/omni_thr_fit/bin/worker.sh: line 79: 115855 Terminated              bash "$THR_ROOT/bin/heartbeat.sh" "$UNIT"
/iopsstor/scratch/cscs/dthapa/system3_qwem_omni_8_28/omni_thr_fit/bin/worker.sh: line 79: 244532 Terminated              bash "$THR_ROOT/bin/heartbeat.sh" "$UNIT"
/iopsstor/scratch/cscs/dthapa/system3_qwem_omni_8_28/omni_thr_fit/bin/worker.sh: line 79: 115898 Terminated              bash "$THR_ROOT/bin/heartbeat.sh" "$UNIT"
/iopsstor/scratch/cscs/dthapa/system3_qwem_omni_8_28/omni_thr_fit/bin/worker.sh: line 79: 99150 Terminated              bash "$THR_ROOT/bin/heartbeat.sh" "$UNIT"
/iopsstor/scratch/cscs/dthapa/system3_qwem_omni_8_28/omni_thr_fit/bin/worker.sh: line 79: 148098 Terminated              bash "$THR_ROOT/bin/heartbeat.sh" "$UNIT"
/iopsstor/scratch/cscs/dthapa/system3_qwem_omni_8_28/omni_thr_fit/bin/worker.sh: line 79: 99185 Terminated              bash "$THR_ROOT/bin/heartbeat.sh" "$UNIT"
/iopsstor/scratch/cscs/dthapa/system3_qwem_omni_8_28/omni_thr_fit/bin/worker.sh: line 79: 244589 Terminated              bash "$THR_ROOT/bin/heartbeat.sh" "$UNIT"
/iopsstor/scratch/cscs/dthapa/system3_qwem_omni_8_28/omni_thr_fit/bin/worker.sh: line 79: 115943 Terminated              bash "$THR_ROOT/bin/heartbeat.sh" "$UNIT"
/iopsstor/scratch/cscs/dthapa/system3_qwem_omni_8_28/omni_thr_fit/bin/worker.sh: line 79: 148141 Terminated              bash "$THR_ROOT/bin/heartbeat.sh" "$UNIT"
/iopsstor/scratch/cscs/dthapa/system3_qwem_omni_8_28/omni_thr_fit/bin/worker.sh: line 79: 99225 Terminated              bash "$THR_ROOT/bin/heartbeat.sh" "$UNIT"
/iopsstor/scratch/cscs/dthapa/system3_qwem_omni_8_28/omni_thr_fit/bin/worker.sh: line 79: 115976 Terminated              bash "$THR_ROOT/bin/heartbeat.sh" "$UNIT"
/iopsstor/scratch/cscs/dthapa/system3_qwem_omni_8_28/omni_thr_fit/bin/worker.sh: line 79: 244650 Terminated              bash "$THR_ROOT/bin/heartbeat.sh" "$UNIT"
/iopsstor/scratch/cscs/dthapa/system3_qwem_omni_8_28/omni_thr_fit/bin/worker.sh: line 79: 148184 Terminated              bash "$THR_ROOT/bin/heartbeat.sh" "$UNIT"
/iopsstor/scratch/cscs/dthapa/system3_qwem_omni_8_28/omni_thr_fit/bin/worker.sh: line 79: 244666 Terminated              bash "$THR_ROOT/bin/heartbeat.sh" "$UNIT"
/iopsstor/scratch/cscs/dthapa/system3_qwem_omni_8_28/omni_thr_fit/bin/worker.sh: line 79: 99275 Terminated              bash "$THR_ROOT/bin/heartbeat.sh" "$UNIT"
/iopsstor/scratch/cscs/dthapa/system3_qwem_omni_8_28/omni_thr_fit/bin/worker.sh: line 79: 116049 Terminated              bash "$THR_ROOT/bin/heartbeat.sh" "$UNIT"
/iopsstor/scratch/cscs/dthapa/system3_qwem_omni_8_28/omni_thr_fit/bin/worker.sh: line 79: 148219 Terminated              bash "$THR_ROOT/bin/heartbeat.sh" "$UNIT"
/iopsstor/scratch/cscs/dthapa/system3_qwem_omni_8_28/omni_thr_fit/bin/worker.sh: line 79: 116094 Terminated              bash "$THR_ROOT/bin/heartbeat.sh" "$UNIT"
/iopsstor/scratch/cscs/dthapa/system3_qwem_omni_8_28/omni_thr_fit/bin/worker.sh: line 79: 244740 Terminated              bash "$THR_ROOT/bin/heartbeat.sh" "$UNIT"
/iopsstor/scratch/cscs/dthapa/system3_qwem_omni_8_28/omni_thr_fit/bin/worker.sh: line 79: 99332 Terminated              bash "$THR_ROOT/bin/heartbeat.sh" "$UNIT"
/iopsstor/scratch/cscs/dthapa/system3_qwem_omni_8_28/omni_thr_fit/bin/worker.sh: line 79: 99354 Terminated              bash "$THR_ROOT/bin/heartbeat.sh" "$UNIT"
/iopsstor/scratch/cscs/dthapa/system3_qwem_omni_8_28/omni_thr_fit/bin/worker.sh: line 79: 148271 Terminated              bash "$THR_ROOT/bin/heartbeat.sh" "$UNIT"
/iopsstor/scratch/cscs/dthapa/system3_qwem_omni_8_28/omni_thr_fit/bin/worker.sh: line 79: 116137 Terminated              bash "$THR_ROOT/bin/heartbeat.sh" "$UNIT"
/iopsstor/scratch/cscs/dthapa/system3_qwem_omni_8_28/omni_thr_fit/bin/worker.sh: line 79: 244779 Terminated              bash "$THR_ROOT/bin/heartbeat.sh" "$UNIT"
/iopsstor/scratch/cscs/dthapa/system3_qwem_omni_8_28/omni_thr_fit/bin/worker.sh: line 79: 148315 Terminated              bash "$THR_ROOT/bin/heartbeat.sh" "$UNIT"
/iopsstor/scratch/cscs/dthapa/system3_qwem_omni_8_28/omni_thr_fit/bin/worker.sh: line 79: 99394 Terminated              bash "$THR_ROOT/bin/heartbeat.sh" "$UNIT"
/iopsstor/scratch/cscs/dthapa/system3_qwem_omni_8_28/omni_thr_fit/bin/worker.sh: line 79: 116178 Terminated              bash "$THR_ROOT/bin/heartbeat.sh" "$UNIT"
/iopsstor/scratch/cscs/dthapa/system3_qwem_omni_8_28/omni_thr_fit/bin/worker.sh: line 79: 148358 Terminated              bash "$THR_ROOT/bin/heartbeat.sh" "$UNIT"
/iopsstor/scratch/cscs/dthapa/system3_qwem_omni_8_28/omni_thr_fit/bin/worker.sh: line 79: 244842 Terminated              bash "$THR_ROOT/bin/heartbeat.sh" "$UNIT"
/iopsstor/scratch/cscs/dthapa/system3_qwem_omni_8_28/omni_thr_fit/bin/worker.sh: line 79: 244858 Terminated              bash "$THR_ROOT/bin/heartbeat.sh" "$UNIT"
/iopsstor/scratch/cscs/dthapa/system3_qwem_omni_8_28/omni_thr_fit/bin/worker.sh: line 79: 99461 Terminated              bash "$THR_ROOT/bin/heartbeat.sh" "$UNIT"
/iopsstor/scratch/cscs/dthapa/system3_qwem_omni_8_28/omni_thr_fit/bin/worker.sh: line 79: 116231 Terminated              bash "$THR_ROOT/bin/heartbeat.sh" "$UNIT"
/iopsstor/scratch/cscs/dthapa/system3_qwem_omni_8_28/omni_thr_fit/bin/worker.sh: line 79: 148398 Terminated              bash "$THR_ROOT/bin/heartbeat.sh" "$UNIT"
/iopsstor/scratch/cscs/dthapa/system3_qwem_omni_8_28/omni_thr_fit/bin/worker.sh: line 79: 116272 Terminated              bash "$THR_ROOT/bin/heartbeat.sh" "$UNIT"
/iopsstor/scratch/cscs/dthapa/system3_qwem_omni_8_28/omni_thr_fit/bin/worker.sh: line 79: 244925 Terminated              bash "$THR_ROOT/bin/heartbeat.sh" "$UNIT"
/iopsstor/scratch/cscs/dthapa/system3_qwem_omni_8_28/omni_thr_fit/bin/worker.sh: line 79: 99519 Terminated              bash "$THR_ROOT/bin/heartbeat.sh" "$UNIT"
/iopsstor/scratch/cscs/dthapa/system3_qwem_omni_8_28/omni_thr_fit/bin/worker.sh: line 79: 99546 Terminated              bash "$THR_ROOT/bin/heartbeat.sh" "$UNIT"
/iopsstor/scratch/cscs/dthapa/system3_qwem_omni_8_28/omni_thr_fit/bin/worker.sh: line 79: 148450 Terminated              bash "$THR_ROOT/bin/heartbeat.sh" "$UNIT"
/iopsstor/scratch/cscs/dthapa/system3_qwem_omni_8_28/omni_thr_fit/bin/worker.sh: line 79: 244961 Terminated              bash "$THR_ROOT/bin/heartbeat.sh" "$UNIT"
/iopsstor/scratch/cscs/dthapa/system3_qwem_omni_8_28/omni_thr_fit/bin/worker.sh: line 79: 116315 Terminated              bash "$THR_ROOT/bin/heartbeat.sh" "$UNIT"
/iopsstor/scratch/cscs/dthapa/system3_qwem_omni_8_28/omni_thr_fit/bin/worker.sh: line 79: 99592 Terminated              bash "$THR_ROOT/bin/heartbeat.sh" "$UNIT"
/iopsstor/scratch/cscs/dthapa/system3_qwem_omni_8_28/omni_thr_fit/bin/worker.sh: line 79: 148514 Terminated              bash "$THR_ROOT/bin/heartbeat.sh" "$UNIT"
/iopsstor/scratch/cscs/dthapa/system3_qwem_omni_8_28/omni_thr_fit/bin/worker.sh: line 79: 116353 Terminated              bash "$THR_ROOT/bin/heartbeat.sh" "$UNIT"
/iopsstor/scratch/cscs/dthapa/system3_qwem_omni_8_28/omni_thr_fit/bin/worker.sh: line 79: 245037 Terminated              bash "$THR_ROOT/bin/heartbeat.sh" "$UNIT"
/iopsstor/scratch/cscs/dthapa/system3_qwem_omni_8_28/omni_thr_fit/bin/worker.sh: line 79: 148553 Terminated              bash "$THR_ROOT/bin/heartbeat.sh" "$UNIT"
/iopsstor/scratch/cscs/dthapa/system3_qwem_omni_8_28/omni_thr_fit/bin/worker.sh: line 79: 245057 Terminated              bash "$THR_ROOT/bin/heartbeat.sh" "$UNIT"
/iopsstor/scratch/cscs/dthapa/system3_qwem_omni_8_28/omni_thr_fit/bin/worker.sh: line 79: 99633 Terminated              bash "$THR_ROOT/bin/heartbeat.sh" "$UNIT"
/iopsstor/scratch/cscs/dthapa/system3_qwem_omni_8_28/omni_thr_fit/bin/worker.sh: line 79: 148592 Terminated              bash "$THR_ROOT/bin/heartbeat.sh" "$UNIT"
/iopsstor/scratch/cscs/dthapa/system3_qwem_omni_8_28/omni_thr_fit/bin/worker.sh: line 79: 116406 Terminated              bash "$THR_ROOT/bin/heartbeat.sh" "$UNIT"
/iopsstor/scratch/cscs/dthapa/system3_qwem_omni_8_28/omni_thr_fit/bin/worker.sh: line 79: 99693 Terminated              bash "$THR_ROOT/bin/heartbeat.sh" "$UNIT"
/iopsstor/scratch/cscs/dthapa/system3_qwem_omni_8_28/omni_thr_fit/bin/worker.sh: line 79: 116466 Terminated              bash "$THR_ROOT/bin/heartbeat.sh" "$UNIT"
/iopsstor/scratch/cscs/dthapa/system3_qwem_omni_8_28/omni_thr_fit/bin/worker.sh: line 79: 99719 Terminated              bash "$THR_ROOT/bin/heartbeat.sh" "$UNIT"
/iopsstor/scratch/cscs/dthapa/system3_qwem_omni_8_28/omni_thr_fit/bin/worker.sh: line 79: 148644 Terminated              bash "$THR_ROOT/bin/heartbeat.sh" "$UNIT"
/iopsstor/scratch/cscs/dthapa/system3_qwem_omni_8_28/omni_thr_fit/bin/worker.sh: line 79: 245121 Terminated              bash "$THR_ROOT/bin/heartbeat.sh" "$UNIT"
/iopsstor/scratch/cscs/dthapa/system3_qwem_omni_8_28/omni_thr_fit/bin/worker.sh: line 79: 245158 Terminated              bash "$THR_ROOT/bin/heartbeat.sh" "$UNIT"
/iopsstor/scratch/cscs/dthapa/system3_qwem_omni_8_28/omni_thr_fit/bin/worker.sh: line 79: 116514 Terminated              bash "$THR_ROOT/bin/heartbeat.sh" "$UNIT"
/iopsstor/scratch/cscs/dthapa/system3_qwem_omni_8_28/omni_thr_fit/bin/worker.sh: line 79: 99766 Terminated              bash "$THR_ROOT/bin/heartbeat.sh" "$UNIT"
/iopsstor/scratch/cscs/dthapa/system3_qwem_omni_8_28/omni_thr_fit/bin/worker.sh: line 79: 116540 Terminated              bash "$THR_ROOT/bin/heartbeat.sh" "$UNIT"
/iopsstor/scratch/cscs/dthapa/system3_qwem_omni_8_28/omni_thr_fit/bin/worker.sh: line 79: 148689 Terminated              bash "$THR_ROOT/bin/heartbeat.sh" "$UNIT"
/iopsstor/scratch/cscs/dthapa/system3_qwem_omni_8_28/omni_thr_fit/bin/worker.sh: line 79: 245215 Terminated              bash "$THR_ROOT/bin/heartbeat.sh" "$UNIT"
/iopsstor/scratch/cscs/dthapa/system3_qwem_omni_8_28/omni_thr_fit/bin/worker.sh: line 79: 148733 Terminated              bash "$THR_ROOT/bin/heartbeat.sh" "$UNIT"
/iopsstor/scratch/cscs/dthapa/system3_qwem_omni_8_28/omni_thr_fit/bin/worker.sh: line 79: 99807 Terminated              bash "$THR_ROOT/bin/heartbeat.sh" "$UNIT"
/iopsstor/scratch/cscs/dthapa/system3_qwem_omni_8_28/omni_thr_fit/bin/worker.sh: line 79: 245239 Terminated              bash "$THR_ROOT/bin/heartbeat.sh" "$UNIT"
/iopsstor/scratch/cscs/dthapa/system3_qwem_omni_8_28/omni_thr_fit/bin/worker.sh: line 79: 116600 Terminated              bash "$THR_ROOT/bin/heartbeat.sh" "$UNIT"
/iopsstor/scratch/cscs/dthapa/system3_qwem_omni_8_28/omni_thr_fit/bin/worker.sh: line 79: 148767 Terminated              bash "$THR_ROOT/bin/heartbeat.sh" "$UNIT"
/iopsstor/scratch/cscs/dthapa/system3_qwem_omni_8_28/omni_thr_fit/bin/worker.sh: line 79: 99869 Terminated              bash "$THR_ROOT/bin/heartbeat.sh" "$UNIT"
/iopsstor/scratch/cscs/dthapa/system3_qwem_omni_8_28/omni_thr_fit/bin/worker.sh: line 79: 116644 Terminated              bash "$THR_ROOT/bin/heartbeat.sh" "$UNIT"
/iopsstor/scratch/cscs/dthapa/system3_qwem_omni_8_28/omni_thr_fit/bin/worker.sh: line 79: 99912 Terminated              bash "$THR_ROOT/bin/heartbeat.sh" "$UNIT"
/iopsstor/scratch/cscs/dthapa/system3_qwem_omni_8_28/omni_thr_fit/bin/worker.sh: line 79: 245318 Terminated              bash "$THR_ROOT/bin/heartbeat.sh" "$UNIT"
/iopsstor/scratch/cscs/dthapa/system3_qwem_omni_8_28/omni_thr_fit/bin/worker.sh: line 79: 148819 Terminated              bash "$THR_ROOT/bin/heartbeat.sh" "$UNIT"
/iopsstor/scratch/cscs/dthapa/system3_qwem_omni_8_28/omni_thr_fit/bin/worker.sh: line 79: 245339 Terminated              bash "$THR_ROOT/bin/heartbeat.sh" "$UNIT"
/iopsstor/scratch/cscs/dthapa/system3_qwem_omni_8_28/omni_thr_fit/bin/worker.sh: line 79: 116683 Terminated              bash "$THR_ROOT/bin/heartbeat.sh" "$UNIT"
/iopsstor/scratch/cscs/dthapa/system3_qwem_omni_8_28/omni_thr_fit/bin/worker.sh: line 79: 99954 Terminated              bash "$THR_ROOT/bin/heartbeat.sh" "$UNIT"
/iopsstor/scratch/cscs/dthapa/system3_qwem_omni_8_28/omni_thr_fit/bin/worker.sh: line 79: 116711 Terminated              bash "$THR_ROOT/bin/heartbeat.sh" "$UNIT"
/iopsstor/scratch/cscs/dthapa/system3_qwem_omni_8_28/omni_thr_fit/bin/worker.sh: line 79: 148863 Terminated              bash "$THR_ROOT/bin/heartbeat.sh" "$UNIT"
/iopsstor/scratch/cscs/dthapa/system3_qwem_omni_8_28/omni_thr_fit/bin/worker.sh: line 79: 245401 Terminated              bash "$THR_ROOT/bin/heartbeat.sh" "$UNIT"
/iopsstor/scratch/cscs/dthapa/system3_qwem_omni_8_28/omni_thr_fit/bin/worker.sh: line 79: 99999 Terminated              bash "$THR_ROOT/bin/heartbeat.sh" "$UNIT"
/iopsstor/scratch/cscs/dthapa/system3_qwem_omni_8_28/omni_thr_fit/bin/worker.sh: line 79: 148907 Terminated              bash "$THR_ROOT/bin/heartbeat.sh" "$UNIT"
/iopsstor/scratch/cscs/dthapa/system3_qwem_omni_8_28/omni_thr_fit/bin/worker.sh: line 79: 245439 Terminated              bash "$THR_ROOT/bin/heartbeat.sh" "$UNIT"
/iopsstor/scratch/cscs/dthapa/system3_qwem_omni_8_28/omni_thr_fit/bin/worker.sh: line 79: 116774 Terminated              bash "$THR_ROOT/bin/heartbeat.sh" "$UNIT"
/iopsstor/scratch/cscs/dthapa/system3_qwem_omni_8_28/omni_thr_fit/bin/worker.sh: line 79: 148961 Terminated              bash "$THR_ROOT/bin/heartbeat.sh" "$UNIT"
/iopsstor/scratch/cscs/dthapa/system3_qwem_omni_8_28/omni_thr_fit/bin/worker.sh: line 79: 100060 Terminated              bash "$THR_ROOT/bin/heartbeat.sh" "$UNIT"
/iopsstor/scratch/cscs/dthapa/system3_qwem_omni_8_28/omni_thr_fit/bin/worker.sh: line 79: 100086 Terminated              bash "$THR_ROOT/bin/heartbeat.sh" "$UNIT"
/iopsstor/scratch/cscs/dthapa/system3_qwem_omni_8_28/omni_thr_fit/bin/worker.sh: line 79: 116824 Terminated              bash "$THR_ROOT/bin/heartbeat.sh" "$UNIT"
/iopsstor/scratch/cscs/dthapa/system3_qwem_omni_8_28/omni_thr_fit/bin/worker.sh: line 79: 245517 Terminated              bash "$THR_ROOT/bin/heartbeat.sh" "$UNIT"
/iopsstor/scratch/cscs/dthapa/system3_qwem_omni_8_28/omni_thr_fit/bin/worker.sh: line 79: 149013 Terminated              bash "$THR_ROOT/bin/heartbeat.sh" "$UNIT"
/iopsstor/scratch/cscs/dthapa/system3_qwem_omni_8_28/omni_thr_fit/bin/worker.sh: line 79: 245538 Terminated              bash "$THR_ROOT/bin/heartbeat.sh" "$UNIT"
/iopsstor/scratch/cscs/dthapa/system3_qwem_omni_8_28/omni_thr_fit/bin/worker.sh: line 79: 116859 Terminated              bash "$THR_ROOT/bin/heartbeat.sh" "$UNIT"
/iopsstor/scratch/cscs/dthapa/system3_qwem_omni_8_28/omni_thr_fit/bin/worker.sh: line 79: 100132 Terminated              bash "$THR_ROOT/bin/heartbeat.sh" "$UNIT"
/iopsstor/scratch/cscs/dthapa/system3_qwem_omni_8_28/omni_thr_fit/bin/worker.sh: line 79: 116887 Terminated              bash "$THR_ROOT/bin/heartbeat.sh" "$UNIT"
/iopsstor/scratch/cscs/dthapa/system3_qwem_omni_8_28/omni_thr_fit/bin/worker.sh: line 79: 149056 Terminated              bash "$THR_ROOT/bin/heartbeat.sh" "$UNIT"
/iopsstor/scratch/cscs/dthapa/system3_qwem_omni_8_28/omni_thr_fit/bin/worker.sh: line 79: 245619 Terminated              bash "$THR_ROOT/bin/heartbeat.sh" "$UNIT"
/iopsstor/scratch/cscs/dthapa/system3_qwem_omni_8_28/omni_thr_fit/bin/worker.sh: line 79: 100169 Terminated              bash "$THR_ROOT/bin/heartbeat.sh" "$UNIT"
/iopsstor/scratch/cscs/dthapa/system3_qwem_omni_8_28/omni_thr_fit/bin/worker.sh: line 79: 149100 Terminated              bash "$THR_ROOT/bin/heartbeat.sh" "$UNIT"
/iopsstor/scratch/cscs/dthapa/system3_qwem_omni_8_28/omni_thr_fit/bin/worker.sh: line 79: 245658 Terminated              bash "$THR_ROOT/bin/heartbeat.sh" "$UNIT"
/iopsstor/scratch/cscs/dthapa/system3_qwem_omni_8_28/omni_thr_fit/bin/worker.sh: line 79: 149143 Terminated              bash "$THR_ROOT/bin/heartbeat.sh" "$UNIT"
/iopsstor/scratch/cscs/dthapa/system3_qwem_omni_8_28/omni_thr_fit/bin/worker.sh: line 79: 116968 Terminated              bash "$THR_ROOT/bin/heartbeat.sh" "$UNIT"
/iopsstor/scratch/cscs/dthapa/system3_qwem_omni_8_28/omni_thr_fit/bin/worker.sh: line 79: 100237 Terminated              bash "$THR_ROOT/bin/heartbeat.sh" "$UNIT"
/iopsstor/scratch/cscs/dthapa/system3_qwem_omni_8_28/omni_thr_fit/bin/worker.sh: line 79: 117020 Terminated              bash "$THR_ROOT/bin/heartbeat.sh" "$UNIT"
/iopsstor/scratch/cscs/dthapa/system3_qwem_omni_8_28/omni_thr_fit/bin/worker.sh: line 79: 100255 Terminated              bash "$THR_ROOT/bin/heartbeat.sh" "$UNIT"
/iopsstor/scratch/cscs/dthapa/system3_qwem_omni_8_28/omni_thr_fit/bin/worker.sh: line 79: 245715 Terminated              bash "$THR_ROOT/bin/heartbeat.sh" "$UNIT"
/iopsstor/scratch/cscs/dthapa/system3_qwem_omni_8_28/omni_thr_fit/bin/worker.sh: line 79: 149192 Terminated              bash "$THR_ROOT/bin/heartbeat.sh" "$UNIT"
/iopsstor/scratch/cscs/dthapa/system3_qwem_omni_8_28/omni_thr_fit/bin/worker.sh: line 79: 245737 Terminated              bash "$THR_ROOT/bin/heartbeat.sh" "$UNIT"
/iopsstor/scratch/cscs/dthapa/system3_qwem_omni_8_28/omni_thr_fit/bin/worker.sh: line 79: 117055 Terminated              bash "$THR_ROOT/bin/heartbeat.sh" "$UNIT"
/iopsstor/scratch/cscs/dthapa/system3_qwem_omni_8_28/omni_thr_fit/bin/worker.sh: line 79: 100302 Terminated              bash "$THR_ROOT/bin/heartbeat.sh" "$UNIT"
/iopsstor/scratch/cscs/dthapa/system3_qwem_omni_8_28/omni_thr_fit/bin/worker.sh: line 79: 149235 Terminated              bash "$THR_ROOT/bin/heartbeat.sh" "$UNIT"
/iopsstor/scratch/cscs/dthapa/system3_qwem_omni_8_28/omni_thr_fit/bin/worker.sh: line 79: 117076 Terminated              bash "$THR_ROOT/bin/heartbeat.sh" "$UNIT"
/iopsstor/scratch/cscs/dthapa/system3_qwem_omni_8_28/omni_thr_fit/bin/worker.sh: line 79: 245798 Terminated              bash "$THR_ROOT/bin/heartbeat.sh" "$UNIT"
/iopsstor/scratch/cscs/dthapa/system3_qwem_omni_8_28/omni_thr_fit/bin/worker.sh: line 79: 100361 Terminated              bash "$THR_ROOT/bin/heartbeat.sh" "$UNIT"
/iopsstor/scratch/cscs/dthapa/system3_qwem_omni_8_28/omni_thr_fit/bin/worker.sh: line 79: 149275 Terminated              bash "$THR_ROOT/bin/heartbeat.sh" "$UNIT"
/iopsstor/scratch/cscs/dthapa/system3_qwem_omni_8_28/omni_thr_fit/bin/worker.sh: line 79: 245840 Terminated              bash "$THR_ROOT/bin/heartbeat.sh" "$UNIT"
/iopsstor/scratch/cscs/dthapa/system3_qwem_omni_8_28/omni_thr_fit/bin/worker.sh: line 79: 117147 Terminated              bash "$THR_ROOT/bin/heartbeat.sh" "$UNIT"
/iopsstor/scratch/cscs/dthapa/system3_qwem_omni_8_28/omni_thr_fit/bin/worker.sh: line 79: 149313 Terminated              bash "$THR_ROOT/bin/heartbeat.sh" "$UNIT"
/iopsstor/scratch/cscs/dthapa/system3_qwem_omni_8_28/omni_thr_fit/bin/worker.sh: line 79: 100428 Terminated              bash "$THR_ROOT/bin/heartbeat.sh" "$UNIT"
/iopsstor/scratch/cscs/dthapa/system3_qwem_omni_8_28/omni_thr_fit/bin/worker.sh: line 79: 117194 Terminated              bash "$THR_ROOT/bin/heartbeat.sh" "$UNIT"
/iopsstor/scratch/cscs/dthapa/system3_qwem_omni_8_28/omni_thr_fit/bin/worker.sh: line 79: 245900 Terminated              bash "$THR_ROOT/bin/heartbeat.sh" "$UNIT"
/iopsstor/scratch/cscs/dthapa/system3_qwem_omni_8_28/omni_thr_fit/bin/worker.sh: line 79: 100453 Terminated              bash "$THR_ROOT/bin/heartbeat.sh" "$UNIT"
/iopsstor/scratch/cscs/dthapa/system3_qwem_omni_8_28/omni_thr_fit/bin/worker.sh: line 79: 245926 Terminated              bash "$THR_ROOT/bin/heartbeat.sh" "$UNIT"
/iopsstor/scratch/cscs/dthapa/system3_qwem_omni_8_28/omni_thr_fit/bin/worker.sh: line 79: 149365 Terminated              bash "$THR_ROOT/bin/heartbeat.sh" "$UNIT"
/iopsstor/scratch/cscs/dthapa/system3_qwem_omni_8_28/omni_thr_fit/bin/worker.sh: line 79: 117223 Terminated              bash "$THR_ROOT/bin/heartbeat.sh" "$UNIT"
/iopsstor/scratch/cscs/dthapa/system3_qwem_omni_8_28/omni_thr_fit/bin/worker.sh: line 79: 100499 Terminated              bash "$THR_ROOT/bin/heartbeat.sh" "$UNIT"
/iopsstor/scratch/cscs/dthapa/system3_qwem_omni_8_28/omni_thr_fit/bin/worker.sh: line 79: 149426 Terminated              bash "$THR_ROOT/bin/heartbeat.sh" "$UNIT"
/iopsstor/scratch/cscs/dthapa/system3_qwem_omni_8_28/omni_thr_fit/bin/worker.sh: line 79: 117262 Terminated              bash "$THR_ROOT/bin/heartbeat.sh" "$UNIT"
/iopsstor/scratch/cscs/dthapa/system3_qwem_omni_8_28/omni_thr_fit/bin/worker.sh: line 79: 246008 Terminated              bash "$THR_ROOT/bin/heartbeat.sh" "$UNIT"
/iopsstor/scratch/cscs/dthapa/system3_qwem_omni_8_28/omni_thr_fit/bin/worker.sh: line 79: 100547 Terminated              bash "$THR_ROOT/bin/heartbeat.sh" "$UNIT"
/iopsstor/scratch/cscs/dthapa/system3_qwem_omni_8_28/omni_thr_fit/bin/worker.sh: line 79: 149466 Terminated              bash "$THR_ROOT/bin/heartbeat.sh" "$UNIT"
/iopsstor/scratch/cscs/dthapa/system3_qwem_omni_8_28/omni_thr_fit/bin/worker.sh: line 79: 246046 Terminated              bash "$THR_ROOT/bin/heartbeat.sh" "$UNIT"
/iopsstor/scratch/cscs/dthapa/system3_qwem_omni_8_28/omni_thr_fit/bin/worker.sh: line 79: 117320 Terminated              bash "$THR_ROOT/bin/heartbeat.sh" "$UNIT"
/iopsstor/scratch/cscs/dthapa/system3_qwem_omni_8_28/omni_thr_fit/bin/worker.sh: line 79: 149506 Terminated              bash "$THR_ROOT/bin/heartbeat.sh" "$UNIT"
/iopsstor/scratch/cscs/dthapa/system3_qwem_omni_8_28/omni_thr_fit/bin/worker.sh: line 79: 100591 Terminated              bash "$THR_ROOT/bin/heartbeat.sh" "$UNIT"
/iopsstor/scratch/cscs/dthapa/system3_qwem_omni_8_28/omni_thr_fit/bin/worker.sh: line 79: 117379 Terminated              bash "$THR_ROOT/bin/heartbeat.sh" "$UNIT"
/iopsstor/scratch/cscs/dthapa/system3_qwem_omni_8_28/omni_thr_fit/bin/worker.sh: line 79: 246103 Terminated              bash "$THR_ROOT/bin/heartbeat.sh" "$UNIT"
/iopsstor/scratch/cscs/dthapa/system3_qwem_omni_8_28/omni_thr_fit/bin/worker.sh: line 79: 100634 Terminated              bash "$THR_ROOT/bin/heartbeat.sh" "$UNIT"
/iopsstor/scratch/cscs/dthapa/system3_qwem_omni_8_28/omni_thr_fit/bin/worker.sh: line 79: 246124 Terminated              bash "$THR_ROOT/bin/heartbeat.sh" "$UNIT"
/iopsstor/scratch/cscs/dthapa/system3_qwem_omni_8_28/omni_thr_fit/bin/worker.sh: line 79: 149560 Terminated              bash "$THR_ROOT/bin/heartbeat.sh" "$UNIT"
/iopsstor/scratch/cscs/dthapa/system3_qwem_omni_8_28/omni_thr_fit/bin/worker.sh: line 79: 117416 Terminated              bash "$THR_ROOT/bin/heartbeat.sh" "$UNIT"
/iopsstor/scratch/cscs/dthapa/system3_qwem_omni_8_28/omni_thr_fit/bin/worker.sh: line 79: 100672 Terminated              bash "$THR_ROOT/bin/heartbeat.sh" "$UNIT"
/iopsstor/scratch/cscs/dthapa/system3_qwem_omni_8_28/omni_thr_fit/bin/worker.sh: line 79: 149603 Terminated              bash "$THR_ROOT/bin/heartbeat.sh" "$UNIT"
/iopsstor/scratch/cscs/dthapa/system3_qwem_omni_8_28/omni_thr_fit/bin/worker.sh: line 79: 117454 Terminated              bash "$THR_ROOT/bin/heartbeat.sh" "$UNIT"
/iopsstor/scratch/cscs/dthapa/system3_qwem_omni_8_28/omni_thr_fit/bin/worker.sh: line 79: 246183 Terminated              bash "$THR_ROOT/bin/heartbeat.sh" "$UNIT"
/iopsstor/scratch/cscs/dthapa/system3_qwem_omni_8_28/omni_thr_fit/bin/worker.sh: line 79: 100720 Terminated              bash "$THR_ROOT/bin/heartbeat.sh" "$UNIT"
/iopsstor/scratch/cscs/dthapa/system3_qwem_omni_8_28/omni_thr_fit/bin/worker.sh: line 79: 149643 Terminated              bash "$THR_ROOT/bin/heartbeat.sh" "$UNIT"
/iopsstor/scratch/cscs/dthapa/system3_qwem_omni_8_28/omni_thr_fit/bin/worker.sh: line 79: 246227 Terminated              bash "$THR_ROOT/bin/heartbeat.sh" "$UNIT"
/iopsstor/scratch/cscs/dthapa/system3_qwem_omni_8_28/omni_thr_fit/bin/worker.sh: line 79: 117515 Terminated              bash "$THR_ROOT/bin/heartbeat.sh" "$UNIT"
/iopsstor/scratch/cscs/dthapa/system3_qwem_omni_8_28/omni_thr_fit/bin/worker.sh: line 79: 100786 Terminated              bash "$THR_ROOT/bin/heartbeat.sh" "$UNIT"
/iopsstor/scratch/cscs/dthapa/system3_qwem_omni_8_28/omni_thr_fit/bin/worker.sh: line 79: 149681 Terminated              bash "$THR_ROOT/bin/heartbeat.sh" "$UNIT"
/iopsstor/scratch/cscs/dthapa/system3_qwem_omni_8_28/omni_thr_fit/bin/worker.sh: line 79: 117559 Terminated              bash "$THR_ROOT/bin/heartbeat.sh" "$UNIT"
/iopsstor/scratch/cscs/dthapa/system3_qwem_omni_8_28/omni_thr_fit/bin/worker.sh: line 79: 246282 Terminated              bash "$THR_ROOT/bin/heartbeat.sh" "$UNIT"
/iopsstor/scratch/cscs/dthapa/system3_qwem_omni_8_28/omni_thr_fit/bin/worker.sh: line 79: 100848 Terminated              bash "$THR_ROOT/bin/heartbeat.sh" "$UNIT"
/iopsstor/scratch/cscs/dthapa/system3_qwem_omni_8_28/omni_thr_fit/bin/worker.sh: line 79: 246304 Terminated              bash "$THR_ROOT/bin/heartbeat.sh" "$UNIT"
/iopsstor/scratch/cscs/dthapa/system3_qwem_omni_8_28/omni_thr_fit/bin/worker.sh: line 79: 149735 Terminated              bash "$THR_ROOT/bin/heartbeat.sh" "$UNIT"
/iopsstor/scratch/cscs/dthapa/system3_qwem_omni_8_28/omni_thr_fit/bin/worker.sh: line 79: 117604 Terminated              bash "$THR_ROOT/bin/heartbeat.sh" "$UNIT"
/iopsstor/scratch/cscs/dthapa/system3_qwem_omni_8_28/omni_thr_fit/bin/worker.sh: line 79: 100882 Terminated              bash "$THR_ROOT/bin/heartbeat.sh" "$UNIT"
/iopsstor/scratch/cscs/dthapa/system3_qwem_omni_8_28/omni_thr_fit/bin/worker.sh: line 79: 149778 Terminated              bash "$THR_ROOT/bin/heartbeat.sh" "$UNIT"
/iopsstor/scratch/cscs/dthapa/system3_qwem_omni_8_28/omni_thr_fit/bin/worker.sh: line 79: 117637 Terminated              bash "$THR_ROOT/bin/heartbeat.sh" "$UNIT"
/iopsstor/scratch/cscs/dthapa/system3_qwem_omni_8_28/omni_thr_fit/bin/worker.sh: line 79: 246368 Terminated              bash "$THR_ROOT/bin/heartbeat.sh" "$UNIT"
/iopsstor/scratch/cscs/dthapa/system3_qwem_omni_8_28/omni_thr_fit/bin/worker.sh: line 79: 100934 Terminated              bash "$THR_ROOT/bin/heartbeat.sh" "$UNIT"
/iopsstor/scratch/cscs/dthapa/system3_qwem_omni_8_28/omni_thr_fit/bin/worker.sh: line 79: 149822 Terminated              bash "$THR_ROOT/bin/heartbeat.sh" "$UNIT"
/iopsstor/scratch/cscs/dthapa/system3_qwem_omni_8_28/omni_thr_fit/bin/worker.sh: line 79: 246405 Terminated              bash "$THR_ROOT/bin/heartbeat.sh" "$UNIT"
/iopsstor/scratch/cscs/dthapa/system3_qwem_omni_8_28/omni_thr_fit/bin/worker.sh: line 79: 117690 Terminated              bash "$THR_ROOT/bin/heartbeat.sh" "$UNIT"
/iopsstor/scratch/cscs/dthapa/system3_qwem_omni_8_28/omni_thr_fit/bin/worker.sh: line 79: 100978 Terminated              bash "$THR_ROOT/bin/heartbeat.sh" "$UNIT"
/iopsstor/scratch/cscs/dthapa/system3_qwem_omni_8_28/omni_thr_fit/bin/worker.sh: line 79: 149873 Terminated              bash "$THR_ROOT/bin/heartbeat.sh" "$UNIT"
/iopsstor/scratch/cscs/dthapa/system3_qwem_omni_8_28/omni_thr_fit/bin/worker.sh: line 79: 117734 Terminated              bash "$THR_ROOT/bin/heartbeat.sh" "$UNIT"
/iopsstor/scratch/cscs/dthapa/system3_qwem_omni_8_28/omni_thr_fit/bin/worker.sh: line 79: 246482 Terminated              bash "$THR_ROOT/bin/heartbeat.sh" "$UNIT"
/iopsstor/scratch/cscs/dthapa/system3_qwem_omni_8_28/omni_thr_fit/bin/worker.sh: line 79: 101021 Terminated              bash "$THR_ROOT/bin/heartbeat.sh" "$UNIT"
/iopsstor/scratch/cscs/dthapa/system3_qwem_omni_8_28/omni_thr_fit/bin/worker.sh: line 79: 246504 Terminated              bash "$THR_ROOT/bin/heartbeat.sh" "$UNIT"
/iopsstor/scratch/cscs/dthapa/system3_qwem_omni_8_28/omni_thr_fit/bin/worker.sh: line 79: 149925 Terminated              bash "$THR_ROOT/bin/heartbeat.sh" "$UNIT"
/iopsstor/scratch/cscs/dthapa/system3_qwem_omni_8_28/omni_thr_fit/bin/worker.sh: line 79: 117777 Terminated              bash "$THR_ROOT/bin/heartbeat.sh" "$UNIT"
/iopsstor/scratch/cscs/dthapa/system3_qwem_omni_8_28/omni_thr_fit/bin/worker.sh: line 79: 101056 Terminated              bash "$THR_ROOT/bin/heartbeat.sh" "$UNIT"
/iopsstor/scratch/cscs/dthapa/system3_qwem_omni_8_28/omni_thr_fit/bin/worker.sh: line 79: 149968 Terminated              bash "$THR_ROOT/bin/heartbeat.sh" "$UNIT"
/iopsstor/scratch/cscs/dthapa/system3_qwem_omni_8_28/omni_thr_fit/bin/worker.sh: line 79: 117840 Terminated              bash "$THR_ROOT/bin/heartbeat.sh" "$UNIT"
/iopsstor/scratch/cscs/dthapa/system3_qwem_omni_8_28/omni_thr_fit/bin/worker.sh: line 79: 246574 Terminated              bash "$THR_ROOT/bin/heartbeat.sh" "$UNIT"
/iopsstor/scratch/cscs/dthapa/system3_qwem_omni_8_28/omni_thr_fit/bin/worker.sh: line 79: 101112 Terminated              bash "$THR_ROOT/bin/heartbeat.sh" "$UNIT"
/iopsstor/scratch/cscs/dthapa/system3_qwem_omni_8_28/omni_thr_fit/bin/worker.sh: line 79: 150012 Terminated              bash "$THR_ROOT/bin/heartbeat.sh" "$UNIT"
/iopsstor/scratch/cscs/dthapa/system3_qwem_omni_8_28/omni_thr_fit/bin/worker.sh: line 79: 246614 Terminated              bash "$THR_ROOT/bin/heartbeat.sh" "$UNIT"
/iopsstor/scratch/cscs/dthapa/system3_qwem_omni_8_28/omni_thr_fit/bin/worker.sh: line 79: 117888 Terminated              bash "$THR_ROOT/bin/heartbeat.sh" "$UNIT"
/iopsstor/scratch/cscs/dthapa/system3_qwem_omni_8_28/omni_thr_fit/bin/worker.sh: line 79: 101160 Terminated              bash "$THR_ROOT/bin/heartbeat.sh" "$UNIT"
/iopsstor/scratch/cscs/dthapa/system3_qwem_omni_8_28/omni_thr_fit/bin/worker.sh: line 79: 150050 Terminated              bash "$THR_ROOT/bin/heartbeat.sh" "$UNIT"
/iopsstor/scratch/cscs/dthapa/system3_qwem_omni_8_28/omni_thr_fit/bin/worker.sh: line 79: 117933 Terminated              bash "$THR_ROOT/bin/heartbeat.sh" "$UNIT"
/iopsstor/scratch/cscs/dthapa/system3_qwem_omni_8_28/omni_thr_fit/bin/worker.sh: line 79: 246672 Terminated              bash "$THR_ROOT/bin/heartbeat.sh" "$UNIT"
/iopsstor/scratch/cscs/dthapa/system3_qwem_omni_8_28/omni_thr_fit/bin/worker.sh: line 79: 101203 Terminated              bash "$THR_ROOT/bin/heartbeat.sh" "$UNIT"
/iopsstor/scratch/cscs/dthapa/system3_qwem_omni_8_28/omni_thr_fit/bin/worker.sh: line 79: 246693 Terminated              bash "$THR_ROOT/bin/heartbeat.sh" "$UNIT"
/iopsstor/scratch/cscs/dthapa/system3_qwem_omni_8_28/omni_thr_fit/bin/worker.sh: line 79: 150102 Terminated              bash "$THR_ROOT/bin/heartbeat.sh" "$UNIT"
/iopsstor/scratch/cscs/dthapa/system3_qwem_omni_8_28/omni_thr_fit/bin/worker.sh: line 79: 101242 Terminated              bash "$THR_ROOT/bin/heartbeat.sh" "$UNIT"
/iopsstor/scratch/cscs/dthapa/system3_qwem_omni_8_28/omni_thr_fit/bin/worker.sh: line 79: 117972 Terminated              bash "$THR_ROOT/bin/heartbeat.sh" "$UNIT"
/iopsstor/scratch/cscs/dthapa/system3_qwem_omni_8_28/omni_thr_fit/bin/worker.sh: line 79: 150145 Terminated              bash "$THR_ROOT/bin/heartbeat.sh" "$UNIT"
/iopsstor/scratch/cscs/dthapa/system3_qwem_omni_8_28/omni_thr_fit/bin/worker.sh: line 79: 118011 Terminated              bash "$THR_ROOT/bin/heartbeat.sh" "$UNIT"
/iopsstor/scratch/cscs/dthapa/system3_qwem_omni_8_28/omni_thr_fit/bin/worker.sh: line 79: 246754 Terminated              bash "$THR_ROOT/bin/heartbeat.sh" "$UNIT"
/iopsstor/scratch/cscs/dthapa/system3_qwem_omni_8_28/omni_thr_fit/bin/worker.sh: line 79: 101307 Terminated              bash "$THR_ROOT/bin/heartbeat.sh" "$UNIT"
/iopsstor/scratch/cscs/dthapa/system3_qwem_omni_8_28/omni_thr_fit/bin/worker.sh: line 79: 150185 Terminated              bash "$THR_ROOT/bin/heartbeat.sh" "$UNIT"
/iopsstor/scratch/cscs/dthapa/system3_qwem_omni_8_28/omni_thr_fit/bin/worker.sh: line 79: 246793 Terminated              bash "$THR_ROOT/bin/heartbeat.sh" "$UNIT"
/iopsstor/scratch/cscs/dthapa/system3_qwem_omni_8_28/omni_thr_fit/bin/worker.sh: line 79: 101351 Terminated              bash "$THR_ROOT/bin/heartbeat.sh" "$UNIT"
/iopsstor/scratch/cscs/dthapa/system3_qwem_omni_8_28/omni_thr_fit/bin/worker.sh: line 79: 118063 Terminated              bash "$THR_ROOT/bin/heartbeat.sh" "$UNIT"
/iopsstor/scratch/cscs/dthapa/system3_qwem_omni_8_28/omni_thr_fit/bin/worker.sh: line 79: 150223 Terminated              bash "$THR_ROOT/bin/heartbeat.sh" "$UNIT"
/iopsstor/scratch/cscs/dthapa/system3_qwem_omni_8_28/omni_thr_fit/bin/worker.sh: line 79: 246849 Terminated              bash "$THR_ROOT/bin/heartbeat.sh" "$UNIT"
/iopsstor/scratch/cscs/dthapa/system3_qwem_omni_8_28/omni_thr_fit/bin/worker.sh: line 79: 101394 Terminated              bash "$THR_ROOT/bin/heartbeat.sh" "$UNIT"
/iopsstor/scratch/cscs/dthapa/system3_qwem_omni_8_28/omni_thr_fit/bin/worker.sh: line 79: 118108 Terminated              bash "$THR_ROOT/bin/heartbeat.sh" "$UNIT"
/iopsstor/scratch/cscs/dthapa/system3_qwem_omni_8_28/omni_thr_fit/bin/worker.sh: line 79: 246870 Terminated              bash "$THR_ROOT/bin/heartbeat.sh" "$UNIT"
/iopsstor/scratch/cscs/dthapa/system3_qwem_omni_8_28/omni_thr_fit/bin/worker.sh: line 79: 150294 Terminated              bash "$THR_ROOT/bin/heartbeat.sh" "$UNIT"
/iopsstor/scratch/cscs/dthapa/system3_qwem_omni_8_28/omni_thr_fit/bin/worker.sh: line 79: 101429 Terminated              bash "$THR_ROOT/bin/heartbeat.sh" "$UNIT"
/iopsstor/scratch/cscs/dthapa/system3_qwem_omni_8_28/omni_thr_fit/bin/worker.sh: line 79: 118151 Terminated              bash "$THR_ROOT/bin/heartbeat.sh" "$UNIT"
/iopsstor/scratch/cscs/dthapa/system3_qwem_omni_8_28/omni_thr_fit/bin/worker.sh: line 79: 118181 Terminated              bash "$THR_ROOT/bin/heartbeat.sh" "$UNIT"
/iopsstor/scratch/cscs/dthapa/system3_qwem_omni_8_28/omni_thr_fit/bin/worker.sh: line 79: 150337 Terminated              bash "$THR_ROOT/bin/heartbeat.sh" "$UNIT"
/iopsstor/scratch/cscs/dthapa/system3_qwem_omni_8_28/omni_thr_fit/bin/worker.sh: line 79: 246953 Terminated              bash "$THR_ROOT/bin/heartbeat.sh" "$UNIT"
/iopsstor/scratch/cscs/dthapa/system3_qwem_omni_8_28/omni_thr_fit/bin/worker.sh: line 79: 101481 Terminated              bash "$THR_ROOT/bin/heartbeat.sh" "$UNIT"
/iopsstor/scratch/cscs/dthapa/system3_qwem_omni_8_28/omni_thr_fit/bin/worker.sh: line 79: 150381 Terminated              bash "$THR_ROOT/bin/heartbeat.sh" "$UNIT"
/iopsstor/scratch/cscs/dthapa/system3_qwem_omni_8_28/omni_thr_fit/bin/worker.sh: line 79: 246990 Terminated              bash "$THR_ROOT/bin/heartbeat.sh" "$UNIT"
/iopsstor/scratch/cscs/dthapa/system3_qwem_omni_8_28/omni_thr_fit/bin/worker.sh: line 79: 101525 Terminated              bash "$THR_ROOT/bin/heartbeat.sh" "$UNIT"
/iopsstor/scratch/cscs/dthapa/system3_qwem_omni_8_28/omni_thr_fit/bin/worker.sh: line 79: 150415 Terminated              bash "$THR_ROOT/bin/heartbeat.sh" "$UNIT"
/iopsstor/scratch/cscs/dthapa/system3_qwem_omni_8_28/omni_thr_fit/bin/worker.sh: line 79: 118261 Terminated              bash "$THR_ROOT/bin/heartbeat.sh" "$UNIT"
/iopsstor/scratch/cscs/dthapa/system3_qwem_omni_8_28/omni_thr_fit/bin/worker.sh: line 79: 101568 Terminated              bash "$THR_ROOT/bin/heartbeat.sh" "$UNIT"
/iopsstor/scratch/cscs/dthapa/system3_qwem_omni_8_28/omni_thr_fit/bin/worker.sh: line 79: 118300 Terminated              bash "$THR_ROOT/bin/heartbeat.sh" "$UNIT"
/iopsstor/scratch/cscs/dthapa/system3_qwem_omni_8_28/omni_thr_fit/bin/worker.sh: line 79: 247048 Terminated              bash "$THR_ROOT/bin/heartbeat.sh" "$UNIT"
/iopsstor/scratch/cscs/dthapa/system3_qwem_omni_8_28/omni_thr_fit/bin/worker.sh: line 79: 247069 Terminated              bash "$THR_ROOT/bin/heartbeat.sh" "$UNIT"
/iopsstor/scratch/cscs/dthapa/system3_qwem_omni_8_28/omni_thr_fit/bin/worker.sh: line 79: 150467 Terminated              bash "$THR_ROOT/bin/heartbeat.sh" "$UNIT"
/iopsstor/scratch/cscs/dthapa/system3_qwem_omni_8_28/omni_thr_fit/bin/worker.sh: line 79: 101602 Terminated              bash "$THR_ROOT/bin/heartbeat.sh" "$UNIT"
/iopsstor/scratch/cscs/dthapa/system3_qwem_omni_8_28/omni_thr_fit/bin/worker.sh: line 79: 118350 Terminated              bash "$THR_ROOT/bin/heartbeat.sh" "$UNIT"
/iopsstor/scratch/cscs/dthapa/system3_qwem_omni_8_28/omni_thr_fit/bin/worker.sh: line 79: 118368 Terminated              bash "$THR_ROOT/bin/heartbeat.sh" "$UNIT"
/iopsstor/scratch/cscs/dthapa/system3_qwem_omni_8_28/omni_thr_fit/bin/worker.sh: line 79: 150510 Terminated              bash "$THR_ROOT/bin/heartbeat.sh" "$UNIT"
/iopsstor/scratch/cscs/dthapa/system3_qwem_omni_8_28/omni_thr_fit/bin/worker.sh: line 79: 247138 Terminated              bash "$THR_ROOT/bin/heartbeat.sh" "$UNIT"
/iopsstor/scratch/cscs/dthapa/system3_qwem_omni_8_28/omni_thr_fit/bin/worker.sh: line 79: 101654 Terminated              bash "$THR_ROOT/bin/heartbeat.sh" "$UNIT"
/iopsstor/scratch/cscs/dthapa/system3_qwem_omni_8_28/omni_thr_fit/bin/worker.sh: line 79: 150554 Terminated              bash "$THR_ROOT/bin/heartbeat.sh" "$UNIT"
/iopsstor/scratch/cscs/dthapa/system3_qwem_omni_8_28/omni_thr_fit/bin/worker.sh: line 79: 247176 Terminated              bash "$THR_ROOT/bin/heartbeat.sh" "$UNIT"
/iopsstor/scratch/cscs/dthapa/system3_qwem_omni_8_28/omni_thr_fit/bin/worker.sh: line 79: 101698 Terminated              bash "$THR_ROOT/bin/heartbeat.sh" "$UNIT"
/iopsstor/scratch/cscs/dthapa/system3_qwem_omni_8_28/omni_thr_fit/bin/worker.sh: line 79: 150588 Terminated              bash "$THR_ROOT/bin/heartbeat.sh" "$UNIT"
/iopsstor/scratch/cscs/dthapa/system3_qwem_omni_8_28/omni_thr_fit/bin/worker.sh: line 79: 118443 Terminated              bash "$THR_ROOT/bin/heartbeat.sh" "$UNIT"
/iopsstor/scratch/cscs/dthapa/system3_qwem_omni_8_28/omni_thr_fit/bin/worker.sh: line 79: 101756 Terminated              bash "$THR_ROOT/bin/heartbeat.sh" "$UNIT"
/iopsstor/scratch/cscs/dthapa/system3_qwem_omni_8_28/omni_thr_fit/bin/worker.sh: line 79: 118471 Terminated              bash "$THR_ROOT/bin/heartbeat.sh" "$UNIT"
/iopsstor/scratch/cscs/dthapa/system3_qwem_omni_8_28/omni_thr_fit/bin/worker.sh: line 79: 247233 Terminated              bash "$THR_ROOT/bin/heartbeat.sh" "$UNIT"
/iopsstor/scratch/cscs/dthapa/system3_qwem_omni_8_28/omni_thr_fit/bin/worker.sh: line 79: 247256 Terminated              bash "$THR_ROOT/bin/heartbeat.sh" "$UNIT"
/iopsstor/scratch/cscs/dthapa/system3_qwem_omni_8_28/omni_thr_fit/bin/worker.sh: line 79: 150642 Terminated              bash "$THR_ROOT/bin/heartbeat.sh" "$UNIT"
/iopsstor/scratch/cscs/dthapa/system3_qwem_omni_8_28/omni_thr_fit/bin/worker.sh: line 79: 101793 Terminated              bash "$THR_ROOT/bin/heartbeat.sh" "$UNIT"
/iopsstor/scratch/cscs/dthapa/system3_qwem_omni_8_28/omni_thr_fit/bin/worker.sh: line 79: 118519 Terminated              bash "$THR_ROOT/bin/heartbeat.sh" "$UNIT"
/iopsstor/scratch/cscs/dthapa/system3_qwem_omni_8_28/omni_thr_fit/bin/worker.sh: line 79: 118547 Terminated              bash "$THR_ROOT/bin/heartbeat.sh" "$UNIT"
/iopsstor/scratch/cscs/dthapa/system3_qwem_omni_8_28/omni_thr_fit/bin/worker.sh: line 79: 150685 Terminated              bash "$THR_ROOT/bin/heartbeat.sh" "$UNIT"
/iopsstor/scratch/cscs/dthapa/system3_qwem_omni_8_28/omni_thr_fit/bin/worker.sh: line 79: 247322 Terminated              bash "$THR_ROOT/bin/heartbeat.sh" "$UNIT"
/iopsstor/scratch/cscs/dthapa/system3_qwem_omni_8_28/omni_thr_fit/bin/worker.sh: line 79: 101846 Terminated              bash "$THR_ROOT/bin/heartbeat.sh" "$UNIT"
/iopsstor/scratch/cscs/dthapa/system3_qwem_omni_8_28/omni_thr_fit/bin/worker.sh: line 79: 150748 Terminated              bash "$THR_ROOT/bin/heartbeat.sh" "$UNIT"
/iopsstor/scratch/cscs/dthapa/system3_qwem_omni_8_28/omni_thr_fit/bin/worker.sh: line 79: 247356 Terminated              bash "$THR_ROOT/bin/heartbeat.sh" "$UNIT"
/iopsstor/scratch/cscs/dthapa/system3_qwem_omni_8_28/omni_thr_fit/bin/worker.sh: line 79: 101890 Terminated              bash "$THR_ROOT/bin/heartbeat.sh" "$UNIT"
/iopsstor/scratch/cscs/dthapa/system3_qwem_omni_8_28/omni_thr_fit/bin/worker.sh: line 79: 150781 Terminated              bash "$THR_ROOT/bin/heartbeat.sh" "$UNIT"
/iopsstor/scratch/cscs/dthapa/system3_qwem_omni_8_28/omni_thr_fit/bin/worker.sh: line 79: 118620 Terminated              bash "$THR_ROOT/bin/heartbeat.sh" "$UNIT"
/iopsstor/scratch/cscs/dthapa/system3_qwem_omni_8_28/omni_thr_fit/bin/worker.sh: line 79: 118646 Terminated              bash "$THR_ROOT/bin/heartbeat.sh" "$UNIT"
/iopsstor/scratch/cscs/dthapa/system3_qwem_omni_8_28/omni_thr_fit/bin/worker.sh: line 79: 101933 Terminated              bash "$THR_ROOT/bin/heartbeat.sh" "$UNIT"
/iopsstor/scratch/cscs/dthapa/system3_qwem_omni_8_28/omni_thr_fit/bin/worker.sh: line 79: 247432 Terminated              bash "$THR_ROOT/bin/heartbeat.sh" "$UNIT"
/iopsstor/scratch/cscs/dthapa/system3_qwem_omni_8_28/omni_thr_fit/bin/worker.sh: line 79: 247454 Terminated              bash "$THR_ROOT/bin/heartbeat.sh" "$UNIT"
/iopsstor/scratch/cscs/dthapa/system3_qwem_omni_8_28/omni_thr_fit/bin/worker.sh: line 79: 150834 Terminated              bash "$THR_ROOT/bin/heartbeat.sh" "$UNIT"
/iopsstor/scratch/cscs/dthapa/system3_qwem_omni_8_28/omni_thr_fit/bin/worker.sh: line 79: 101968 Terminated              bash "$THR_ROOT/bin/heartbeat.sh" "$UNIT"
/iopsstor/scratch/cscs/dthapa/system3_qwem_omni_8_28/omni_thr_fit/bin/worker.sh: line 79: 118709 Terminated              bash "$THR_ROOT/bin/heartbeat.sh" "$UNIT"
/iopsstor/scratch/cscs/dthapa/system3_qwem_omni_8_28/omni_thr_fit/bin/worker.sh: line 79: 118737 Terminated              bash "$THR_ROOT/bin/heartbeat.sh" "$UNIT"
/iopsstor/scratch/cscs/dthapa/system3_qwem_omni_8_28/omni_thr_fit/bin/worker.sh: line 79: 150877 Terminated              bash "$THR_ROOT/bin/heartbeat.sh" "$UNIT"
/iopsstor/scratch/cscs/dthapa/system3_qwem_omni_8_28/omni_thr_fit/bin/worker.sh: line 79: 247518 Terminated              bash "$THR_ROOT/bin/heartbeat.sh" "$UNIT"
/iopsstor/scratch/cscs/dthapa/system3_qwem_omni_8_28/omni_thr_fit/bin/worker.sh: line 79: 102020 Terminated              bash "$THR_ROOT/bin/heartbeat.sh" "$UNIT"
/iopsstor/scratch/cscs/dthapa/system3_qwem_omni_8_28/omni_thr_fit/bin/worker.sh: line 79: 150921 Terminated              bash "$THR_ROOT/bin/heartbeat.sh" "$UNIT"
/iopsstor/scratch/cscs/dthapa/system3_qwem_omni_8_28/omni_thr_fit/bin/worker.sh: line 79: 247554 Terminated              bash "$THR_ROOT/bin/heartbeat.sh" "$UNIT"
/iopsstor/scratch/cscs/dthapa/system3_qwem_omni_8_28/omni_thr_fit/bin/worker.sh: line 79: 102064 Terminated              bash "$THR_ROOT/bin/heartbeat.sh" "$UNIT"
/iopsstor/scratch/cscs/dthapa/system3_qwem_omni_8_28/omni_thr_fit/bin/worker.sh: line 79: 150955 Terminated              bash "$THR_ROOT/bin/heartbeat.sh" "$UNIT"
/iopsstor/scratch/cscs/dthapa/system3_qwem_omni_8_28/omni_thr_fit/bin/worker.sh: line 79: 118814 Terminated              bash "$THR_ROOT/bin/heartbeat.sh" "$UNIT"
/iopsstor/scratch/cscs/dthapa/system3_qwem_omni_8_28/omni_thr_fit/bin/worker.sh: line 79: 118840 Terminated              bash "$THR_ROOT/bin/heartbeat.sh" "$UNIT"
/iopsstor/scratch/cscs/dthapa/system3_qwem_omni_8_28/omni_thr_fit/bin/worker.sh: line 79: 102103 Terminated              bash "$THR_ROOT/bin/heartbeat.sh" "$UNIT"
/iopsstor/scratch/cscs/dthapa/system3_qwem_omni_8_28/omni_thr_fit/bin/worker.sh: line 79: 247611 Terminated              bash "$THR_ROOT/bin/heartbeat.sh" "$UNIT"
/iopsstor/scratch/cscs/dthapa/system3_qwem_omni_8_28/omni_thr_fit/bin/worker.sh: line 79: 247632 Terminated              bash "$THR_ROOT/bin/heartbeat.sh" "$UNIT"
/iopsstor/scratch/cscs/dthapa/system3_qwem_omni_8_28/omni_thr_fit/bin/worker.sh: line 79: 102141 Terminated              bash "$THR_ROOT/bin/heartbeat.sh" "$UNIT"
/iopsstor/scratch/cscs/dthapa/system3_qwem_omni_8_28/omni_thr_fit/bin/worker.sh: line 79: 151009 Terminated              bash "$THR_ROOT/bin/heartbeat.sh" "$UNIT"
/iopsstor/scratch/cscs/dthapa/system3_qwem_omni_8_28/omni_thr_fit/bin/worker.sh: line 79: 118887 Terminated              bash "$THR_ROOT/bin/heartbeat.sh" "$UNIT"
/iopsstor/scratch/cscs/dthapa/system3_qwem_omni_8_28/omni_thr_fit/bin/worker.sh: line 79: 118912 Terminated              bash "$THR_ROOT/bin/heartbeat.sh" "$UNIT"
/iopsstor/scratch/cscs/dthapa/system3_qwem_omni_8_28/omni_thr_fit/bin/worker.sh: line 79: 247702 Terminated              bash "$THR_ROOT/bin/heartbeat.sh" "$UNIT"
/iopsstor/scratch/cscs/dthapa/system3_qwem_omni_8_28/omni_thr_fit/bin/worker.sh: line 79: 151053 Terminated              bash "$THR_ROOT/bin/heartbeat.sh" "$UNIT"
/iopsstor/scratch/cscs/dthapa/system3_qwem_omni_8_28/omni_thr_fit/bin/worker.sh: line 79: 102210 Terminated              bash "$THR_ROOT/bin/heartbeat.sh" "$UNIT"
/iopsstor/scratch/cscs/dthapa/system3_qwem_omni_8_28/omni_thr_fit/bin/worker.sh: line 79: 151096 Terminated              bash "$THR_ROOT/bin/heartbeat.sh" "$UNIT"
/iopsstor/scratch/cscs/dthapa/system3_qwem_omni_8_28/omni_thr_fit/bin/worker.sh: line 79: 247741 Terminated              bash "$THR_ROOT/bin/heartbeat.sh" "$UNIT"
/iopsstor/scratch/cscs/dthapa/system3_qwem_omni_8_28/omni_thr_fit/bin/worker.sh: line 79: 102254 Terminated              bash "$THR_ROOT/bin/heartbeat.sh" "$UNIT"
/iopsstor/scratch/cscs/dthapa/system3_qwem_omni_8_28/omni_thr_fit/bin/worker.sh: line 79: 118988 Terminated              bash "$THR_ROOT/bin/heartbeat.sh" "$UNIT"
/iopsstor/scratch/cscs/dthapa/system3_qwem_omni_8_28/omni_thr_fit/bin/worker.sh: line 79: 151134 Terminated              bash "$THR_ROOT/bin/heartbeat.sh" "$UNIT"
/iopsstor/scratch/cscs/dthapa/system3_qwem_omni_8_28/omni_thr_fit/bin/worker.sh: line 79: 119010 Terminated              bash "$THR_ROOT/bin/heartbeat.sh" "$UNIT"
/iopsstor/scratch/cscs/dthapa/system3_qwem_omni_8_28/omni_thr_fit/bin/worker.sh: line 79: 102293 Terminated              bash "$THR_ROOT/bin/heartbeat.sh" "$UNIT"
/iopsstor/scratch/cscs/dthapa/system3_qwem_omni_8_28/omni_thr_fit/bin/worker.sh: line 79: 247795 Terminated              bash "$THR_ROOT/bin/heartbeat.sh" "$UNIT"
/iopsstor/scratch/cscs/dthapa/system3_qwem_omni_8_28/omni_thr_fit/bin/worker.sh: line 79: 247816 Terminated              bash "$THR_ROOT/bin/heartbeat.sh" "$UNIT"
/iopsstor/scratch/cscs/dthapa/system3_qwem_omni_8_28/omni_thr_fit/bin/worker.sh: line 79: 102332 Terminated              bash "$THR_ROOT/bin/heartbeat.sh" "$UNIT"
/iopsstor/scratch/cscs/dthapa/system3_qwem_omni_8_28/omni_thr_fit/bin/worker.sh: line 79: 119063 Terminated              bash "$THR_ROOT/bin/heartbeat.sh" "$UNIT"
/iopsstor/scratch/cscs/dthapa/system3_qwem_omni_8_28/omni_thr_fit/bin/worker.sh: line 79: 151203 Terminated              bash "$THR_ROOT/bin/heartbeat.sh" "$UNIT"
/iopsstor/scratch/cscs/dthapa/system3_qwem_omni_8_28/omni_thr_fit/bin/worker.sh: line 79: 119087 Terminated              bash "$THR_ROOT/bin/heartbeat.sh" "$UNIT"
/iopsstor/scratch/cscs/dthapa/system3_qwem_omni_8_28/omni_thr_fit/bin/worker.sh: line 79: 247900 Terminated              bash "$THR_ROOT/bin/heartbeat.sh" "$UNIT"
/iopsstor/scratch/cscs/dthapa/system3_qwem_omni_8_28/omni_thr_fit/bin/worker.sh: line 79: 151247 Terminated              bash "$THR_ROOT/bin/heartbeat.sh" "$UNIT"
/iopsstor/scratch/cscs/dthapa/system3_qwem_omni_8_28/omni_thr_fit/bin/worker.sh: line 79: 102384 Terminated              bash "$THR_ROOT/bin/heartbeat.sh" "$UNIT"
/iopsstor/scratch/cscs/dthapa/system3_qwem_omni_8_28/omni_thr_fit/bin/worker.sh: line 79: 151286 Terminated              bash "$THR_ROOT/bin/heartbeat.sh" "$UNIT"
/iopsstor/scratch/cscs/dthapa/system3_qwem_omni_8_28/omni_thr_fit/bin/worker.sh: line 79: 247936 Terminated              bash "$THR_ROOT/bin/heartbeat.sh" "$UNIT"
/iopsstor/scratch/cscs/dthapa/system3_qwem_omni_8_28/omni_thr_fit/bin/worker.sh: line 79: 102428 Terminated              bash "$THR_ROOT/bin/heartbeat.sh" "$UNIT"
/iopsstor/scratch/cscs/dthapa/system3_qwem_omni_8_28/omni_thr_fit/bin/worker.sh: line 79: 119173 Terminated              bash "$THR_ROOT/bin/heartbeat.sh" "$UNIT"
/iopsstor/scratch/cscs/dthapa/system3_qwem_omni_8_28/omni_thr_fit/bin/worker.sh: line 79: 151324 Terminated              bash "$THR_ROOT/bin/heartbeat.sh" "$UNIT"
/iopsstor/scratch/cscs/dthapa/system3_qwem_omni_8_28/omni_thr_fit/bin/worker.sh: line 79: 119211 Terminated              bash "$THR_ROOT/bin/heartbeat.sh" "$UNIT"
/iopsstor/scratch/cscs/dthapa/system3_qwem_omni_8_28/omni_thr_fit/bin/worker.sh: line 79: 102467 Terminated              bash "$THR_ROOT/bin/heartbeat.sh" "$UNIT"
/iopsstor/scratch/cscs/dthapa/system3_qwem_omni_8_28/omni_thr_fit/bin/worker.sh: line 79: 247993 Terminated              bash "$THR_ROOT/bin/heartbeat.sh" "$UNIT"
/iopsstor/scratch/cscs/dthapa/system3_qwem_omni_8_28/omni_thr_fit/bin/worker.sh: line 79: 248014 Terminated              bash "$THR_ROOT/bin/heartbeat.sh" "$UNIT"
/iopsstor/scratch/cscs/dthapa/system3_qwem_omni_8_28/omni_thr_fit/bin/worker.sh: line 79: 119257 Terminated              bash "$THR_ROOT/bin/heartbeat.sh" "$UNIT"
/iopsstor/scratch/cscs/dthapa/system3_qwem_omni_8_28/omni_thr_fit/bin/worker.sh: line 79: 102505 Terminated              bash "$THR_ROOT/bin/heartbeat.sh" "$UNIT"
/iopsstor/scratch/cscs/dthapa/system3_qwem_omni_8_28/omni_thr_fit/bin/worker.sh: line 79: 151377 Terminated              bash "$THR_ROOT/bin/heartbeat.sh" "$UNIT"
/iopsstor/scratch/cscs/dthapa/system3_qwem_omni_8_28/omni_thr_fit/bin/worker.sh: line 79: 119282 Terminated              bash "$THR_ROOT/bin/heartbeat.sh" "$UNIT"
/iopsstor/scratch/cscs/dthapa/system3_qwem_omni_8_28/omni_thr_fit/bin/worker.sh: line 79: 248074 Terminated              bash "$THR_ROOT/bin/heartbeat.sh" "$UNIT"
/iopsstor/scratch/cscs/dthapa/system3_qwem_omni_8_28/omni_thr_fit/bin/worker.sh: line 79: 102557 Terminated              bash "$THR_ROOT/bin/heartbeat.sh" "$UNIT"
/iopsstor/scratch/cscs/dthapa/system3_qwem_omni_8_28/omni_thr_fit/bin/worker.sh: line 79: 151421 Terminated              bash "$THR_ROOT/bin/heartbeat.sh" "$UNIT"
/iopsstor/scratch/cscs/dthapa/system3_qwem_omni_8_28/omni_thr_fit/bin/worker.sh: line 79: 248112 Terminated              bash "$THR_ROOT/bin/heartbeat.sh" "$UNIT"
/iopsstor/scratch/cscs/dthapa/system3_qwem_omni_8_28/omni_thr_fit/bin/worker.sh: line 79: 151464 Terminated              bash "$THR_ROOT/bin/heartbeat.sh" "$UNIT"
/iopsstor/scratch/cscs/dthapa/system3_qwem_omni_8_28/omni_thr_fit/bin/worker.sh: line 79: 102601 Terminated              bash "$THR_ROOT/bin/heartbeat.sh" "$UNIT"
/iopsstor/scratch/cscs/dthapa/system3_qwem_omni_8_28/omni_thr_fit/bin/worker.sh: line 79: 119349 Terminated              bash "$THR_ROOT/bin/heartbeat.sh" "$UNIT"
/iopsstor/scratch/cscs/dthapa/system3_qwem_omni_8_28/omni_thr_fit/bin/worker.sh: line 79: 151498 Terminated              bash "$THR_ROOT/bin/heartbeat.sh" "$UNIT"
/iopsstor/scratch/cscs/dthapa/system3_qwem_omni_8_28/omni_thr_fit/bin/worker.sh: line 79: 102658 Terminated              bash "$THR_ROOT/bin/heartbeat.sh" "$UNIT"
/iopsstor/scratch/cscs/dthapa/system3_qwem_omni_8_28/omni_thr_fit/bin/worker.sh: line 79: 119381 Terminated              bash "$THR_ROOT/bin/heartbeat.sh" "$UNIT"
/iopsstor/scratch/cscs/dthapa/system3_qwem_omni_8_28/omni_thr_fit/bin/worker.sh: line 79: 248171 Terminated              bash "$THR_ROOT/bin/heartbeat.sh" "$UNIT"
/iopsstor/scratch/cscs/dthapa/system3_qwem_omni_8_28/omni_thr_fit/bin/worker.sh: line 79: 248192 Terminated              bash "$THR_ROOT/bin/heartbeat.sh" "$UNIT"
/iopsstor/scratch/cscs/dthapa/system3_qwem_omni_8_28/omni_thr_fit/bin/worker.sh: line 79: 102696 Terminated              bash "$THR_ROOT/bin/heartbeat.sh" "$UNIT"
/iopsstor/scratch/cscs/dthapa/system3_qwem_omni_8_28/omni_thr_fit/bin/worker.sh: line 79: 119428 Terminated              bash "$THR_ROOT/bin/heartbeat.sh" "$UNIT"
/iopsstor/scratch/cscs/dthapa/system3_qwem_omni_8_28/omni_thr_fit/bin/worker.sh: line 79: 151552 Terminated              bash "$THR_ROOT/bin/heartbeat.sh" "$UNIT"
/iopsstor/scratch/cscs/dthapa/system3_qwem_omni_8_28/omni_thr_fit/bin/worker.sh: line 79: 119464 Terminated              bash "$THR_ROOT/bin/heartbeat.sh" "$UNIT"
/iopsstor/scratch/cscs/dthapa/system3_qwem_omni_8_28/omni_thr_fit/bin/worker.sh: line 79: 248255 Terminated              bash "$THR_ROOT/bin/heartbeat.sh" "$UNIT"
/iopsstor/scratch/cscs/dthapa/system3_qwem_omni_8_28/omni_thr_fit/bin/worker.sh: line 79: 102748 Terminated              bash "$THR_ROOT/bin/heartbeat.sh" "$UNIT"
/iopsstor/scratch/cscs/dthapa/system3_qwem_omni_8_28/omni_thr_fit/bin/worker.sh: line 79: 151597 Terminated              bash "$THR_ROOT/bin/heartbeat.sh" "$UNIT"
/iopsstor/scratch/cscs/dthapa/system3_qwem_omni_8_28/omni_thr_fit/bin/worker.sh: line 79: 248310 Terminated              bash "$THR_ROOT/bin/heartbeat.sh" "$UNIT"
/iopsstor/scratch/cscs/dthapa/system3_qwem_omni_8_28/omni_thr_fit/bin/worker.sh: line 79: 151659 Terminated              bash "$THR_ROOT/bin/heartbeat.sh" "$UNIT"
/iopsstor/scratch/cscs/dthapa/system3_qwem_omni_8_28/omni_thr_fit/bin/worker.sh: line 79: 102792 Terminated              bash "$THR_ROOT/bin/heartbeat.sh" "$UNIT"
/iopsstor/scratch/cscs/dthapa/system3_qwem_omni_8_28/omni_thr_fit/bin/worker.sh: line 79: 119519 Terminated              bash "$THR_ROOT/bin/heartbeat.sh" "$UNIT"
/iopsstor/scratch/cscs/dthapa/system3_qwem_omni_8_28/omni_thr_fit/bin/worker.sh: line 79: 151695 Terminated              bash "$THR_ROOT/bin/heartbeat.sh" "$UNIT"
/iopsstor/scratch/cscs/dthapa/system3_qwem_omni_8_28/omni_thr_fit/bin/worker.sh: line 79: 119562 Terminated              bash "$THR_ROOT/bin/heartbeat.sh" "$UNIT"
/iopsstor/scratch/cscs/dthapa/system3_qwem_omni_8_28/omni_thr_fit/bin/worker.sh: line 79: 102834 Terminated              bash "$THR_ROOT/bin/heartbeat.sh" "$UNIT"
/iopsstor/scratch/cscs/dthapa/system3_qwem_omni_8_28/omni_thr_fit/bin/worker.sh: line 79: 248385 Terminated              bash "$THR_ROOT/bin/heartbeat.sh" "$UNIT"
/iopsstor/scratch/cscs/dthapa/system3_qwem_omni_8_28/omni_thr_fit/bin/worker.sh: line 79: 248403 Terminated              bash "$THR_ROOT/bin/heartbeat.sh" "$UNIT"
/iopsstor/scratch/cscs/dthapa/system3_qwem_omni_8_28/omni_thr_fit/bin/worker.sh: line 79: 102885 Terminated              bash "$THR_ROOT/bin/heartbeat.sh" "$UNIT"
/iopsstor/scratch/cscs/dthapa/system3_qwem_omni_8_28/omni_thr_fit/bin/worker.sh: line 79: 151748 Terminated              bash "$THR_ROOT/bin/heartbeat.sh" "$UNIT"
/iopsstor/scratch/cscs/dthapa/system3_qwem_omni_8_28/omni_thr_fit/bin/worker.sh: line 79: 119605 Terminated              bash "$THR_ROOT/bin/heartbeat.sh" "$UNIT"
/iopsstor/scratch/cscs/dthapa/system3_qwem_omni_8_28/omni_thr_fit/bin/worker.sh: line 79: 119657 Terminated              bash "$THR_ROOT/bin/heartbeat.sh" "$UNIT"
/iopsstor/scratch/cscs/dthapa/system3_qwem_omni_8_28/omni_thr_fit/bin/worker.sh: line 79: 248468 Terminated              bash "$THR_ROOT/bin/heartbeat.sh" "$UNIT"
/iopsstor/scratch/cscs/dthapa/system3_qwem_omni_8_28/omni_thr_fit/bin/worker.sh: line 79: 102957 Terminated              bash "$THR_ROOT/bin/heartbeat.sh" "$UNIT"
/iopsstor/scratch/cscs/dthapa/system3_qwem_omni_8_28/omni_thr_fit/bin/worker.sh: line 79: 151792 Terminated              bash "$THR_ROOT/bin/heartbeat.sh" "$UNIT"
/iopsstor/scratch/cscs/dthapa/system3_qwem_omni_8_28/omni_thr_fit/bin/worker.sh: line 79: 248507 Terminated              bash "$THR_ROOT/bin/heartbeat.sh" "$UNIT"
/iopsstor/scratch/cscs/dthapa/system3_qwem_omni_8_28/omni_thr_fit/bin/worker.sh: line 79: 151835 Terminated              bash "$THR_ROOT/bin/heartbeat.sh" "$UNIT"
/iopsstor/scratch/cscs/dthapa/system3_qwem_omni_8_28/omni_thr_fit/bin/worker.sh: line 79: 103029 Terminated              bash "$THR_ROOT/bin/heartbeat.sh" "$UNIT"
/iopsstor/scratch/cscs/dthapa/system3_qwem_omni_8_28/omni_thr_fit/bin/worker.sh: line 79: 119732 Terminated              bash "$THR_ROOT/bin/heartbeat.sh" "$UNIT"
/iopsstor/scratch/cscs/dthapa/system3_qwem_omni_8_28/omni_thr_fit/bin/worker.sh: line 79: 103094 Terminated              bash "$THR_ROOT/bin/heartbeat.sh" "$UNIT"
/iopsstor/scratch/cscs/dthapa/system3_qwem_omni_8_28/omni_thr_fit/bin/worker.sh: line 79: 151876 Terminated              bash "$THR_ROOT/bin/heartbeat.sh" "$UNIT"
/iopsstor/scratch/cscs/dthapa/system3_qwem_omni_8_28/omni_thr_fit/bin/worker.sh: line 79: 119778 Terminated              bash "$THR_ROOT/bin/heartbeat.sh" "$UNIT"
/iopsstor/scratch/cscs/dthapa/system3_qwem_omni_8_28/omni_thr_fit/bin/worker.sh: line 79: 248566 Terminated              bash "$THR_ROOT/bin/heartbeat.sh" "$UNIT"
/iopsstor/scratch/cscs/dthapa/system3_qwem_omni_8_28/omni_thr_fit/bin/worker.sh: line 79: 248587 Terminated              bash "$THR_ROOT/bin/heartbeat.sh" "$UNIT"
/iopsstor/scratch/cscs/dthapa/system3_qwem_omni_8_28/omni_thr_fit/bin/worker.sh: line 79: 103128 Terminated              bash "$THR_ROOT/bin/heartbeat.sh" "$UNIT"
/iopsstor/scratch/cscs/dthapa/system3_qwem_omni_8_28/omni_thr_fit/bin/worker.sh: line 79: 151925 Terminated              bash "$THR_ROOT/bin/heartbeat.sh" "$UNIT"
/iopsstor/scratch/cscs/dthapa/system3_qwem_omni_8_28/omni_thr_fit/bin/worker.sh: line 79: 119825 Terminated              bash "$THR_ROOT/bin/heartbeat.sh" "$UNIT"
/iopsstor/scratch/cscs/dthapa/system3_qwem_omni_8_28/omni_thr_fit/bin/worker.sh: line 79: 119850 Terminated              bash "$THR_ROOT/bin/heartbeat.sh" "$UNIT"
/iopsstor/scratch/cscs/dthapa/system3_qwem_omni_8_28/omni_thr_fit/bin/worker.sh: line 79: 103198 Terminated              bash "$THR_ROOT/bin/heartbeat.sh" "$UNIT"
/iopsstor/scratch/cscs/dthapa/system3_qwem_omni_8_28/omni_thr_fit/bin/worker.sh: line 79: 151973 Terminated              bash "$THR_ROOT/bin/heartbeat.sh" "$UNIT"
/iopsstor/scratch/cscs/dthapa/system3_qwem_omni_8_28/omni_thr_fit/bin/worker.sh: line 79: 248652 Terminated              bash "$THR_ROOT/bin/heartbeat.sh" "$UNIT"
/iopsstor/scratch/cscs/dthapa/system3_qwem_omni_8_28/omni_thr_fit/bin/worker.sh: line 79: 248691 Terminated              bash "$THR_ROOT/bin/heartbeat.sh" "$UNIT"
/iopsstor/scratch/cscs/dthapa/system3_qwem_omni_8_28/omni_thr_fit/bin/worker.sh: line 79: 103242 Terminated              bash "$THR_ROOT/bin/heartbeat.sh" "$UNIT"
/iopsstor/scratch/cscs/dthapa/system3_qwem_omni_8_28/omni_thr_fit/bin/worker.sh: line 79: 152014 Terminated              bash "$THR_ROOT/bin/heartbeat.sh" "$UNIT"
/iopsstor/scratch/cscs/dthapa/system3_qwem_omni_8_28/omni_thr_fit/bin/worker.sh: line 79: 119913 Terminated              bash "$THR_ROOT/bin/heartbeat.sh" "$UNIT"
/iopsstor/scratch/cscs/dthapa/system3_qwem_omni_8_28/omni_thr_fit/bin/worker.sh: line 79: 103281 Terminated              bash "$THR_ROOT/bin/heartbeat.sh" "$UNIT"
/iopsstor/scratch/cscs/dthapa/system3_qwem_omni_8_28/omni_thr_fit/bin/worker.sh: line 79: 152052 Terminated              bash "$THR_ROOT/bin/heartbeat.sh" "$UNIT"
/iopsstor/scratch/cscs/dthapa/system3_qwem_omni_8_28/omni_thr_fit/bin/worker.sh: line 79: 119955 Terminated              bash "$THR_ROOT/bin/heartbeat.sh" "$UNIT"
/iopsstor/scratch/cscs/dthapa/system3_qwem_omni_8_28/omni_thr_fit/bin/worker.sh: line 79: 248749 Terminated              bash "$THR_ROOT/bin/heartbeat.sh" "$UNIT"
/iopsstor/scratch/cscs/dthapa/system3_qwem_omni_8_28/omni_thr_fit/bin/worker.sh: line 79: 103318 Terminated              bash "$THR_ROOT/bin/heartbeat.sh" "$UNIT"
/iopsstor/scratch/cscs/dthapa/system3_qwem_omni_8_28/omni_thr_fit/bin/worker.sh: line 79: 248771 Terminated              bash "$THR_ROOT/bin/heartbeat.sh" "$UNIT"
/iopsstor/scratch/cscs/dthapa/system3_qwem_omni_8_28/omni_thr_fit/bin/worker.sh: line 79: 152123 Terminated              bash "$THR_ROOT/bin/heartbeat.sh" "$UNIT"
/iopsstor/scratch/cscs/dthapa/system3_qwem_omni_8_28/omni_thr_fit/bin/worker.sh: line 79: 120004 Terminated              bash "$THR_ROOT/bin/heartbeat.sh" "$UNIT"
/iopsstor/scratch/cscs/dthapa/system3_qwem_omni_8_28/omni_thr_fit/bin/worker.sh: line 79: 103372 Terminated              bash "$THR_ROOT/bin/heartbeat.sh" "$UNIT"
/iopsstor/scratch/cscs/dthapa/system3_qwem_omni_8_28/omni_thr_fit/bin/worker.sh: line 79: 248856 Terminated              bash "$THR_ROOT/bin/heartbeat.sh" "$UNIT"
/iopsstor/scratch/cscs/dthapa/system3_qwem_omni_8_28/omni_thr_fit/bin/worker.sh: line 79: 120025 Terminated              bash "$THR_ROOT/bin/heartbeat.sh" "$UNIT"
/iopsstor/scratch/cscs/dthapa/system3_qwem_omni_8_28/omni_thr_fit/bin/worker.sh: line 79: 152167 Terminated              bash "$THR_ROOT/bin/heartbeat.sh" "$UNIT"
/iopsstor/scratch/cscs/dthapa/system3_qwem_omni_8_28/omni_thr_fit/bin/worker.sh: line 79: 103417 Terminated              bash "$THR_ROOT/bin/heartbeat.sh" "$UNIT"
/iopsstor/scratch/cscs/dthapa/system3_qwem_omni_8_28/omni_thr_fit/bin/worker.sh: line 79: 248884 Terminated              bash "$THR_ROOT/bin/heartbeat.sh" "$UNIT"
/iopsstor/scratch/cscs/dthapa/system3_qwem_omni_8_28/omni_thr_fit/bin/worker.sh: line 79: 152210 Terminated              bash "$THR_ROOT/bin/heartbeat.sh" "$UNIT"
/iopsstor/scratch/cscs/dthapa/system3_qwem_omni_8_28/omni_thr_fit/bin/worker.sh: line 79: 120118 Terminated              bash "$THR_ROOT/bin/heartbeat.sh" "$UNIT"
/iopsstor/scratch/cscs/dthapa/system3_qwem_omni_8_28/omni_thr_fit/bin/worker.sh: line 79: 103456 Terminated              bash "$THR_ROOT/bin/heartbeat.sh" "$UNIT"
/iopsstor/scratch/cscs/dthapa/system3_qwem_omni_8_28/omni_thr_fit/bin/worker.sh: line 79: 120137 Terminated              bash "$THR_ROOT/bin/heartbeat.sh" "$UNIT"
/iopsstor/scratch/cscs/dthapa/system3_qwem_omni_8_28/omni_thr_fit/bin/worker.sh: line 79: 152248 Terminated              bash "$THR_ROOT/bin/heartbeat.sh" "$UNIT"
/iopsstor/scratch/cscs/dthapa/system3_qwem_omni_8_28/omni_thr_fit/bin/worker.sh: line 79: 248951 Terminated              bash "$THR_ROOT/bin/heartbeat.sh" "$UNIT"
/iopsstor/scratch/cscs/dthapa/system3_qwem_omni_8_28/omni_thr_fit/bin/worker.sh: line 79: 103494 Terminated              bash "$THR_ROOT/bin/heartbeat.sh" "$UNIT"
/iopsstor/scratch/cscs/dthapa/system3_qwem_omni_8_28/omni_thr_fit/bin/worker.sh: line 79: 248974 Terminated              bash "$THR_ROOT/bin/heartbeat.sh" "$UNIT"
/iopsstor/scratch/cscs/dthapa/system3_qwem_omni_8_28/omni_thr_fit/bin/worker.sh: line 79: 120194 Terminated              bash "$THR_ROOT/bin/heartbeat.sh" "$UNIT"
/iopsstor/scratch/cscs/dthapa/system3_qwem_omni_8_28/omni_thr_fit/bin/worker.sh: line 79: 152300 Terminated              bash "$THR_ROOT/bin/heartbeat.sh" "$UNIT"
/iopsstor/scratch/cscs/dthapa/system3_qwem_omni_8_28/omni_thr_fit/bin/worker.sh: line 79: 103546 Terminated              bash "$THR_ROOT/bin/heartbeat.sh" "$UNIT"
/iopsstor/scratch/cscs/dthapa/system3_qwem_omni_8_28/omni_thr_fit/bin/worker.sh: line 79: 249033 Terminated              bash "$THR_ROOT/bin/heartbeat.sh" "$UNIT"
/iopsstor/scratch/cscs/dthapa/system3_qwem_omni_8_28/omni_thr_fit/bin/worker.sh: line 79: 120231 Terminated              bash "$THR_ROOT/bin/heartbeat.sh" "$UNIT"
/iopsstor/scratch/cscs/dthapa/system3_qwem_omni_8_28/omni_thr_fit/bin/worker.sh: line 79: 152366 Terminated              bash "$THR_ROOT/bin/heartbeat.sh" "$UNIT"
/iopsstor/scratch/cscs/dthapa/system3_qwem_omni_8_28/omni_thr_fit/bin/worker.sh: line 79: 103590 Terminated              bash "$THR_ROOT/bin/heartbeat.sh" "$UNIT"
/iopsstor/scratch/cscs/dthapa/system3_qwem_omni_8_28/omni_thr_fit/bin/worker.sh: line 79: 249074 Terminated              bash "$THR_ROOT/bin/heartbeat.sh" "$UNIT"
/iopsstor/scratch/cscs/dthapa/system3_qwem_omni_8_28/omni_thr_fit/bin/worker.sh: line 79: 152409 Terminated              bash "$THR_ROOT/bin/heartbeat.sh" "$UNIT"
/iopsstor/scratch/cscs/dthapa/system3_qwem_omni_8_28/omni_thr_fit/bin/worker.sh: line 79: 120285 Terminated              bash "$THR_ROOT/bin/heartbeat.sh" "$UNIT"
/iopsstor/scratch/cscs/dthapa/system3_qwem_omni_8_28/omni_thr_fit/bin/worker.sh: line 79: 103647 Terminated              bash "$THR_ROOT/bin/heartbeat.sh" "$UNIT"
/iopsstor/scratch/cscs/dthapa/system3_qwem_omni_8_28/omni_thr_fit/bin/worker.sh: line 79: 120311 Terminated              bash "$THR_ROOT/bin/heartbeat.sh" "$UNIT"
/iopsstor/scratch/cscs/dthapa/system3_qwem_omni_8_28/omni_thr_fit/bin/worker.sh: line 79: 152444 Terminated              bash "$THR_ROOT/bin/heartbeat.sh" "$UNIT"
/iopsstor/scratch/cscs/dthapa/system3_qwem_omni_8_28/omni_thr_fit/bin/worker.sh: line 79: 249130 Terminated              bash "$THR_ROOT/bin/heartbeat.sh" "$UNIT"
/iopsstor/scratch/cscs/dthapa/system3_qwem_omni_8_28/omni_thr_fit/bin/worker.sh: line 79: 103685 Terminated              bash "$THR_ROOT/bin/heartbeat.sh" "$UNIT"
/iopsstor/scratch/cscs/dthapa/system3_qwem_omni_8_28/omni_thr_fit/bin/worker.sh: line 79: 249153 Terminated              bash "$THR_ROOT/bin/heartbeat.sh" "$UNIT"
/iopsstor/scratch/cscs/dthapa/system3_qwem_omni_8_28/omni_thr_fit/bin/worker.sh: line 79: 120367 Terminated              bash "$THR_ROOT/bin/heartbeat.sh" "$UNIT"
/iopsstor/scratch/cscs/dthapa/system3_qwem_omni_8_28/omni_thr_fit/bin/worker.sh: line 79: 152496 Terminated              bash "$THR_ROOT/bin/heartbeat.sh" "$UNIT"
/iopsstor/scratch/cscs/dthapa/system3_qwem_omni_8_28/omni_thr_fit/bin/worker.sh: line 79: 103738 Terminated              bash "$THR_ROOT/bin/heartbeat.sh" "$UNIT"
/iopsstor/scratch/cscs/dthapa/system3_qwem_omni_8_28/omni_thr_fit/bin/worker.sh: line 79: 120405 Terminated              bash "$THR_ROOT/bin/heartbeat.sh" "$UNIT"
/iopsstor/scratch/cscs/dthapa/system3_qwem_omni_8_28/omni_thr_fit/bin/worker.sh: line 79: 249215 Terminated              bash "$THR_ROOT/bin/heartbeat.sh" "$UNIT"
/iopsstor/scratch/cscs/dthapa/system3_qwem_omni_8_28/omni_thr_fit/bin/worker.sh: line 79: 152558 Terminated              bash "$THR_ROOT/bin/heartbeat.sh" "$UNIT"
/iopsstor/scratch/cscs/dthapa/system3_qwem_omni_8_28/omni_thr_fit/bin/worker.sh: line 79: 103782 Terminated              bash "$THR_ROOT/bin/heartbeat.sh" "$UNIT"
/iopsstor/scratch/cscs/dthapa/system3_qwem_omni_8_28/omni_thr_fit/bin/worker.sh: line 79: 249273 Terminated              bash "$THR_ROOT/bin/heartbeat.sh" "$UNIT"
/iopsstor/scratch/cscs/dthapa/system3_qwem_omni_8_28/omni_thr_fit/bin/worker.sh: line 79: 152601 Terminated              bash "$THR_ROOT/bin/heartbeat.sh" "$UNIT"
/iopsstor/scratch/cscs/dthapa/system3_qwem_omni_8_28/omni_thr_fit/bin/worker.sh: line 79: 120458 Terminated              bash "$THR_ROOT/bin/heartbeat.sh" "$UNIT"
/iopsstor/scratch/cscs/dthapa/system3_qwem_omni_8_28/omni_thr_fit/bin/worker.sh: line 79: 103825 Terminated              bash "$THR_ROOT/bin/heartbeat.sh" "$UNIT"
/iopsstor/scratch/cscs/dthapa/system3_qwem_omni_8_28/omni_thr_fit/bin/worker.sh: line 79: 152639 Terminated              bash "$THR_ROOT/bin/heartbeat.sh" "$UNIT"
/iopsstor/scratch/cscs/dthapa/system3_qwem_omni_8_28/omni_thr_fit/bin/worker.sh: line 79: 120488 Terminated              bash "$THR_ROOT/bin/heartbeat.sh" "$UNIT"
/iopsstor/scratch/cscs/dthapa/system3_qwem_omni_8_28/omni_thr_fit/bin/worker.sh: line 79: 249330 Terminated              bash "$THR_ROOT/bin/heartbeat.sh" "$UNIT"
/iopsstor/scratch/cscs/dthapa/system3_qwem_omni_8_28/omni_thr_fit/bin/worker.sh: line 79: 249352 Terminated              bash "$THR_ROOT/bin/heartbeat.sh" "$UNIT"
/iopsstor/scratch/cscs/dthapa/system3_qwem_omni_8_28/omni_thr_fit/bin/worker.sh: line 79: 103859 Terminated              bash "$THR_ROOT/bin/heartbeat.sh" "$UNIT"
/iopsstor/scratch/cscs/dthapa/system3_qwem_omni_8_28/omni_thr_fit/bin/worker.sh: line 79: 120557 Terminated              bash "$THR_ROOT/bin/heartbeat.sh" "$UNIT"
/iopsstor/scratch/cscs/dthapa/system3_qwem_omni_8_28/omni_thr_fit/bin/worker.sh: line 79: 152691 Terminated              bash "$THR_ROOT/bin/heartbeat.sh" "$UNIT"
/iopsstor/scratch/cscs/dthapa/system3_qwem_omni_8_28/omni_thr_fit/bin/worker.sh: line 79: 103911 Terminated              bash "$THR_ROOT/bin/heartbeat.sh" "$UNIT"
/iopsstor/scratch/cscs/dthapa/system3_qwem_omni_8_28/omni_thr_fit/bin/worker.sh: line 79: 120596 Terminated              bash "$THR_ROOT/bin/heartbeat.sh" "$UNIT"
/iopsstor/scratch/cscs/dthapa/system3_qwem_omni_8_28/omni_thr_fit/bin/worker.sh: line 79: 249414 Terminated              bash "$THR_ROOT/bin/heartbeat.sh" "$UNIT"
/iopsstor/scratch/cscs/dthapa/system3_qwem_omni_8_28/omni_thr_fit/bin/worker.sh: line 79: 152735 Terminated              bash "$THR_ROOT/bin/heartbeat.sh" "$UNIT"
/iopsstor/scratch/cscs/dthapa/system3_qwem_omni_8_28/omni_thr_fit/bin/worker.sh: line 79: 103955 Terminated              bash "$THR_ROOT/bin/heartbeat.sh" "$UNIT"
/iopsstor/scratch/cscs/dthapa/system3_qwem_omni_8_28/omni_thr_fit/bin/worker.sh: line 79: 249452 Terminated              bash "$THR_ROOT/bin/heartbeat.sh" "$UNIT"
/iopsstor/scratch/cscs/dthapa/system3_qwem_omni_8_28/omni_thr_fit/bin/worker.sh: line 79: 120649 Terminated              bash "$THR_ROOT/bin/heartbeat.sh" "$UNIT"
/iopsstor/scratch/cscs/dthapa/system3_qwem_omni_8_28/omni_thr_fit/bin/worker.sh: line 79: 152774 Terminated              bash "$THR_ROOT/bin/heartbeat.sh" "$UNIT"
/iopsstor/scratch/cscs/dthapa/system3_qwem_omni_8_28/omni_thr_fit/bin/worker.sh: line 79: 103998 Terminated              bash "$THR_ROOT/bin/heartbeat.sh" "$UNIT"
/iopsstor/scratch/cscs/dthapa/system3_qwem_omni_8_28/omni_thr_fit/bin/worker.sh: line 79: 152812 Terminated              bash "$THR_ROOT/bin/heartbeat.sh" "$UNIT"
/iopsstor/scratch/cscs/dthapa/system3_qwem_omni_8_28/omni_thr_fit/bin/worker.sh: line 79: 120689 Terminated              bash "$THR_ROOT/bin/heartbeat.sh" "$UNIT"
/iopsstor/scratch/cscs/dthapa/system3_qwem_omni_8_28/omni_thr_fit/bin/worker.sh: line 79: 249510 Terminated              bash "$THR_ROOT/bin/heartbeat.sh" "$UNIT"
/iopsstor/scratch/cscs/dthapa/system3_qwem_omni_8_28/omni_thr_fit/bin/worker.sh: line 79: 249533 Terminated              bash "$THR_ROOT/bin/heartbeat.sh" "$UNIT"
/iopsstor/scratch/cscs/dthapa/system3_qwem_omni_8_28/omni_thr_fit/bin/worker.sh: line 79: 104032 Terminated              bash "$THR_ROOT/bin/heartbeat.sh" "$UNIT"
/iopsstor/scratch/cscs/dthapa/system3_qwem_omni_8_28/omni_thr_fit/bin/worker.sh: line 79: 120732 Terminated              bash "$THR_ROOT/bin/heartbeat.sh" "$UNIT"
/iopsstor/scratch/cscs/dthapa/system3_qwem_omni_8_28/omni_thr_fit/bin/worker.sh: line 79: 152864 Terminated              bash "$THR_ROOT/bin/heartbeat.sh" "$UNIT"
/iopsstor/scratch/cscs/dthapa/system3_qwem_omni_8_28/omni_thr_fit/bin/worker.sh: line 79: 104102 Terminated              bash "$THR_ROOT/bin/heartbeat.sh" "$UNIT"
/iopsstor/scratch/cscs/dthapa/system3_qwem_omni_8_28/omni_thr_fit/bin/worker.sh: line 79: 120771 Terminated              bash "$THR_ROOT/bin/heartbeat.sh" "$UNIT"
/iopsstor/scratch/cscs/dthapa/system3_qwem_omni_8_28/omni_thr_fit/bin/worker.sh: line 79: 249593 Terminated              bash "$THR_ROOT/bin/heartbeat.sh" "$UNIT"
/iopsstor/scratch/cscs/dthapa/system3_qwem_omni_8_28/omni_thr_fit/bin/worker.sh: line 79: 152908 Terminated              bash "$THR_ROOT/bin/heartbeat.sh" "$UNIT"
/iopsstor/scratch/cscs/dthapa/system3_qwem_omni_8_28/omni_thr_fit/bin/worker.sh: line 79: 104146 Terminated              bash "$THR_ROOT/bin/heartbeat.sh" "$UNIT"
/iopsstor/scratch/cscs/dthapa/system3_qwem_omni_8_28/omni_thr_fit/bin/worker.sh: line 79: 249633 Terminated              bash "$THR_ROOT/bin/heartbeat.sh" "$UNIT"
/iopsstor/scratch/cscs/dthapa/system3_qwem_omni_8_28/omni_thr_fit/bin/worker.sh: line 79: 152951 Terminated              bash "$THR_ROOT/bin/heartbeat.sh" "$UNIT"
/iopsstor/scratch/cscs/dthapa/system3_qwem_omni_8_28/omni_thr_fit/bin/worker.sh: line 79: 120824 Terminated              bash "$THR_ROOT/bin/heartbeat.sh" "$UNIT"
/iopsstor/scratch/cscs/dthapa/system3_qwem_omni_8_28/omni_thr_fit/bin/worker.sh: line 79: 104189 Terminated              bash "$THR_ROOT/bin/heartbeat.sh" "$UNIT"
/iopsstor/scratch/cscs/dthapa/system3_qwem_omni_8_28/omni_thr_fit/bin/worker.sh: line 79: 153005 Terminated              bash "$THR_ROOT/bin/heartbeat.sh" "$UNIT"
/iopsstor/scratch/cscs/dthapa/system3_qwem_omni_8_28/omni_thr_fit/bin/worker.sh: line 79: 120864 Terminated              bash "$THR_ROOT/bin/heartbeat.sh" "$UNIT"
/iopsstor/scratch/cscs/dthapa/system3_qwem_omni_8_28/omni_thr_fit/bin/worker.sh: line 79: 249689 Terminated              bash "$THR_ROOT/bin/heartbeat.sh" "$UNIT"
/iopsstor/scratch/cscs/dthapa/system3_qwem_omni_8_28/omni_thr_fit/bin/worker.sh: line 79: 249712 Terminated              bash "$THR_ROOT/bin/heartbeat.sh" "$UNIT"
/iopsstor/scratch/cscs/dthapa/system3_qwem_omni_8_28/omni_thr_fit/bin/worker.sh: line 79: 104223 Terminated              bash "$THR_ROOT/bin/heartbeat.sh" "$UNIT"
/iopsstor/scratch/cscs/dthapa/system3_qwem_omni_8_28/omni_thr_fit/bin/worker.sh: line 79: 153057 Terminated              bash "$THR_ROOT/bin/heartbeat.sh" "$UNIT"
/iopsstor/scratch/cscs/dthapa/system3_qwem_omni_8_28/omni_thr_fit/bin/worker.sh: line 79: 120911 Terminated              bash "$THR_ROOT/bin/heartbeat.sh" "$UNIT"
/iopsstor/scratch/cscs/dthapa/system3_qwem_omni_8_28/omni_thr_fit/bin/worker.sh: line 79: 120943 Terminated              bash "$THR_ROOT/bin/heartbeat.sh" "$UNIT"
/iopsstor/scratch/cscs/dthapa/system3_qwem_omni_8_28/omni_thr_fit/bin/worker.sh: line 79: 104275 Terminated              bash "$THR_ROOT/bin/heartbeat.sh" "$UNIT"
/iopsstor/scratch/cscs/dthapa/system3_qwem_omni_8_28/omni_thr_fit/bin/worker.sh: line 79: 249794 Terminated              bash "$THR_ROOT/bin/heartbeat.sh" "$UNIT"
/iopsstor/scratch/cscs/dthapa/system3_qwem_omni_8_28/omni_thr_fit/bin/worker.sh: line 79: 153101 Terminated              bash "$THR_ROOT/bin/heartbeat.sh" "$UNIT"
/iopsstor/scratch/cscs/dthapa/system3_qwem_omni_8_28/omni_thr_fit/bin/worker.sh: line 79: 104319 Terminated              bash "$THR_ROOT/bin/heartbeat.sh" "$UNIT"
/iopsstor/scratch/cscs/dthapa/system3_qwem_omni_8_28/omni_thr_fit/bin/worker.sh: line 79: 249826 Terminated              bash "$THR_ROOT/bin/heartbeat.sh" "$UNIT"
/iopsstor/scratch/cscs/dthapa/system3_qwem_omni_8_28/omni_thr_fit/bin/worker.sh: line 79: 121020 Terminated              bash "$THR_ROOT/bin/heartbeat.sh" "$UNIT"
/iopsstor/scratch/cscs/dthapa/system3_qwem_omni_8_28/omni_thr_fit/bin/worker.sh: line 79: 153144 Terminated              bash "$THR_ROOT/bin/heartbeat.sh" "$UNIT"
/iopsstor/scratch/cscs/dthapa/system3_qwem_omni_8_28/omni_thr_fit/bin/worker.sh: line 79: 104362 Terminated              bash "$THR_ROOT/bin/heartbeat.sh" "$UNIT"
/iopsstor/scratch/cscs/dthapa/system3_qwem_omni_8_28/omni_thr_fit/bin/worker.sh: line 79: 121063 Terminated              bash "$THR_ROOT/bin/heartbeat.sh" "$UNIT"
/iopsstor/scratch/cscs/dthapa/system3_qwem_omni_8_28/omni_thr_fit/bin/worker.sh: line 79: 153182 Terminated              bash "$THR_ROOT/bin/heartbeat.sh" "$UNIT"
/iopsstor/scratch/cscs/dthapa/system3_qwem_omni_8_28/omni_thr_fit/bin/worker.sh: line 79: 249890 Terminated              bash "$THR_ROOT/bin/heartbeat.sh" "$UNIT"
/iopsstor/scratch/cscs/dthapa/system3_qwem_omni_8_28/omni_thr_fit/bin/worker.sh: line 79: 249907 Terminated              bash "$THR_ROOT/bin/heartbeat.sh" "$UNIT"
/iopsstor/scratch/cscs/dthapa/system3_qwem_omni_8_28/omni_thr_fit/bin/worker.sh: line 79: 104400 Terminated              bash "$THR_ROOT/bin/heartbeat.sh" "$UNIT"
/iopsstor/scratch/cscs/dthapa/system3_qwem_omni_8_28/omni_thr_fit/bin/worker.sh: line 79: 121115 Terminated              bash "$THR_ROOT/bin/heartbeat.sh" "$UNIT"
/iopsstor/scratch/cscs/dthapa/system3_qwem_omni_8_28/omni_thr_fit/bin/worker.sh: line 79: 153235 Terminated              bash "$THR_ROOT/bin/heartbeat.sh" "$UNIT"
/iopsstor/scratch/cscs/dthapa/system3_qwem_omni_8_28/omni_thr_fit/bin/worker.sh: line 79: 121132 Terminated              bash "$THR_ROOT/bin/heartbeat.sh" "$UNIT"
/iopsstor/scratch/cscs/dthapa/system3_qwem_omni_8_28/omni_thr_fit/bin/worker.sh: line 79: 104448 Terminated              bash "$THR_ROOT/bin/heartbeat.sh" "$UNIT"
/iopsstor/scratch/cscs/dthapa/system3_qwem_omni_8_28/omni_thr_fit/bin/worker.sh: line 79: 249973 Terminated              bash "$THR_ROOT/bin/heartbeat.sh" "$UNIT"
/iopsstor/scratch/cscs/dthapa/system3_qwem_omni_8_28/omni_thr_fit/bin/worker.sh: line 79: 153278 Terminated              bash "$THR_ROOT/bin/heartbeat.sh" "$UNIT"
/iopsstor/scratch/cscs/dthapa/system3_qwem_omni_8_28/omni_thr_fit/bin/worker.sh: line 79: 104492 Terminated              bash "$THR_ROOT/bin/heartbeat.sh" "$UNIT"
/iopsstor/scratch/cscs/dthapa/system3_qwem_omni_8_28/omni_thr_fit/bin/worker.sh: line 79: 250015 Terminated              bash "$THR_ROOT/bin/heartbeat.sh" "$UNIT"
/iopsstor/scratch/cscs/dthapa/system3_qwem_omni_8_28/omni_thr_fit/bin/worker.sh: line 79: 121195 Terminated              bash "$THR_ROOT/bin/heartbeat.sh" "$UNIT"
/iopsstor/scratch/cscs/dthapa/system3_qwem_omni_8_28/omni_thr_fit/bin/worker.sh: line 79: 153317 Terminated              bash "$THR_ROOT/bin/heartbeat.sh" "$UNIT"
/iopsstor/scratch/cscs/dthapa/system3_qwem_omni_8_28/omni_thr_fit/bin/worker.sh: line 79: 104552 Terminated              bash "$THR_ROOT/bin/heartbeat.sh" "$UNIT"
/iopsstor/scratch/cscs/dthapa/system3_qwem_omni_8_28/omni_thr_fit/bin/worker.sh: line 79: 121233 Terminated              bash "$THR_ROOT/bin/heartbeat.sh" "$UNIT"
/iopsstor/scratch/cscs/dthapa/system3_qwem_omni_8_28/omni_thr_fit/bin/worker.sh: line 79: 153355 Terminated              bash "$THR_ROOT/bin/heartbeat.sh" "$UNIT"
/iopsstor/scratch/cscs/dthapa/system3_qwem_omni_8_28/omni_thr_fit/bin/worker.sh: line 79: 250075 Terminated              bash "$THR_ROOT/bin/heartbeat.sh" "$UNIT"
/iopsstor/scratch/cscs/dthapa/system3_qwem_omni_8_28/omni_thr_fit/bin/worker.sh: line 79: 250121 Terminated              bash "$THR_ROOT/bin/heartbeat.sh" "$UNIT"
/iopsstor/scratch/cscs/dthapa/system3_qwem_omni_8_28/omni_thr_fit/bin/worker.sh: line 79: 104591 Terminated              bash "$THR_ROOT/bin/heartbeat.sh" "$UNIT"
/iopsstor/scratch/cscs/dthapa/system3_qwem_omni_8_28/omni_thr_fit/bin/worker.sh: line 79: 121288 Terminated              bash "$THR_ROOT/bin/heartbeat.sh" "$UNIT"
/iopsstor/scratch/cscs/dthapa/system3_qwem_omni_8_28/omni_thr_fit/bin/worker.sh: line 79: 121305 Terminated              bash "$THR_ROOT/bin/heartbeat.sh" "$UNIT"
/iopsstor/scratch/cscs/dthapa/system3_qwem_omni_8_28/omni_thr_fit/bin/worker.sh: line 79: 153408 Terminated              bash "$THR_ROOT/bin/heartbeat.sh" "$UNIT"
/iopsstor/scratch/cscs/dthapa/system3_qwem_omni_8_28/omni_thr_fit/bin/worker.sh: line 79: 104644 Terminated              bash "$THR_ROOT/bin/heartbeat.sh" "$UNIT"
/iopsstor/scratch/cscs/dthapa/system3_qwem_omni_8_28/omni_thr_fit/bin/worker.sh: line 79: 250186 Terminated              bash "$THR_ROOT/bin/heartbeat.sh" "$UNIT"
/iopsstor/scratch/cscs/dthapa/system3_qwem_omni_8_28/omni_thr_fit/bin/worker.sh: line 79: 153470 Terminated              bash "$THR_ROOT/bin/heartbeat.sh" "$UNIT"
/iopsstor/scratch/cscs/dthapa/system3_qwem_omni_8_28/omni_thr_fit/bin/worker.sh: line 79: 104687 Terminated              bash "$THR_ROOT/bin/heartbeat.sh" "$UNIT"
/iopsstor/scratch/cscs/dthapa/system3_qwem_omni_8_28/omni_thr_fit/bin/worker.sh: line 79: 250244 Terminated              bash "$THR_ROOT/bin/heartbeat.sh" "$UNIT"
/iopsstor/scratch/cscs/dthapa/system3_qwem_omni_8_28/omni_thr_fit/bin/worker.sh: line 79: 121368 Terminated              bash "$THR_ROOT/bin/heartbeat.sh" "$UNIT"
/iopsstor/scratch/cscs/dthapa/system3_qwem_omni_8_28/omni_thr_fit/bin/worker.sh: line 79: 153513 Terminated              bash "$THR_ROOT/bin/heartbeat.sh" "$UNIT"
/iopsstor/scratch/cscs/dthapa/system3_qwem_omni_8_28/omni_thr_fit/bin/worker.sh: line 79: 104726 Terminated              bash "$THR_ROOT/bin/heartbeat.sh" "$UNIT"
/iopsstor/scratch/cscs/dthapa/system3_qwem_omni_8_28/omni_thr_fit/bin/worker.sh: line 79: 121412 Terminated              bash "$THR_ROOT/bin/heartbeat.sh" "$UNIT"
/iopsstor/scratch/cscs/dthapa/system3_qwem_omni_8_28/omni_thr_fit/bin/worker.sh: line 79: 153547 Terminated              bash "$THR_ROOT/bin/heartbeat.sh" "$UNIT"
/iopsstor/scratch/cscs/dthapa/system3_qwem_omni_8_28/omni_thr_fit/bin/worker.sh: line 79: 250302 Terminated              bash "$THR_ROOT/bin/heartbeat.sh" "$UNIT"
/iopsstor/scratch/cscs/dthapa/system3_qwem_omni_8_28/omni_thr_fit/bin/worker.sh: line 79: 104764 Terminated              bash "$THR_ROOT/bin/heartbeat.sh" "$UNIT"
/iopsstor/scratch/cscs/dthapa/system3_qwem_omni_8_28/omni_thr_fit/bin/worker.sh: line 79: 250319 Terminated              bash "$THR_ROOT/bin/heartbeat.sh" "$UNIT"
/iopsstor/scratch/cscs/dthapa/system3_qwem_omni_8_28/omni_thr_fit/bin/worker.sh: line 79: 121483 Terminated              bash "$THR_ROOT/bin/heartbeat.sh" "$UNIT"
/iopsstor/scratch/cscs/dthapa/system3_qwem_omni_8_28/omni_thr_fit/bin/worker.sh: line 79: 153600 Terminated              bash "$THR_ROOT/bin/heartbeat.sh" "$UNIT"
/iopsstor/scratch/cscs/dthapa/system3_qwem_omni_8_28/omni_thr_fit/bin/worker.sh: line 79: 121499 Terminated              bash "$THR_ROOT/bin/heartbeat.sh" "$UNIT"
/iopsstor/scratch/cscs/dthapa/system3_qwem_omni_8_28/omni_thr_fit/bin/worker.sh: line 79: 104817 Terminated              bash "$THR_ROOT/bin/heartbeat.sh" "$UNIT"
/iopsstor/scratch/cscs/dthapa/system3_qwem_omni_8_28/omni_thr_fit/bin/worker.sh: line 79: 250384 Terminated              bash "$THR_ROOT/bin/heartbeat.sh" "$UNIT"
/iopsstor/scratch/cscs/dthapa/system3_qwem_omni_8_28/omni_thr_fit/bin/worker.sh: line 79: 153645 Terminated              bash "$THR_ROOT/bin/heartbeat.sh" "$UNIT"
/iopsstor/scratch/cscs/dthapa/system3_qwem_omni_8_28/omni_thr_fit/bin/worker.sh: line 79: 104861 Terminated              bash "$THR_ROOT/bin/heartbeat.sh" "$UNIT"
/iopsstor/scratch/cscs/dthapa/system3_qwem_omni_8_28/omni_thr_fit/bin/worker.sh: line 79: 250424 Terminated              bash "$THR_ROOT/bin/heartbeat.sh" "$UNIT"
/iopsstor/scratch/cscs/dthapa/system3_qwem_omni_8_28/omni_thr_fit/bin/worker.sh: line 79: 121564 Terminated              bash "$THR_ROOT/bin/heartbeat.sh" "$UNIT"
/iopsstor/scratch/cscs/dthapa/system3_qwem_omni_8_28/omni_thr_fit/bin/worker.sh: line 79: 153688 Terminated              bash "$THR_ROOT/bin/heartbeat.sh" "$UNIT"
/iopsstor/scratch/cscs/dthapa/system3_qwem_omni_8_28/omni_thr_fit/bin/worker.sh: line 79: 104900 Terminated              bash "$THR_ROOT/bin/heartbeat.sh" "$UNIT"
/iopsstor/scratch/cscs/dthapa/system3_qwem_omni_8_28/omni_thr_fit/bin/worker.sh: line 79: 121602 Terminated              bash "$THR_ROOT/bin/heartbeat.sh" "$UNIT"
/iopsstor/scratch/cscs/dthapa/system3_qwem_omni_8_28/omni_thr_fit/bin/worker.sh: line 79: 153722 Terminated              bash "$THR_ROOT/bin/heartbeat.sh" "$UNIT"
/iopsstor/scratch/cscs/dthapa/system3_qwem_omni_8_28/omni_thr_fit/bin/worker.sh: line 79: 250483 Terminated              bash "$THR_ROOT/bin/heartbeat.sh" "$UNIT"
/iopsstor/scratch/cscs/dthapa/system3_qwem_omni_8_28/omni_thr_fit/bin/worker.sh: line 79: 104938 Terminated              bash "$THR_ROOT/bin/heartbeat.sh" "$UNIT"
/iopsstor/scratch/cscs/dthapa/system3_qwem_omni_8_28/omni_thr_fit/bin/worker.sh: line 79: 250504 Terminated              bash "$THR_ROOT/bin/heartbeat.sh" "$UNIT"
/iopsstor/scratch/cscs/dthapa/system3_qwem_omni_8_28/omni_thr_fit/bin/worker.sh: line 79: 121658 Terminated              bash "$THR_ROOT/bin/heartbeat.sh" "$UNIT"
/iopsstor/scratch/cscs/dthapa/system3_qwem_omni_8_28/omni_thr_fit/bin/worker.sh: line 79: 121679 Terminated              bash "$THR_ROOT/bin/heartbeat.sh" "$UNIT"
/iopsstor/scratch/cscs/dthapa/system3_qwem_omni_8_28/omni_thr_fit/bin/worker.sh: line 79: 153775 Terminated              bash "$THR_ROOT/bin/heartbeat.sh" "$UNIT"
/iopsstor/scratch/cscs/dthapa/system3_qwem_omni_8_28/omni_thr_fit/bin/worker.sh: line 79: 105009 Terminated              bash "$THR_ROOT/bin/heartbeat.sh" "$UNIT"
/iopsstor/scratch/cscs/dthapa/system3_qwem_omni_8_28/omni_thr_fit/bin/worker.sh: line 79: 250563 Terminated              bash "$THR_ROOT/bin/heartbeat.sh" "$UNIT"
/iopsstor/scratch/cscs/dthapa/system3_qwem_omni_8_28/omni_thr_fit/bin/worker.sh: line 79: 153818 Terminated              bash "$THR_ROOT/bin/heartbeat.sh" "$UNIT"
/iopsstor/scratch/cscs/dthapa/system3_qwem_omni_8_28/omni_thr_fit/bin/worker.sh: line 79: 105052 Terminated              bash "$THR_ROOT/bin/heartbeat.sh" "$UNIT"
/iopsstor/scratch/cscs/dthapa/system3_qwem_omni_8_28/omni_thr_fit/bin/worker.sh: line 79: 250604 Terminated              bash "$THR_ROOT/bin/heartbeat.sh" "$UNIT"
/iopsstor/scratch/cscs/dthapa/system3_qwem_omni_8_28/omni_thr_fit/bin/worker.sh: line 79: 121738 Terminated              bash "$THR_ROOT/bin/heartbeat.sh" "$UNIT"
/iopsstor/scratch/cscs/dthapa/system3_qwem_omni_8_28/omni_thr_fit/bin/worker.sh: line 79: 153861 Terminated              bash "$THR_ROOT/bin/heartbeat.sh" "$UNIT"
/iopsstor/scratch/cscs/dthapa/system3_qwem_omni_8_28/omni_thr_fit/bin/worker.sh: line 79: 105095 Terminated              bash "$THR_ROOT/bin/heartbeat.sh" "$UNIT"
/iopsstor/scratch/cscs/dthapa/system3_qwem_omni_8_28/omni_thr_fit/bin/worker.sh: line 79: 121776 Terminated              bash "$THR_ROOT/bin/heartbeat.sh" "$UNIT"
/iopsstor/scratch/cscs/dthapa/system3_qwem_omni_8_28/omni_thr_fit/bin/worker.sh: line 79: 153918 Terminated              bash "$THR_ROOT/bin/heartbeat.sh" "$UNIT"
/iopsstor/scratch/cscs/dthapa/system3_qwem_omni_8_28/omni_thr_fit/bin/worker.sh: line 79: 250661 Terminated              bash "$THR_ROOT/bin/heartbeat.sh" "$UNIT"
/iopsstor/scratch/cscs/dthapa/system3_qwem_omni_8_28/omni_thr_fit/bin/worker.sh: line 79: 250710 Terminated              bash "$THR_ROOT/bin/heartbeat.sh" "$UNIT"
/iopsstor/scratch/cscs/dthapa/system3_qwem_omni_8_28/omni_thr_fit/bin/worker.sh: line 79: 105129 Terminated              bash "$THR_ROOT/bin/heartbeat.sh" "$UNIT"
/iopsstor/scratch/cscs/dthapa/system3_qwem_omni_8_28/omni_thr_fit/bin/worker.sh: line 79: 121831 Terminated              bash "$THR_ROOT/bin/heartbeat.sh" "$UNIT"
/iopsstor/scratch/cscs/dthapa/system3_qwem_omni_8_28/omni_thr_fit/bin/worker.sh: line 79: 121848 Terminated              bash "$THR_ROOT/bin/heartbeat.sh" "$UNIT"
/iopsstor/scratch/cscs/dthapa/system3_qwem_omni_8_28/omni_thr_fit/bin/worker.sh: line 79: 153971 Terminated              bash "$THR_ROOT/bin/heartbeat.sh" "$UNIT"
/iopsstor/scratch/cscs/dthapa/system3_qwem_omni_8_28/omni_thr_fit/bin/worker.sh: line 79: 105204 Terminated              bash "$THR_ROOT/bin/heartbeat.sh" "$UNIT"
/iopsstor/scratch/cscs/dthapa/system3_qwem_omni_8_28/omni_thr_fit/bin/worker.sh: line 79: 250768 Terminated              bash "$THR_ROOT/bin/heartbeat.sh" "$UNIT"
/iopsstor/scratch/cscs/dthapa/system3_qwem_omni_8_28/omni_thr_fit/bin/worker.sh: line 79: 154014 Terminated              bash "$THR_ROOT/bin/heartbeat.sh" "$UNIT"
/iopsstor/scratch/cscs/dthapa/system3_qwem_omni_8_28/omni_thr_fit/bin/worker.sh: line 79: 105247 Terminated              bash "$THR_ROOT/bin/heartbeat.sh" "$UNIT"
/iopsstor/scratch/cscs/dthapa/system3_qwem_omni_8_28/omni_thr_fit/bin/worker.sh: line 79: 250807 Terminated              bash "$THR_ROOT/bin/heartbeat.sh" "$UNIT"
/iopsstor/scratch/cscs/dthapa/system3_qwem_omni_8_28/omni_thr_fit/bin/worker.sh: line 79: 154053 Terminated              bash "$THR_ROOT/bin/heartbeat.sh" "$UNIT"
/iopsstor/scratch/cscs/dthapa/system3_qwem_omni_8_28/omni_thr_fit/bin/worker.sh: line 79: 121930 Terminated              bash "$THR_ROOT/bin/heartbeat.sh" "$UNIT"
/iopsstor/scratch/cscs/dthapa/system3_qwem_omni_8_28/omni_thr_fit/bin/worker.sh: line 79: 105290 Terminated              bash "$THR_ROOT/bin/heartbeat.sh" "$UNIT"
/iopsstor/scratch/cscs/dthapa/system3_qwem_omni_8_28/omni_thr_fit/bin/worker.sh: line 79: 121968 Terminated              bash "$THR_ROOT/bin/heartbeat.sh" "$UNIT"
/iopsstor/scratch/cscs/dthapa/system3_qwem_omni_8_28/omni_thr_fit/bin/worker.sh: line 79: 250864 Terminated              bash "$THR_ROOT/bin/heartbeat.sh" "$UNIT"
/iopsstor/scratch/cscs/dthapa/system3_qwem_omni_8_28/omni_thr_fit/bin/worker.sh: line 79: 154093 Terminated              bash "$THR_ROOT/bin/heartbeat.sh" "$UNIT"
/iopsstor/scratch/cscs/dthapa/system3_qwem_omni_8_28/omni_thr_fit/bin/worker.sh: line 79: 105324 Terminated              bash "$THR_ROOT/bin/heartbeat.sh" "$UNIT"
/iopsstor/scratch/cscs/dthapa/system3_qwem_omni_8_28/omni_thr_fit/bin/worker.sh: line 79: 250885 Terminated              bash "$THR_ROOT/bin/heartbeat.sh" "$UNIT"
/iopsstor/scratch/cscs/dthapa/system3_qwem_omni_8_28/omni_thr_fit/bin/worker.sh: line 79: 122023 Terminated              bash "$THR_ROOT/bin/heartbeat.sh" "$UNIT"
/iopsstor/scratch/cscs/dthapa/system3_qwem_omni_8_28/omni_thr_fit/bin/worker.sh: line 79: 154146 Terminated              bash "$THR_ROOT/bin/heartbeat.sh" "$UNIT"
/iopsstor/scratch/cscs/dthapa/system3_qwem_omni_8_28/omni_thr_fit/bin/worker.sh: line 79: 105377 Terminated              bash "$THR_ROOT/bin/heartbeat.sh" "$UNIT"
/iopsstor/scratch/cscs/dthapa/system3_qwem_omni_8_28/omni_thr_fit/bin/worker.sh: line 79: 122044 Terminated              bash "$THR_ROOT/bin/heartbeat.sh" "$UNIT"
/iopsstor/scratch/cscs/dthapa/system3_qwem_omni_8_28/omni_thr_fit/bin/worker.sh: line 79: 250943 Terminated              bash "$THR_ROOT/bin/heartbeat.sh" "$UNIT"
/iopsstor/scratch/cscs/dthapa/system3_qwem_omni_8_28/omni_thr_fit/bin/worker.sh: line 79: 154189 Terminated              bash "$THR_ROOT/bin/heartbeat.sh" "$UNIT"
/iopsstor/scratch/cscs/dthapa/system3_qwem_omni_8_28/omni_thr_fit/bin/worker.sh: line 79: 105439 Terminated              bash "$THR_ROOT/bin/heartbeat.sh" "$UNIT"
/iopsstor/scratch/cscs/dthapa/system3_qwem_omni_8_28/omni_thr_fit/bin/worker.sh: line 79: 250982 Terminated              bash "$THR_ROOT/bin/heartbeat.sh" "$UNIT"
/iopsstor/scratch/cscs/dthapa/system3_qwem_omni_8_28/omni_thr_fit/bin/worker.sh: line 79: 122115 Terminated              bash "$THR_ROOT/bin/heartbeat.sh" "$UNIT"
/iopsstor/scratch/cscs/dthapa/system3_qwem_omni_8_28/omni_thr_fit/bin/worker.sh: line 79: 154228 Terminated              bash "$THR_ROOT/bin/heartbeat.sh" "$UNIT"
/iopsstor/scratch/cscs/dthapa/system3_qwem_omni_8_28/omni_thr_fit/bin/worker.sh: line 79: 105482 Terminated              bash "$THR_ROOT/bin/heartbeat.sh" "$UNIT"
/iopsstor/scratch/cscs/dthapa/system3_qwem_omni_8_28/omni_thr_fit/bin/worker.sh: line 79: 122143 Terminated              bash "$THR_ROOT/bin/heartbeat.sh" "$UNIT"
/iopsstor/scratch/cscs/dthapa/system3_qwem_omni_8_28/omni_thr_fit/bin/worker.sh: line 79: 251039 Terminated              bash "$THR_ROOT/bin/heartbeat.sh" "$UNIT"
/iopsstor/scratch/cscs/dthapa/system3_qwem_omni_8_28/omni_thr_fit/bin/worker.sh: line 79: 154266 Terminated              bash "$THR_ROOT/bin/heartbeat.sh" "$UNIT"
/iopsstor/scratch/cscs/dthapa/system3_qwem_omni_8_28/omni_thr_fit/bin/worker.sh: line 79: 251061 Terminated              bash "$THR_ROOT/bin/heartbeat.sh" "$UNIT"
/iopsstor/scratch/cscs/dthapa/system3_qwem_omni_8_28/omni_thr_fit/bin/worker.sh: line 79: 105518 Terminated              bash "$THR_ROOT/bin/heartbeat.sh" "$UNIT"
/iopsstor/scratch/cscs/dthapa/system3_qwem_omni_8_28/omni_thr_fit/bin/worker.sh: line 79: 122190 Terminated              bash "$THR_ROOT/bin/heartbeat.sh" "$UNIT"
/iopsstor/scratch/cscs/dthapa/system3_qwem_omni_8_28/omni_thr_fit/bin/worker.sh: line 79: 154337 Terminated              bash "$THR_ROOT/bin/heartbeat.sh" "$UNIT"
/iopsstor/scratch/cscs/dthapa/system3_qwem_omni_8_28/omni_thr_fit/bin/worker.sh: line 79: 105571 Terminated              bash "$THR_ROOT/bin/heartbeat.sh" "$UNIT"
/iopsstor/scratch/cscs/dthapa/system3_qwem_omni_8_28/omni_thr_fit/bin/worker.sh: line 79: 122226 Terminated              bash "$THR_ROOT/bin/heartbeat.sh" "$UNIT"
/iopsstor/scratch/cscs/dthapa/system3_qwem_omni_8_28/omni_thr_fit/bin/worker.sh: line 79: 251122 Terminated              bash "$THR_ROOT/bin/heartbeat.sh" "$UNIT"
/iopsstor/scratch/cscs/dthapa/system3_qwem_omni_8_28/omni_thr_fit/bin/worker.sh: line 79: 154380 Terminated              bash "$THR_ROOT/bin/heartbeat.sh" "$UNIT"
/iopsstor/scratch/cscs/dthapa/system3_qwem_omni_8_28/omni_thr_fit/bin/worker.sh: line 79: 105614 Terminated              bash "$THR_ROOT/bin/heartbeat.sh" "$UNIT"
/iopsstor/scratch/cscs/dthapa/system3_qwem_omni_8_28/omni_thr_fit/bin/worker.sh: line 79: 251183 Terminated              bash "$THR_ROOT/bin/heartbeat.sh" "$UNIT"
/iopsstor/scratch/cscs/dthapa/system3_qwem_omni_8_28/omni_thr_fit/bin/worker.sh: line 79: 122281 Terminated              bash "$THR_ROOT/bin/heartbeat.sh" "$UNIT"
/iopsstor/scratch/cscs/dthapa/system3_qwem_omni_8_28/omni_thr_fit/bin/worker.sh: line 79: 154423 Terminated              bash "$THR_ROOT/bin/heartbeat.sh" "$UNIT"
/iopsstor/scratch/cscs/dthapa/system3_qwem_omni_8_28/omni_thr_fit/bin/worker.sh: line 79: 105657 Terminated              bash "$THR_ROOT/bin/heartbeat.sh" "$UNIT"
/iopsstor/scratch/cscs/dthapa/system3_qwem_omni_8_28/omni_thr_fit/bin/worker.sh: line 79: 122343 Terminated              bash "$THR_ROOT/bin/heartbeat.sh" "$UNIT"
/iopsstor/scratch/cscs/dthapa/system3_qwem_omni_8_28/omni_thr_fit/bin/worker.sh: line 79: 251240 Terminated              bash "$THR_ROOT/bin/heartbeat.sh" "$UNIT"
/iopsstor/scratch/cscs/dthapa/system3_qwem_omni_8_28/omni_thr_fit/bin/worker.sh: line 79: 154457 Terminated              bash "$THR_ROOT/bin/heartbeat.sh" "$UNIT"
/iopsstor/scratch/cscs/dthapa/system3_qwem_omni_8_28/omni_thr_fit/bin/worker.sh: line 79: 251261 Terminated              bash "$THR_ROOT/bin/heartbeat.sh" "$UNIT"
/iopsstor/scratch/cscs/dthapa/system3_qwem_omni_8_28/omni_thr_fit/bin/worker.sh: line 79: 105691 Terminated              bash "$THR_ROOT/bin/heartbeat.sh" "$UNIT"
/iopsstor/scratch/cscs/dthapa/system3_qwem_omni_8_28/omni_thr_fit/bin/worker.sh: line 79: 122385 Terminated              bash "$THR_ROOT/bin/heartbeat.sh" "$UNIT"
/iopsstor/scratch/cscs/dthapa/system3_qwem_omni_8_28/omni_thr_fit/bin/worker.sh: line 79: 154528 Terminated              bash "$THR_ROOT/bin/heartbeat.sh" "$UNIT"
/iopsstor/scratch/cscs/dthapa/system3_qwem_omni_8_28/omni_thr_fit/bin/worker.sh: line 79: 105744 Terminated              bash "$THR_ROOT/bin/heartbeat.sh" "$UNIT"
/iopsstor/scratch/cscs/dthapa/system3_qwem_omni_8_28/omni_thr_fit/bin/worker.sh: line 79: 122422 Terminated              bash "$THR_ROOT/bin/heartbeat.sh" "$UNIT"
/iopsstor/scratch/cscs/dthapa/system3_qwem_omni_8_28/omni_thr_fit/bin/worker.sh: line 79: 251329 Terminated              bash "$THR_ROOT/bin/heartbeat.sh" "$UNIT"
/iopsstor/scratch/cscs/dthapa/system3_qwem_omni_8_28/omni_thr_fit/bin/worker.sh: line 79: 154571 Terminated              bash "$THR_ROOT/bin/heartbeat.sh" "$UNIT"
/iopsstor/scratch/cscs/dthapa/system3_qwem_omni_8_28/omni_thr_fit/bin/worker.sh: line 79: 105788 Terminated              bash "$THR_ROOT/bin/heartbeat.sh" "$UNIT"
/iopsstor/scratch/cscs/dthapa/system3_qwem_omni_8_28/omni_thr_fit/bin/worker.sh: line 79: 251366 Terminated              bash "$THR_ROOT/bin/heartbeat.sh" "$UNIT"
/iopsstor/scratch/cscs/dthapa/system3_qwem_omni_8_28/omni_thr_fit/bin/worker.sh: line 79: 122476 Terminated              bash "$THR_ROOT/bin/heartbeat.sh" "$UNIT"
/iopsstor/scratch/cscs/dthapa/system3_qwem_omni_8_28/omni_thr_fit/bin/worker.sh: line 79: 154614 Terminated              bash "$THR_ROOT/bin/heartbeat.sh" "$UNIT"
/iopsstor/scratch/cscs/dthapa/system3_qwem_omni_8_28/omni_thr_fit/bin/worker.sh: line 79: 105831 Terminated              bash "$THR_ROOT/bin/heartbeat.sh" "$UNIT"
/iopsstor/scratch/cscs/dthapa/system3_qwem_omni_8_28/omni_thr_fit/bin/worker.sh: line 79: 251424 Terminated              bash "$THR_ROOT/bin/heartbeat.sh" "$UNIT"
/iopsstor/scratch/cscs/dthapa/system3_qwem_omni_8_28/omni_thr_fit/bin/worker.sh: line 79: 122519 Terminated              bash "$THR_ROOT/bin/heartbeat.sh" "$UNIT"
/iopsstor/scratch/cscs/dthapa/system3_qwem_omni_8_28/omni_thr_fit/bin/worker.sh: line 79: 154647 Terminated              bash "$THR_ROOT/bin/heartbeat.sh" "$UNIT"
/iopsstor/scratch/cscs/dthapa/system3_qwem_omni_8_28/omni_thr_fit/bin/worker.sh: line 79: 251445 Terminated              bash "$THR_ROOT/bin/heartbeat.sh" "$UNIT"
/iopsstor/scratch/cscs/dthapa/system3_qwem_omni_8_28/omni_thr_fit/bin/worker.sh: line 79: 105892 Terminated              bash "$THR_ROOT/bin/heartbeat.sh" "$UNIT"
/iopsstor/scratch/cscs/dthapa/system3_qwem_omni_8_28/omni_thr_fit/bin/worker.sh: line 79: 122562 Terminated              bash "$THR_ROOT/bin/heartbeat.sh" "$UNIT"
/iopsstor/scratch/cscs/dthapa/system3_qwem_omni_8_28/omni_thr_fit/bin/worker.sh: line 79: 122592 Terminated              bash "$THR_ROOT/bin/heartbeat.sh" "$UNIT"
/iopsstor/scratch/cscs/dthapa/system3_qwem_omni_8_28/omni_thr_fit/bin/worker.sh: line 79: 154701 Terminated              bash "$THR_ROOT/bin/heartbeat.sh" "$UNIT"
/iopsstor/scratch/cscs/dthapa/system3_qwem_omni_8_28/omni_thr_fit/bin/worker.sh: line 79: 105937 Terminated              bash "$THR_ROOT/bin/heartbeat.sh" "$UNIT"
/iopsstor/scratch/cscs/dthapa/system3_qwem_omni_8_28/omni_thr_fit/bin/worker.sh: line 79: 251505 Terminated              bash "$THR_ROOT/bin/heartbeat.sh" "$UNIT"
/iopsstor/scratch/cscs/dthapa/system3_qwem_omni_8_28/omni_thr_fit/bin/worker.sh: line 79: 154745 Terminated              bash "$THR_ROOT/bin/heartbeat.sh" "$UNIT"
/iopsstor/scratch/cscs/dthapa/system3_qwem_omni_8_28/omni_thr_fit/bin/worker.sh: line 79: 251546 Terminated              bash "$THR_ROOT/bin/heartbeat.sh" "$UNIT"
/iopsstor/scratch/cscs/dthapa/system3_qwem_omni_8_28/omni_thr_fit/bin/worker.sh: line 79: 105982 Terminated              bash "$THR_ROOT/bin/heartbeat.sh" "$UNIT"
/iopsstor/scratch/cscs/dthapa/system3_qwem_omni_8_28/omni_thr_fit/bin/worker.sh: line 79: 106025 Terminated              bash "$THR_ROOT/bin/heartbeat.sh" "$UNIT"
/iopsstor/scratch/cscs/dthapa/system3_qwem_omni_8_28/omni_thr_fit/bin/worker.sh: line 79: 154806 Terminated              bash "$THR_ROOT/bin/heartbeat.sh" "$UNIT"
/iopsstor/scratch/cscs/dthapa/system3_qwem_omni_8_28/omni_thr_fit/bin/worker.sh: line 79: 122657 Terminated              bash "$THR_ROOT/bin/heartbeat.sh" "$UNIT"
/iopsstor/scratch/cscs/dthapa/system3_qwem_omni_8_28/omni_thr_fit/bin/worker.sh: line 79: 251602 Terminated              bash "$THR_ROOT/bin/heartbeat.sh" "$UNIT"
/iopsstor/scratch/cscs/dthapa/system3_qwem_omni_8_28/omni_thr_fit/bin/worker.sh: line 79: 122698 Terminated              bash "$THR_ROOT/bin/heartbeat.sh" "$UNIT"
/iopsstor/scratch/cscs/dthapa/system3_qwem_omni_8_28/omni_thr_fit/bin/worker.sh: line 79: 251641 Terminated              bash "$THR_ROOT/bin/heartbeat.sh" "$UNIT"
/iopsstor/scratch/cscs/dthapa/system3_qwem_omni_8_28/omni_thr_fit/bin/worker.sh: line 79: 154844 Terminated              bash "$THR_ROOT/bin/heartbeat.sh" "$UNIT"
/iopsstor/scratch/cscs/dthapa/system3_qwem_omni_8_28/omni_thr_fit/bin/worker.sh: line 79: 106068 Terminated              bash "$THR_ROOT/bin/heartbeat.sh" "$UNIT"
/iopsstor/scratch/cscs/dthapa/system3_qwem_omni_8_28/omni_thr_fit/bin/worker.sh: line 79: 122748 Terminated              bash "$THR_ROOT/bin/heartbeat.sh" "$UNIT"
/iopsstor/scratch/cscs/dthapa/system3_qwem_omni_8_28/omni_thr_fit/bin/worker.sh: line 79: 154897 Terminated              bash "$THR_ROOT/bin/heartbeat.sh" "$UNIT"
/iopsstor/scratch/cscs/dthapa/system3_qwem_omni_8_28/omni_thr_fit/bin/worker.sh: line 79: 106112 Terminated              bash "$THR_ROOT/bin/heartbeat.sh" "$UNIT"
/iopsstor/scratch/cscs/dthapa/system3_qwem_omni_8_28/omni_thr_fit/bin/worker.sh: line 79: 251699 Terminated              bash "$THR_ROOT/bin/heartbeat.sh" "$UNIT"
/iopsstor/scratch/cscs/dthapa/system3_qwem_omni_8_28/omni_thr_fit/bin/worker.sh: line 79: 122769 Terminated              bash "$THR_ROOT/bin/heartbeat.sh" "$UNIT"
/iopsstor/scratch/cscs/dthapa/system3_qwem_omni_8_28/omni_thr_fit/bin/worker.sh: line 79: 154940 Terminated              bash "$THR_ROOT/bin/heartbeat.sh" "$UNIT"
/iopsstor/scratch/cscs/dthapa/system3_qwem_omni_8_28/omni_thr_fit/bin/worker.sh: line 79: 251739 Terminated              bash "$THR_ROOT/bin/heartbeat.sh" "$UNIT"
/iopsstor/scratch/cscs/dthapa/system3_qwem_omni_8_28/omni_thr_fit/bin/worker.sh: line 79: 106160 Terminated              bash "$THR_ROOT/bin/heartbeat.sh" "$UNIT"
/iopsstor/scratch/cscs/dthapa/system3_qwem_omni_8_28/omni_thr_fit/bin/worker.sh: line 79: 106190 Terminated              bash "$THR_ROOT/bin/heartbeat.sh" "$UNIT"
/iopsstor/scratch/cscs/dthapa/system3_qwem_omni_8_28/omni_thr_fit/bin/worker.sh: line 79: 154979 Terminated              bash "$THR_ROOT/bin/heartbeat.sh" "$UNIT"
/iopsstor/scratch/cscs/dthapa/system3_qwem_omni_8_28/omni_thr_fit/bin/worker.sh: line 79: 122859 Terminated              bash "$THR_ROOT/bin/heartbeat.sh" "$UNIT"
/iopsstor/scratch/cscs/dthapa/system3_qwem_omni_8_28/omni_thr_fit/bin/worker.sh: line 79: 251800 Terminated              bash "$THR_ROOT/bin/heartbeat.sh" "$UNIT"
/iopsstor/scratch/cscs/dthapa/system3_qwem_omni_8_28/omni_thr_fit/bin/worker.sh: line 79: 251821 Terminated              bash "$THR_ROOT/bin/heartbeat.sh" "$UNIT"
/iopsstor/scratch/cscs/dthapa/system3_qwem_omni_8_28/omni_thr_fit/bin/worker.sh: line 79: 155017 Terminated              bash "$THR_ROOT/bin/heartbeat.sh" "$UNIT"
/iopsstor/scratch/cscs/dthapa/system3_qwem_omni_8_28/omni_thr_fit/bin/worker.sh: line 79: 122887 Terminated              bash "$THR_ROOT/bin/heartbeat.sh" "$UNIT"
/iopsstor/scratch/cscs/dthapa/system3_qwem_omni_8_28/omni_thr_fit/bin/worker.sh: line 79: 106253 Terminated              bash "$THR_ROOT/bin/heartbeat.sh" "$UNIT"
/iopsstor/scratch/cscs/dthapa/system3_qwem_omni_8_28/omni_thr_fit/bin/worker.sh: line 79: 122938 Terminated              bash "$THR_ROOT/bin/heartbeat.sh" "$UNIT"
/iopsstor/scratch/cscs/dthapa/system3_qwem_omni_8_28/omni_thr_fit/bin/worker.sh: line 79: 155073 Terminated              bash "$THR_ROOT/bin/heartbeat.sh" "$UNIT"
/iopsstor/scratch/cscs/dthapa/system3_qwem_omni_8_28/omni_thr_fit/bin/worker.sh: line 79: 106295 Terminated              bash "$THR_ROOT/bin/heartbeat.sh" "$UNIT"
/iopsstor/scratch/cscs/dthapa/system3_qwem_omni_8_28/omni_thr_fit/bin/worker.sh: line 79: 251887 Terminated              bash "$THR_ROOT/bin/heartbeat.sh" "$UNIT"
/iopsstor/scratch/cscs/dthapa/system3_qwem_omni_8_28/omni_thr_fit/bin/worker.sh: line 79: 122963 Terminated              bash "$THR_ROOT/bin/heartbeat.sh" "$UNIT"
/iopsstor/scratch/cscs/dthapa/system3_qwem_omni_8_28/omni_thr_fit/bin/worker.sh: line 79: 155117 Terminated              bash "$THR_ROOT/bin/heartbeat.sh" "$UNIT"
/iopsstor/scratch/cscs/dthapa/system3_qwem_omni_8_28/omni_thr_fit/bin/worker.sh: line 79: 251925 Terminated              bash "$THR_ROOT/bin/heartbeat.sh" "$UNIT"
/iopsstor/scratch/cscs/dthapa/system3_qwem_omni_8_28/omni_thr_fit/bin/worker.sh: line 79: 106380 Terminated              bash "$THR_ROOT/bin/heartbeat.sh" "$UNIT"
/iopsstor/scratch/cscs/dthapa/system3_qwem_omni_8_28/omni_thr_fit/bin/worker.sh: line 79: 155156 Terminated              bash "$THR_ROOT/bin/heartbeat.sh" "$UNIT"
/iopsstor/scratch/cscs/dthapa/system3_qwem_omni_8_28/omni_thr_fit/bin/worker.sh: line 79: 123030 Terminated              bash "$THR_ROOT/bin/heartbeat.sh" "$UNIT"
/iopsstor/scratch/cscs/dthapa/system3_qwem_omni_8_28/omni_thr_fit/bin/worker.sh: line 79: 251981 Terminated              bash "$THR_ROOT/bin/heartbeat.sh" "$UNIT"
/iopsstor/scratch/cscs/dthapa/system3_qwem_omni_8_28/omni_thr_fit/bin/worker.sh: line 79: 106371 Terminated              bash "$THR_ROOT/bin/heartbeat.sh" "$UNIT"
/iopsstor/scratch/cscs/dthapa/system3_qwem_omni_8_28/omni_thr_fit/bin/worker.sh: line 79: 252005 Terminated              bash "$THR_ROOT/bin/heartbeat.sh" "$UNIT"
/iopsstor/scratch/cscs/dthapa/system3_qwem_omni_8_28/omni_thr_fit/bin/worker.sh: line 79: 155199 Terminated              bash "$THR_ROOT/bin/heartbeat.sh" "$UNIT"
/iopsstor/scratch/cscs/dthapa/system3_qwem_omni_8_28/omni_thr_fit/bin/worker.sh: line 79: 123072 Terminated              bash "$THR_ROOT/bin/heartbeat.sh" "$UNIT"
/iopsstor/scratch/cscs/dthapa/system3_qwem_omni_8_28/omni_thr_fit/bin/worker.sh: line 79: 106446 Terminated              bash "$THR_ROOT/bin/heartbeat.sh" "$UNIT"
/iopsstor/scratch/cscs/dthapa/system3_qwem_omni_8_28/omni_thr_fit/bin/worker.sh: line 79: 123115 Terminated              bash "$THR_ROOT/bin/heartbeat.sh" "$UNIT"
/iopsstor/scratch/cscs/dthapa/system3_qwem_omni_8_28/omni_thr_fit/bin/worker.sh: line 79: 106485 Terminated              bash "$THR_ROOT/bin/heartbeat.sh" "$UNIT"
/iopsstor/scratch/cscs/dthapa/system3_qwem_omni_8_28/omni_thr_fit/bin/worker.sh: line 79: 155266 Terminated              bash "$THR_ROOT/bin/heartbeat.sh" "$UNIT"
/iopsstor/scratch/cscs/dthapa/system3_qwem_omni_8_28/omni_thr_fit/bin/worker.sh: line 79: 123139 Terminated              bash "$THR_ROOT/bin/heartbeat.sh" "$UNIT"
/iopsstor/scratch/cscs/dthapa/system3_qwem_omni_8_28/omni_thr_fit/bin/worker.sh: line 79: 252067 Terminated              bash "$THR_ROOT/bin/heartbeat.sh" "$UNIT"
/iopsstor/scratch/cscs/dthapa/system3_qwem_omni_8_28/omni_thr_fit/bin/worker.sh: line 79: 252123 Terminated              bash "$THR_ROOT/bin/heartbeat.sh" "$UNIT"
/iopsstor/scratch/cscs/dthapa/system3_qwem_omni_8_28/omni_thr_fit/bin/worker.sh: line 79: 155309 Terminated              bash "$THR_ROOT/bin/heartbeat.sh" "$UNIT"
/iopsstor/scratch/cscs/dthapa/system3_qwem_omni_8_28/omni_thr_fit/bin/worker.sh: line 79: 106539 Terminated              bash "$THR_ROOT/bin/heartbeat.sh" "$UNIT"
/iopsstor/scratch/cscs/dthapa/system3_qwem_omni_8_28/omni_thr_fit/bin/worker.sh: line 79: 155348 Terminated              bash "$THR_ROOT/bin/heartbeat.sh" "$UNIT"
/iopsstor/scratch/cscs/dthapa/system3_qwem_omni_8_28/omni_thr_fit/bin/worker.sh: line 79: 123229 Terminated              bash "$THR_ROOT/bin/heartbeat.sh" "$UNIT"
/iopsstor/scratch/cscs/dthapa/system3_qwem_omni_8_28/omni_thr_fit/bin/worker.sh: line 79: 106582 Terminated              bash "$THR_ROOT/bin/heartbeat.sh" "$UNIT"
/iopsstor/scratch/cscs/dthapa/system3_qwem_omni_8_28/omni_thr_fit/bin/worker.sh: line 79: 252179 Terminated              bash "$THR_ROOT/bin/heartbeat.sh" "$UNIT"
/iopsstor/scratch/cscs/dthapa/system3_qwem_omni_8_28/omni_thr_fit/bin/worker.sh: line 79: 155386 Terminated              bash "$THR_ROOT/bin/heartbeat.sh" "$UNIT"
/iopsstor/scratch/cscs/dthapa/system3_qwem_omni_8_28/omni_thr_fit/bin/worker.sh: line 79: 252200 Terminated              bash "$THR_ROOT/bin/heartbeat.sh" "$UNIT"
/iopsstor/scratch/cscs/dthapa/system3_qwem_omni_8_28/omni_thr_fit/bin/worker.sh: line 79: 123275 Terminated              bash "$THR_ROOT/bin/heartbeat.sh" "$UNIT"
/iopsstor/scratch/cscs/dthapa/system3_qwem_omni_8_28/omni_thr_fit/bin/worker.sh: line 79: 106614 Terminated              bash "$THR_ROOT/bin/heartbeat.sh" "$UNIT"
/iopsstor/scratch/cscs/dthapa/system3_qwem_omni_8_28/omni_thr_fit/bin/worker.sh: line 79: 123308 Terminated              bash "$THR_ROOT/bin/heartbeat.sh" "$UNIT"
/iopsstor/scratch/cscs/dthapa/system3_qwem_omni_8_28/omni_thr_fit/bin/worker.sh: line 79: 123336 Terminated              bash "$THR_ROOT/bin/heartbeat.sh" "$UNIT"
/iopsstor/scratch/cscs/dthapa/system3_qwem_omni_8_28/omni_thr_fit/bin/worker.sh: line 79: 155439 Terminated              bash "$THR_ROOT/bin/heartbeat.sh" "$UNIT"
/iopsstor/scratch/cscs/dthapa/system3_qwem_omni_8_28/omni_thr_fit/bin/worker.sh: line 79: 106658 Terminated              bash "$THR_ROOT/bin/heartbeat.sh" "$UNIT"
/iopsstor/scratch/cscs/dthapa/system3_qwem_omni_8_28/omni_thr_fit/bin/worker.sh: line 79: 252265 Terminated              bash "$THR_ROOT/bin/heartbeat.sh" "$UNIT"
/iopsstor/scratch/cscs/dthapa/system3_qwem_omni_8_28/omni_thr_fit/bin/worker.sh: line 79: 252293 Terminated              bash "$THR_ROOT/bin/heartbeat.sh" "$UNIT"
/iopsstor/scratch/cscs/dthapa/system3_qwem_omni_8_28/omni_thr_fit/bin/worker.sh: line 79: 155482 Terminated              bash "$THR_ROOT/bin/heartbeat.sh" "$UNIT"
/iopsstor/scratch/cscs/dthapa/system3_qwem_omni_8_28/omni_thr_fit/bin/worker.sh: line 79: 106708 Terminated              bash "$THR_ROOT/bin/heartbeat.sh" "$UNIT"
/iopsstor/scratch/cscs/dthapa/system3_qwem_omni_8_28/omni_thr_fit/bin/worker.sh: line 79: 155525 Terminated              bash "$THR_ROOT/bin/heartbeat.sh" "$UNIT"
/iopsstor/scratch/cscs/dthapa/system3_qwem_omni_8_28/omni_thr_fit/bin/worker.sh: line 79: 106755 Terminated              bash "$THR_ROOT/bin/heartbeat.sh" "$UNIT"
/iopsstor/scratch/cscs/dthapa/system3_qwem_omni_8_28/omni_thr_fit/bin/worker.sh: line 79: 252360 Terminated              bash "$THR_ROOT/bin/heartbeat.sh" "$UNIT"
/iopsstor/scratch/cscs/dthapa/system3_qwem_omni_8_28/omni_thr_fit/bin/worker.sh: line 79: 123406 Terminated              bash "$THR_ROOT/bin/heartbeat.sh" "$UNIT"
/iopsstor/scratch/cscs/dthapa/system3_qwem_omni_8_28/omni_thr_fit/bin/worker.sh: line 79: 252382 Terminated              bash "$THR_ROOT/bin/heartbeat.sh" "$UNIT"
/iopsstor/scratch/cscs/dthapa/system3_qwem_omni_8_28/omni_thr_fit/bin/worker.sh: line 79: 155559 Terminated              bash "$THR_ROOT/bin/heartbeat.sh" "$UNIT"
/iopsstor/scratch/cscs/dthapa/system3_qwem_omni_8_28/omni_thr_fit/bin/worker.sh: line 79: 123451 Terminated              bash "$THR_ROOT/bin/heartbeat.sh" "$UNIT"
/iopsstor/scratch/cscs/dthapa/system3_qwem_omni_8_28/omni_thr_fit/bin/worker.sh: line 79: 106812 Terminated              bash "$THR_ROOT/bin/heartbeat.sh" "$UNIT"
/iopsstor/scratch/cscs/dthapa/system3_qwem_omni_8_28/omni_thr_fit/bin/worker.sh: line 79: 123491 Terminated              bash "$THR_ROOT/bin/heartbeat.sh" "$UNIT"
/iopsstor/scratch/cscs/dthapa/system3_qwem_omni_8_28/omni_thr_fit/bin/worker.sh: line 79: 252442 Terminated              bash "$THR_ROOT/bin/heartbeat.sh" "$UNIT"
/iopsstor/scratch/cscs/dthapa/system3_qwem_omni_8_28/omni_thr_fit/bin/worker.sh: line 79: 155614 Terminated              bash "$THR_ROOT/bin/heartbeat.sh" "$UNIT"
/iopsstor/scratch/cscs/dthapa/system3_qwem_omni_8_28/omni_thr_fit/bin/worker.sh: line 79: 106857 Terminated              bash "$THR_ROOT/bin/heartbeat.sh" "$UNIT"
/iopsstor/scratch/cscs/dthapa/system3_qwem_omni_8_28/omni_thr_fit/bin/worker.sh: line 79: 123508 Terminated              bash "$THR_ROOT/bin/heartbeat.sh" "$UNIT"
/iopsstor/scratch/cscs/dthapa/system3_qwem_omni_8_28/omni_thr_fit/bin/worker.sh: line 79: 252486 Terminated              bash "$THR_ROOT/bin/heartbeat.sh" "$UNIT"
/iopsstor/scratch/cscs/dthapa/system3_qwem_omni_8_28/omni_thr_fit/bin/worker.sh: line 79: 155657 Terminated              bash "$THR_ROOT/bin/heartbeat.sh" "$UNIT"
/iopsstor/scratch/cscs/dthapa/system3_qwem_omni_8_28/omni_thr_fit/bin/worker.sh: line 79: 106905 Terminated              bash "$THR_ROOT/bin/heartbeat.sh" "$UNIT"
/iopsstor/scratch/cscs/dthapa/system3_qwem_omni_8_28/omni_thr_fit/bin/worker.sh: line 79: 155719 Terminated              bash "$THR_ROOT/bin/heartbeat.sh" "$UNIT"
/iopsstor/scratch/cscs/dthapa/system3_qwem_omni_8_28/omni_thr_fit/bin/worker.sh: line 79: 123579 Terminated              bash "$THR_ROOT/bin/heartbeat.sh" "$UNIT"
/iopsstor/scratch/cscs/dthapa/system3_qwem_omni_8_28/omni_thr_fit/bin/worker.sh: line 79: 252554 Terminated              bash "$THR_ROOT/bin/heartbeat.sh" "$UNIT"
/iopsstor/scratch/cscs/dthapa/system3_qwem_omni_8_28/omni_thr_fit/bin/worker.sh: line 79: 106948 Terminated              bash "$THR_ROOT/bin/heartbeat.sh" "$UNIT"
/iopsstor/scratch/cscs/dthapa/system3_qwem_omni_8_28/omni_thr_fit/bin/worker.sh: line 79: 252583 Terminated              bash "$THR_ROOT/bin/heartbeat.sh" "$UNIT"
/iopsstor/scratch/cscs/dthapa/system3_qwem_omni_8_28/omni_thr_fit/bin/worker.sh: line 79: 155757 Terminated              bash "$THR_ROOT/bin/heartbeat.sh" "$UNIT"
/iopsstor/scratch/cscs/dthapa/system3_qwem_omni_8_28/omni_thr_fit/bin/worker.sh: line 79: 123628 Terminated              bash "$THR_ROOT/bin/heartbeat.sh" "$UNIT"
/iopsstor/scratch/cscs/dthapa/system3_qwem_omni_8_28/omni_thr_fit/bin/worker.sh: line 79: 106991 Terminated              bash "$THR_ROOT/bin/heartbeat.sh" "$UNIT"
/iopsstor/scratch/cscs/dthapa/system3_qwem_omni_8_28/omni_thr_fit/bin/worker.sh: line 79: 123679 Terminated              bash "$THR_ROOT/bin/heartbeat.sh" "$UNIT"
/iopsstor/scratch/cscs/dthapa/system3_qwem_omni_8_28/omni_thr_fit/bin/worker.sh: line 79: 252641 Terminated              bash "$THR_ROOT/bin/heartbeat.sh" "$UNIT"
/iopsstor/scratch/cscs/dthapa/system3_qwem_omni_8_28/omni_thr_fit/bin/worker.sh: line 79: 155810 Terminated              bash "$THR_ROOT/bin/heartbeat.sh" "$UNIT"
/iopsstor/scratch/cscs/dthapa/system3_qwem_omni_8_28/omni_thr_fit/bin/worker.sh: line 79: 123709 Terminated              bash "$THR_ROOT/bin/heartbeat.sh" "$UNIT"
/iopsstor/scratch/cscs/dthapa/system3_qwem_omni_8_28/omni_thr_fit/bin/worker.sh: line 79: 107035 Terminated              bash "$THR_ROOT/bin/heartbeat.sh" "$UNIT"
/iopsstor/scratch/cscs/dthapa/system3_qwem_omni_8_28/omni_thr_fit/bin/worker.sh: line 79: 252681 Terminated              bash "$THR_ROOT/bin/heartbeat.sh" "$UNIT"
/iopsstor/scratch/cscs/dthapa/system3_qwem_omni_8_28/omni_thr_fit/bin/worker.sh: line 79: 107073 Terminated              bash "$THR_ROOT/bin/heartbeat.sh" "$UNIT"
/iopsstor/scratch/cscs/dthapa/system3_qwem_omni_8_28/omni_thr_fit/bin/worker.sh: line 79: 155853 Terminated              bash "$THR_ROOT/bin/heartbeat.sh" "$UNIT"
/iopsstor/scratch/cscs/dthapa/system3_qwem_omni_8_28/omni_thr_fit/bin/worker.sh: line 79: 155892 Terminated              bash "$THR_ROOT/bin/heartbeat.sh" "$UNIT"
/iopsstor/scratch/cscs/dthapa/system3_qwem_omni_8_28/omni_thr_fit/bin/worker.sh: line 79: 123771 Terminated              bash "$THR_ROOT/bin/heartbeat.sh" "$UNIT"
/iopsstor/scratch/cscs/dthapa/system3_qwem_omni_8_28/omni_thr_fit/bin/worker.sh: line 79: 252734 Terminated              bash "$THR_ROOT/bin/heartbeat.sh" "$UNIT"
/iopsstor/scratch/cscs/dthapa/system3_qwem_omni_8_28/omni_thr_fit/bin/worker.sh: line 79: 252755 Terminated              bash "$THR_ROOT/bin/heartbeat.sh" "$UNIT"
/iopsstor/scratch/cscs/dthapa/system3_qwem_omni_8_28/omni_thr_fit/bin/worker.sh: line 79: 107121 Terminated              bash "$THR_ROOT/bin/heartbeat.sh" "$UNIT"
/iopsstor/scratch/cscs/dthapa/system3_qwem_omni_8_28/omni_thr_fit/bin/worker.sh: line 79: 155930 Terminated              bash "$THR_ROOT/bin/heartbeat.sh" "$UNIT"
/iopsstor/scratch/cscs/dthapa/system3_qwem_omni_8_28/omni_thr_fit/bin/worker.sh: line 79: 123821 Terminated              bash "$THR_ROOT/bin/heartbeat.sh" "$UNIT"
/iopsstor/scratch/cscs/dthapa/system3_qwem_omni_8_28/omni_thr_fit/bin/worker.sh: line 79: 107163 Terminated              bash "$THR_ROOT/bin/heartbeat.sh" "$UNIT"
/iopsstor/scratch/cscs/dthapa/system3_qwem_omni_8_28/omni_thr_fit/bin/worker.sh: line 79: 123853 Terminated              bash "$THR_ROOT/bin/heartbeat.sh" "$UNIT"
/iopsstor/scratch/cscs/dthapa/system3_qwem_omni_8_28/omni_thr_fit/bin/worker.sh: line 79: 252822 Terminated              bash "$THR_ROOT/bin/heartbeat.sh" "$UNIT"
/iopsstor/scratch/cscs/dthapa/system3_qwem_omni_8_28/omni_thr_fit/bin/worker.sh: line 79: 155983 Terminated              bash "$THR_ROOT/bin/heartbeat.sh" "$UNIT"
/iopsstor/scratch/cscs/dthapa/system3_qwem_omni_8_28/omni_thr_fit/bin/worker.sh: line 79: 123882 Terminated              bash "$THR_ROOT/bin/heartbeat.sh" "$UNIT"
/iopsstor/scratch/cscs/dthapa/system3_qwem_omni_8_28/omni_thr_fit/bin/worker.sh: line 79: 107230 Terminated              bash "$THR_ROOT/bin/heartbeat.sh" "$UNIT"
/iopsstor/scratch/cscs/dthapa/system3_qwem_omni_8_28/omni_thr_fit/bin/worker.sh: line 79: 107254 Terminated              bash "$THR_ROOT/bin/heartbeat.sh" "$UNIT"
/iopsstor/scratch/cscs/dthapa/system3_qwem_omni_8_28/omni_thr_fit/bin/worker.sh: line 79: 252854 Terminated              bash "$THR_ROOT/bin/heartbeat.sh" "$UNIT"
/iopsstor/scratch/cscs/dthapa/system3_qwem_omni_8_28/omni_thr_fit/bin/worker.sh: line 79: 156026 Terminated              bash "$THR_ROOT/bin/heartbeat.sh" "$UNIT"
/iopsstor/scratch/cscs/dthapa/system3_qwem_omni_8_28/omni_thr_fit/bin/worker.sh: line 79: 156069 Terminated              bash "$THR_ROOT/bin/heartbeat.sh" "$UNIT"
/iopsstor/scratch/cscs/dthapa/system3_qwem_omni_8_28/omni_thr_fit/bin/worker.sh: line 79: 252918 Terminated              bash "$THR_ROOT/bin/heartbeat.sh" "$UNIT"
/iopsstor/scratch/cscs/dthapa/system3_qwem_omni_8_28/omni_thr_fit/bin/worker.sh: line 79: 123944 Terminated              bash "$THR_ROOT/bin/heartbeat.sh" "$UNIT"
/iopsstor/scratch/cscs/dthapa/system3_qwem_omni_8_28/omni_thr_fit/bin/worker.sh: line 79: 252936 Terminated              bash "$THR_ROOT/bin/heartbeat.sh" "$UNIT"
/iopsstor/scratch/cscs/dthapa/system3_qwem_omni_8_28/omni_thr_fit/bin/worker.sh: line 79: 107316 Terminated              bash "$THR_ROOT/bin/heartbeat.sh" "$UNIT"
/iopsstor/scratch/cscs/dthapa/system3_qwem_omni_8_28/omni_thr_fit/bin/worker.sh: line 79: 156103 Terminated              bash "$THR_ROOT/bin/heartbeat.sh" "$UNIT"
/iopsstor/scratch/cscs/dthapa/system3_qwem_omni_8_28/omni_thr_fit/bin/worker.sh: line 79: 107345 Terminated              bash "$THR_ROOT/bin/heartbeat.sh" "$UNIT"
/iopsstor/scratch/cscs/dthapa/system3_qwem_omni_8_28/omni_thr_fit/bin/worker.sh: line 79: 123994 Terminated              bash "$THR_ROOT/bin/heartbeat.sh" "$UNIT"
/iopsstor/scratch/cscs/dthapa/system3_qwem_omni_8_28/omni_thr_fit/bin/worker.sh: line 79: 253001 Terminated              bash "$THR_ROOT/bin/heartbeat.sh" "$UNIT"
/iopsstor/scratch/cscs/dthapa/system3_qwem_omni_8_28/omni_thr_fit/bin/worker.sh: line 79: 124030 Terminated              bash "$THR_ROOT/bin/heartbeat.sh" "$UNIT"
/iopsstor/scratch/cscs/dthapa/system3_qwem_omni_8_28/omni_thr_fit/bin/worker.sh: line 79: 156175 Terminated              bash "$THR_ROOT/bin/heartbeat.sh" "$UNIT"
/iopsstor/scratch/cscs/dthapa/system3_qwem_omni_8_28/omni_thr_fit/bin/worker.sh: line 79: 124051 Terminated              bash "$THR_ROOT/bin/heartbeat.sh" "$UNIT"
/iopsstor/scratch/cscs/dthapa/system3_qwem_omni_8_28/omni_thr_fit/bin/worker.sh: line 79: 107406 Terminated              bash "$THR_ROOT/bin/heartbeat.sh" "$UNIT"
/iopsstor/scratch/cscs/dthapa/system3_qwem_omni_8_28/omni_thr_fit/bin/worker.sh: line 79: 253059 Terminated              bash "$THR_ROOT/bin/heartbeat.sh" "$UNIT"
/iopsstor/scratch/cscs/dthapa/system3_qwem_omni_8_28/omni_thr_fit/bin/worker.sh: line 79: 107426 Terminated              bash "$THR_ROOT/bin/heartbeat.sh" "$UNIT"
/iopsstor/scratch/cscs/dthapa/system3_qwem_omni_8_28/omni_thr_fit/bin/worker.sh: line 79: 156218 Terminated              bash "$THR_ROOT/bin/heartbeat.sh" "$UNIT"
/iopsstor/scratch/cscs/dthapa/system3_qwem_omni_8_28/omni_thr_fit/bin/worker.sh: line 79: 156261 Terminated              bash "$THR_ROOT/bin/heartbeat.sh" "$UNIT"
/iopsstor/scratch/cscs/dthapa/system3_qwem_omni_8_28/omni_thr_fit/bin/worker.sh: line 79: 253121 Terminated              bash "$THR_ROOT/bin/heartbeat.sh" "$UNIT"
/iopsstor/scratch/cscs/dthapa/system3_qwem_omni_8_28/omni_thr_fit/bin/worker.sh: line 79: 124161 Terminated              bash "$THR_ROOT/bin/heartbeat.sh" "$UNIT"
/iopsstor/scratch/cscs/dthapa/system3_qwem_omni_8_28/omni_thr_fit/bin/worker.sh: line 79: 253142 Terminated              bash "$THR_ROOT/bin/heartbeat.sh" "$UNIT"
/iopsstor/scratch/cscs/dthapa/system3_qwem_omni_8_28/omni_thr_fit/bin/worker.sh: line 79: 107491 Terminated              bash "$THR_ROOT/bin/heartbeat.sh" "$UNIT"
/iopsstor/scratch/cscs/dthapa/system3_qwem_omni_8_28/omni_thr_fit/bin/worker.sh: line 79: 156300 Terminated              bash "$THR_ROOT/bin/heartbeat.sh" "$UNIT"
/iopsstor/scratch/cscs/dthapa/system3_qwem_omni_8_28/omni_thr_fit/bin/worker.sh: line 79: 124206 Terminated              bash "$THR_ROOT/bin/heartbeat.sh" "$UNIT"
/iopsstor/scratch/cscs/dthapa/system3_qwem_omni_8_28/omni_thr_fit/bin/worker.sh: line 79: 107523 Terminated              bash "$THR_ROOT/bin/heartbeat.sh" "$UNIT"
/iopsstor/scratch/cscs/dthapa/system3_qwem_omni_8_28/omni_thr_fit/bin/worker.sh: line 79: 253204 Terminated              bash "$THR_ROOT/bin/heartbeat.sh" "$UNIT"
/iopsstor/scratch/cscs/dthapa/system3_qwem_omni_8_28/omni_thr_fit/bin/worker.sh: line 79: 124243 Terminated              bash "$THR_ROOT/bin/heartbeat.sh" "$UNIT"
/iopsstor/scratch/cscs/dthapa/system3_qwem_omni_8_28/omni_thr_fit/bin/worker.sh: line 79: 156349 Terminated              bash "$THR_ROOT/bin/heartbeat.sh" "$UNIT"
/iopsstor/scratch/cscs/dthapa/system3_qwem_omni_8_28/omni_thr_fit/bin/worker.sh: line 79: 124268 Terminated              bash "$THR_ROOT/bin/heartbeat.sh" "$UNIT"
/iopsstor/scratch/cscs/dthapa/system3_qwem_omni_8_28/omni_thr_fit/bin/worker.sh: line 79: 107588 Terminated              bash "$THR_ROOT/bin/heartbeat.sh" "$UNIT"
/iopsstor/scratch/cscs/dthapa/system3_qwem_omni_8_28/omni_thr_fit/bin/worker.sh: line 79: 253244 Terminated              bash "$THR_ROOT/bin/heartbeat.sh" "$UNIT"
/iopsstor/scratch/cscs/dthapa/system3_qwem_omni_8_28/omni_thr_fit/bin/worker.sh: line 79: 107614 Terminated              bash "$THR_ROOT/bin/heartbeat.sh" "$UNIT"
/iopsstor/scratch/cscs/dthapa/system3_qwem_omni_8_28/omni_thr_fit/bin/worker.sh: line 79: 156396 Terminated              bash "$THR_ROOT/bin/heartbeat.sh" "$UNIT"
/iopsstor/scratch/cscs/dthapa/system3_qwem_omni_8_28/omni_thr_fit/bin/worker.sh: line 79: 253296 Terminated              bash "$THR_ROOT/bin/heartbeat.sh" "$UNIT"
/iopsstor/scratch/cscs/dthapa/system3_qwem_omni_8_28/omni_thr_fit/bin/worker.sh: line 79: 156435 Terminated              bash "$THR_ROOT/bin/heartbeat.sh" "$UNIT"
/iopsstor/scratch/cscs/dthapa/system3_qwem_omni_8_28/omni_thr_fit/bin/worker.sh: line 79: 253319 Terminated              bash "$THR_ROOT/bin/heartbeat.sh" "$UNIT"
/iopsstor/scratch/cscs/dthapa/system3_qwem_omni_8_28/omni_thr_fit/bin/worker.sh: line 79: 124334 Terminated              bash "$THR_ROOT/bin/heartbeat.sh" "$UNIT"
/iopsstor/scratch/cscs/dthapa/system3_qwem_omni_8_28/omni_thr_fit/bin/worker.sh: line 79: 107693 Terminated              bash "$THR_ROOT/bin/heartbeat.sh" "$UNIT"
/iopsstor/scratch/cscs/dthapa/system3_qwem_omni_8_28/omni_thr_fit/bin/worker.sh: line 79: 156476 Terminated              bash "$THR_ROOT/bin/heartbeat.sh" "$UNIT"
/iopsstor/scratch/cscs/dthapa/system3_qwem_omni_8_28/omni_thr_fit/bin/worker.sh: line 79: 107733 Terminated              bash "$THR_ROOT/bin/heartbeat.sh" "$UNIT"
/iopsstor/scratch/cscs/dthapa/system3_qwem_omni_8_28/omni_thr_fit/bin/worker.sh: line 79: 124384 Terminated              bash "$THR_ROOT/bin/heartbeat.sh" "$UNIT"
/iopsstor/scratch/cscs/dthapa/system3_qwem_omni_8_28/omni_thr_fit/bin/worker.sh: line 79: 253382 Terminated              bash "$THR_ROOT/bin/heartbeat.sh" "$UNIT"
/iopsstor/scratch/cscs/dthapa/system3_qwem_omni_8_28/omni_thr_fit/bin/worker.sh: line 79: 124417 Terminated              bash "$THR_ROOT/bin/heartbeat.sh" "$UNIT"
/iopsstor/scratch/cscs/dthapa/system3_qwem_omni_8_28/omni_thr_fit/bin/worker.sh: line 79: 156528 Terminated              bash "$THR_ROOT/bin/heartbeat.sh" "$UNIT"
/iopsstor/scratch/cscs/dthapa/system3_qwem_omni_8_28/omni_thr_fit/bin/worker.sh: line 79: 253423 Terminated              bash "$THR_ROOT/bin/heartbeat.sh" "$UNIT"
/iopsstor/scratch/cscs/dthapa/system3_qwem_omni_8_28/omni_thr_fit/bin/worker.sh: line 79: 124446 Terminated              bash "$THR_ROOT/bin/heartbeat.sh" "$UNIT"
/iopsstor/scratch/cscs/dthapa/system3_qwem_omni_8_28/omni_thr_fit/bin/worker.sh: line 79: 107783 Terminated              bash "$THR_ROOT/bin/heartbeat.sh" "$UNIT"
/iopsstor/scratch/cscs/dthapa/system3_qwem_omni_8_28/omni_thr_fit/bin/worker.sh: line 79: 107811 Terminated              bash "$THR_ROOT/bin/heartbeat.sh" "$UNIT"
/iopsstor/scratch/cscs/dthapa/system3_qwem_omni_8_28/omni_thr_fit/bin/worker.sh: line 79: 156588 Terminated              bash "$THR_ROOT/bin/heartbeat.sh" "$UNIT"
/iopsstor/scratch/cscs/dthapa/system3_qwem_omni_8_28/omni_thr_fit/bin/worker.sh: line 79: 156627 Terminated              bash "$THR_ROOT/bin/heartbeat.sh" "$UNIT"
/iopsstor/scratch/cscs/dthapa/system3_qwem_omni_8_28/omni_thr_fit/bin/worker.sh: line 79: 253495 Terminated              bash "$THR_ROOT/bin/heartbeat.sh" "$UNIT"
/iopsstor/scratch/cscs/dthapa/system3_qwem_omni_8_28/omni_thr_fit/bin/worker.sh: line 79: 253516 Terminated              bash "$THR_ROOT/bin/heartbeat.sh" "$UNIT"
/iopsstor/scratch/cscs/dthapa/system3_qwem_omni_8_28/omni_thr_fit/bin/worker.sh: line 79: 124514 Terminated              bash "$THR_ROOT/bin/heartbeat.sh" "$UNIT"
/iopsstor/scratch/cscs/dthapa/system3_qwem_omni_8_28/omni_thr_fit/bin/worker.sh: line 79: 107876 Terminated              bash "$THR_ROOT/bin/heartbeat.sh" "$UNIT"
/iopsstor/scratch/cscs/dthapa/system3_qwem_omni_8_28/omni_thr_fit/bin/worker.sh: line 79: 156686 Terminated              bash "$THR_ROOT/bin/heartbeat.sh" "$UNIT"
/iopsstor/scratch/cscs/dthapa/system3_qwem_omni_8_28/omni_thr_fit/bin/worker.sh: line 79: 124558 Terminated              bash "$THR_ROOT/bin/heartbeat.sh" "$UNIT"
/iopsstor/scratch/cscs/dthapa/system3_qwem_omni_8_28/omni_thr_fit/bin/worker.sh: line 79: 107904 Terminated              bash "$THR_ROOT/bin/heartbeat.sh" "$UNIT"
/iopsstor/scratch/cscs/dthapa/system3_qwem_omni_8_28/omni_thr_fit/bin/worker.sh: line 79: 253580 Terminated              bash "$THR_ROOT/bin/heartbeat.sh" "$UNIT"
/iopsstor/scratch/cscs/dthapa/system3_qwem_omni_8_28/omni_thr_fit/bin/worker.sh: line 79: 124607 Terminated              bash "$THR_ROOT/bin/heartbeat.sh" "$UNIT"
/iopsstor/scratch/cscs/dthapa/system3_qwem_omni_8_28/omni_thr_fit/bin/worker.sh: line 79: 156739 Terminated              bash "$THR_ROOT/bin/heartbeat.sh" "$UNIT"
/iopsstor/scratch/cscs/dthapa/system3_qwem_omni_8_28/omni_thr_fit/bin/worker.sh: line 79: 124647 Terminated              bash "$THR_ROOT/bin/heartbeat.sh" "$UNIT"
/iopsstor/scratch/cscs/dthapa/system3_qwem_omni_8_28/omni_thr_fit/bin/worker.sh: line 79: 253618 Terminated              bash "$THR_ROOT/bin/heartbeat.sh" "$UNIT"
/iopsstor/scratch/cscs/dthapa/system3_qwem_omni_8_28/omni_thr_fit/bin/worker.sh: line 79: 107975 Terminated              bash "$THR_ROOT/bin/heartbeat.sh" "$UNIT"
/iopsstor/scratch/cscs/dthapa/system3_qwem_omni_8_28/omni_thr_fit/bin/worker.sh: line 79: 107992 Terminated              bash "$THR_ROOT/bin/heartbeat.sh" "$UNIT"
/iopsstor/scratch/cscs/dthapa/system3_qwem_omni_8_28/omni_thr_fit/bin/worker.sh: line 79: 156782 Terminated              bash "$THR_ROOT/bin/heartbeat.sh" "$UNIT"
/iopsstor/scratch/cscs/dthapa/system3_qwem_omni_8_28/omni_thr_fit/bin/worker.sh: line 79: 253672 Terminated              bash "$THR_ROOT/bin/heartbeat.sh" "$UNIT"
/iopsstor/scratch/cscs/dthapa/system3_qwem_omni_8_28/omni_thr_fit/bin/worker.sh: line 79: 156821 Terminated              bash "$THR_ROOT/bin/heartbeat.sh" "$UNIT"
/iopsstor/scratch/cscs/dthapa/system3_qwem_omni_8_28/omni_thr_fit/bin/worker.sh: line 79: 253693 Terminated              bash "$THR_ROOT/bin/heartbeat.sh" "$UNIT"
/iopsstor/scratch/cscs/dthapa/system3_qwem_omni_8_28/omni_thr_fit/bin/worker.sh: line 79: 124705 Terminated              bash "$THR_ROOT/bin/heartbeat.sh" "$UNIT"
/iopsstor/scratch/cscs/dthapa/system3_qwem_omni_8_28/omni_thr_fit/bin/worker.sh: line 79: 108056 Terminated              bash "$THR_ROOT/bin/heartbeat.sh" "$UNIT"
/iopsstor/scratch/cscs/dthapa/system3_qwem_omni_8_28/omni_thr_fit/bin/worker.sh: line 79: 156859 Terminated              bash "$THR_ROOT/bin/heartbeat.sh" "$UNIT"
/iopsstor/scratch/cscs/dthapa/system3_qwem_omni_8_28/omni_thr_fit/bin/worker.sh: line 79: 124745 Terminated              bash "$THR_ROOT/bin/heartbeat.sh" "$UNIT"
/iopsstor/scratch/cscs/dthapa/system3_qwem_omni_8_28/omni_thr_fit/bin/worker.sh: line 79: 108095 Terminated              bash "$THR_ROOT/bin/heartbeat.sh" "$UNIT"
/iopsstor/scratch/cscs/dthapa/system3_qwem_omni_8_28/omni_thr_fit/bin/worker.sh: line 79: 253757 Terminated              bash "$THR_ROOT/bin/heartbeat.sh" "$UNIT"
/iopsstor/scratch/cscs/dthapa/system3_qwem_omni_8_28/omni_thr_fit/bin/worker.sh: line 79: 124788 Terminated              bash "$THR_ROOT/bin/heartbeat.sh" "$UNIT"
/iopsstor/scratch/cscs/dthapa/system3_qwem_omni_8_28/omni_thr_fit/bin/worker.sh: line 79: 156912 Terminated              bash "$THR_ROOT/bin/heartbeat.sh" "$UNIT"
/iopsstor/scratch/cscs/dthapa/system3_qwem_omni_8_28/omni_thr_fit/bin/worker.sh: line 79: 124812 Terminated              bash "$THR_ROOT/bin/heartbeat.sh" "$UNIT"
/iopsstor/scratch/cscs/dthapa/system3_qwem_omni_8_28/omni_thr_fit/bin/worker.sh: line 79: 253795 Terminated              bash "$THR_ROOT/bin/heartbeat.sh" "$UNIT"
/iopsstor/scratch/cscs/dthapa/system3_qwem_omni_8_28/omni_thr_fit/bin/worker.sh: line 79: 108180 Terminated              bash "$THR_ROOT/bin/heartbeat.sh" "$UNIT"
/iopsstor/scratch/cscs/dthapa/system3_qwem_omni_8_28/omni_thr_fit/bin/worker.sh: line 79: 108216 Terminated              bash "$THR_ROOT/bin/heartbeat.sh" "$UNIT"
/iopsstor/scratch/cscs/dthapa/system3_qwem_omni_8_28/omni_thr_fit/bin/worker.sh: line 79: 156955 Terminated              bash "$THR_ROOT/bin/heartbeat.sh" "$UNIT"
/iopsstor/scratch/cscs/dthapa/system3_qwem_omni_8_28/omni_thr_fit/bin/worker.sh: line 79: 253850 Terminated              bash "$THR_ROOT/bin/heartbeat.sh" "$UNIT"
/iopsstor/scratch/cscs/dthapa/system3_qwem_omni_8_28/omni_thr_fit/bin/worker.sh: line 79: 156994 Terminated              bash "$THR_ROOT/bin/heartbeat.sh" "$UNIT"
/iopsstor/scratch/cscs/dthapa/system3_qwem_omni_8_28/omni_thr_fit/bin/worker.sh: line 79: 253871 Terminated              bash "$THR_ROOT/bin/heartbeat.sh" "$UNIT"
/iopsstor/scratch/cscs/dthapa/system3_qwem_omni_8_28/omni_thr_fit/bin/worker.sh: line 79: 108339 Terminated              bash "$THR_ROOT/bin/heartbeat.sh" "$UNIT"
/iopsstor/scratch/cscs/dthapa/system3_qwem_omni_8_28/omni_thr_fit/bin/worker.sh: line 79: 124875 Terminated              bash "$THR_ROOT/bin/heartbeat.sh" "$UNIT"
/iopsstor/scratch/cscs/dthapa/system3_qwem_omni_8_28/omni_thr_fit/bin/worker.sh: line 79: 157052 Terminated              bash "$THR_ROOT/bin/heartbeat.sh" "$UNIT"
/iopsstor/scratch/cscs/dthapa/system3_qwem_omni_8_28/omni_thr_fit/bin/worker.sh: line 79: 124925 Terminated              bash "$THR_ROOT/bin/heartbeat.sh" "$UNIT"
/iopsstor/scratch/cscs/dthapa/system3_qwem_omni_8_28/omni_thr_fit/bin/worker.sh: line 79: 108375 Terminated              bash "$THR_ROOT/bin/heartbeat.sh" "$UNIT"
/iopsstor/scratch/cscs/dthapa/system3_qwem_omni_8_28/omni_thr_fit/bin/worker.sh: line 79: 253935 Terminated              bash "$THR_ROOT/bin/heartbeat.sh" "$UNIT"
/iopsstor/scratch/cscs/dthapa/system3_qwem_omni_8_28/omni_thr_fit/bin/worker.sh: line 79: 157104 Terminated              bash "$THR_ROOT/bin/heartbeat.sh" "$UNIT"
/iopsstor/scratch/cscs/dthapa/system3_qwem_omni_8_28/omni_thr_fit/bin/worker.sh: line 79: 124965 Terminated              bash "$THR_ROOT/bin/heartbeat.sh" "$UNIT"
/iopsstor/scratch/cscs/dthapa/system3_qwem_omni_8_28/omni_thr_fit/bin/worker.sh: line 79: 124986 Terminated              bash "$THR_ROOT/bin/heartbeat.sh" "$UNIT"
/iopsstor/scratch/cscs/dthapa/system3_qwem_omni_8_28/omni_thr_fit/bin/worker.sh: line 79: 253987 Terminated              bash "$THR_ROOT/bin/heartbeat.sh" "$UNIT"
/iopsstor/scratch/cscs/dthapa/system3_qwem_omni_8_28/omni_thr_fit/bin/worker.sh: line 79: 108430 Terminated              bash "$THR_ROOT/bin/heartbeat.sh" "$UNIT"
/iopsstor/scratch/cscs/dthapa/system3_qwem_omni_8_28/omni_thr_fit/bin/worker.sh: line 79: 108451 Terminated              bash "$THR_ROOT/bin/heartbeat.sh" "$UNIT"
/iopsstor/scratch/cscs/dthapa/system3_qwem_omni_8_28/omni_thr_fit/bin/worker.sh: line 79: 157148 Terminated              bash "$THR_ROOT/bin/heartbeat.sh" "$UNIT"
/iopsstor/scratch/cscs/dthapa/system3_qwem_omni_8_28/omni_thr_fit/bin/worker.sh: line 79: 254044 Terminated              bash "$THR_ROOT/bin/heartbeat.sh" "$UNIT"
/iopsstor/scratch/cscs/dthapa/system3_qwem_omni_8_28/omni_thr_fit/bin/worker.sh: line 79: 157191 Terminated              bash "$THR_ROOT/bin/heartbeat.sh" "$UNIT"
/iopsstor/scratch/cscs/dthapa/system3_qwem_omni_8_28/omni_thr_fit/bin/worker.sh: line 79: 254065 Terminated              bash "$THR_ROOT/bin/heartbeat.sh" "$UNIT"
/iopsstor/scratch/cscs/dthapa/system3_qwem_omni_8_28/omni_thr_fit/bin/worker.sh: line 79: 125069 Terminated              bash "$THR_ROOT/bin/heartbeat.sh" "$UNIT"
/iopsstor/scratch/cscs/dthapa/system3_qwem_omni_8_28/omni_thr_fit/bin/worker.sh: line 79: 157226 Terminated              bash "$THR_ROOT/bin/heartbeat.sh" "$UNIT"
/iopsstor/scratch/cscs/dthapa/system3_qwem_omni_8_28/omni_thr_fit/bin/worker.sh: line 79: 108516 Terminated              bash "$THR_ROOT/bin/heartbeat.sh" "$UNIT"
/iopsstor/scratch/cscs/dthapa/system3_qwem_omni_8_28/omni_thr_fit/bin/worker.sh: line 79: 108552 Terminated              bash "$THR_ROOT/bin/heartbeat.sh" "$UNIT"
/iopsstor/scratch/cscs/dthapa/system3_qwem_omni_8_28/omni_thr_fit/bin/worker.sh: line 79: 125124 Terminated              bash "$THR_ROOT/bin/heartbeat.sh" "$UNIT"
/iopsstor/scratch/cscs/dthapa/system3_qwem_omni_8_28/omni_thr_fit/bin/worker.sh: line 79: 254133 Terminated              bash "$THR_ROOT/bin/heartbeat.sh" "$UNIT"
/iopsstor/scratch/cscs/dthapa/system3_qwem_omni_8_28/omni_thr_fit/bin/worker.sh: line 79: 157279 Terminated              bash "$THR_ROOT/bin/heartbeat.sh" "$UNIT"
/iopsstor/scratch/cscs/dthapa/system3_qwem_omni_8_28/omni_thr_fit/bin/worker.sh: line 79: 125160 Terminated              bash "$THR_ROOT/bin/heartbeat.sh" "$UNIT"
/iopsstor/scratch/cscs/dthapa/system3_qwem_omni_8_28/omni_thr_fit/bin/worker.sh: line 79: 254172 Terminated              bash "$THR_ROOT/bin/heartbeat.sh" "$UNIT"
/iopsstor/scratch/cscs/dthapa/system3_qwem_omni_8_28/omni_thr_fit/bin/worker.sh: line 79: 108608 Terminated              bash "$THR_ROOT/bin/heartbeat.sh" "$UNIT"
/iopsstor/scratch/cscs/dthapa/system3_qwem_omni_8_28/omni_thr_fit/bin/worker.sh: line 79: 125181 Terminated              bash "$THR_ROOT/bin/heartbeat.sh" "$UNIT"
/iopsstor/scratch/cscs/dthapa/system3_qwem_omni_8_28/omni_thr_fit/bin/worker.sh: line 79: 157322 Terminated              bash "$THR_ROOT/bin/heartbeat.sh" "$UNIT"
/iopsstor/scratch/cscs/dthapa/system3_qwem_omni_8_28/omni_thr_fit/bin/worker.sh: line 79: 108629 Terminated              bash "$THR_ROOT/bin/heartbeat.sh" "$UNIT"
/iopsstor/scratch/cscs/dthapa/system3_qwem_omni_8_28/omni_thr_fit/bin/worker.sh: line 79: 254225 Terminated              bash "$THR_ROOT/bin/heartbeat.sh" "$UNIT"
/iopsstor/scratch/cscs/dthapa/system3_qwem_omni_8_28/omni_thr_fit/bin/worker.sh: line 79: 254251 Terminated              bash "$THR_ROOT/bin/heartbeat.sh" "$UNIT"
/iopsstor/scratch/cscs/dthapa/system3_qwem_omni_8_28/omni_thr_fit/bin/worker.sh: line 79: 157365 Terminated              bash "$THR_ROOT/bin/heartbeat.sh" "$UNIT"
/iopsstor/scratch/cscs/dthapa/system3_qwem_omni_8_28/omni_thr_fit/bin/worker.sh: line 79: 125253 Terminated              bash "$THR_ROOT/bin/heartbeat.sh" "$UNIT"
/iopsstor/scratch/cscs/dthapa/system3_qwem_omni_8_28/omni_thr_fit/bin/worker.sh: line 79: 108719 Terminated              bash "$THR_ROOT/bin/heartbeat.sh" "$UNIT"
/iopsstor/scratch/cscs/dthapa/system3_qwem_omni_8_28/omni_thr_fit/bin/worker.sh: line 79: 157404 Terminated              bash "$THR_ROOT/bin/heartbeat.sh" "$UNIT"
/iopsstor/scratch/cscs/dthapa/system3_qwem_omni_8_28/omni_thr_fit/bin/worker.sh: line 79: 108741 Terminated              bash "$THR_ROOT/bin/heartbeat.sh" "$UNIT"
/iopsstor/scratch/cscs/dthapa/system3_qwem_omni_8_28/omni_thr_fit/bin/worker.sh: line 79: 254316 Terminated              bash "$THR_ROOT/bin/heartbeat.sh" "$UNIT"
/iopsstor/scratch/cscs/dthapa/system3_qwem_omni_8_28/omni_thr_fit/bin/worker.sh: line 79: 125301 Terminated              bash "$THR_ROOT/bin/heartbeat.sh" "$UNIT"
/iopsstor/scratch/cscs/dthapa/system3_qwem_omni_8_28/omni_thr_fit/bin/worker.sh: line 79: 157452 Terminated              bash "$THR_ROOT/bin/heartbeat.sh" "$UNIT"
/iopsstor/scratch/cscs/dthapa/system3_qwem_omni_8_28/omni_thr_fit/bin/worker.sh: line 79: 125339 Terminated              bash "$THR_ROOT/bin/heartbeat.sh" "$UNIT"
/iopsstor/scratch/cscs/dthapa/system3_qwem_omni_8_28/omni_thr_fit/bin/worker.sh: line 79: 254354 Terminated              bash "$THR_ROOT/bin/heartbeat.sh" "$UNIT"
/iopsstor/scratch/cscs/dthapa/system3_qwem_omni_8_28/omni_thr_fit/bin/worker.sh: line 79: 108801 Terminated              bash "$THR_ROOT/bin/heartbeat.sh" "$UNIT"
/iopsstor/scratch/cscs/dthapa/system3_qwem_omni_8_28/omni_thr_fit/bin/worker.sh: line 79: 125363 Terminated              bash "$THR_ROOT/bin/heartbeat.sh" "$UNIT"
/iopsstor/scratch/cscs/dthapa/system3_qwem_omni_8_28/omni_thr_fit/bin/worker.sh: line 79: 157521 Terminated              bash "$THR_ROOT/bin/heartbeat.sh" "$UNIT"
/iopsstor/scratch/cscs/dthapa/system3_qwem_omni_8_28/omni_thr_fit/bin/worker.sh: line 79: 108838 Terminated              bash "$THR_ROOT/bin/heartbeat.sh" "$UNIT"
/iopsstor/scratch/cscs/dthapa/system3_qwem_omni_8_28/omni_thr_fit/bin/worker.sh: line 79: 254432 Terminated              bash "$THR_ROOT/bin/heartbeat.sh" "$UNIT"
/iopsstor/scratch/cscs/dthapa/system3_qwem_omni_8_28/omni_thr_fit/bin/worker.sh: line 79: 254454 Terminated              bash "$THR_ROOT/bin/heartbeat.sh" "$UNIT"
/iopsstor/scratch/cscs/dthapa/system3_qwem_omni_8_28/omni_thr_fit/bin/worker.sh: line 79: 157560 Terminated              bash "$THR_ROOT/bin/heartbeat.sh" "$UNIT"
/iopsstor/scratch/cscs/dthapa/system3_qwem_omni_8_28/omni_thr_fit/bin/worker.sh: line 79: 108897 Terminated              bash "$THR_ROOT/bin/heartbeat.sh" "$UNIT"
/iopsstor/scratch/cscs/dthapa/system3_qwem_omni_8_28/omni_thr_fit/bin/worker.sh: line 79: 125432 Terminated              bash "$THR_ROOT/bin/heartbeat.sh" "$UNIT"
/iopsstor/scratch/cscs/dthapa/system3_qwem_omni_8_28/omni_thr_fit/bin/worker.sh: line 79: 157599 Terminated              bash "$THR_ROOT/bin/heartbeat.sh" "$UNIT"
/iopsstor/scratch/cscs/dthapa/system3_qwem_omni_8_28/omni_thr_fit/bin/worker.sh: line 79: 108919 Terminated              bash "$THR_ROOT/bin/heartbeat.sh" "$UNIT"
/iopsstor/scratch/cscs/dthapa/system3_qwem_omni_8_28/omni_thr_fit/bin/worker.sh: line 79: 254516 Terminated              bash "$THR_ROOT/bin/heartbeat.sh" "$UNIT"
/iopsstor/scratch/cscs/dthapa/system3_qwem_omni_8_28/omni_thr_fit/bin/worker.sh: line 79: 125501 Terminated              bash "$THR_ROOT/bin/heartbeat.sh" "$UNIT"
/iopsstor/scratch/cscs/dthapa/system3_qwem_omni_8_28/omni_thr_fit/bin/worker.sh: line 79: 157651 Terminated              bash "$THR_ROOT/bin/heartbeat.sh" "$UNIT"
/iopsstor/scratch/cscs/dthapa/system3_qwem_omni_8_28/omni_thr_fit/bin/worker.sh: line 79: 125535 Terminated              bash "$THR_ROOT/bin/heartbeat.sh" "$UNIT"
/iopsstor/scratch/cscs/dthapa/system3_qwem_omni_8_28/omni_thr_fit/bin/worker.sh: line 79: 254551 Terminated              bash "$THR_ROOT/bin/heartbeat.sh" "$UNIT"
/iopsstor/scratch/cscs/dthapa/system3_qwem_omni_8_28/omni_thr_fit/bin/worker.sh: line 79: 108977 Terminated              bash "$THR_ROOT/bin/heartbeat.sh" "$UNIT"
/iopsstor/scratch/cscs/dthapa/system3_qwem_omni_8_28/omni_thr_fit/bin/worker.sh: line 79: 125563 Terminated              bash "$THR_ROOT/bin/heartbeat.sh" "$UNIT"
/iopsstor/scratch/cscs/dthapa/system3_qwem_omni_8_28/omni_thr_fit/bin/worker.sh: line 79: 157694 Terminated              bash "$THR_ROOT/bin/heartbeat.sh" "$UNIT"
/iopsstor/scratch/cscs/dthapa/system3_qwem_omni_8_28/omni_thr_fit/bin/worker.sh: line 79: 109015 Terminated              bash "$THR_ROOT/bin/heartbeat.sh" "$UNIT"
/iopsstor/scratch/cscs/dthapa/system3_qwem_omni_8_28/omni_thr_fit/bin/worker.sh: line 79: 254628 Terminated              bash "$THR_ROOT/bin/heartbeat.sh" "$UNIT"
/iopsstor/scratch/cscs/dthapa/system3_qwem_omni_8_28/omni_thr_fit/bin/worker.sh: line 79: 254649 Terminated              bash "$THR_ROOT/bin/heartbeat.sh" "$UNIT"
/iopsstor/scratch/cscs/dthapa/system3_qwem_omni_8_28/omni_thr_fit/bin/worker.sh: line 79: 157733 Terminated              bash "$THR_ROOT/bin/heartbeat.sh" "$UNIT"
/iopsstor/scratch/cscs/dthapa/system3_qwem_omni_8_28/omni_thr_fit/bin/worker.sh: line 79: 109070 Terminated              bash "$THR_ROOT/bin/heartbeat.sh" "$UNIT"
/iopsstor/scratch/cscs/dthapa/system3_qwem_omni_8_28/omni_thr_fit/bin/worker.sh: line 79: 125629 Terminated              bash "$THR_ROOT/bin/heartbeat.sh" "$UNIT"
/iopsstor/scratch/cscs/dthapa/system3_qwem_omni_8_28/omni_thr_fit/bin/worker.sh: line 79: 109091 Terminated              bash "$THR_ROOT/bin/heartbeat.sh" "$UNIT"
/iopsstor/scratch/cscs/dthapa/system3_qwem_omni_8_28/omni_thr_fit/bin/worker.sh: line 79: 157772 Terminated              bash "$THR_ROOT/bin/heartbeat.sh" "$UNIT"
/iopsstor/scratch/cscs/dthapa/system3_qwem_omni_8_28/omni_thr_fit/bin/worker.sh: line 79: 254707 Terminated              bash "$THR_ROOT/bin/heartbeat.sh" "$UNIT"
/iopsstor/scratch/cscs/dthapa/system3_qwem_omni_8_28/omni_thr_fit/bin/worker.sh: line 79: 125683 Terminated              bash "$THR_ROOT/bin/heartbeat.sh" "$UNIT"
/iopsstor/scratch/cscs/dthapa/system3_qwem_omni_8_28/omni_thr_fit/bin/worker.sh: line 79: 157824 Terminated              bash "$THR_ROOT/bin/heartbeat.sh" "$UNIT"
/iopsstor/scratch/cscs/dthapa/system3_qwem_omni_8_28/omni_thr_fit/bin/worker.sh: line 79: 254746 Terminated              bash "$THR_ROOT/bin/heartbeat.sh" "$UNIT"
/iopsstor/scratch/cscs/dthapa/system3_qwem_omni_8_28/omni_thr_fit/bin/worker.sh: line 79: 125715 Terminated              bash "$THR_ROOT/bin/heartbeat.sh" "$UNIT"
/iopsstor/scratch/cscs/dthapa/system3_qwem_omni_8_28/omni_thr_fit/bin/worker.sh: line 79: 125755 Terminated              bash "$THR_ROOT/bin/heartbeat.sh" "$UNIT"
/iopsstor/scratch/cscs/dthapa/system3_qwem_omni_8_28/omni_thr_fit/bin/worker.sh: line 79: 109181 Terminated              bash "$THR_ROOT/bin/heartbeat.sh" "$UNIT"
/iopsstor/scratch/cscs/dthapa/system3_qwem_omni_8_28/omni_thr_fit/bin/worker.sh: line 79: 157867 Terminated              bash "$THR_ROOT/bin/heartbeat.sh" "$UNIT"
/iopsstor/scratch/cscs/dthapa/system3_qwem_omni_8_28/omni_thr_fit/bin/worker.sh: line 79: 109197 Terminated              bash "$THR_ROOT/bin/heartbeat.sh" "$UNIT"
/iopsstor/scratch/cscs/dthapa/system3_qwem_omni_8_28/omni_thr_fit/bin/worker.sh: line 79: 254802 Terminated              bash "$THR_ROOT/bin/heartbeat.sh" "$UNIT"
/iopsstor/scratch/cscs/dthapa/system3_qwem_omni_8_28/omni_thr_fit/bin/worker.sh: line 79: 254833 Terminated              bash "$THR_ROOT/bin/heartbeat.sh" "$UNIT"
/iopsstor/scratch/cscs/dthapa/system3_qwem_omni_8_28/omni_thr_fit/bin/worker.sh: line 79: 157906 Terminated              bash "$THR_ROOT/bin/heartbeat.sh" "$UNIT"
/iopsstor/scratch/cscs/dthapa/system3_qwem_omni_8_28/omni_thr_fit/bin/worker.sh: line 79: 109259 Terminated              bash "$THR_ROOT/bin/heartbeat.sh" "$UNIT"
/iopsstor/scratch/cscs/dthapa/system3_qwem_omni_8_28/omni_thr_fit/bin/worker.sh: line 79: 125810 Terminated              bash "$THR_ROOT/bin/heartbeat.sh" "$UNIT"
/iopsstor/scratch/cscs/dthapa/system3_qwem_omni_8_28/omni_thr_fit/bin/worker.sh: line 79: 109280 Terminated              bash "$THR_ROOT/bin/heartbeat.sh" "$UNIT"
/iopsstor/scratch/cscs/dthapa/system3_qwem_omni_8_28/omni_thr_fit/bin/worker.sh: line 79: 157964 Terminated              bash "$THR_ROOT/bin/heartbeat.sh" "$UNIT"
/iopsstor/scratch/cscs/dthapa/system3_qwem_omni_8_28/omni_thr_fit/bin/worker.sh: line 79: 254892 Terminated              bash "$THR_ROOT/bin/heartbeat.sh" "$UNIT"
/iopsstor/scratch/cscs/dthapa/system3_qwem_omni_8_28/omni_thr_fit/bin/worker.sh: line 79: 125853 Terminated              bash "$THR_ROOT/bin/heartbeat.sh" "$UNIT"
/iopsstor/scratch/cscs/dthapa/system3_qwem_omni_8_28/omni_thr_fit/bin/worker.sh: line 79: 254951 Terminated              bash "$THR_ROOT/bin/heartbeat.sh" "$UNIT"
/iopsstor/scratch/cscs/dthapa/system3_qwem_omni_8_28/omni_thr_fit/bin/worker.sh: line 79: 158016 Terminated              bash "$THR_ROOT/bin/heartbeat.sh" "$UNIT"
/iopsstor/scratch/cscs/dthapa/system3_qwem_omni_8_28/omni_thr_fit/bin/worker.sh: line 79: 125897 Terminated              bash "$THR_ROOT/bin/heartbeat.sh" "$UNIT"
/iopsstor/scratch/cscs/dthapa/system3_qwem_omni_8_28/omni_thr_fit/bin/worker.sh: line 79: 125923 Terminated              bash "$THR_ROOT/bin/heartbeat.sh" "$UNIT"
/iopsstor/scratch/cscs/dthapa/system3_qwem_omni_8_28/omni_thr_fit/bin/worker.sh: line 79: 109354 Terminated              bash "$THR_ROOT/bin/heartbeat.sh" "$UNIT"
/iopsstor/scratch/cscs/dthapa/system3_qwem_omni_8_28/omni_thr_fit/bin/worker.sh: line 79: 109376 Terminated              bash "$THR_ROOT/bin/heartbeat.sh" "$UNIT"
/iopsstor/scratch/cscs/dthapa/system3_qwem_omni_8_28/omni_thr_fit/bin/worker.sh: line 79: 158060 Terminated              bash "$THR_ROOT/bin/heartbeat.sh" "$UNIT"
/iopsstor/scratch/cscs/dthapa/system3_qwem_omni_8_28/omni_thr_fit/bin/worker.sh: line 79: 255009 Terminated              bash "$THR_ROOT/bin/heartbeat.sh" "$UNIT"
/iopsstor/scratch/cscs/dthapa/system3_qwem_omni_8_28/omni_thr_fit/bin/worker.sh: line 79: 255030 Terminated              bash "$THR_ROOT/bin/heartbeat.sh" "$UNIT"
/iopsstor/scratch/cscs/dthapa/system3_qwem_omni_8_28/omni_thr_fit/bin/worker.sh: line 79: 158103 Terminated              bash "$THR_ROOT/bin/heartbeat.sh" "$UNIT"
/iopsstor/scratch/cscs/dthapa/system3_qwem_omni_8_28/omni_thr_fit/bin/worker.sh: line 79: 109437 Terminated              bash "$THR_ROOT/bin/heartbeat.sh" "$UNIT"
/iopsstor/scratch/cscs/dthapa/system3_qwem_omni_8_28/omni_thr_fit/bin/worker.sh: line 79: 126005 Terminated              bash "$THR_ROOT/bin/heartbeat.sh" "$UNIT"
/iopsstor/scratch/cscs/dthapa/system3_qwem_omni_8_28/omni_thr_fit/bin/worker.sh: line 79: 109458 Terminated              bash "$THR_ROOT/bin/heartbeat.sh" "$UNIT"
/iopsstor/scratch/cscs/dthapa/system3_qwem_omni_8_28/omni_thr_fit/bin/worker.sh: line 79: 158138 Terminated              bash "$THR_ROOT/bin/heartbeat.sh" "$UNIT"
/iopsstor/scratch/cscs/dthapa/system3_qwem_omni_8_28/omni_thr_fit/bin/worker.sh: line 79: 255088 Terminated              bash "$THR_ROOT/bin/heartbeat.sh" "$UNIT"
/iopsstor/scratch/cscs/dthapa/system3_qwem_omni_8_28/omni_thr_fit/bin/worker.sh: line 79: 126048 Terminated              bash "$THR_ROOT/bin/heartbeat.sh" "$UNIT"
/iopsstor/scratch/cscs/dthapa/system3_qwem_omni_8_28/omni_thr_fit/bin/worker.sh: line 79: 255126 Terminated              bash "$THR_ROOT/bin/heartbeat.sh" "$UNIT"
/iopsstor/scratch/cscs/dthapa/system3_qwem_omni_8_28/omni_thr_fit/bin/worker.sh: line 79: 158190 Terminated              bash "$THR_ROOT/bin/heartbeat.sh" "$UNIT"
/iopsstor/scratch/cscs/dthapa/system3_qwem_omni_8_28/omni_thr_fit/bin/worker.sh: line 79: 126093 Terminated              bash "$THR_ROOT/bin/heartbeat.sh" "$UNIT"
/iopsstor/scratch/cscs/dthapa/system3_qwem_omni_8_28/omni_thr_fit/bin/worker.sh: line 79: 126118 Terminated              bash "$THR_ROOT/bin/heartbeat.sh" "$UNIT"
/iopsstor/scratch/cscs/dthapa/system3_qwem_omni_8_28/omni_thr_fit/bin/worker.sh: line 79: 109528 Terminated              bash "$THR_ROOT/bin/heartbeat.sh" "$UNIT"
/iopsstor/scratch/cscs/dthapa/system3_qwem_omni_8_28/omni_thr_fit/bin/worker.sh: line 79: 109549 Terminated              bash "$THR_ROOT/bin/heartbeat.sh" "$UNIT"
/iopsstor/scratch/cscs/dthapa/system3_qwem_omni_8_28/omni_thr_fit/bin/worker.sh: line 79: 158233 Terminated              bash "$THR_ROOT/bin/heartbeat.sh" "$UNIT"
/iopsstor/scratch/cscs/dthapa/system3_qwem_omni_8_28/omni_thr_fit/bin/worker.sh: line 79: 255184 Terminated              bash "$THR_ROOT/bin/heartbeat.sh" "$UNIT"
/iopsstor/scratch/cscs/dthapa/system3_qwem_omni_8_28/omni_thr_fit/bin/worker.sh: line 79: 255205 Terminated              bash "$THR_ROOT/bin/heartbeat.sh" "$UNIT"
/iopsstor/scratch/cscs/dthapa/system3_qwem_omni_8_28/omni_thr_fit/bin/worker.sh: line 79: 158276 Terminated              bash "$THR_ROOT/bin/heartbeat.sh" "$UNIT"
/iopsstor/scratch/cscs/dthapa/system3_qwem_omni_8_28/omni_thr_fit/bin/worker.sh: line 79: 109626 Terminated              bash "$THR_ROOT/bin/heartbeat.sh" "$UNIT"
/iopsstor/scratch/cscs/dthapa/system3_qwem_omni_8_28/omni_thr_fit/bin/worker.sh: line 79: 126180 Terminated              bash "$THR_ROOT/bin/heartbeat.sh" "$UNIT"
/iopsstor/scratch/cscs/dthapa/system3_qwem_omni_8_28/omni_thr_fit/bin/worker.sh: line 79: 109667 Terminated              bash "$THR_ROOT/bin/heartbeat.sh" "$UNIT"
/iopsstor/scratch/cscs/dthapa/system3_qwem_omni_8_28/omni_thr_fit/bin/worker.sh: line 79: 158315 Terminated              bash "$THR_ROOT/bin/heartbeat.sh" "$UNIT"
/iopsstor/scratch/cscs/dthapa/system3_qwem_omni_8_28/omni_thr_fit/bin/worker.sh: line 79: 255264 Terminated              bash "$THR_ROOT/bin/heartbeat.sh" "$UNIT"
/iopsstor/scratch/cscs/dthapa/system3_qwem_omni_8_28/omni_thr_fit/bin/worker.sh: line 79: 126231 Terminated              bash "$THR_ROOT/bin/heartbeat.sh" "$UNIT"
/iopsstor/scratch/cscs/dthapa/system3_qwem_omni_8_28/omni_thr_fit/bin/worker.sh: line 79: 255300 Terminated              bash "$THR_ROOT/bin/heartbeat.sh" "$UNIT"
/iopsstor/scratch/cscs/dthapa/system3_qwem_omni_8_28/omni_thr_fit/bin/worker.sh: line 79: 158381 Terminated              bash "$THR_ROOT/bin/heartbeat.sh" "$UNIT"
/iopsstor/scratch/cscs/dthapa/system3_qwem_omni_8_28/omni_thr_fit/bin/worker.sh: line 79: 126269 Terminated              bash "$THR_ROOT/bin/heartbeat.sh" "$UNIT"
/iopsstor/scratch/cscs/dthapa/system3_qwem_omni_8_28/omni_thr_fit/bin/worker.sh: line 79: 126293 Terminated              bash "$THR_ROOT/bin/heartbeat.sh" "$UNIT"
/iopsstor/scratch/cscs/dthapa/system3_qwem_omni_8_28/omni_thr_fit/bin/worker.sh: line 79: 109749 Terminated              bash "$THR_ROOT/bin/heartbeat.sh" "$UNIT"
/iopsstor/scratch/cscs/dthapa/system3_qwem_omni_8_28/omni_thr_fit/bin/worker.sh: line 79: 158426 Terminated              bash "$THR_ROOT/bin/heartbeat.sh" "$UNIT"
/iopsstor/scratch/cscs/dthapa/system3_qwem_omni_8_28/omni_thr_fit/bin/worker.sh: line 79: 109766 Terminated              bash "$THR_ROOT/bin/heartbeat.sh" "$UNIT"
/iopsstor/scratch/cscs/dthapa/system3_qwem_omni_8_28/omni_thr_fit/bin/worker.sh: line 79: 255383 Terminated              bash "$THR_ROOT/bin/heartbeat.sh" "$UNIT"
/iopsstor/scratch/cscs/dthapa/system3_qwem_omni_8_28/omni_thr_fit/bin/worker.sh: line 79: 255404 Terminated              bash "$THR_ROOT/bin/heartbeat.sh" "$UNIT"
/iopsstor/scratch/cscs/dthapa/system3_qwem_omni_8_28/omni_thr_fit/bin/worker.sh: line 79: 158469 Terminated              bash "$THR_ROOT/bin/heartbeat.sh" "$UNIT"
/iopsstor/scratch/cscs/dthapa/system3_qwem_omni_8_28/omni_thr_fit/bin/worker.sh: line 79: 109814 Terminated              bash "$THR_ROOT/bin/heartbeat.sh" "$UNIT"
/iopsstor/scratch/cscs/dthapa/system3_qwem_omni_8_28/omni_thr_fit/bin/worker.sh: line 79: 126358 Terminated              bash "$THR_ROOT/bin/heartbeat.sh" "$UNIT"
/iopsstor/scratch/cscs/dthapa/system3_qwem_omni_8_28/omni_thr_fit/bin/worker.sh: line 79: 158508 Terminated              bash "$THR_ROOT/bin/heartbeat.sh" "$UNIT"
/iopsstor/scratch/cscs/dthapa/system3_qwem_omni_8_28/omni_thr_fit/bin/worker.sh: line 79: 255467 Terminated              bash "$THR_ROOT/bin/heartbeat.sh" "$UNIT"
/iopsstor/scratch/cscs/dthapa/system3_qwem_omni_8_28/omni_thr_fit/bin/worker.sh: line 79: 109842 Terminated              bash "$THR_ROOT/bin/heartbeat.sh" "$UNIT"
/iopsstor/scratch/cscs/dthapa/system3_qwem_omni_8_28/omni_thr_fit/bin/worker.sh: line 79: 126427 Terminated              bash "$THR_ROOT/bin/heartbeat.sh" "$UNIT"
/iopsstor/scratch/cscs/dthapa/system3_qwem_omni_8_28/omni_thr_fit/bin/worker.sh: line 79: 255503 Terminated              bash "$THR_ROOT/bin/heartbeat.sh" "$UNIT"
/iopsstor/scratch/cscs/dthapa/system3_qwem_omni_8_28/omni_thr_fit/bin/worker.sh: line 79: 158561 Terminated              bash "$THR_ROOT/bin/heartbeat.sh" "$UNIT"
/iopsstor/scratch/cscs/dthapa/system3_qwem_omni_8_28/omni_thr_fit/bin/worker.sh: line 79: 126471 Terminated              bash "$THR_ROOT/bin/heartbeat.sh" "$UNIT"
/iopsstor/scratch/cscs/dthapa/system3_qwem_omni_8_28/omni_thr_fit/bin/worker.sh: line 79: 126491 Terminated              bash "$THR_ROOT/bin/heartbeat.sh" "$UNIT"
/iopsstor/scratch/cscs/dthapa/system3_qwem_omni_8_28/omni_thr_fit/bin/worker.sh: line 79: 158600 Terminated              bash "$THR_ROOT/bin/heartbeat.sh" "$UNIT"
/iopsstor/scratch/cscs/dthapa/system3_qwem_omni_8_28/omni_thr_fit/bin/worker.sh: line 79: 255561 Terminated              bash "$THR_ROOT/bin/heartbeat.sh" "$UNIT"
/iopsstor/scratch/cscs/dthapa/system3_qwem_omni_8_28/omni_thr_fit/bin/worker.sh: line 79: 109930 Terminated              bash "$THR_ROOT/bin/heartbeat.sh" "$UNIT"
/iopsstor/scratch/cscs/dthapa/system3_qwem_omni_8_28/omni_thr_fit/bin/worker.sh: line 79: 109946 Terminated              bash "$THR_ROOT/bin/heartbeat.sh" "$UNIT"
/iopsstor/scratch/cscs/dthapa/system3_qwem_omni_8_28/omni_thr_fit/bin/worker.sh: line 79: 255582 Terminated              bash "$THR_ROOT/bin/heartbeat.sh" "$UNIT"
/iopsstor/scratch/cscs/dthapa/system3_qwem_omni_8_28/omni_thr_fit/bin/worker.sh: line 79: 158643 Terminated              bash "$THR_ROOT/bin/heartbeat.sh" "$UNIT"
/iopsstor/scratch/cscs/dthapa/system3_qwem_omni_8_28/omni_thr_fit/bin/worker.sh: line 79: 126555 Terminated              bash "$THR_ROOT/bin/heartbeat.sh" "$UNIT"
/iopsstor/scratch/cscs/dthapa/system3_qwem_omni_8_28/omni_thr_fit/bin/worker.sh: line 79: 109994 Terminated              bash "$THR_ROOT/bin/heartbeat.sh" "$UNIT"
/iopsstor/scratch/cscs/dthapa/system3_qwem_omni_8_28/omni_thr_fit/bin/worker.sh: line 79: 158682 Terminated              bash "$THR_ROOT/bin/heartbeat.sh" "$UNIT"
/iopsstor/scratch/cscs/dthapa/system3_qwem_omni_8_28/omni_thr_fit/bin/worker.sh: line 79: 255641 Terminated              bash "$THR_ROOT/bin/heartbeat.sh" "$UNIT"
/iopsstor/scratch/cscs/dthapa/system3_qwem_omni_8_28/omni_thr_fit/bin/worker.sh: line 79: 110031 Terminated              bash "$THR_ROOT/bin/heartbeat.sh" "$UNIT"
/iopsstor/scratch/cscs/dthapa/system3_qwem_omni_8_28/omni_thr_fit/bin/worker.sh: line 79: 126598 Terminated              bash "$THR_ROOT/bin/heartbeat.sh" "$UNIT"
/iopsstor/scratch/cscs/dthapa/system3_qwem_omni_8_28/omni_thr_fit/bin/worker.sh: line 79: 255680 Terminated              bash "$THR_ROOT/bin/heartbeat.sh" "$UNIT"
/iopsstor/scratch/cscs/dthapa/system3_qwem_omni_8_28/omni_thr_fit/bin/worker.sh: line 79: 158734 Terminated              bash "$THR_ROOT/bin/heartbeat.sh" "$UNIT"
/iopsstor/scratch/cscs/dthapa/system3_qwem_omni_8_28/omni_thr_fit/bin/worker.sh: line 79: 126649 Terminated              bash "$THR_ROOT/bin/heartbeat.sh" "$UNIT"
/iopsstor/scratch/cscs/dthapa/system3_qwem_omni_8_28/omni_thr_fit/bin/worker.sh: line 79: 126667 Terminated              bash "$THR_ROOT/bin/heartbeat.sh" "$UNIT"
/iopsstor/scratch/cscs/dthapa/system3_qwem_omni_8_28/omni_thr_fit/bin/worker.sh: line 79: 158778 Terminated              bash "$THR_ROOT/bin/heartbeat.sh" "$UNIT"
/iopsstor/scratch/cscs/dthapa/system3_qwem_omni_8_28/omni_thr_fit/bin/worker.sh: line 79: 255739 Terminated              bash "$THR_ROOT/bin/heartbeat.sh" "$UNIT"
/iopsstor/scratch/cscs/dthapa/system3_qwem_omni_8_28/omni_thr_fit/bin/worker.sh: line 79: 255760 Terminated              bash "$THR_ROOT/bin/heartbeat.sh" "$UNIT"
/iopsstor/scratch/cscs/dthapa/system3_qwem_omni_8_28/omni_thr_fit/bin/worker.sh: line 79: 110127 Terminated              bash "$THR_ROOT/bin/heartbeat.sh" "$UNIT"
/iopsstor/scratch/cscs/dthapa/system3_qwem_omni_8_28/omni_thr_fit/bin/worker.sh: line 79: 110143 Terminated              bash "$THR_ROOT/bin/heartbeat.sh" "$UNIT"
/iopsstor/scratch/cscs/dthapa/system3_qwem_omni_8_28/omni_thr_fit/bin/worker.sh: line 79: 158836 Terminated              bash "$THR_ROOT/bin/heartbeat.sh" "$UNIT"
/iopsstor/scratch/cscs/dthapa/system3_qwem_omni_8_28/omni_thr_fit/bin/worker.sh: line 79: 126730 Terminated              bash "$THR_ROOT/bin/heartbeat.sh" "$UNIT"
/iopsstor/scratch/cscs/dthapa/system3_qwem_omni_8_28/omni_thr_fit/bin/worker.sh: line 79: 110195 Terminated              bash "$THR_ROOT/bin/heartbeat.sh" "$UNIT"
/iopsstor/scratch/cscs/dthapa/system3_qwem_omni_8_28/omni_thr_fit/bin/worker.sh: line 79: 158875 Terminated              bash "$THR_ROOT/bin/heartbeat.sh" "$UNIT"
/iopsstor/scratch/cscs/dthapa/system3_qwem_omni_8_28/omni_thr_fit/bin/worker.sh: line 79: 255832 Terminated              bash "$THR_ROOT/bin/heartbeat.sh" "$UNIT"
/iopsstor/scratch/cscs/dthapa/system3_qwem_omni_8_28/omni_thr_fit/bin/worker.sh: line 79: 110220 Terminated              bash "$THR_ROOT/bin/heartbeat.sh" "$UNIT"
/iopsstor/scratch/cscs/dthapa/system3_qwem_omni_8_28/omni_thr_fit/bin/worker.sh: line 79: 126773 Terminated              bash "$THR_ROOT/bin/heartbeat.sh" "$UNIT"
/iopsstor/scratch/cscs/dthapa/system3_qwem_omni_8_28/omni_thr_fit/bin/worker.sh: line 79: 255880 Terminated              bash "$THR_ROOT/bin/heartbeat.sh" "$UNIT"
/iopsstor/scratch/cscs/dthapa/system3_qwem_omni_8_28/omni_thr_fit/bin/worker.sh: line 79: 158927 Terminated              bash "$THR_ROOT/bin/heartbeat.sh" "$UNIT"
/iopsstor/scratch/cscs/dthapa/system3_qwem_omni_8_28/omni_thr_fit/bin/worker.sh: line 79: 126824 Terminated              bash "$THR_ROOT/bin/heartbeat.sh" "$UNIT"
/iopsstor/scratch/cscs/dthapa/system3_qwem_omni_8_28/omni_thr_fit/bin/worker.sh: line 79: 126840 Terminated              bash "$THR_ROOT/bin/heartbeat.sh" "$UNIT"
/iopsstor/scratch/cscs/dthapa/system3_qwem_omni_8_28/omni_thr_fit/bin/worker.sh: line 79: 255937 Terminated              bash "$THR_ROOT/bin/heartbeat.sh" "$UNIT"
/iopsstor/scratch/cscs/dthapa/system3_qwem_omni_8_28/omni_thr_fit/bin/worker.sh: line 79: 158970 Terminated              bash "$THR_ROOT/bin/heartbeat.sh" "$UNIT"
/iopsstor/scratch/cscs/dthapa/system3_qwem_omni_8_28/omni_thr_fit/bin/worker.sh: line 79: 110304 Terminated              bash "$THR_ROOT/bin/heartbeat.sh" "$UNIT"
/iopsstor/scratch/cscs/dthapa/system3_qwem_omni_8_28/omni_thr_fit/bin/worker.sh: line 79: 255958 Terminated              bash "$THR_ROOT/bin/heartbeat.sh" "$UNIT"
/iopsstor/scratch/cscs/dthapa/system3_qwem_omni_8_28/omni_thr_fit/bin/worker.sh: line 79: 110327 Terminated              bash "$THR_ROOT/bin/heartbeat.sh" "$UNIT"
/iopsstor/scratch/cscs/dthapa/system3_qwem_omni_8_28/omni_thr_fit/bin/worker.sh: line 79: 159009 Terminated              bash "$THR_ROOT/bin/heartbeat.sh" "$UNIT"
/iopsstor/scratch/cscs/dthapa/system3_qwem_omni_8_28/omni_thr_fit/bin/worker.sh: line 79: 126922 Terminated              bash "$THR_ROOT/bin/heartbeat.sh" "$UNIT"
/iopsstor/scratch/cscs/dthapa/system3_qwem_omni_8_28/omni_thr_fit/bin/worker.sh: line 79: 110371 Terminated              bash "$THR_ROOT/bin/heartbeat.sh" "$UNIT"
/iopsstor/scratch/cscs/dthapa/system3_qwem_omni_8_28/omni_thr_fit/bin/worker.sh: line 79: 159049 Terminated              bash "$THR_ROOT/bin/heartbeat.sh" "$UNIT"
/iopsstor/scratch/cscs/dthapa/system3_qwem_omni_8_28/omni_thr_fit/bin/worker.sh: line 79: 256020 Terminated              bash "$THR_ROOT/bin/heartbeat.sh" "$UNIT"
/iopsstor/scratch/cscs/dthapa/system3_qwem_omni_8_28/omni_thr_fit/bin/worker.sh: line 79: 126959 Terminated              bash "$THR_ROOT/bin/heartbeat.sh" "$UNIT"
/iopsstor/scratch/cscs/dthapa/system3_qwem_omni_8_28/omni_thr_fit/bin/worker.sh: line 79: 110393 Terminated              bash "$THR_ROOT/bin/heartbeat.sh" "$UNIT"
/iopsstor/scratch/cscs/dthapa/system3_qwem_omni_8_28/omni_thr_fit/bin/worker.sh: line 79: 256060 Terminated              bash "$THR_ROOT/bin/heartbeat.sh" "$UNIT"
/iopsstor/scratch/cscs/dthapa/system3_qwem_omni_8_28/omni_thr_fit/bin/worker.sh: line 79: 159102 Terminated              bash "$THR_ROOT/bin/heartbeat.sh" "$UNIT"
[chain] gen 7 end: 81/1410 samples, cells 0/94
[chain] WARNING generation banked no new samples (stall 2/2)
[chain] ABORT: two consecutive generations with zero progress.
[chain] inspect /iopsstor/scratch/cscs/dthapa/system3_qwem_omni_8_28/omni_thr_fit/logs/lane_*.log -- chain STOPPED, successor cancelled.
