[chain] gen=4/400 nodes=4 lanes=16
[chain] progress=79/1410 samples, cells=0/94
[chain] xRT_mean=1.819 p95=3.696 longest_remaining=594.6s rec_nodes=4
[chain] window-fit cap for this shape: max_dur=211s
[chain] gen 5 queued: nodes=4 time=00:22:00
/iopsstor/scratch/cscs/dthapa/system3_qwem_omni_8_28/omni_thr_fit/bin/worker.sh: line 79: 26409 Terminated              bash "$THR_ROOT/bin/heartbeat.sh" "$UNIT"
/iopsstor/scratch/cscs/dthapa/system3_qwem_omni_8_28/omni_thr_fit/bin/worker.sh: line 79: 26400 Terminated              bash "$THR_ROOT/bin/heartbeat.sh" "$UNIT"
/iopsstor/scratch/cscs/dthapa/system3_qwem_omni_8_28/omni_thr_fit/bin/worker.sh: line 79: 26401 Terminated              bash "$THR_ROOT/bin/heartbeat.sh" "$UNIT"
/iopsstor/scratch/cscs/dthapa/system3_qwem_omni_8_28/omni_thr_fit/bin/worker.sh: line 79: 26413 Terminated              bash "$THR_ROOT/bin/heartbeat.sh" "$UNIT"
/iopsstor/scratch/cscs/dthapa/system3_qwem_omni_8_28/omni_thr_fit/bin/worker.sh: line 79: 255804 Terminated              bash "$THR_ROOT/bin/heartbeat.sh" "$UNIT"
/iopsstor/scratch/cscs/dthapa/system3_qwem_omni_8_28/omni_thr_fit/bin/worker.sh: line 79: 255790 Terminated              bash "$THR_ROOT/bin/heartbeat.sh" "$UNIT"
/iopsstor/scratch/cscs/dthapa/system3_qwem_omni_8_28/omni_thr_fit/bin/worker.sh: line 79: 238528 Terminated              bash "$THR_ROOT/bin/heartbeat.sh" "$UNIT"
/iopsstor/scratch/cscs/dthapa/system3_qwem_omni_8_28/omni_thr_fit/bin/worker.sh: line 79: 255798 Terminated              bash "$THR_ROOT/bin/heartbeat.sh" "$UNIT"
/iopsstor/scratch/cscs/dthapa/system3_qwem_omni_8_28/omni_thr_fit/bin/worker.sh: line 79: 238533 Terminated              bash "$THR_ROOT/bin/heartbeat.sh" "$UNIT"
/iopsstor/scratch/cscs/dthapa/system3_qwem_omni_8_28/omni_thr_fit/bin/worker.sh: line 79: 255789 Terminated              bash "$THR_ROOT/bin/heartbeat.sh" "$UNIT"
/iopsstor/scratch/cscs/dthapa/system3_qwem_omni_8_28/omni_thr_fit/bin/worker.sh: line 79: 238541 Terminated              bash "$THR_ROOT/bin/heartbeat.sh" "$UNIT"
/iopsstor/scratch/cscs/dthapa/system3_qwem_omni_8_28/omni_thr_fit/bin/worker.sh: line 79: 238545 Terminated              bash "$THR_ROOT/bin/heartbeat.sh" "$UNIT"
/iopsstor/scratch/cscs/dthapa/system3_qwem_omni_8_28/omni_thr_fit/bin/worker.sh: line 79: 251453 Terminated              bash "$THR_ROOT/bin/heartbeat.sh" "$UNIT"
/iopsstor/scratch/cscs/dthapa/system3_qwem_omni_8_28/omni_thr_fit/bin/worker.sh: line 79: 251466 Terminated              bash "$THR_ROOT/bin/heartbeat.sh" "$UNIT"
/iopsstor/scratch/cscs/dthapa/system3_qwem_omni_8_28/omni_thr_fit/bin/worker.sh: line 79: 251451 Terminated              bash "$THR_ROOT/bin/heartbeat.sh" "$UNIT"
/iopsstor/scratch/cscs/dthapa/system3_qwem_omni_8_28/omni_thr_fit/bin/worker.sh: line 79: 251462 Terminated              bash "$THR_ROOT/bin/heartbeat.sh" "$UNIT"
/iopsstor/scratch/cscs/dthapa/system3_qwem_omni_8_28/omni_thr_fit/bin/worker.sh: line 79: 26687 Terminated              bash "$THR_ROOT/bin/heartbeat.sh" "$UNIT"
/iopsstor/scratch/cscs/dthapa/system3_qwem_omni_8_28/omni_thr_fit/bin/worker.sh: line 79: 238833 Terminated              bash "$THR_ROOT/bin/heartbeat.sh" "$UNIT"
/iopsstor/scratch/cscs/dthapa/system3_qwem_omni_8_28/omni_thr_fit/bin/worker.sh: line 79: 256075 Terminated              bash "$THR_ROOT/bin/heartbeat.sh" "$UNIT"
/iopsstor/scratch/cscs/dthapa/system3_qwem_omni_8_28/omni_thr_fit/bin/worker.sh: line 79: 251752 Terminated              bash "$THR_ROOT/bin/heartbeat.sh" "$UNIT"
/iopsstor/scratch/cscs/dthapa/system3_qwem_omni_8_28/omni_thr_fit/bin/worker.sh: line 79: 26704 Terminated              bash "$THR_ROOT/bin/heartbeat.sh" "$UNIT"
/iopsstor/scratch/cscs/dthapa/system3_qwem_omni_8_28/omni_thr_fit/bin/worker.sh: line 79: 251788 Terminated              bash "$THR_ROOT/bin/heartbeat.sh" "$UNIT"
/iopsstor/scratch/cscs/dthapa/system3_qwem_omni_8_28/omni_thr_fit/bin/worker.sh: line 79: 26738 Terminated              bash "$THR_ROOT/bin/heartbeat.sh" "$UNIT"
/iopsstor/scratch/cscs/dthapa/system3_qwem_omni_8_28/omni_thr_fit/bin/worker.sh: line 79: 238853 Terminated              bash "$THR_ROOT/bin/heartbeat.sh" "$UNIT"
/iopsstor/scratch/cscs/dthapa/system3_qwem_omni_8_28/omni_thr_fit/bin/worker.sh: line 79: 256114 Terminated              bash "$THR_ROOT/bin/heartbeat.sh" "$UNIT"
/iopsstor/scratch/cscs/dthapa/system3_qwem_omni_8_28/omni_thr_fit/bin/worker.sh: line 79: 26720 Terminated              bash "$THR_ROOT/bin/heartbeat.sh" "$UNIT"
/iopsstor/scratch/cscs/dthapa/system3_qwem_omni_8_28/omni_thr_fit/bin/worker.sh: line 79: 238871 Terminated              bash "$THR_ROOT/bin/heartbeat.sh" "$UNIT"
/iopsstor/scratch/cscs/dthapa/system3_qwem_omni_8_28/omni_thr_fit/bin/worker.sh: line 79: 256128 Terminated              bash "$THR_ROOT/bin/heartbeat.sh" "$UNIT"
/iopsstor/scratch/cscs/dthapa/system3_qwem_omni_8_28/omni_thr_fit/bin/worker.sh: line 79: 251770 Terminated              bash "$THR_ROOT/bin/heartbeat.sh" "$UNIT"
/iopsstor/scratch/cscs/dthapa/system3_qwem_omni_8_28/omni_thr_fit/bin/worker.sh: line 79: 256097 Terminated              bash "$THR_ROOT/bin/heartbeat.sh" "$UNIT"
/iopsstor/scratch/cscs/dthapa/system3_qwem_omni_8_28/omni_thr_fit/bin/worker.sh: line 79: 238897 Terminated              bash "$THR_ROOT/bin/heartbeat.sh" "$UNIT"
/iopsstor/scratch/cscs/dthapa/system3_qwem_omni_8_28/omni_thr_fit/bin/worker.sh: line 79: 251810 Terminated              bash "$THR_ROOT/bin/heartbeat.sh" "$UNIT"
/iopsstor/scratch/cscs/dthapa/system3_qwem_omni_8_28/omni_thr_fit/bin/worker.sh: line 79: 239036 Terminated              bash "$THR_ROOT/bin/heartbeat.sh" "$UNIT"
/iopsstor/scratch/cscs/dthapa/system3_qwem_omni_8_28/omni_thr_fit/bin/worker.sh: line 79: 256265 Terminated              bash "$THR_ROOT/bin/heartbeat.sh" "$UNIT"
/iopsstor/scratch/cscs/dthapa/system3_qwem_omni_8_28/omni_thr_fit/bin/worker.sh: line 79: 26857 Terminated              bash "$THR_ROOT/bin/heartbeat.sh" "$UNIT"
/iopsstor/scratch/cscs/dthapa/system3_qwem_omni_8_28/omni_thr_fit/bin/worker.sh: line 79: 251935 Terminated              bash "$THR_ROOT/bin/heartbeat.sh" "$UNIT"
/iopsstor/scratch/cscs/dthapa/system3_qwem_omni_8_28/omni_thr_fit/bin/worker.sh: line 79: 26889 Terminated              bash "$THR_ROOT/bin/heartbeat.sh" "$UNIT"
/iopsstor/scratch/cscs/dthapa/system3_qwem_omni_8_28/omni_thr_fit/bin/worker.sh: line 79: 239079 Terminated              bash "$THR_ROOT/bin/heartbeat.sh" "$UNIT"
/iopsstor/scratch/cscs/dthapa/system3_qwem_omni_8_28/omni_thr_fit/bin/worker.sh: line 79: 251971 Terminated              bash "$THR_ROOT/bin/heartbeat.sh" "$UNIT"
/iopsstor/scratch/cscs/dthapa/system3_qwem_omni_8_28/omni_thr_fit/bin/worker.sh: line 79: 256303 Terminated              bash "$THR_ROOT/bin/heartbeat.sh" "$UNIT"
/iopsstor/scratch/cscs/dthapa/system3_qwem_omni_8_28/omni_thr_fit/bin/worker.sh: line 79: 26916 Terminated              bash "$THR_ROOT/bin/heartbeat.sh" "$UNIT"
/iopsstor/scratch/cscs/dthapa/system3_qwem_omni_8_28/omni_thr_fit/bin/worker.sh: line 79: 239099 Terminated              bash "$THR_ROOT/bin/heartbeat.sh" "$UNIT"
/iopsstor/scratch/cscs/dthapa/system3_qwem_omni_8_28/omni_thr_fit/bin/worker.sh: line 79: 252001 Terminated              bash "$THR_ROOT/bin/heartbeat.sh" "$UNIT"
/iopsstor/scratch/cscs/dthapa/system3_qwem_omni_8_28/omni_thr_fit/bin/worker.sh: line 79: 26932 Terminated              bash "$THR_ROOT/bin/heartbeat.sh" "$UNIT"
/iopsstor/scratch/cscs/dthapa/system3_qwem_omni_8_28/omni_thr_fit/bin/worker.sh: line 79: 239120 Terminated              bash "$THR_ROOT/bin/heartbeat.sh" "$UNIT"
/iopsstor/scratch/cscs/dthapa/system3_qwem_omni_8_28/omni_thr_fit/bin/worker.sh: line 79: 256324 Terminated              bash "$THR_ROOT/bin/heartbeat.sh" "$UNIT"
/iopsstor/scratch/cscs/dthapa/system3_qwem_omni_8_28/omni_thr_fit/bin/worker.sh: line 79: 256340 Terminated              bash "$THR_ROOT/bin/heartbeat.sh" "$UNIT"
/iopsstor/scratch/cscs/dthapa/system3_qwem_omni_8_28/omni_thr_fit/bin/worker.sh: line 79: 252046 Terminated              bash "$THR_ROOT/bin/heartbeat.sh" "$UNIT"
/iopsstor/scratch/cscs/dthapa/system3_qwem_omni_8_28/omni_thr_fit/bin/worker.sh: line 79: 239233 Terminated              bash "$THR_ROOT/bin/heartbeat.sh" "$UNIT"
/iopsstor/scratch/cscs/dthapa/system3_qwem_omni_8_28/omni_thr_fit/bin/worker.sh: line 79: 27052 Terminated              bash "$THR_ROOT/bin/heartbeat.sh" "$UNIT"
/iopsstor/scratch/cscs/dthapa/system3_qwem_omni_8_28/omni_thr_fit/bin/worker.sh: line 79: 256430 Terminated              bash "$THR_ROOT/bin/heartbeat.sh" "$UNIT"
/iopsstor/scratch/cscs/dthapa/system3_qwem_omni_8_28/omni_thr_fit/bin/worker.sh: line 79: 252128 Terminated              bash "$THR_ROOT/bin/heartbeat.sh" "$UNIT"
/iopsstor/scratch/cscs/dthapa/system3_qwem_omni_8_28/omni_thr_fit/bin/worker.sh: line 79: 252162 Terminated              bash "$THR_ROOT/bin/heartbeat.sh" "$UNIT"
/iopsstor/scratch/cscs/dthapa/system3_qwem_omni_8_28/omni_thr_fit/bin/worker.sh: line 79: 27079 Terminated              bash "$THR_ROOT/bin/heartbeat.sh" "$UNIT"
/iopsstor/scratch/cscs/dthapa/system3_qwem_omni_8_28/omni_thr_fit/bin/worker.sh: line 79: 239277 Terminated              bash "$THR_ROOT/bin/heartbeat.sh" "$UNIT"
/iopsstor/scratch/cscs/dthapa/system3_qwem_omni_8_28/omni_thr_fit/bin/worker.sh: line 79: 27107 Terminated              bash "$THR_ROOT/bin/heartbeat.sh" "$UNIT"
/iopsstor/scratch/cscs/dthapa/system3_qwem_omni_8_28/omni_thr_fit/bin/worker.sh: line 79: 256476 Terminated              bash "$THR_ROOT/bin/heartbeat.sh" "$UNIT"
/iopsstor/scratch/cscs/dthapa/system3_qwem_omni_8_28/omni_thr_fit/bin/worker.sh: line 79: 239315 Terminated              bash "$THR_ROOT/bin/heartbeat.sh" "$UNIT"
/iopsstor/scratch/cscs/dthapa/system3_qwem_omni_8_28/omni_thr_fit/bin/worker.sh: line 79: 252196 Terminated              bash "$THR_ROOT/bin/heartbeat.sh" "$UNIT"
/iopsstor/scratch/cscs/dthapa/system3_qwem_omni_8_28/omni_thr_fit/bin/worker.sh: line 79: 239341 Terminated              bash "$THR_ROOT/bin/heartbeat.sh" "$UNIT"
/iopsstor/scratch/cscs/dthapa/system3_qwem_omni_8_28/omni_thr_fit/bin/worker.sh: line 79: 27133 Terminated              bash "$THR_ROOT/bin/heartbeat.sh" "$UNIT"
/iopsstor/scratch/cscs/dthapa/system3_qwem_omni_8_28/omni_thr_fit/bin/worker.sh: line 79: 256517 Terminated              bash "$THR_ROOT/bin/heartbeat.sh" "$UNIT"
/iopsstor/scratch/cscs/dthapa/system3_qwem_omni_8_28/omni_thr_fit/bin/worker.sh: line 79: 256532 Terminated              bash "$THR_ROOT/bin/heartbeat.sh" "$UNIT"
/iopsstor/scratch/cscs/dthapa/system3_qwem_omni_8_28/omni_thr_fit/bin/worker.sh: line 79: 252237 Terminated              bash "$THR_ROOT/bin/heartbeat.sh" "$UNIT"
/iopsstor/scratch/cscs/dthapa/system3_qwem_omni_8_28/omni_thr_fit/bin/worker.sh: line 79: 239413 Terminated              bash "$THR_ROOT/bin/heartbeat.sh" "$UNIT"
/iopsstor/scratch/cscs/dthapa/system3_qwem_omni_8_28/omni_thr_fit/bin/worker.sh: line 79: 27241 Terminated              bash "$THR_ROOT/bin/heartbeat.sh" "$UNIT"
/iopsstor/scratch/cscs/dthapa/system3_qwem_omni_8_28/omni_thr_fit/bin/worker.sh: line 79: 256624 Terminated              bash "$THR_ROOT/bin/heartbeat.sh" "$UNIT"
/iopsstor/scratch/cscs/dthapa/system3_qwem_omni_8_28/omni_thr_fit/bin/worker.sh: line 79: 27280 Terminated              bash "$THR_ROOT/bin/heartbeat.sh" "$UNIT"
/iopsstor/scratch/cscs/dthapa/system3_qwem_omni_8_28/omni_thr_fit/bin/worker.sh: line 79: 239468 Terminated              bash "$THR_ROOT/bin/heartbeat.sh" "$UNIT"
/iopsstor/scratch/cscs/dthapa/system3_qwem_omni_8_28/omni_thr_fit/bin/worker.sh: line 79: 252312 Terminated              bash "$THR_ROOT/bin/heartbeat.sh" "$UNIT"
/iopsstor/scratch/cscs/dthapa/system3_qwem_omni_8_28/omni_thr_fit/bin/worker.sh: line 79: 252332 Terminated              bash "$THR_ROOT/bin/heartbeat.sh" "$UNIT"
/iopsstor/scratch/cscs/dthapa/system3_qwem_omni_8_28/omni_thr_fit/bin/worker.sh: line 79: 27304 Terminated              bash "$THR_ROOT/bin/heartbeat.sh" "$UNIT"
/iopsstor/scratch/cscs/dthapa/system3_qwem_omni_8_28/omni_thr_fit/bin/worker.sh: line 79: 256662 Terminated              bash "$THR_ROOT/bin/heartbeat.sh" "$UNIT"
/iopsstor/scratch/cscs/dthapa/system3_qwem_omni_8_28/omni_thr_fit/bin/worker.sh: line 79: 239508 Terminated              bash "$THR_ROOT/bin/heartbeat.sh" "$UNIT"
/iopsstor/scratch/cscs/dthapa/system3_qwem_omni_8_28/omni_thr_fit/bin/worker.sh: line 79: 239539 Terminated              bash "$THR_ROOT/bin/heartbeat.sh" "$UNIT"
/iopsstor/scratch/cscs/dthapa/system3_qwem_omni_8_28/omni_thr_fit/bin/worker.sh: line 79: 252381 Terminated              bash "$THR_ROOT/bin/heartbeat.sh" "$UNIT"
/iopsstor/scratch/cscs/dthapa/system3_qwem_omni_8_28/omni_thr_fit/bin/worker.sh: line 79: 256710 Terminated              bash "$THR_ROOT/bin/heartbeat.sh" "$UNIT"
/iopsstor/scratch/cscs/dthapa/system3_qwem_omni_8_28/omni_thr_fit/bin/worker.sh: line 79: 27340 Terminated              bash "$THR_ROOT/bin/heartbeat.sh" "$UNIT"
/iopsstor/scratch/cscs/dthapa/system3_qwem_omni_8_28/omni_thr_fit/bin/worker.sh: line 79: 252424 Terminated              bash "$THR_ROOT/bin/heartbeat.sh" "$UNIT"
/iopsstor/scratch/cscs/dthapa/system3_qwem_omni_8_28/omni_thr_fit/bin/worker.sh: line 79: 256732 Terminated              bash "$THR_ROOT/bin/heartbeat.sh" "$UNIT"
/iopsstor/scratch/cscs/dthapa/system3_qwem_omni_8_28/omni_thr_fit/bin/worker.sh: line 79: 239633 Terminated              bash "$THR_ROOT/bin/heartbeat.sh" "$UNIT"
/iopsstor/scratch/cscs/dthapa/system3_qwem_omni_8_28/omni_thr_fit/bin/worker.sh: line 79: 27415 Terminated              bash "$THR_ROOT/bin/heartbeat.sh" "$UNIT"
/iopsstor/scratch/cscs/dthapa/system3_qwem_omni_8_28/omni_thr_fit/bin/worker.sh: line 79: 239674 Terminated              bash "$THR_ROOT/bin/heartbeat.sh" "$UNIT"
/iopsstor/scratch/cscs/dthapa/system3_qwem_omni_8_28/omni_thr_fit/bin/worker.sh: line 79: 256802 Terminated              bash "$THR_ROOT/bin/heartbeat.sh" "$UNIT"
/iopsstor/scratch/cscs/dthapa/system3_qwem_omni_8_28/omni_thr_fit/bin/worker.sh: line 79: 256835 Terminated              bash "$THR_ROOT/bin/heartbeat.sh" "$UNIT"
/iopsstor/scratch/cscs/dthapa/system3_qwem_omni_8_28/omni_thr_fit/bin/worker.sh: line 79: 27469 Terminated              bash "$THR_ROOT/bin/heartbeat.sh" "$UNIT"
/iopsstor/scratch/cscs/dthapa/system3_qwem_omni_8_28/omni_thr_fit/bin/worker.sh: line 79: 27502 Terminated              bash "$THR_ROOT/bin/heartbeat.sh" "$UNIT"
/iopsstor/scratch/cscs/dthapa/system3_qwem_omni_8_28/omni_thr_fit/bin/worker.sh: line 79: 252526 Terminated              bash "$THR_ROOT/bin/heartbeat.sh" "$UNIT"
/iopsstor/scratch/cscs/dthapa/system3_qwem_omni_8_28/omni_thr_fit/bin/worker.sh: line 79: 252542 Terminated              bash "$THR_ROOT/bin/heartbeat.sh" "$UNIT"
/iopsstor/scratch/cscs/dthapa/system3_qwem_omni_8_28/omni_thr_fit/bin/worker.sh: line 79: 239717 Terminated              bash "$THR_ROOT/bin/heartbeat.sh" "$UNIT"
/iopsstor/scratch/cscs/dthapa/system3_qwem_omni_8_28/omni_thr_fit/bin/worker.sh: line 79: 252594 Terminated              bash "$THR_ROOT/bin/heartbeat.sh" "$UNIT"
/iopsstor/scratch/cscs/dthapa/system3_qwem_omni_8_28/omni_thr_fit/bin/worker.sh: line 79: 239745 Terminated              bash "$THR_ROOT/bin/heartbeat.sh" "$UNIT"
/iopsstor/scratch/cscs/dthapa/system3_qwem_omni_8_28/omni_thr_fit/bin/worker.sh: line 79: 256889 Terminated              bash "$THR_ROOT/bin/heartbeat.sh" "$UNIT"
/iopsstor/scratch/cscs/dthapa/system3_qwem_omni_8_28/omni_thr_fit/bin/worker.sh: line 79: 27547 Terminated              bash "$THR_ROOT/bin/heartbeat.sh" "$UNIT"
/iopsstor/scratch/cscs/dthapa/system3_qwem_omni_8_28/omni_thr_fit/bin/worker.sh: line 79: 252622 Terminated              bash "$THR_ROOT/bin/heartbeat.sh" "$UNIT"
/iopsstor/scratch/cscs/dthapa/system3_qwem_omni_8_28/omni_thr_fit/bin/worker.sh: line 79: 256916 Terminated              bash "$THR_ROOT/bin/heartbeat.sh" "$UNIT"
/iopsstor/scratch/cscs/dthapa/system3_qwem_omni_8_28/omni_thr_fit/bin/worker.sh: line 79: 239808 Terminated              bash "$THR_ROOT/bin/heartbeat.sh" "$UNIT"
/iopsstor/scratch/cscs/dthapa/system3_qwem_omni_8_28/omni_thr_fit/bin/worker.sh: line 79: 27614 Terminated              bash "$THR_ROOT/bin/heartbeat.sh" "$UNIT"
/iopsstor/scratch/cscs/dthapa/system3_qwem_omni_8_28/omni_thr_fit/bin/worker.sh: line 79: 239849 Terminated              bash "$THR_ROOT/bin/heartbeat.sh" "$UNIT"
/iopsstor/scratch/cscs/dthapa/system3_qwem_omni_8_28/omni_thr_fit/bin/worker.sh: line 79: 256991 Terminated              bash "$THR_ROOT/bin/heartbeat.sh" "$UNIT"
/iopsstor/scratch/cscs/dthapa/system3_qwem_omni_8_28/omni_thr_fit/bin/worker.sh: line 79: 257012 Terminated              bash "$THR_ROOT/bin/heartbeat.sh" "$UNIT"
/iopsstor/scratch/cscs/dthapa/system3_qwem_omni_8_28/omni_thr_fit/bin/worker.sh: line 79: 252703 Terminated              bash "$THR_ROOT/bin/heartbeat.sh" "$UNIT"
/iopsstor/scratch/cscs/dthapa/system3_qwem_omni_8_28/omni_thr_fit/bin/worker.sh: line 79: 27655 Terminated              bash "$THR_ROOT/bin/heartbeat.sh" "$UNIT"
/iopsstor/scratch/cscs/dthapa/system3_qwem_omni_8_28/omni_thr_fit/bin/worker.sh: line 79: 252719 Terminated              bash "$THR_ROOT/bin/heartbeat.sh" "$UNIT"
/iopsstor/scratch/cscs/dthapa/system3_qwem_omni_8_28/omni_thr_fit/bin/worker.sh: line 79: 27678 Terminated              bash "$THR_ROOT/bin/heartbeat.sh" "$UNIT"
/iopsstor/scratch/cscs/dthapa/system3_qwem_omni_8_28/omni_thr_fit/bin/worker.sh: line 79: 239906 Terminated              bash "$THR_ROOT/bin/heartbeat.sh" "$UNIT"
/iopsstor/scratch/cscs/dthapa/system3_qwem_omni_8_28/omni_thr_fit/bin/worker.sh: line 79: 252769 Terminated              bash "$THR_ROOT/bin/heartbeat.sh" "$UNIT"
/iopsstor/scratch/cscs/dthapa/system3_qwem_omni_8_28/omni_thr_fit/bin/worker.sh: line 79: 27725 Terminated              bash "$THR_ROOT/bin/heartbeat.sh" "$UNIT"
/iopsstor/scratch/cscs/dthapa/system3_qwem_omni_8_28/omni_thr_fit/bin/worker.sh: line 79: 257092 Terminated              bash "$THR_ROOT/bin/heartbeat.sh" "$UNIT"
/iopsstor/scratch/cscs/dthapa/system3_qwem_omni_8_28/omni_thr_fit/bin/worker.sh: line 79: 239924 Terminated              bash "$THR_ROOT/bin/heartbeat.sh" "$UNIT"
/iopsstor/scratch/cscs/dthapa/system3_qwem_omni_8_28/omni_thr_fit/bin/worker.sh: line 79: 252805 Terminated              bash "$THR_ROOT/bin/heartbeat.sh" "$UNIT"
/iopsstor/scratch/cscs/dthapa/system3_qwem_omni_8_28/omni_thr_fit/bin/worker.sh: line 79: 257130 Terminated              bash "$THR_ROOT/bin/heartbeat.sh" "$UNIT"
/iopsstor/scratch/cscs/dthapa/system3_qwem_omni_8_28/omni_thr_fit/bin/worker.sh: line 79: 239985 Terminated              bash "$THR_ROOT/bin/heartbeat.sh" "$UNIT"
/iopsstor/scratch/cscs/dthapa/system3_qwem_omni_8_28/omni_thr_fit/bin/worker.sh: line 79: 27793 Terminated              bash "$THR_ROOT/bin/heartbeat.sh" "$UNIT"
/iopsstor/scratch/cscs/dthapa/system3_qwem_omni_8_28/omni_thr_fit/bin/worker.sh: line 79: 240024 Terminated              bash "$THR_ROOT/bin/heartbeat.sh" "$UNIT"
/iopsstor/scratch/cscs/dthapa/system3_qwem_omni_8_28/omni_thr_fit/bin/worker.sh: line 79: 257186 Terminated              bash "$THR_ROOT/bin/heartbeat.sh" "$UNIT"
/iopsstor/scratch/cscs/dthapa/system3_qwem_omni_8_28/omni_thr_fit/bin/worker.sh: line 79: 252873 Terminated              bash "$THR_ROOT/bin/heartbeat.sh" "$UNIT"
/iopsstor/scratch/cscs/dthapa/system3_qwem_omni_8_28/omni_thr_fit/bin/worker.sh: line 79: 257210 Terminated              bash "$THR_ROOT/bin/heartbeat.sh" "$UNIT"
/iopsstor/scratch/cscs/dthapa/system3_qwem_omni_8_28/omni_thr_fit/bin/worker.sh: line 79: 27838 Terminated              bash "$THR_ROOT/bin/heartbeat.sh" "$UNIT"
/iopsstor/scratch/cscs/dthapa/system3_qwem_omni_8_28/omni_thr_fit/bin/worker.sh: line 79: 27860 Terminated              bash "$THR_ROOT/bin/heartbeat.sh" "$UNIT"
/iopsstor/scratch/cscs/dthapa/system3_qwem_omni_8_28/omni_thr_fit/bin/worker.sh: line 79: 252897 Terminated              bash "$THR_ROOT/bin/heartbeat.sh" "$UNIT"
/iopsstor/scratch/cscs/dthapa/system3_qwem_omni_8_28/omni_thr_fit/bin/worker.sh: line 79: 240105 Terminated              bash "$THR_ROOT/bin/heartbeat.sh" "$UNIT"
/iopsstor/scratch/cscs/dthapa/system3_qwem_omni_8_28/omni_thr_fit/bin/worker.sh: line 79: 252962 Terminated              bash "$THR_ROOT/bin/heartbeat.sh" "$UNIT"
/iopsstor/scratch/cscs/dthapa/system3_qwem_omni_8_28/omni_thr_fit/bin/worker.sh: line 79: 27920 Terminated              bash "$THR_ROOT/bin/heartbeat.sh" "$UNIT"
/iopsstor/scratch/cscs/dthapa/system3_qwem_omni_8_28/omni_thr_fit/bin/worker.sh: line 79: 257273 Terminated              bash "$THR_ROOT/bin/heartbeat.sh" "$UNIT"
/iopsstor/scratch/cscs/dthapa/system3_qwem_omni_8_28/omni_thr_fit/bin/worker.sh: line 79: 240157 Terminated              bash "$THR_ROOT/bin/heartbeat.sh" "$UNIT"
/iopsstor/scratch/cscs/dthapa/system3_qwem_omni_8_28/omni_thr_fit/bin/worker.sh: line 79: 257316 Terminated              bash "$THR_ROOT/bin/heartbeat.sh" "$UNIT"
/iopsstor/scratch/cscs/dthapa/system3_qwem_omni_8_28/omni_thr_fit/bin/worker.sh: line 79: 253010 Terminated              bash "$THR_ROOT/bin/heartbeat.sh" "$UNIT"
/iopsstor/scratch/cscs/dthapa/system3_qwem_omni_8_28/omni_thr_fit/bin/worker.sh: line 79: 240202 Terminated              bash "$THR_ROOT/bin/heartbeat.sh" "$UNIT"
/iopsstor/scratch/cscs/dthapa/system3_qwem_omni_8_28/omni_thr_fit/bin/worker.sh: line 79: 27978 Terminated              bash "$THR_ROOT/bin/heartbeat.sh" "$UNIT"
/iopsstor/scratch/cscs/dthapa/system3_qwem_omni_8_28/omni_thr_fit/bin/worker.sh: line 79: 240232 Terminated              bash "$THR_ROOT/bin/heartbeat.sh" "$UNIT"
/iopsstor/scratch/cscs/dthapa/system3_qwem_omni_8_28/omni_thr_fit/bin/worker.sh: line 79: 257359 Terminated              bash "$THR_ROOT/bin/heartbeat.sh" "$UNIT"
/iopsstor/scratch/cscs/dthapa/system3_qwem_omni_8_28/omni_thr_fit/bin/worker.sh: line 79: 257394 Terminated              bash "$THR_ROOT/bin/heartbeat.sh" "$UNIT"
/iopsstor/scratch/cscs/dthapa/system3_qwem_omni_8_28/omni_thr_fit/bin/worker.sh: line 79: 253067 Terminated              bash "$THR_ROOT/bin/heartbeat.sh" "$UNIT"
/iopsstor/scratch/cscs/dthapa/system3_qwem_omni_8_28/omni_thr_fit/bin/worker.sh: line 79: 28026 Terminated              bash "$THR_ROOT/bin/heartbeat.sh" "$UNIT"
/iopsstor/scratch/cscs/dthapa/system3_qwem_omni_8_28/omni_thr_fit/bin/worker.sh: line 79: 28053 Terminated              bash "$THR_ROOT/bin/heartbeat.sh" "$UNIT"
/iopsstor/scratch/cscs/dthapa/system3_qwem_omni_8_28/omni_thr_fit/bin/worker.sh: line 79: 253113 Terminated              bash "$THR_ROOT/bin/heartbeat.sh" "$UNIT"
/iopsstor/scratch/cscs/dthapa/system3_qwem_omni_8_28/omni_thr_fit/bin/worker.sh: line 79: 240297 Terminated              bash "$THR_ROOT/bin/heartbeat.sh" "$UNIT"
/iopsstor/scratch/cscs/dthapa/system3_qwem_omni_8_28/omni_thr_fit/bin/worker.sh: line 79: 253149 Terminated              bash "$THR_ROOT/bin/heartbeat.sh" "$UNIT"
/iopsstor/scratch/cscs/dthapa/system3_qwem_omni_8_28/omni_thr_fit/bin/worker.sh: line 79: 257458 Terminated              bash "$THR_ROOT/bin/heartbeat.sh" "$UNIT"
/iopsstor/scratch/cscs/dthapa/system3_qwem_omni_8_28/omni_thr_fit/bin/worker.sh: line 79: 28094 Terminated              bash "$THR_ROOT/bin/heartbeat.sh" "$UNIT"
/iopsstor/scratch/cscs/dthapa/system3_qwem_omni_8_28/omni_thr_fit/bin/worker.sh: line 79: 240344 Terminated              bash "$THR_ROOT/bin/heartbeat.sh" "$UNIT"
/iopsstor/scratch/cscs/dthapa/system3_qwem_omni_8_28/omni_thr_fit/bin/worker.sh: line 79: 257498 Terminated              bash "$THR_ROOT/bin/heartbeat.sh" "$UNIT"
/iopsstor/scratch/cscs/dthapa/system3_qwem_omni_8_28/omni_thr_fit/bin/worker.sh: line 79: 240387 Terminated              bash "$THR_ROOT/bin/heartbeat.sh" "$UNIT"
/iopsstor/scratch/cscs/dthapa/system3_qwem_omni_8_28/omni_thr_fit/bin/worker.sh: line 79: 253192 Terminated              bash "$THR_ROOT/bin/heartbeat.sh" "$UNIT"
/iopsstor/scratch/cscs/dthapa/system3_qwem_omni_8_28/omni_thr_fit/bin/worker.sh: line 79: 28152 Terminated              bash "$THR_ROOT/bin/heartbeat.sh" "$UNIT"
/iopsstor/scratch/cscs/dthapa/system3_qwem_omni_8_28/omni_thr_fit/bin/worker.sh: line 79: 257560 Terminated              bash "$THR_ROOT/bin/heartbeat.sh" "$UNIT"
/iopsstor/scratch/cscs/dthapa/system3_qwem_omni_8_28/omni_thr_fit/bin/worker.sh: line 79: 240411 Terminated              bash "$THR_ROOT/bin/heartbeat.sh" "$UNIT"
/iopsstor/scratch/cscs/dthapa/system3_qwem_omni_8_28/omni_thr_fit/bin/worker.sh: line 79: 257589 Terminated              bash "$THR_ROOT/bin/heartbeat.sh" "$UNIT"
/iopsstor/scratch/cscs/dthapa/system3_qwem_omni_8_28/omni_thr_fit/bin/worker.sh: line 79: 253246 Terminated              bash "$THR_ROOT/bin/heartbeat.sh" "$UNIT"
/iopsstor/scratch/cscs/dthapa/system3_qwem_omni_8_28/omni_thr_fit/bin/worker.sh: line 79: 28199 Terminated              bash "$THR_ROOT/bin/heartbeat.sh" "$UNIT"
/iopsstor/scratch/cscs/dthapa/system3_qwem_omni_8_28/omni_thr_fit/bin/worker.sh: line 79: 28227 Terminated              bash "$THR_ROOT/bin/heartbeat.sh" "$UNIT"
/iopsstor/scratch/cscs/dthapa/system3_qwem_omni_8_28/omni_thr_fit/bin/worker.sh: line 79: 253293 Terminated              bash "$THR_ROOT/bin/heartbeat.sh" "$UNIT"
/iopsstor/scratch/cscs/dthapa/system3_qwem_omni_8_28/omni_thr_fit/bin/worker.sh: line 79: 240487 Terminated              bash "$THR_ROOT/bin/heartbeat.sh" "$UNIT"
/iopsstor/scratch/cscs/dthapa/system3_qwem_omni_8_28/omni_thr_fit/bin/worker.sh: line 79: 253333 Terminated              bash "$THR_ROOT/bin/heartbeat.sh" "$UNIT"
/iopsstor/scratch/cscs/dthapa/system3_qwem_omni_8_28/omni_thr_fit/bin/worker.sh: line 79: 257664 Terminated              bash "$THR_ROOT/bin/heartbeat.sh" "$UNIT"
/iopsstor/scratch/cscs/dthapa/system3_qwem_omni_8_28/omni_thr_fit/bin/worker.sh: line 79: 28282 Terminated              bash "$THR_ROOT/bin/heartbeat.sh" "$UNIT"
/iopsstor/scratch/cscs/dthapa/system3_qwem_omni_8_28/omni_thr_fit/bin/worker.sh: line 79: 240538 Terminated              bash "$THR_ROOT/bin/heartbeat.sh" "$UNIT"
/iopsstor/scratch/cscs/dthapa/system3_qwem_omni_8_28/omni_thr_fit/bin/worker.sh: line 79: 240585 Terminated              bash "$THR_ROOT/bin/heartbeat.sh" "$UNIT"
/iopsstor/scratch/cscs/dthapa/system3_qwem_omni_8_28/omni_thr_fit/bin/worker.sh: line 79: 257709 Terminated              bash "$THR_ROOT/bin/heartbeat.sh" "$UNIT"
/iopsstor/scratch/cscs/dthapa/system3_qwem_omni_8_28/omni_thr_fit/bin/worker.sh: line 79: 253385 Terminated              bash "$THR_ROOT/bin/heartbeat.sh" "$UNIT"
/iopsstor/scratch/cscs/dthapa/system3_qwem_omni_8_28/omni_thr_fit/bin/worker.sh: line 79: 28325 Terminated              bash "$THR_ROOT/bin/heartbeat.sh" "$UNIT"
/iopsstor/scratch/cscs/dthapa/system3_qwem_omni_8_28/omni_thr_fit/bin/worker.sh: line 79: 240625 Terminated              bash "$THR_ROOT/bin/heartbeat.sh" "$UNIT"
/iopsstor/scratch/cscs/dthapa/system3_qwem_omni_8_28/omni_thr_fit/bin/worker.sh: line 79: 257748 Terminated              bash "$THR_ROOT/bin/heartbeat.sh" "$UNIT"
/iopsstor/scratch/cscs/dthapa/system3_qwem_omni_8_28/omni_thr_fit/bin/worker.sh: line 79: 257772 Terminated              bash "$THR_ROOT/bin/heartbeat.sh" "$UNIT"
/iopsstor/scratch/cscs/dthapa/system3_qwem_omni_8_28/omni_thr_fit/bin/worker.sh: line 79: 253448 Terminated              bash "$THR_ROOT/bin/heartbeat.sh" "$UNIT"
/iopsstor/scratch/cscs/dthapa/system3_qwem_omni_8_28/omni_thr_fit/bin/worker.sh: line 79: 28393 Terminated              bash "$THR_ROOT/bin/heartbeat.sh" "$UNIT"
/iopsstor/scratch/cscs/dthapa/system3_qwem_omni_8_28/omni_thr_fit/bin/worker.sh: line 79: 28414 Terminated              bash "$THR_ROOT/bin/heartbeat.sh" "$UNIT"
/iopsstor/scratch/cscs/dthapa/system3_qwem_omni_8_28/omni_thr_fit/bin/worker.sh: line 79: 253493 Terminated              bash "$THR_ROOT/bin/heartbeat.sh" "$UNIT"
/iopsstor/scratch/cscs/dthapa/system3_qwem_omni_8_28/omni_thr_fit/bin/worker.sh: line 79: 240688 Terminated              bash "$THR_ROOT/bin/heartbeat.sh" "$UNIT"
/iopsstor/scratch/cscs/dthapa/system3_qwem_omni_8_28/omni_thr_fit/bin/worker.sh: line 79: 253525 Terminated              bash "$THR_ROOT/bin/heartbeat.sh" "$UNIT"
/iopsstor/scratch/cscs/dthapa/system3_qwem_omni_8_28/omni_thr_fit/bin/worker.sh: line 79: 257839 Terminated              bash "$THR_ROOT/bin/heartbeat.sh" "$UNIT"
/iopsstor/scratch/cscs/dthapa/system3_qwem_omni_8_28/omni_thr_fit/bin/worker.sh: line 79: 240737 Terminated              bash "$THR_ROOT/bin/heartbeat.sh" "$UNIT"
/iopsstor/scratch/cscs/dthapa/system3_qwem_omni_8_28/omni_thr_fit/bin/worker.sh: line 79: 28473 Terminated              bash "$THR_ROOT/bin/heartbeat.sh" "$UNIT"
/iopsstor/scratch/cscs/dthapa/system3_qwem_omni_8_28/omni_thr_fit/bin/worker.sh: line 79: 240767 Terminated              bash "$THR_ROOT/bin/heartbeat.sh" "$UNIT"
/iopsstor/scratch/cscs/dthapa/system3_qwem_omni_8_28/omni_thr_fit/bin/worker.sh: line 79: 257888 Terminated              bash "$THR_ROOT/bin/heartbeat.sh" "$UNIT"
/iopsstor/scratch/cscs/dthapa/system3_qwem_omni_8_28/omni_thr_fit/bin/worker.sh: line 79: 253582 Terminated              bash "$THR_ROOT/bin/heartbeat.sh" "$UNIT"
/iopsstor/scratch/cscs/dthapa/system3_qwem_omni_8_28/omni_thr_fit/bin/worker.sh: line 79: 28516 Terminated              bash "$THR_ROOT/bin/heartbeat.sh" "$UNIT"
/iopsstor/scratch/cscs/dthapa/system3_qwem_omni_8_28/omni_thr_fit/bin/worker.sh: line 79: 240810 Terminated              bash "$THR_ROOT/bin/heartbeat.sh" "$UNIT"
/iopsstor/scratch/cscs/dthapa/system3_qwem_omni_8_28/omni_thr_fit/bin/worker.sh: line 79: 257924 Terminated              bash "$THR_ROOT/bin/heartbeat.sh" "$UNIT"
/iopsstor/scratch/cscs/dthapa/system3_qwem_omni_8_28/omni_thr_fit/bin/worker.sh: line 79: 253633 Terminated              bash "$THR_ROOT/bin/heartbeat.sh" "$UNIT"
/iopsstor/scratch/cscs/dthapa/system3_qwem_omni_8_28/omni_thr_fit/bin/worker.sh: line 79: 257946 Terminated              bash "$THR_ROOT/bin/heartbeat.sh" "$UNIT"
/iopsstor/scratch/cscs/dthapa/system3_qwem_omni_8_28/omni_thr_fit/bin/worker.sh: line 79: 28566 Terminated              bash "$THR_ROOT/bin/heartbeat.sh" "$UNIT"
/iopsstor/scratch/cscs/dthapa/system3_qwem_omni_8_28/omni_thr_fit/bin/worker.sh: line 79: 28583 Terminated              bash "$THR_ROOT/bin/heartbeat.sh" "$UNIT"
/iopsstor/scratch/cscs/dthapa/system3_qwem_omni_8_28/omni_thr_fit/bin/worker.sh: line 79: 253678 Terminated              bash "$THR_ROOT/bin/heartbeat.sh" "$UNIT"
/iopsstor/scratch/cscs/dthapa/system3_qwem_omni_8_28/omni_thr_fit/bin/worker.sh: line 79: 240885 Terminated              bash "$THR_ROOT/bin/heartbeat.sh" "$UNIT"
/iopsstor/scratch/cscs/dthapa/system3_qwem_omni_8_28/omni_thr_fit/bin/worker.sh: line 79: 253708 Terminated              bash "$THR_ROOT/bin/heartbeat.sh" "$UNIT"
/iopsstor/scratch/cscs/dthapa/system3_qwem_omni_8_28/omni_thr_fit/bin/worker.sh: line 79: 258038 Terminated              bash "$THR_ROOT/bin/heartbeat.sh" "$UNIT"
/iopsstor/scratch/cscs/dthapa/system3_qwem_omni_8_28/omni_thr_fit/bin/worker.sh: line 79: 240968 Terminated              bash "$THR_ROOT/bin/heartbeat.sh" "$UNIT"
/iopsstor/scratch/cscs/dthapa/system3_qwem_omni_8_28/omni_thr_fit/bin/worker.sh: line 79: 240986 Terminated              bash "$THR_ROOT/bin/heartbeat.sh" "$UNIT"
/iopsstor/scratch/cscs/dthapa/system3_qwem_omni_8_28/omni_thr_fit/bin/worker.sh: line 79: 28650 Terminated              bash "$THR_ROOT/bin/heartbeat.sh" "$UNIT"
/iopsstor/scratch/cscs/dthapa/system3_qwem_omni_8_28/omni_thr_fit/bin/worker.sh: line 79: 258083 Terminated              bash "$THR_ROOT/bin/heartbeat.sh" "$UNIT"
/iopsstor/scratch/cscs/dthapa/system3_qwem_omni_8_28/omni_thr_fit/bin/worker.sh: line 79: 253769 Terminated              bash "$THR_ROOT/bin/heartbeat.sh" "$UNIT"
/iopsstor/scratch/cscs/dthapa/system3_qwem_omni_8_28/omni_thr_fit/bin/worker.sh: line 79: 28690 Terminated              bash "$THR_ROOT/bin/heartbeat.sh" "$UNIT"
/iopsstor/scratch/cscs/dthapa/system3_qwem_omni_8_28/omni_thr_fit/bin/worker.sh: line 79: 241032 Terminated              bash "$THR_ROOT/bin/heartbeat.sh" "$UNIT"
/iopsstor/scratch/cscs/dthapa/system3_qwem_omni_8_28/omni_thr_fit/bin/worker.sh: line 79: 258113 Terminated              bash "$THR_ROOT/bin/heartbeat.sh" "$UNIT"
/iopsstor/scratch/cscs/dthapa/system3_qwem_omni_8_28/omni_thr_fit/bin/worker.sh: line 79: 253809 Terminated              bash "$THR_ROOT/bin/heartbeat.sh" "$UNIT"
/iopsstor/scratch/cscs/dthapa/system3_qwem_omni_8_28/omni_thr_fit/bin/worker.sh: line 79: 258155 Terminated              bash "$THR_ROOT/bin/heartbeat.sh" "$UNIT"
/iopsstor/scratch/cscs/dthapa/system3_qwem_omni_8_28/omni_thr_fit/bin/worker.sh: line 79: 28745 Terminated              bash "$THR_ROOT/bin/heartbeat.sh" "$UNIT"
/iopsstor/scratch/cscs/dthapa/system3_qwem_omni_8_28/omni_thr_fit/bin/worker.sh: line 79: 241113 Terminated              bash "$THR_ROOT/bin/heartbeat.sh" "$UNIT"
/iopsstor/scratch/cscs/dthapa/system3_qwem_omni_8_28/omni_thr_fit/bin/worker.sh: line 79: 253893 Terminated              bash "$THR_ROOT/bin/heartbeat.sh" "$UNIT"
/iopsstor/scratch/cscs/dthapa/system3_qwem_omni_8_28/omni_thr_fit/bin/worker.sh: line 79: 28759 Terminated              bash "$THR_ROOT/bin/heartbeat.sh" "$UNIT"
/iopsstor/scratch/cscs/dthapa/system3_qwem_omni_8_28/omni_thr_fit/bin/worker.sh: line 79: 253918 Terminated              bash "$THR_ROOT/bin/heartbeat.sh" "$UNIT"
/iopsstor/scratch/cscs/dthapa/system3_qwem_omni_8_28/omni_thr_fit/bin/worker.sh: line 79: 258215 Terminated              bash "$THR_ROOT/bin/heartbeat.sh" "$UNIT"
/iopsstor/scratch/cscs/dthapa/system3_qwem_omni_8_28/omni_thr_fit/bin/worker.sh: line 79: 241176 Terminated              bash "$THR_ROOT/bin/heartbeat.sh" "$UNIT"
/iopsstor/scratch/cscs/dthapa/system3_qwem_omni_8_28/omni_thr_fit/bin/worker.sh: line 79: 28848 Terminated              bash "$THR_ROOT/bin/heartbeat.sh" "$UNIT"
/iopsstor/scratch/cscs/dthapa/system3_qwem_omni_8_28/omni_thr_fit/bin/worker.sh: line 79: 241192 Terminated              bash "$THR_ROOT/bin/heartbeat.sh" "$UNIT"
/iopsstor/scratch/cscs/dthapa/system3_qwem_omni_8_28/omni_thr_fit/bin/worker.sh: line 79: 258254 Terminated              bash "$THR_ROOT/bin/heartbeat.sh" "$UNIT"
/iopsstor/scratch/cscs/dthapa/system3_qwem_omni_8_28/omni_thr_fit/bin/worker.sh: line 79: 253985 Terminated              bash "$THR_ROOT/bin/heartbeat.sh" "$UNIT"
/iopsstor/scratch/cscs/dthapa/system3_qwem_omni_8_28/omni_thr_fit/bin/worker.sh: line 79: 258289 Terminated              bash "$THR_ROOT/bin/heartbeat.sh" "$UNIT"
/iopsstor/scratch/cscs/dthapa/system3_qwem_omni_8_28/omni_thr_fit/bin/worker.sh: line 79: 28884 Terminated              bash "$THR_ROOT/bin/heartbeat.sh" "$UNIT"
/iopsstor/scratch/cscs/dthapa/system3_qwem_omni_8_28/omni_thr_fit/bin/worker.sh: line 79: 241233 Terminated              bash "$THR_ROOT/bin/heartbeat.sh" "$UNIT"
/iopsstor/scratch/cscs/dthapa/system3_qwem_omni_8_28/omni_thr_fit/bin/worker.sh: line 79: 254035 Terminated              bash "$THR_ROOT/bin/heartbeat.sh" "$UNIT"
/iopsstor/scratch/cscs/dthapa/system3_qwem_omni_8_28/omni_thr_fit/bin/worker.sh: line 79: 258331 Terminated              bash "$THR_ROOT/bin/heartbeat.sh" "$UNIT"
/iopsstor/scratch/cscs/dthapa/system3_qwem_omni_8_28/omni_thr_fit/bin/worker.sh: line 79: 28941 Terminated              bash "$THR_ROOT/bin/heartbeat.sh" "$UNIT"
/iopsstor/scratch/cscs/dthapa/system3_qwem_omni_8_28/omni_thr_fit/bin/worker.sh: line 79: 241284 Terminated              bash "$THR_ROOT/bin/heartbeat.sh" "$UNIT"
/iopsstor/scratch/cscs/dthapa/system3_qwem_omni_8_28/omni_thr_fit/bin/worker.sh: line 79: 28963 Terminated              bash "$THR_ROOT/bin/heartbeat.sh" "$UNIT"
/iopsstor/scratch/cscs/dthapa/system3_qwem_omni_8_28/omni_thr_fit/bin/worker.sh: line 79: 254072 Terminated              bash "$THR_ROOT/bin/heartbeat.sh" "$UNIT"
/iopsstor/scratch/cscs/dthapa/system3_qwem_omni_8_28/omni_thr_fit/bin/worker.sh: line 79: 254093 Terminated              bash "$THR_ROOT/bin/heartbeat.sh" "$UNIT"
/iopsstor/scratch/cscs/dthapa/system3_qwem_omni_8_28/omni_thr_fit/bin/worker.sh: line 79: 258412 Terminated              bash "$THR_ROOT/bin/heartbeat.sh" "$UNIT"
/iopsstor/scratch/cscs/dthapa/system3_qwem_omni_8_28/omni_thr_fit/bin/worker.sh: line 79: 241354 Terminated              bash "$THR_ROOT/bin/heartbeat.sh" "$UNIT"
/iopsstor/scratch/cscs/dthapa/system3_qwem_omni_8_28/omni_thr_fit/bin/worker.sh: line 79: 241375 Terminated              bash "$THR_ROOT/bin/heartbeat.sh" "$UNIT"
/iopsstor/scratch/cscs/dthapa/system3_qwem_omni_8_28/omni_thr_fit/bin/worker.sh: line 79: 258467 Terminated              bash "$THR_ROOT/bin/heartbeat.sh" "$UNIT"
/iopsstor/scratch/cscs/dthapa/system3_qwem_omni_8_28/omni_thr_fit/bin/worker.sh: line 79: 29027 Terminated              bash "$THR_ROOT/bin/heartbeat.sh" "$UNIT"
/iopsstor/scratch/cscs/dthapa/system3_qwem_omni_8_28/omni_thr_fit/bin/worker.sh: line 79: 254159 Terminated              bash "$THR_ROOT/bin/heartbeat.sh" "$UNIT"
/iopsstor/scratch/cscs/dthapa/system3_qwem_omni_8_28/omni_thr_fit/bin/worker.sh: line 79: 258502 Terminated              bash "$THR_ROOT/bin/heartbeat.sh" "$UNIT"
/iopsstor/scratch/cscs/dthapa/system3_qwem_omni_8_28/omni_thr_fit/bin/worker.sh: line 79: 29061 Terminated              bash "$THR_ROOT/bin/heartbeat.sh" "$UNIT"
/iopsstor/scratch/cscs/dthapa/system3_qwem_omni_8_28/omni_thr_fit/bin/worker.sh: line 79: 241421 Terminated              bash "$THR_ROOT/bin/heartbeat.sh" "$UNIT"
/iopsstor/scratch/cscs/dthapa/system3_qwem_omni_8_28/omni_thr_fit/bin/worker.sh: line 79: 254216 Terminated              bash "$THR_ROOT/bin/heartbeat.sh" "$UNIT"
/iopsstor/scratch/cscs/dthapa/system3_qwem_omni_8_28/omni_thr_fit/bin/worker.sh: line 79: 258545 Terminated              bash "$THR_ROOT/bin/heartbeat.sh" "$UNIT"
/iopsstor/scratch/cscs/dthapa/system3_qwem_omni_8_28/omni_thr_fit/bin/worker.sh: line 79: 29116 Terminated              bash "$THR_ROOT/bin/heartbeat.sh" "$UNIT"
/iopsstor/scratch/cscs/dthapa/system3_qwem_omni_8_28/omni_thr_fit/bin/worker.sh: line 79: 29137 Terminated              bash "$THR_ROOT/bin/heartbeat.sh" "$UNIT"
/iopsstor/scratch/cscs/dthapa/system3_qwem_omni_8_28/omni_thr_fit/bin/worker.sh: line 79: 254254 Terminated              bash "$THR_ROOT/bin/heartbeat.sh" "$UNIT"
/iopsstor/scratch/cscs/dthapa/system3_qwem_omni_8_28/omni_thr_fit/bin/worker.sh: line 79: 241477 Terminated              bash "$THR_ROOT/bin/heartbeat.sh" "$UNIT"
/iopsstor/scratch/cscs/dthapa/system3_qwem_omni_8_28/omni_thr_fit/bin/worker.sh: line 79: 254278 Terminated              bash "$THR_ROOT/bin/heartbeat.sh" "$UNIT"
/iopsstor/scratch/cscs/dthapa/system3_qwem_omni_8_28/omni_thr_fit/bin/worker.sh: line 79: 258612 Terminated              bash "$THR_ROOT/bin/heartbeat.sh" "$UNIT"
/iopsstor/scratch/cscs/dthapa/system3_qwem_omni_8_28/omni_thr_fit/bin/worker.sh: line 79: 241567 Terminated              bash "$THR_ROOT/bin/heartbeat.sh" "$UNIT"
/iopsstor/scratch/cscs/dthapa/system3_qwem_omni_8_28/omni_thr_fit/bin/worker.sh: line 79: 241592 Terminated              bash "$THR_ROOT/bin/heartbeat.sh" "$UNIT"
/iopsstor/scratch/cscs/dthapa/system3_qwem_omni_8_28/omni_thr_fit/bin/worker.sh: line 79: 258652 Terminated              bash "$THR_ROOT/bin/heartbeat.sh" "$UNIT"
/iopsstor/scratch/cscs/dthapa/system3_qwem_omni_8_28/omni_thr_fit/bin/worker.sh: line 79: 29211 Terminated              bash "$THR_ROOT/bin/heartbeat.sh" "$UNIT"
/iopsstor/scratch/cscs/dthapa/system3_qwem_omni_8_28/omni_thr_fit/bin/worker.sh: line 79: 258679 Terminated              bash "$THR_ROOT/bin/heartbeat.sh" "$UNIT"
/iopsstor/scratch/cscs/dthapa/system3_qwem_omni_8_28/omni_thr_fit/bin/worker.sh: line 79: 29230 Terminated              bash "$THR_ROOT/bin/heartbeat.sh" "$UNIT"
/iopsstor/scratch/cscs/dthapa/system3_qwem_omni_8_28/omni_thr_fit/bin/worker.sh: line 79: 254364 Terminated              bash "$THR_ROOT/bin/heartbeat.sh" "$UNIT"
/iopsstor/scratch/cscs/dthapa/system3_qwem_omni_8_28/omni_thr_fit/bin/worker.sh: line 79: 241638 Terminated              bash "$THR_ROOT/bin/heartbeat.sh" "$UNIT"
/iopsstor/scratch/cscs/dthapa/system3_qwem_omni_8_28/omni_thr_fit/bin/worker.sh: line 79: 254415 Terminated              bash "$THR_ROOT/bin/heartbeat.sh" "$UNIT"
/iopsstor/scratch/cscs/dthapa/system3_qwem_omni_8_28/omni_thr_fit/bin/worker.sh: line 79: 258716 Terminated              bash "$THR_ROOT/bin/heartbeat.sh" "$UNIT"
/iopsstor/scratch/cscs/dthapa/system3_qwem_omni_8_28/omni_thr_fit/bin/worker.sh: line 79: 29307 Terminated              bash "$THR_ROOT/bin/heartbeat.sh" "$UNIT"
/iopsstor/scratch/cscs/dthapa/system3_qwem_omni_8_28/omni_thr_fit/bin/worker.sh: line 79: 254451 Terminated              bash "$THR_ROOT/bin/heartbeat.sh" "$UNIT"
/iopsstor/scratch/cscs/dthapa/system3_qwem_omni_8_28/omni_thr_fit/bin/worker.sh: line 79: 241684 Terminated              bash "$THR_ROOT/bin/heartbeat.sh" "$UNIT"
/iopsstor/scratch/cscs/dthapa/system3_qwem_omni_8_28/omni_thr_fit/bin/worker.sh: line 79: 29328 Terminated              bash "$THR_ROOT/bin/heartbeat.sh" "$UNIT"
/iopsstor/scratch/cscs/dthapa/system3_qwem_omni_8_28/omni_thr_fit/bin/worker.sh: line 79: 254473 Terminated              bash "$THR_ROOT/bin/heartbeat.sh" "$UNIT"
/iopsstor/scratch/cscs/dthapa/system3_qwem_omni_8_28/omni_thr_fit/bin/worker.sh: line 79: 241751 Terminated              bash "$THR_ROOT/bin/heartbeat.sh" "$UNIT"
/iopsstor/scratch/cscs/dthapa/system3_qwem_omni_8_28/omni_thr_fit/bin/worker.sh: line 79: 241776 Terminated              bash "$THR_ROOT/bin/heartbeat.sh" "$UNIT"
/iopsstor/scratch/cscs/dthapa/system3_qwem_omni_8_28/omni_thr_fit/bin/worker.sh: line 79: 258797 Terminated              bash "$THR_ROOT/bin/heartbeat.sh" "$UNIT"
/iopsstor/scratch/cscs/dthapa/system3_qwem_omni_8_28/omni_thr_fit/bin/worker.sh: line 79: 258822 Terminated              bash "$THR_ROOT/bin/heartbeat.sh" "$UNIT"
/iopsstor/scratch/cscs/dthapa/system3_qwem_omni_8_28/omni_thr_fit/bin/worker.sh: line 79: 258857 Terminated              bash "$THR_ROOT/bin/heartbeat.sh" "$UNIT"
/iopsstor/scratch/cscs/dthapa/system3_qwem_omni_8_28/omni_thr_fit/bin/worker.sh: line 79: 29403 Terminated              bash "$THR_ROOT/bin/heartbeat.sh" "$UNIT"
/iopsstor/scratch/cscs/dthapa/system3_qwem_omni_8_28/omni_thr_fit/bin/worker.sh: line 79: 254545 Terminated              bash "$THR_ROOT/bin/heartbeat.sh" "$UNIT"
/iopsstor/scratch/cscs/dthapa/system3_qwem_omni_8_28/omni_thr_fit/bin/worker.sh: line 79: 29427 Terminated              bash "$THR_ROOT/bin/heartbeat.sh" "$UNIT"
/iopsstor/scratch/cscs/dthapa/system3_qwem_omni_8_28/omni_thr_fit/bin/worker.sh: line 79: 241814 Terminated              bash "$THR_ROOT/bin/heartbeat.sh" "$UNIT"
/iopsstor/scratch/cscs/dthapa/system3_qwem_omni_8_28/omni_thr_fit/bin/worker.sh: line 79: 254592 Terminated              bash "$THR_ROOT/bin/heartbeat.sh" "$UNIT"
/iopsstor/scratch/cscs/dthapa/system3_qwem_omni_8_28/omni_thr_fit/bin/worker.sh: line 79: 258904 Terminated              bash "$THR_ROOT/bin/heartbeat.sh" "$UNIT"
/iopsstor/scratch/cscs/dthapa/system3_qwem_omni_8_28/omni_thr_fit/bin/worker.sh: line 79: 29481 Terminated              bash "$THR_ROOT/bin/heartbeat.sh" "$UNIT"
/iopsstor/scratch/cscs/dthapa/system3_qwem_omni_8_28/omni_thr_fit/bin/worker.sh: line 79: 254622 Terminated              bash "$THR_ROOT/bin/heartbeat.sh" "$UNIT"
/iopsstor/scratch/cscs/dthapa/system3_qwem_omni_8_28/omni_thr_fit/bin/worker.sh: line 79: 241859 Terminated              bash "$THR_ROOT/bin/heartbeat.sh" "$UNIT"
/iopsstor/scratch/cscs/dthapa/system3_qwem_omni_8_28/omni_thr_fit/bin/worker.sh: line 79: 29502 Terminated              bash "$THR_ROOT/bin/heartbeat.sh" "$UNIT"
/iopsstor/scratch/cscs/dthapa/system3_qwem_omni_8_28/omni_thr_fit/bin/worker.sh: line 79: 254661 Terminated              bash "$THR_ROOT/bin/heartbeat.sh" "$UNIT"
/iopsstor/scratch/cscs/dthapa/system3_qwem_omni_8_28/omni_thr_fit/bin/worker.sh: line 79: 241929 Terminated              bash "$THR_ROOT/bin/heartbeat.sh" "$UNIT"
/iopsstor/scratch/cscs/dthapa/system3_qwem_omni_8_28/omni_thr_fit/bin/worker.sh: line 79: 241951 Terminated              bash "$THR_ROOT/bin/heartbeat.sh" "$UNIT"
/iopsstor/scratch/cscs/dthapa/system3_qwem_omni_8_28/omni_thr_fit/bin/worker.sh: line 79: 259003 Terminated              bash "$THR_ROOT/bin/heartbeat.sh" "$UNIT"
/iopsstor/scratch/cscs/dthapa/system3_qwem_omni_8_28/omni_thr_fit/bin/worker.sh: line 79: 259022 Terminated              bash "$THR_ROOT/bin/heartbeat.sh" "$UNIT"
/iopsstor/scratch/cscs/dthapa/system3_qwem_omni_8_28/omni_thr_fit/bin/worker.sh: line 79: 259053 Terminated              bash "$THR_ROOT/bin/heartbeat.sh" "$UNIT"
/iopsstor/scratch/cscs/dthapa/system3_qwem_omni_8_28/omni_thr_fit/bin/worker.sh: line 79: 29576 Terminated              bash "$THR_ROOT/bin/heartbeat.sh" "$UNIT"
/iopsstor/scratch/cscs/dthapa/system3_qwem_omni_8_28/omni_thr_fit/bin/worker.sh: line 79: 241994 Terminated              bash "$THR_ROOT/bin/heartbeat.sh" "$UNIT"
/iopsstor/scratch/cscs/dthapa/system3_qwem_omni_8_28/omni_thr_fit/bin/worker.sh: line 79: 29604 Terminated              bash "$THR_ROOT/bin/heartbeat.sh" "$UNIT"
/iopsstor/scratch/cscs/dthapa/system3_qwem_omni_8_28/omni_thr_fit/bin/worker.sh: line 79: 254720 Terminated              bash "$THR_ROOT/bin/heartbeat.sh" "$UNIT"
/iopsstor/scratch/cscs/dthapa/system3_qwem_omni_8_28/omni_thr_fit/bin/worker.sh: line 79: 259107 Terminated              bash "$THR_ROOT/bin/heartbeat.sh" "$UNIT"
/iopsstor/scratch/cscs/dthapa/system3_qwem_omni_8_28/omni_thr_fit/bin/worker.sh: line 79: 254763 Terminated              bash "$THR_ROOT/bin/heartbeat.sh" "$UNIT"
/iopsstor/scratch/cscs/dthapa/system3_qwem_omni_8_28/omni_thr_fit/bin/worker.sh: line 79: 29654 Terminated              bash "$THR_ROOT/bin/heartbeat.sh" "$UNIT"
/iopsstor/scratch/cscs/dthapa/system3_qwem_omni_8_28/omni_thr_fit/bin/worker.sh: line 79: 242074 Terminated              bash "$THR_ROOT/bin/heartbeat.sh" "$UNIT"
/iopsstor/scratch/cscs/dthapa/system3_qwem_omni_8_28/omni_thr_fit/bin/worker.sh: line 79: 254826 Terminated              bash "$THR_ROOT/bin/heartbeat.sh" "$UNIT"
/iopsstor/scratch/cscs/dthapa/system3_qwem_omni_8_28/omni_thr_fit/bin/worker.sh: line 79: 29675 Terminated              bash "$THR_ROOT/bin/heartbeat.sh" "$UNIT"
/iopsstor/scratch/cscs/dthapa/system3_qwem_omni_8_28/omni_thr_fit/bin/worker.sh: line 79: 254865 Terminated              bash "$THR_ROOT/bin/heartbeat.sh" "$UNIT"
/iopsstor/scratch/cscs/dthapa/system3_qwem_omni_8_28/omni_thr_fit/bin/worker.sh: line 79: 242143 Terminated              bash "$THR_ROOT/bin/heartbeat.sh" "$UNIT"
/iopsstor/scratch/cscs/dthapa/system3_qwem_omni_8_28/omni_thr_fit/bin/worker.sh: line 79: 242168 Terminated              bash "$THR_ROOT/bin/heartbeat.sh" "$UNIT"
/iopsstor/scratch/cscs/dthapa/system3_qwem_omni_8_28/omni_thr_fit/bin/worker.sh: line 79: 259190 Terminated              bash "$THR_ROOT/bin/heartbeat.sh" "$UNIT"
/iopsstor/scratch/cscs/dthapa/system3_qwem_omni_8_28/omni_thr_fit/bin/worker.sh: line 79: 259206 Terminated              bash "$THR_ROOT/bin/heartbeat.sh" "$UNIT"
/iopsstor/scratch/cscs/dthapa/system3_qwem_omni_8_28/omni_thr_fit/bin/worker.sh: line 79: 29767 Terminated              bash "$THR_ROOT/bin/heartbeat.sh" "$UNIT"
/iopsstor/scratch/cscs/dthapa/system3_qwem_omni_8_28/omni_thr_fit/bin/worker.sh: line 79: 259236 Terminated              bash "$THR_ROOT/bin/heartbeat.sh" "$UNIT"
/iopsstor/scratch/cscs/dthapa/system3_qwem_omni_8_28/omni_thr_fit/bin/worker.sh: line 79: 29796 Terminated              bash "$THR_ROOT/bin/heartbeat.sh" "$UNIT"
/iopsstor/scratch/cscs/dthapa/system3_qwem_omni_8_28/omni_thr_fit/bin/worker.sh: line 79: 242212 Terminated              bash "$THR_ROOT/bin/heartbeat.sh" "$UNIT"
/iopsstor/scratch/cscs/dthapa/system3_qwem_omni_8_28/omni_thr_fit/bin/worker.sh: line 79: 254929 Terminated              bash "$THR_ROOT/bin/heartbeat.sh" "$UNIT"
/iopsstor/scratch/cscs/dthapa/system3_qwem_omni_8_28/omni_thr_fit/bin/worker.sh: line 79: 259284 Terminated              bash "$THR_ROOT/bin/heartbeat.sh" "$UNIT"
/iopsstor/scratch/cscs/dthapa/system3_qwem_omni_8_28/omni_thr_fit/bin/worker.sh: line 79: 254983 Terminated              bash "$THR_ROOT/bin/heartbeat.sh" "$UNIT"
/iopsstor/scratch/cscs/dthapa/system3_qwem_omni_8_28/omni_thr_fit/bin/worker.sh: line 79: 29846 Terminated              bash "$THR_ROOT/bin/heartbeat.sh" "$UNIT"
/iopsstor/scratch/cscs/dthapa/system3_qwem_omni_8_28/omni_thr_fit/bin/worker.sh: line 79: 255005 Terminated              bash "$THR_ROOT/bin/heartbeat.sh" "$UNIT"
/iopsstor/scratch/cscs/dthapa/system3_qwem_omni_8_28/omni_thr_fit/bin/worker.sh: line 79: 242261 Terminated              bash "$THR_ROOT/bin/heartbeat.sh" "$UNIT"
/iopsstor/scratch/cscs/dthapa/system3_qwem_omni_8_28/omni_thr_fit/bin/worker.sh: line 79: 29867 Terminated              bash "$THR_ROOT/bin/heartbeat.sh" "$UNIT"
/iopsstor/scratch/cscs/dthapa/system3_qwem_omni_8_28/omni_thr_fit/bin/worker.sh: line 79: 255041 Terminated              bash "$THR_ROOT/bin/heartbeat.sh" "$UNIT"
/iopsstor/scratch/cscs/dthapa/system3_qwem_omni_8_28/omni_thr_fit/bin/worker.sh: line 79: 242334 Terminated              bash "$THR_ROOT/bin/heartbeat.sh" "$UNIT"
/iopsstor/scratch/cscs/dthapa/system3_qwem_omni_8_28/omni_thr_fit/bin/worker.sh: line 79: 259384 Terminated              bash "$THR_ROOT/bin/heartbeat.sh" "$UNIT"
/iopsstor/scratch/cscs/dthapa/system3_qwem_omni_8_28/omni_thr_fit/bin/worker.sh: line 79: 242354 Terminated              bash "$THR_ROOT/bin/heartbeat.sh" "$UNIT"
/iopsstor/scratch/cscs/dthapa/system3_qwem_omni_8_28/omni_thr_fit/bin/worker.sh: line 79: 259416 Terminated              bash "$THR_ROOT/bin/heartbeat.sh" "$UNIT"
/iopsstor/scratch/cscs/dthapa/system3_qwem_omni_8_28/omni_thr_fit/bin/worker.sh: line 79: 29941 Terminated              bash "$THR_ROOT/bin/heartbeat.sh" "$UNIT"
/iopsstor/scratch/cscs/dthapa/system3_qwem_omni_8_28/omni_thr_fit/bin/worker.sh: line 79: 29973 Terminated              bash "$THR_ROOT/bin/heartbeat.sh" "$UNIT"
/iopsstor/scratch/cscs/dthapa/system3_qwem_omni_8_28/omni_thr_fit/bin/worker.sh: line 79: 242402 Terminated              bash "$THR_ROOT/bin/heartbeat.sh" "$UNIT"
/iopsstor/scratch/cscs/dthapa/system3_qwem_omni_8_28/omni_thr_fit/bin/worker.sh: line 79: 259437 Terminated              bash "$THR_ROOT/bin/heartbeat.sh" "$UNIT"
/iopsstor/scratch/cscs/dthapa/system3_qwem_omni_8_28/omni_thr_fit/bin/worker.sh: line 79: 255119 Terminated              bash "$THR_ROOT/bin/heartbeat.sh" "$UNIT"
/iopsstor/scratch/cscs/dthapa/system3_qwem_omni_8_28/omni_thr_fit/bin/worker.sh: line 79: 255159 Terminated              bash "$THR_ROOT/bin/heartbeat.sh" "$UNIT"
/iopsstor/scratch/cscs/dthapa/system3_qwem_omni_8_28/omni_thr_fit/bin/worker.sh: line 79: 259483 Terminated              bash "$THR_ROOT/bin/heartbeat.sh" "$UNIT"
/iopsstor/scratch/cscs/dthapa/system3_qwem_omni_8_28/omni_thr_fit/bin/worker.sh: line 79: 30023 Terminated              bash "$THR_ROOT/bin/heartbeat.sh" "$UNIT"
/iopsstor/scratch/cscs/dthapa/system3_qwem_omni_8_28/omni_thr_fit/bin/worker.sh: line 79: 255180 Terminated              bash "$THR_ROOT/bin/heartbeat.sh" "$UNIT"
/iopsstor/scratch/cscs/dthapa/system3_qwem_omni_8_28/omni_thr_fit/bin/worker.sh: line 79: 242448 Terminated              bash "$THR_ROOT/bin/heartbeat.sh" "$UNIT"
/iopsstor/scratch/cscs/dthapa/system3_qwem_omni_8_28/omni_thr_fit/bin/worker.sh: line 79: 30044 Terminated              bash "$THR_ROOT/bin/heartbeat.sh" "$UNIT"
/iopsstor/scratch/cscs/dthapa/system3_qwem_omni_8_28/omni_thr_fit/bin/worker.sh: line 79: 255220 Terminated              bash "$THR_ROOT/bin/heartbeat.sh" "$UNIT"
/iopsstor/scratch/cscs/dthapa/system3_qwem_omni_8_28/omni_thr_fit/bin/worker.sh: line 79: 242540 Terminated              bash "$THR_ROOT/bin/heartbeat.sh" "$UNIT"
/iopsstor/scratch/cscs/dthapa/system3_qwem_omni_8_28/omni_thr_fit/bin/worker.sh: line 79: 259561 Terminated              bash "$THR_ROOT/bin/heartbeat.sh" "$UNIT"
/iopsstor/scratch/cscs/dthapa/system3_qwem_omni_8_28/omni_thr_fit/bin/worker.sh: line 79: 259592 Terminated              bash "$THR_ROOT/bin/heartbeat.sh" "$UNIT"
/iopsstor/scratch/cscs/dthapa/system3_qwem_omni_8_28/omni_thr_fit/bin/worker.sh: line 79: 242564 Terminated              bash "$THR_ROOT/bin/heartbeat.sh" "$UNIT"
/iopsstor/scratch/cscs/dthapa/system3_qwem_omni_8_28/omni_thr_fit/bin/worker.sh: line 79: 30121 Terminated              bash "$THR_ROOT/bin/heartbeat.sh" "$UNIT"
/iopsstor/scratch/cscs/dthapa/system3_qwem_omni_8_28/omni_thr_fit/bin/worker.sh: line 79: 242602 Terminated              bash "$THR_ROOT/bin/heartbeat.sh" "$UNIT"
/iopsstor/scratch/cscs/dthapa/system3_qwem_omni_8_28/omni_thr_fit/bin/worker.sh: line 79: 30167 Terminated              bash "$THR_ROOT/bin/heartbeat.sh" "$UNIT"
/iopsstor/scratch/cscs/dthapa/system3_qwem_omni_8_28/omni_thr_fit/bin/worker.sh: line 79: 259618 Terminated              bash "$THR_ROOT/bin/heartbeat.sh" "$UNIT"
/iopsstor/scratch/cscs/dthapa/system3_qwem_omni_8_28/omni_thr_fit/bin/worker.sh: line 79: 255314 Terminated              bash "$THR_ROOT/bin/heartbeat.sh" "$UNIT"
/iopsstor/scratch/cscs/dthapa/system3_qwem_omni_8_28/omni_thr_fit/bin/worker.sh: line 79: 255350 Terminated              bash "$THR_ROOT/bin/heartbeat.sh" "$UNIT"
/iopsstor/scratch/cscs/dthapa/system3_qwem_omni_8_28/omni_thr_fit/bin/worker.sh: line 79: 259659 Terminated              bash "$THR_ROOT/bin/heartbeat.sh" "$UNIT"
/iopsstor/scratch/cscs/dthapa/system3_qwem_omni_8_28/omni_thr_fit/bin/worker.sh: line 79: 255381 Terminated              bash "$THR_ROOT/bin/heartbeat.sh" "$UNIT"
/iopsstor/scratch/cscs/dthapa/system3_qwem_omni_8_28/omni_thr_fit/bin/worker.sh: line 79: 30217 Terminated              bash "$THR_ROOT/bin/heartbeat.sh" "$UNIT"
/iopsstor/scratch/cscs/dthapa/system3_qwem_omni_8_28/omni_thr_fit/bin/worker.sh: line 79: 242653 Terminated              bash "$THR_ROOT/bin/heartbeat.sh" "$UNIT"
/iopsstor/scratch/cscs/dthapa/system3_qwem_omni_8_28/omni_thr_fit/bin/worker.sh: line 79: 30238 Terminated              bash "$THR_ROOT/bin/heartbeat.sh" "$UNIT"
/iopsstor/scratch/cscs/dthapa/system3_qwem_omni_8_28/omni_thr_fit/bin/worker.sh: line 79: 255426 Terminated              bash "$THR_ROOT/bin/heartbeat.sh" "$UNIT"
/iopsstor/scratch/cscs/dthapa/system3_qwem_omni_8_28/omni_thr_fit/bin/worker.sh: line 79: 242728 Terminated              bash "$THR_ROOT/bin/heartbeat.sh" "$UNIT"
/iopsstor/scratch/cscs/dthapa/system3_qwem_omni_8_28/omni_thr_fit/bin/worker.sh: line 79: 259737 Terminated              bash "$THR_ROOT/bin/heartbeat.sh" "$UNIT"
/iopsstor/scratch/cscs/dthapa/system3_qwem_omni_8_28/omni_thr_fit/bin/worker.sh: line 79: 259760 Terminated              bash "$THR_ROOT/bin/heartbeat.sh" "$UNIT"
/iopsstor/scratch/cscs/dthapa/system3_qwem_omni_8_28/omni_thr_fit/bin/worker.sh: line 79: 242769 Terminated              bash "$THR_ROOT/bin/heartbeat.sh" "$UNIT"
/iopsstor/scratch/cscs/dthapa/system3_qwem_omni_8_28/omni_thr_fit/bin/worker.sh: line 79: 30314 Terminated              bash "$THR_ROOT/bin/heartbeat.sh" "$UNIT"
/iopsstor/scratch/cscs/dthapa/system3_qwem_omni_8_28/omni_thr_fit/bin/worker.sh: line 79: 242786 Terminated              bash "$THR_ROOT/bin/heartbeat.sh" "$UNIT"
/iopsstor/scratch/cscs/dthapa/system3_qwem_omni_8_28/omni_thr_fit/bin/worker.sh: line 79: 30342 Terminated              bash "$THR_ROOT/bin/heartbeat.sh" "$UNIT"
/iopsstor/scratch/cscs/dthapa/system3_qwem_omni_8_28/omni_thr_fit/bin/worker.sh: line 79: 259796 Terminated              bash "$THR_ROOT/bin/heartbeat.sh" "$UNIT"
/iopsstor/scratch/cscs/dthapa/system3_qwem_omni_8_28/omni_thr_fit/bin/worker.sh: line 79: 255503 Terminated              bash "$THR_ROOT/bin/heartbeat.sh" "$UNIT"
/iopsstor/scratch/cscs/dthapa/system3_qwem_omni_8_28/omni_thr_fit/bin/worker.sh: line 79: 255524 Terminated              bash "$THR_ROOT/bin/heartbeat.sh" "$UNIT"
/iopsstor/scratch/cscs/dthapa/system3_qwem_omni_8_28/omni_thr_fit/bin/worker.sh: line 79: 255553 Terminated              bash "$THR_ROOT/bin/heartbeat.sh" "$UNIT"
/iopsstor/scratch/cscs/dthapa/system3_qwem_omni_8_28/omni_thr_fit/bin/worker.sh: line 79: 30392 Terminated              bash "$THR_ROOT/bin/heartbeat.sh" "$UNIT"
/iopsstor/scratch/cscs/dthapa/system3_qwem_omni_8_28/omni_thr_fit/bin/worker.sh: line 79: 259838 Terminated              bash "$THR_ROOT/bin/heartbeat.sh" "$UNIT"
/iopsstor/scratch/cscs/dthapa/system3_qwem_omni_8_28/omni_thr_fit/bin/worker.sh: line 79: 242844 Terminated              bash "$THR_ROOT/bin/heartbeat.sh" "$UNIT"
/iopsstor/scratch/cscs/dthapa/system3_qwem_omni_8_28/omni_thr_fit/bin/worker.sh: line 79: 30413 Terminated              bash "$THR_ROOT/bin/heartbeat.sh" "$UNIT"
/iopsstor/scratch/cscs/dthapa/system3_qwem_omni_8_28/omni_thr_fit/bin/worker.sh: line 79: 255605 Terminated              bash "$THR_ROOT/bin/heartbeat.sh" "$UNIT"
/iopsstor/scratch/cscs/dthapa/system3_qwem_omni_8_28/omni_thr_fit/bin/worker.sh: line 79: 242916 Terminated              bash "$THR_ROOT/bin/heartbeat.sh" "$UNIT"
/iopsstor/scratch/cscs/dthapa/system3_qwem_omni_8_28/omni_thr_fit/bin/worker.sh: line 79: 242948 Terminated              bash "$THR_ROOT/bin/heartbeat.sh" "$UNIT"
/iopsstor/scratch/cscs/dthapa/system3_qwem_omni_8_28/omni_thr_fit/bin/worker.sh: line 79: 259944 Terminated              bash "$THR_ROOT/bin/heartbeat.sh" "$UNIT"
/iopsstor/scratch/cscs/dthapa/system3_qwem_omni_8_28/omni_thr_fit/bin/worker.sh: line 79: 259965 Terminated              bash "$THR_ROOT/bin/heartbeat.sh" "$UNIT"
/iopsstor/scratch/cscs/dthapa/system3_qwem_omni_8_28/omni_thr_fit/bin/worker.sh: line 79: 30487 Terminated              bash "$THR_ROOT/bin/heartbeat.sh" "$UNIT"
/iopsstor/scratch/cscs/dthapa/system3_qwem_omni_8_28/omni_thr_fit/bin/worker.sh: line 79: 242975 Terminated              bash "$THR_ROOT/bin/heartbeat.sh" "$UNIT"
/iopsstor/scratch/cscs/dthapa/system3_qwem_omni_8_28/omni_thr_fit/bin/worker.sh: line 79: 30515 Terminated              bash "$THR_ROOT/bin/heartbeat.sh" "$UNIT"
/iopsstor/scratch/cscs/dthapa/system3_qwem_omni_8_28/omni_thr_fit/bin/worker.sh: line 79: 255683 Terminated              bash "$THR_ROOT/bin/heartbeat.sh" "$UNIT"
/iopsstor/scratch/cscs/dthapa/system3_qwem_omni_8_28/omni_thr_fit/bin/worker.sh: line 79: 260008 Terminated              bash "$THR_ROOT/bin/heartbeat.sh" "$UNIT"
/iopsstor/scratch/cscs/dthapa/system3_qwem_omni_8_28/omni_thr_fit/bin/worker.sh: line 79: 255706 Terminated              bash "$THR_ROOT/bin/heartbeat.sh" "$UNIT"
/iopsstor/scratch/cscs/dthapa/system3_qwem_omni_8_28/omni_thr_fit/bin/worker.sh: line 79: 255756 Terminated              bash "$THR_ROOT/bin/heartbeat.sh" "$UNIT"
/iopsstor/scratch/cscs/dthapa/system3_qwem_omni_8_28/omni_thr_fit/bin/worker.sh: line 79: 260044 Terminated              bash "$THR_ROOT/bin/heartbeat.sh" "$UNIT"
/iopsstor/scratch/cscs/dthapa/system3_qwem_omni_8_28/omni_thr_fit/bin/worker.sh: line 79: 30565 Terminated              bash "$THR_ROOT/bin/heartbeat.sh" "$UNIT"
/iopsstor/scratch/cscs/dthapa/system3_qwem_omni_8_28/omni_thr_fit/bin/worker.sh: line 79: 243047 Terminated              bash "$THR_ROOT/bin/heartbeat.sh" "$UNIT"
/iopsstor/scratch/cscs/dthapa/system3_qwem_omni_8_28/omni_thr_fit/bin/worker.sh: line 79: 30586 Terminated              bash "$THR_ROOT/bin/heartbeat.sh" "$UNIT"
/iopsstor/scratch/cscs/dthapa/system3_qwem_omni_8_28/omni_thr_fit/bin/worker.sh: line 79: 255807 Terminated              bash "$THR_ROOT/bin/heartbeat.sh" "$UNIT"
/iopsstor/scratch/cscs/dthapa/system3_qwem_omni_8_28/omni_thr_fit/bin/worker.sh: line 79: 243113 Terminated              bash "$THR_ROOT/bin/heartbeat.sh" "$UNIT"
/iopsstor/scratch/cscs/dthapa/system3_qwem_omni_8_28/omni_thr_fit/bin/worker.sh: line 79: 243145 Terminated              bash "$THR_ROOT/bin/heartbeat.sh" "$UNIT"
/iopsstor/scratch/cscs/dthapa/system3_qwem_omni_8_28/omni_thr_fit/bin/worker.sh: line 79: 260125 Terminated              bash "$THR_ROOT/bin/heartbeat.sh" "$UNIT"
/iopsstor/scratch/cscs/dthapa/system3_qwem_omni_8_28/omni_thr_fit/bin/worker.sh: line 79: 30678 Terminated              bash "$THR_ROOT/bin/heartbeat.sh" "$UNIT"
/iopsstor/scratch/cscs/dthapa/system3_qwem_omni_8_28/omni_thr_fit/bin/worker.sh: line 79: 260140 Terminated              bash "$THR_ROOT/bin/heartbeat.sh" "$UNIT"
/iopsstor/scratch/cscs/dthapa/system3_qwem_omni_8_28/omni_thr_fit/bin/worker.sh: line 79: 243172 Terminated              bash "$THR_ROOT/bin/heartbeat.sh" "$UNIT"
/iopsstor/scratch/cscs/dthapa/system3_qwem_omni_8_28/omni_thr_fit/bin/worker.sh: line 79: 30706 Terminated              bash "$THR_ROOT/bin/heartbeat.sh" "$UNIT"
/iopsstor/scratch/cscs/dthapa/system3_qwem_omni_8_28/omni_thr_fit/bin/worker.sh: line 79: 255885 Terminated              bash "$THR_ROOT/bin/heartbeat.sh" "$UNIT"
/iopsstor/scratch/cscs/dthapa/system3_qwem_omni_8_28/omni_thr_fit/bin/worker.sh: line 79: 260191 Terminated              bash "$THR_ROOT/bin/heartbeat.sh" "$UNIT"
/iopsstor/scratch/cscs/dthapa/system3_qwem_omni_8_28/omni_thr_fit/bin/worker.sh: line 79: 255906 Terminated              bash "$THR_ROOT/bin/heartbeat.sh" "$UNIT"
/iopsstor/scratch/cscs/dthapa/system3_qwem_omni_8_28/omni_thr_fit/bin/worker.sh: line 79: 255935 Terminated              bash "$THR_ROOT/bin/heartbeat.sh" "$UNIT"
/iopsstor/scratch/cscs/dthapa/system3_qwem_omni_8_28/omni_thr_fit/bin/worker.sh: line 79: 260215 Terminated              bash "$THR_ROOT/bin/heartbeat.sh" "$UNIT"
/iopsstor/scratch/cscs/dthapa/system3_qwem_omni_8_28/omni_thr_fit/bin/worker.sh: line 79: 30756 Terminated              bash "$THR_ROOT/bin/heartbeat.sh" "$UNIT"
/iopsstor/scratch/cscs/dthapa/system3_qwem_omni_8_28/omni_thr_fit/bin/worker.sh: line 79: 243228 Terminated              bash "$THR_ROOT/bin/heartbeat.sh" "$UNIT"
/iopsstor/scratch/cscs/dthapa/system3_qwem_omni_8_28/omni_thr_fit/bin/worker.sh: line 79: 30777 Terminated              bash "$THR_ROOT/bin/heartbeat.sh" "$UNIT"
/iopsstor/scratch/cscs/dthapa/system3_qwem_omni_8_28/omni_thr_fit/bin/worker.sh: line 79: 255983 Terminated              bash "$THR_ROOT/bin/heartbeat.sh" "$UNIT"
/iopsstor/scratch/cscs/dthapa/system3_qwem_omni_8_28/omni_thr_fit/bin/worker.sh: line 79: 243303 Terminated              bash "$THR_ROOT/bin/heartbeat.sh" "$UNIT"
/iopsstor/scratch/cscs/dthapa/system3_qwem_omni_8_28/omni_thr_fit/bin/worker.sh: line 79: 243323 Terminated              bash "$THR_ROOT/bin/heartbeat.sh" "$UNIT"
/iopsstor/scratch/cscs/dthapa/system3_qwem_omni_8_28/omni_thr_fit/bin/worker.sh: line 79: 260318 Terminated              bash "$THR_ROOT/bin/heartbeat.sh" "$UNIT"
/iopsstor/scratch/cscs/dthapa/system3_qwem_omni_8_28/omni_thr_fit/bin/worker.sh: line 79: 30851 Terminated              bash "$THR_ROOT/bin/heartbeat.sh" "$UNIT"
/iopsstor/scratch/cscs/dthapa/system3_qwem_omni_8_28/omni_thr_fit/bin/worker.sh: line 79: 260342 Terminated              bash "$THR_ROOT/bin/heartbeat.sh" "$UNIT"
/iopsstor/scratch/cscs/dthapa/system3_qwem_omni_8_28/omni_thr_fit/bin/worker.sh: line 79: 30880 Terminated              bash "$THR_ROOT/bin/heartbeat.sh" "$UNIT"
/iopsstor/scratch/cscs/dthapa/system3_qwem_omni_8_28/omni_thr_fit/bin/worker.sh: line 79: 243362 Terminated              bash "$THR_ROOT/bin/heartbeat.sh" "$UNIT"
/iopsstor/scratch/cscs/dthapa/system3_qwem_omni_8_28/omni_thr_fit/bin/worker.sh: line 79: 256072 Terminated              bash "$THR_ROOT/bin/heartbeat.sh" "$UNIT"
/iopsstor/scratch/cscs/dthapa/system3_qwem_omni_8_28/omni_thr_fit/bin/worker.sh: line 79: 260387 Terminated              bash "$THR_ROOT/bin/heartbeat.sh" "$UNIT"
/iopsstor/scratch/cscs/dthapa/system3_qwem_omni_8_28/omni_thr_fit/bin/worker.sh: line 79: 256093 Terminated              bash "$THR_ROOT/bin/heartbeat.sh" "$UNIT"
/iopsstor/scratch/cscs/dthapa/system3_qwem_omni_8_28/omni_thr_fit/bin/worker.sh: line 79: 256121 Terminated              bash "$THR_ROOT/bin/heartbeat.sh" "$UNIT"
/iopsstor/scratch/cscs/dthapa/system3_qwem_omni_8_28/omni_thr_fit/bin/worker.sh: line 79: 30931 Terminated              bash "$THR_ROOT/bin/heartbeat.sh" "$UNIT"
/iopsstor/scratch/cscs/dthapa/system3_qwem_omni_8_28/omni_thr_fit/bin/worker.sh: line 79: 260414 Terminated              bash "$THR_ROOT/bin/heartbeat.sh" "$UNIT"
/iopsstor/scratch/cscs/dthapa/system3_qwem_omni_8_28/omni_thr_fit/bin/worker.sh: line 79: 243420 Terminated              bash "$THR_ROOT/bin/heartbeat.sh" "$UNIT"
/iopsstor/scratch/cscs/dthapa/system3_qwem_omni_8_28/omni_thr_fit/bin/worker.sh: line 79: 30952 Terminated              bash "$THR_ROOT/bin/heartbeat.sh" "$UNIT"
/iopsstor/scratch/cscs/dthapa/system3_qwem_omni_8_28/omni_thr_fit/bin/worker.sh: line 79: 256165 Terminated              bash "$THR_ROOT/bin/heartbeat.sh" "$UNIT"
/iopsstor/scratch/cscs/dthapa/system3_qwem_omni_8_28/omni_thr_fit/bin/worker.sh: line 79: 243512 Terminated              bash "$THR_ROOT/bin/heartbeat.sh" "$UNIT"
/iopsstor/scratch/cscs/dthapa/system3_qwem_omni_8_28/omni_thr_fit/bin/worker.sh: line 79: 243533 Terminated              bash "$THR_ROOT/bin/heartbeat.sh" "$UNIT"
/iopsstor/scratch/cscs/dthapa/system3_qwem_omni_8_28/omni_thr_fit/bin/worker.sh: line 79: 260499 Terminated              bash "$THR_ROOT/bin/heartbeat.sh" "$UNIT"
/iopsstor/scratch/cscs/dthapa/system3_qwem_omni_8_28/omni_thr_fit/bin/worker.sh: line 79: 31044 Terminated              bash "$THR_ROOT/bin/heartbeat.sh" "$UNIT"
/iopsstor/scratch/cscs/dthapa/system3_qwem_omni_8_28/omni_thr_fit/bin/worker.sh: line 79: 260529 Terminated              bash "$THR_ROOT/bin/heartbeat.sh" "$UNIT"
/iopsstor/scratch/cscs/dthapa/system3_qwem_omni_8_28/omni_thr_fit/bin/worker.sh: line 79: 31072 Terminated              bash "$THR_ROOT/bin/heartbeat.sh" "$UNIT"
/iopsstor/scratch/cscs/dthapa/system3_qwem_omni_8_28/omni_thr_fit/bin/worker.sh: line 79: 243575 Terminated              bash "$THR_ROOT/bin/heartbeat.sh" "$UNIT"
/iopsstor/scratch/cscs/dthapa/system3_qwem_omni_8_28/omni_thr_fit/bin/worker.sh: line 79: 256263 Terminated              bash "$THR_ROOT/bin/heartbeat.sh" "$UNIT"
/iopsstor/scratch/cscs/dthapa/system3_qwem_omni_8_28/omni_thr_fit/bin/worker.sh: line 79: 260567 Terminated              bash "$THR_ROOT/bin/heartbeat.sh" "$UNIT"
/iopsstor/scratch/cscs/dthapa/system3_qwem_omni_8_28/omni_thr_fit/bin/worker.sh: line 79: 256285 Terminated              bash "$THR_ROOT/bin/heartbeat.sh" "$UNIT"
/iopsstor/scratch/cscs/dthapa/system3_qwem_omni_8_28/omni_thr_fit/bin/worker.sh: line 79: 256313 Terminated              bash "$THR_ROOT/bin/heartbeat.sh" "$UNIT"
/iopsstor/scratch/cscs/dthapa/system3_qwem_omni_8_28/omni_thr_fit/bin/worker.sh: line 79: 31122 Terminated              bash "$THR_ROOT/bin/heartbeat.sh" "$UNIT"
/iopsstor/scratch/cscs/dthapa/system3_qwem_omni_8_28/omni_thr_fit/bin/worker.sh: line 79: 260595 Terminated              bash "$THR_ROOT/bin/heartbeat.sh" "$UNIT"
/iopsstor/scratch/cscs/dthapa/system3_qwem_omni_8_28/omni_thr_fit/bin/worker.sh: line 79: 243625 Terminated              bash "$THR_ROOT/bin/heartbeat.sh" "$UNIT"
/iopsstor/scratch/cscs/dthapa/system3_qwem_omni_8_28/omni_thr_fit/bin/worker.sh: line 79: 31143 Terminated              bash "$THR_ROOT/bin/heartbeat.sh" "$UNIT"
/iopsstor/scratch/cscs/dthapa/system3_qwem_omni_8_28/omni_thr_fit/bin/worker.sh: line 79: 256359 Terminated              bash "$THR_ROOT/bin/heartbeat.sh" "$UNIT"
/iopsstor/scratch/cscs/dthapa/system3_qwem_omni_8_28/omni_thr_fit/bin/worker.sh: line 79: 243694 Terminated              bash "$THR_ROOT/bin/heartbeat.sh" "$UNIT"
/iopsstor/scratch/cscs/dthapa/system3_qwem_omni_8_28/omni_thr_fit/bin/worker.sh: line 79: 243711 Terminated              bash "$THR_ROOT/bin/heartbeat.sh" "$UNIT"
/iopsstor/scratch/cscs/dthapa/system3_qwem_omni_8_28/omni_thr_fit/bin/worker.sh: line 79: 260671 Terminated              bash "$THR_ROOT/bin/heartbeat.sh" "$UNIT"
/iopsstor/scratch/cscs/dthapa/system3_qwem_omni_8_28/omni_thr_fit/bin/worker.sh: line 79: 260703 Terminated              bash "$THR_ROOT/bin/heartbeat.sh" "$UNIT"
/iopsstor/scratch/cscs/dthapa/system3_qwem_omni_8_28/omni_thr_fit/bin/worker.sh: line 79: 31217 Terminated              bash "$THR_ROOT/bin/heartbeat.sh" "$UNIT"
/iopsstor/scratch/cscs/dthapa/system3_qwem_omni_8_28/omni_thr_fit/bin/worker.sh: line 79: 243754 Terminated              bash "$THR_ROOT/bin/heartbeat.sh" "$UNIT"
/iopsstor/scratch/cscs/dthapa/system3_qwem_omni_8_28/omni_thr_fit/bin/worker.sh: line 79: 31245 Terminated              bash "$THR_ROOT/bin/heartbeat.sh" "$UNIT"
/iopsstor/scratch/cscs/dthapa/system3_qwem_omni_8_28/omni_thr_fit/bin/worker.sh: line 79: 256441 Terminated              bash "$THR_ROOT/bin/heartbeat.sh" "$UNIT"
/iopsstor/scratch/cscs/dthapa/system3_qwem_omni_8_28/omni_thr_fit/bin/worker.sh: line 79: 260740 Terminated              bash "$THR_ROOT/bin/heartbeat.sh" "$UNIT"
/iopsstor/scratch/cscs/dthapa/system3_qwem_omni_8_28/omni_thr_fit/bin/worker.sh: line 79: 256462 Terminated              bash "$THR_ROOT/bin/heartbeat.sh" "$UNIT"
/iopsstor/scratch/cscs/dthapa/system3_qwem_omni_8_28/omni_thr_fit/bin/worker.sh: line 79: 256490 Terminated              bash "$THR_ROOT/bin/heartbeat.sh" "$UNIT"
/iopsstor/scratch/cscs/dthapa/system3_qwem_omni_8_28/omni_thr_fit/bin/worker.sh: line 79: 31296 Terminated              bash "$THR_ROOT/bin/heartbeat.sh" "$UNIT"
/iopsstor/scratch/cscs/dthapa/system3_qwem_omni_8_28/omni_thr_fit/bin/worker.sh: line 79: 243803 Terminated              bash "$THR_ROOT/bin/heartbeat.sh" "$UNIT"
/iopsstor/scratch/cscs/dthapa/system3_qwem_omni_8_28/omni_thr_fit/bin/worker.sh: line 79: 260788 Terminated              bash "$THR_ROOT/bin/heartbeat.sh" "$UNIT"
/iopsstor/scratch/cscs/dthapa/system3_qwem_omni_8_28/omni_thr_fit/bin/worker.sh: line 79: 31326 Terminated              bash "$THR_ROOT/bin/heartbeat.sh" "$UNIT"
/iopsstor/scratch/cscs/dthapa/system3_qwem_omni_8_28/omni_thr_fit/bin/worker.sh: line 79: 256534 Terminated              bash "$THR_ROOT/bin/heartbeat.sh" "$UNIT"
/iopsstor/scratch/cscs/dthapa/system3_qwem_omni_8_28/omni_thr_fit/bin/worker.sh: line 79: 243870 Terminated              bash "$THR_ROOT/bin/heartbeat.sh" "$UNIT"
/iopsstor/scratch/cscs/dthapa/system3_qwem_omni_8_28/omni_thr_fit/bin/worker.sh: line 79: 243891 Terminated              bash "$THR_ROOT/bin/heartbeat.sh" "$UNIT"
/iopsstor/scratch/cscs/dthapa/system3_qwem_omni_8_28/omni_thr_fit/bin/worker.sh: line 79: 260855 Terminated              bash "$THR_ROOT/bin/heartbeat.sh" "$UNIT"
/iopsstor/scratch/cscs/dthapa/system3_qwem_omni_8_28/omni_thr_fit/bin/worker.sh: line 79: 260892 Terminated              bash "$THR_ROOT/bin/heartbeat.sh" "$UNIT"
/iopsstor/scratch/cscs/dthapa/system3_qwem_omni_8_28/omni_thr_fit/bin/worker.sh: line 79: 243940 Terminated              bash "$THR_ROOT/bin/heartbeat.sh" "$UNIT"
/iopsstor/scratch/cscs/dthapa/system3_qwem_omni_8_28/omni_thr_fit/bin/worker.sh: line 79: 31404 Terminated              bash "$THR_ROOT/bin/heartbeat.sh" "$UNIT"
/iopsstor/scratch/cscs/dthapa/system3_qwem_omni_8_28/omni_thr_fit/bin/worker.sh: line 79: 31421 Terminated              bash "$THR_ROOT/bin/heartbeat.sh" "$UNIT"
/iopsstor/scratch/cscs/dthapa/system3_qwem_omni_8_28/omni_thr_fit/bin/worker.sh: line 79: 256620 Terminated              bash "$THR_ROOT/bin/heartbeat.sh" "$UNIT"
/iopsstor/scratch/cscs/dthapa/system3_qwem_omni_8_28/omni_thr_fit/bin/worker.sh: line 79: 256638 Terminated              bash "$THR_ROOT/bin/heartbeat.sh" "$UNIT"
/iopsstor/scratch/cscs/dthapa/system3_qwem_omni_8_28/omni_thr_fit/bin/worker.sh: line 79: 260934 Terminated              bash "$THR_ROOT/bin/heartbeat.sh" "$UNIT"
/iopsstor/scratch/cscs/dthapa/system3_qwem_omni_8_28/omni_thr_fit/bin/worker.sh: line 79: 256686 Terminated              bash "$THR_ROOT/bin/heartbeat.sh" "$UNIT"
/iopsstor/scratch/cscs/dthapa/system3_qwem_omni_8_28/omni_thr_fit/bin/worker.sh: line 79: 244008 Terminated              bash "$THR_ROOT/bin/heartbeat.sh" "$UNIT"
/iopsstor/scratch/cscs/dthapa/system3_qwem_omni_8_28/omni_thr_fit/bin/worker.sh: line 79: 31469 Terminated              bash "$THR_ROOT/bin/heartbeat.sh" "$UNIT"
/iopsstor/scratch/cscs/dthapa/system3_qwem_omni_8_28/omni_thr_fit/bin/worker.sh: line 79: 31511 Terminated              bash "$THR_ROOT/bin/heartbeat.sh" "$UNIT"
/iopsstor/scratch/cscs/dthapa/system3_qwem_omni_8_28/omni_thr_fit/bin/worker.sh: line 79: 260971 Terminated              bash "$THR_ROOT/bin/heartbeat.sh" "$UNIT"
/iopsstor/scratch/cscs/dthapa/system3_qwem_omni_8_28/omni_thr_fit/bin/worker.sh: line 79: 256731 Terminated              bash "$THR_ROOT/bin/heartbeat.sh" "$UNIT"
/iopsstor/scratch/cscs/dthapa/system3_qwem_omni_8_28/omni_thr_fit/bin/worker.sh: line 79: 244076 Terminated              bash "$THR_ROOT/bin/heartbeat.sh" "$UNIT"
/iopsstor/scratch/cscs/dthapa/system3_qwem_omni_8_28/omni_thr_fit/bin/worker.sh: line 79: 261031 Terminated              bash "$THR_ROOT/bin/heartbeat.sh" "$UNIT"
/iopsstor/scratch/cscs/dthapa/system3_qwem_omni_8_28/omni_thr_fit/bin/worker.sh: line 79: 244098 Terminated              bash "$THR_ROOT/bin/heartbeat.sh" "$UNIT"
/iopsstor/scratch/cscs/dthapa/system3_qwem_omni_8_28/omni_thr_fit/bin/worker.sh: line 79: 244145 Terminated              bash "$THR_ROOT/bin/heartbeat.sh" "$UNIT"
/iopsstor/scratch/cscs/dthapa/system3_qwem_omni_8_28/omni_thr_fit/bin/worker.sh: line 79: 31616 Terminated              bash "$THR_ROOT/bin/heartbeat.sh" "$UNIT"
/iopsstor/scratch/cscs/dthapa/system3_qwem_omni_8_28/omni_thr_fit/bin/worker.sh: line 79: 261069 Terminated              bash "$THR_ROOT/bin/heartbeat.sh" "$UNIT"
/iopsstor/scratch/cscs/dthapa/system3_qwem_omni_8_28/omni_thr_fit/bin/worker.sh: line 79: 31637 Terminated              bash "$THR_ROOT/bin/heartbeat.sh" "$UNIT"
/iopsstor/scratch/cscs/dthapa/system3_qwem_omni_8_28/omni_thr_fit/bin/worker.sh: line 79: 256807 Terminated              bash "$THR_ROOT/bin/heartbeat.sh" "$UNIT"
/iopsstor/scratch/cscs/dthapa/system3_qwem_omni_8_28/omni_thr_fit/bin/worker.sh: line 79: 256831 Terminated              bash "$THR_ROOT/bin/heartbeat.sh" "$UNIT"
/iopsstor/scratch/cscs/dthapa/system3_qwem_omni_8_28/omni_thr_fit/bin/worker.sh: line 79: 256861 Terminated              bash "$THR_ROOT/bin/heartbeat.sh" "$UNIT"
/iopsstor/scratch/cscs/dthapa/system3_qwem_omni_8_28/omni_thr_fit/bin/worker.sh: line 79: 261112 Terminated              bash "$THR_ROOT/bin/heartbeat.sh" "$UNIT"
/iopsstor/scratch/cscs/dthapa/system3_qwem_omni_8_28/omni_thr_fit/bin/worker.sh: line 79: 31680 Terminated              bash "$THR_ROOT/bin/heartbeat.sh" "$UNIT"
/iopsstor/scratch/cscs/dthapa/system3_qwem_omni_8_28/omni_thr_fit/bin/worker.sh: line 79: 244186 Terminated              bash "$THR_ROOT/bin/heartbeat.sh" "$UNIT"
/iopsstor/scratch/cscs/dthapa/system3_qwem_omni_8_28/omni_thr_fit/bin/worker.sh: line 79: 31709 Terminated              bash "$THR_ROOT/bin/heartbeat.sh" "$UNIT"
/iopsstor/scratch/cscs/dthapa/system3_qwem_omni_8_28/omni_thr_fit/bin/worker.sh: line 79: 261159 Terminated              bash "$THR_ROOT/bin/heartbeat.sh" "$UNIT"
/iopsstor/scratch/cscs/dthapa/system3_qwem_omni_8_28/omni_thr_fit/bin/worker.sh: line 79: 256906 Terminated              bash "$THR_ROOT/bin/heartbeat.sh" "$UNIT"
/iopsstor/scratch/cscs/dthapa/system3_qwem_omni_8_28/omni_thr_fit/bin/worker.sh: line 79: 244256 Terminated              bash "$THR_ROOT/bin/heartbeat.sh" "$UNIT"
/iopsstor/scratch/cscs/dthapa/system3_qwem_omni_8_28/omni_thr_fit/bin/worker.sh: line 79: 244286 Terminated              bash "$THR_ROOT/bin/heartbeat.sh" "$UNIT"
/iopsstor/scratch/cscs/dthapa/system3_qwem_omni_8_28/omni_thr_fit/bin/worker.sh: line 79: 261225 Terminated              bash "$THR_ROOT/bin/heartbeat.sh" "$UNIT"
/iopsstor/scratch/cscs/dthapa/system3_qwem_omni_8_28/omni_thr_fit/bin/worker.sh: line 79: 244320 Terminated              bash "$THR_ROOT/bin/heartbeat.sh" "$UNIT"
/iopsstor/scratch/cscs/dthapa/system3_qwem_omni_8_28/omni_thr_fit/bin/worker.sh: line 79: 31788 Terminated              bash "$THR_ROOT/bin/heartbeat.sh" "$UNIT"
/iopsstor/scratch/cscs/dthapa/system3_qwem_omni_8_28/omni_thr_fit/bin/worker.sh: line 79: 261264 Terminated              bash "$THR_ROOT/bin/heartbeat.sh" "$UNIT"
/iopsstor/scratch/cscs/dthapa/system3_qwem_omni_8_28/omni_thr_fit/bin/worker.sh: line 79: 31810 Terminated              bash "$THR_ROOT/bin/heartbeat.sh" "$UNIT"
/iopsstor/scratch/cscs/dthapa/system3_qwem_omni_8_28/omni_thr_fit/bin/worker.sh: line 79: 256983 Terminated              bash "$THR_ROOT/bin/heartbeat.sh" "$UNIT"
/iopsstor/scratch/cscs/dthapa/system3_qwem_omni_8_28/omni_thr_fit/bin/worker.sh: line 79: 257010 Terminated              bash "$THR_ROOT/bin/heartbeat.sh" "$UNIT"
/iopsstor/scratch/cscs/dthapa/system3_qwem_omni_8_28/omni_thr_fit/bin/worker.sh: line 79: 257042 Terminated              bash "$THR_ROOT/bin/heartbeat.sh" "$UNIT"
/iopsstor/scratch/cscs/dthapa/system3_qwem_omni_8_28/omni_thr_fit/bin/worker.sh: line 79: 261307 Terminated              bash "$THR_ROOT/bin/heartbeat.sh" "$UNIT"
/iopsstor/scratch/cscs/dthapa/system3_qwem_omni_8_28/omni_thr_fit/bin/worker.sh: line 79: 244375 Terminated              bash "$THR_ROOT/bin/heartbeat.sh" "$UNIT"
/iopsstor/scratch/cscs/dthapa/system3_qwem_omni_8_28/omni_thr_fit/bin/worker.sh: line 79: 31857 Terminated              bash "$THR_ROOT/bin/heartbeat.sh" "$UNIT"
/iopsstor/scratch/cscs/dthapa/system3_qwem_omni_8_28/omni_thr_fit/bin/worker.sh: line 79: 31882 Terminated              bash "$THR_ROOT/bin/heartbeat.sh" "$UNIT"
/iopsstor/scratch/cscs/dthapa/system3_qwem_omni_8_28/omni_thr_fit/bin/worker.sh: line 79: 261348 Terminated              bash "$THR_ROOT/bin/heartbeat.sh" "$UNIT"
/iopsstor/scratch/cscs/dthapa/system3_qwem_omni_8_28/omni_thr_fit/bin/worker.sh: line 79: 257087 Terminated              bash "$THR_ROOT/bin/heartbeat.sh" "$UNIT"
/iopsstor/scratch/cscs/dthapa/system3_qwem_omni_8_28/omni_thr_fit/bin/worker.sh: line 79: 244435 Terminated              bash "$THR_ROOT/bin/heartbeat.sh" "$UNIT"
/iopsstor/scratch/cscs/dthapa/system3_qwem_omni_8_28/omni_thr_fit/bin/worker.sh: line 79: 244483 Terminated              bash "$THR_ROOT/bin/heartbeat.sh" "$UNIT"
/iopsstor/scratch/cscs/dthapa/system3_qwem_omni_8_28/omni_thr_fit/bin/worker.sh: line 79: 261402 Terminated              bash "$THR_ROOT/bin/heartbeat.sh" "$UNIT"
/iopsstor/scratch/cscs/dthapa/system3_qwem_omni_8_28/omni_thr_fit/bin/worker.sh: line 79: 244529 Terminated              bash "$THR_ROOT/bin/heartbeat.sh" "$UNIT"
/iopsstor/scratch/cscs/dthapa/system3_qwem_omni_8_28/omni_thr_fit/bin/worker.sh: line 79: 31976 Terminated              bash "$THR_ROOT/bin/heartbeat.sh" "$UNIT"
/iopsstor/scratch/cscs/dthapa/system3_qwem_omni_8_28/omni_thr_fit/bin/worker.sh: line 79: 261441 Terminated              bash "$THR_ROOT/bin/heartbeat.sh" "$UNIT"
/iopsstor/scratch/cscs/dthapa/system3_qwem_omni_8_28/omni_thr_fit/bin/worker.sh: line 79: 32002 Terminated              bash "$THR_ROOT/bin/heartbeat.sh" "$UNIT"
/iopsstor/scratch/cscs/dthapa/system3_qwem_omni_8_28/omni_thr_fit/bin/worker.sh: line 79: 257186 Terminated              bash "$THR_ROOT/bin/heartbeat.sh" "$UNIT"
/iopsstor/scratch/cscs/dthapa/system3_qwem_omni_8_28/omni_thr_fit/bin/worker.sh: line 79: 257213 Terminated              bash "$THR_ROOT/bin/heartbeat.sh" "$UNIT"
/iopsstor/scratch/cscs/dthapa/system3_qwem_omni_8_28/omni_thr_fit/bin/worker.sh: line 79: 261486 Terminated              bash "$THR_ROOT/bin/heartbeat.sh" "$UNIT"
/iopsstor/scratch/cscs/dthapa/system3_qwem_omni_8_28/omni_thr_fit/bin/worker.sh: line 79: 244571 Terminated              bash "$THR_ROOT/bin/heartbeat.sh" "$UNIT"
/iopsstor/scratch/cscs/dthapa/system3_qwem_omni_8_28/omni_thr_fit/bin/worker.sh: line 79: 257234 Terminated              bash "$THR_ROOT/bin/heartbeat.sh" "$UNIT"
/iopsstor/scratch/cscs/dthapa/system3_qwem_omni_8_28/omni_thr_fit/bin/worker.sh: line 79: 32049 Terminated              bash "$THR_ROOT/bin/heartbeat.sh" "$UNIT"
/iopsstor/scratch/cscs/dthapa/system3_qwem_omni_8_28/omni_thr_fit/bin/worker.sh: line 79: 32074 Terminated              bash "$THR_ROOT/bin/heartbeat.sh" "$UNIT"
/iopsstor/scratch/cscs/dthapa/system3_qwem_omni_8_28/omni_thr_fit/bin/worker.sh: line 79: 261527 Terminated              bash "$THR_ROOT/bin/heartbeat.sh" "$UNIT"
/iopsstor/scratch/cscs/dthapa/system3_qwem_omni_8_28/omni_thr_fit/bin/worker.sh: line 79: 257283 Terminated              bash "$THR_ROOT/bin/heartbeat.sh" "$UNIT"
/iopsstor/scratch/cscs/dthapa/system3_qwem_omni_8_28/omni_thr_fit/bin/worker.sh: line 79: 244628 Terminated              bash "$THR_ROOT/bin/heartbeat.sh" "$UNIT"
/iopsstor/scratch/cscs/dthapa/system3_qwem_omni_8_28/omni_thr_fit/bin/worker.sh: line 79: 244661 Terminated              bash "$THR_ROOT/bin/heartbeat.sh" "$UNIT"
/iopsstor/scratch/cscs/dthapa/system3_qwem_omni_8_28/omni_thr_fit/bin/worker.sh: line 79: 261582 Terminated              bash "$THR_ROOT/bin/heartbeat.sh" "$UNIT"
/iopsstor/scratch/cscs/dthapa/system3_qwem_omni_8_28/omni_thr_fit/bin/worker.sh: line 79: 244697 Terminated              bash "$THR_ROOT/bin/heartbeat.sh" "$UNIT"
/iopsstor/scratch/cscs/dthapa/system3_qwem_omni_8_28/omni_thr_fit/bin/worker.sh: line 79: 32157 Terminated              bash "$THR_ROOT/bin/heartbeat.sh" "$UNIT"
/iopsstor/scratch/cscs/dthapa/system3_qwem_omni_8_28/omni_thr_fit/bin/worker.sh: line 79: 261625 Terminated              bash "$THR_ROOT/bin/heartbeat.sh" "$UNIT"
/iopsstor/scratch/cscs/dthapa/system3_qwem_omni_8_28/omni_thr_fit/bin/worker.sh: line 79: 32184 Terminated              bash "$THR_ROOT/bin/heartbeat.sh" "$UNIT"
/iopsstor/scratch/cscs/dthapa/system3_qwem_omni_8_28/omni_thr_fit/bin/worker.sh: line 79: 257362 Terminated              bash "$THR_ROOT/bin/heartbeat.sh" "$UNIT"
/iopsstor/scratch/cscs/dthapa/system3_qwem_omni_8_28/omni_thr_fit/bin/worker.sh: line 79: 257389 Terminated              bash "$THR_ROOT/bin/heartbeat.sh" "$UNIT"
/iopsstor/scratch/cscs/dthapa/system3_qwem_omni_8_28/omni_thr_fit/bin/worker.sh: line 79: 244745 Terminated              bash "$THR_ROOT/bin/heartbeat.sh" "$UNIT"
/iopsstor/scratch/cscs/dthapa/system3_qwem_omni_8_28/omni_thr_fit/bin/worker.sh: line 79: 257419 Terminated              bash "$THR_ROOT/bin/heartbeat.sh" "$UNIT"
/iopsstor/scratch/cscs/dthapa/system3_qwem_omni_8_28/omni_thr_fit/bin/worker.sh: line 79: 32231 Terminated              bash "$THR_ROOT/bin/heartbeat.sh" "$UNIT"
/iopsstor/scratch/cscs/dthapa/system3_qwem_omni_8_28/omni_thr_fit/bin/worker.sh: line 79: 261689 Terminated              bash "$THR_ROOT/bin/heartbeat.sh" "$UNIT"
/iopsstor/scratch/cscs/dthapa/system3_qwem_omni_8_28/omni_thr_fit/bin/worker.sh: line 79: 32256 Terminated              bash "$THR_ROOT/bin/heartbeat.sh" "$UNIT"
/iopsstor/scratch/cscs/dthapa/system3_qwem_omni_8_28/omni_thr_fit/bin/worker.sh: line 79: 257459 Terminated              bash "$THR_ROOT/bin/heartbeat.sh" "$UNIT"
/iopsstor/scratch/cscs/dthapa/system3_qwem_omni_8_28/omni_thr_fit/bin/worker.sh: line 79: 261729 Terminated              bash "$THR_ROOT/bin/heartbeat.sh" "$UNIT"
/iopsstor/scratch/cscs/dthapa/system3_qwem_omni_8_28/omni_thr_fit/bin/worker.sh: line 79: 244808 Terminated              bash "$THR_ROOT/bin/heartbeat.sh" "$UNIT"
/iopsstor/scratch/cscs/dthapa/system3_qwem_omni_8_28/omni_thr_fit/bin/worker.sh: line 79: 244830 Terminated              bash "$THR_ROOT/bin/heartbeat.sh" "$UNIT"
/iopsstor/scratch/cscs/dthapa/system3_qwem_omni_8_28/omni_thr_fit/bin/worker.sh: line 79: 261783 Terminated              bash "$THR_ROOT/bin/heartbeat.sh" "$UNIT"
/iopsstor/scratch/cscs/dthapa/system3_qwem_omni_8_28/omni_thr_fit/bin/worker.sh: line 79: 244870 Terminated              bash "$THR_ROOT/bin/heartbeat.sh" "$UNIT"
/iopsstor/scratch/cscs/dthapa/system3_qwem_omni_8_28/omni_thr_fit/bin/worker.sh: line 79: 32329 Terminated              bash "$THR_ROOT/bin/heartbeat.sh" "$UNIT"
/iopsstor/scratch/cscs/dthapa/system3_qwem_omni_8_28/omni_thr_fit/bin/worker.sh: line 79: 32357 Terminated              bash "$THR_ROOT/bin/heartbeat.sh" "$UNIT"
/iopsstor/scratch/cscs/dthapa/system3_qwem_omni_8_28/omni_thr_fit/bin/worker.sh: line 79: 261829 Terminated              bash "$THR_ROOT/bin/heartbeat.sh" "$UNIT"
/iopsstor/scratch/cscs/dthapa/system3_qwem_omni_8_28/omni_thr_fit/bin/worker.sh: line 79: 257537 Terminated              bash "$THR_ROOT/bin/heartbeat.sh" "$UNIT"
/iopsstor/scratch/cscs/dthapa/system3_qwem_omni_8_28/omni_thr_fit/bin/worker.sh: line 79: 257559 Terminated              bash "$THR_ROOT/bin/heartbeat.sh" "$UNIT"
/iopsstor/scratch/cscs/dthapa/system3_qwem_omni_8_28/omni_thr_fit/bin/worker.sh: line 79: 244936 Terminated              bash "$THR_ROOT/bin/heartbeat.sh" "$UNIT"
/iopsstor/scratch/cscs/dthapa/system3_qwem_omni_8_28/omni_thr_fit/bin/worker.sh: line 79: 257617 Terminated              bash "$THR_ROOT/bin/heartbeat.sh" "$UNIT"
/iopsstor/scratch/cscs/dthapa/system3_qwem_omni_8_28/omni_thr_fit/bin/worker.sh: line 79: 32404 Terminated              bash "$THR_ROOT/bin/heartbeat.sh" "$UNIT"
/iopsstor/scratch/cscs/dthapa/system3_qwem_omni_8_28/omni_thr_fit/bin/worker.sh: line 79: 261872 Terminated              bash "$THR_ROOT/bin/heartbeat.sh" "$UNIT"
/iopsstor/scratch/cscs/dthapa/system3_qwem_omni_8_28/omni_thr_fit/bin/worker.sh: line 79: 32448 Terminated              bash "$THR_ROOT/bin/heartbeat.sh" "$UNIT"
/iopsstor/scratch/cscs/dthapa/system3_qwem_omni_8_28/omni_thr_fit/bin/worker.sh: line 79: 257656 Terminated              bash "$THR_ROOT/bin/heartbeat.sh" "$UNIT"
/iopsstor/scratch/cscs/dthapa/system3_qwem_omni_8_28/omni_thr_fit/bin/worker.sh: line 79: 245001 Terminated              bash "$THR_ROOT/bin/heartbeat.sh" "$UNIT"
/iopsstor/scratch/cscs/dthapa/system3_qwem_omni_8_28/omni_thr_fit/bin/worker.sh: line 79: 261916 Terminated              bash "$THR_ROOT/bin/heartbeat.sh" "$UNIT"
/iopsstor/scratch/cscs/dthapa/system3_qwem_omni_8_28/omni_thr_fit/bin/worker.sh: line 79: 245022 Terminated              bash "$THR_ROOT/bin/heartbeat.sh" "$UNIT"
/iopsstor/scratch/cscs/dthapa/system3_qwem_omni_8_28/omni_thr_fit/bin/worker.sh: line 79: 261965 Terminated              bash "$THR_ROOT/bin/heartbeat.sh" "$UNIT"
/iopsstor/scratch/cscs/dthapa/system3_qwem_omni_8_28/omni_thr_fit/bin/worker.sh: line 79: 245065 Terminated              bash "$THR_ROOT/bin/heartbeat.sh" "$UNIT"
/iopsstor/scratch/cscs/dthapa/system3_qwem_omni_8_28/omni_thr_fit/bin/worker.sh: line 79: 32537 Terminated              bash "$THR_ROOT/bin/heartbeat.sh" "$UNIT"
/iopsstor/scratch/cscs/dthapa/system3_qwem_omni_8_28/omni_thr_fit/bin/worker.sh: line 79: 32563 Terminated              bash "$THR_ROOT/bin/heartbeat.sh" "$UNIT"
/iopsstor/scratch/cscs/dthapa/system3_qwem_omni_8_28/omni_thr_fit/bin/worker.sh: line 79: 257737 Terminated              bash "$THR_ROOT/bin/heartbeat.sh" "$UNIT"
/iopsstor/scratch/cscs/dthapa/system3_qwem_omni_8_28/omni_thr_fit/bin/worker.sh: line 79: 262004 Terminated              bash "$THR_ROOT/bin/heartbeat.sh" "$UNIT"
/iopsstor/scratch/cscs/dthapa/system3_qwem_omni_8_28/omni_thr_fit/bin/worker.sh: line 79: 257758 Terminated              bash "$THR_ROOT/bin/heartbeat.sh" "$UNIT"
/iopsstor/scratch/cscs/dthapa/system3_qwem_omni_8_28/omni_thr_fit/bin/worker.sh: line 79: 245110 Terminated              bash "$THR_ROOT/bin/heartbeat.sh" "$UNIT"
/iopsstor/scratch/cscs/dthapa/system3_qwem_omni_8_28/omni_thr_fit/bin/worker.sh: line 79: 32610 Terminated              bash "$THR_ROOT/bin/heartbeat.sh" "$UNIT"
/iopsstor/scratch/cscs/dthapa/system3_qwem_omni_8_28/omni_thr_fit/bin/worker.sh: line 79: 257795 Terminated              bash "$THR_ROOT/bin/heartbeat.sh" "$UNIT"
/iopsstor/scratch/cscs/dthapa/system3_qwem_omni_8_28/omni_thr_fit/bin/worker.sh: line 79: 262052 Terminated              bash "$THR_ROOT/bin/heartbeat.sh" "$UNIT"
/iopsstor/scratch/cscs/dthapa/system3_qwem_omni_8_28/omni_thr_fit/bin/worker.sh: line 79: 32635 Terminated              bash "$THR_ROOT/bin/heartbeat.sh" "$UNIT"
/iopsstor/scratch/cscs/dthapa/system3_qwem_omni_8_28/omni_thr_fit/bin/worker.sh: line 79: 245174 Terminated              bash "$THR_ROOT/bin/heartbeat.sh" "$UNIT"
/iopsstor/scratch/cscs/dthapa/system3_qwem_omni_8_28/omni_thr_fit/bin/worker.sh: line 79: 257834 Terminated              bash "$THR_ROOT/bin/heartbeat.sh" "$UNIT"
/iopsstor/scratch/cscs/dthapa/system3_qwem_omni_8_28/omni_thr_fit/bin/worker.sh: line 79: 245196 Terminated              bash "$THR_ROOT/bin/heartbeat.sh" "$UNIT"
/iopsstor/scratch/cscs/dthapa/system3_qwem_omni_8_28/omni_thr_fit/bin/worker.sh: line 79: 262102 Terminated              bash "$THR_ROOT/bin/heartbeat.sh" "$UNIT"
/iopsstor/scratch/cscs/dthapa/system3_qwem_omni_8_28/omni_thr_fit/bin/worker.sh: line 79: 245242 Terminated              bash "$THR_ROOT/bin/heartbeat.sh" "$UNIT"
/iopsstor/scratch/cscs/dthapa/system3_qwem_omni_8_28/omni_thr_fit/bin/worker.sh: line 79: 262166 Terminated              bash "$THR_ROOT/bin/heartbeat.sh" "$UNIT"
/iopsstor/scratch/cscs/dthapa/system3_qwem_omni_8_28/omni_thr_fit/bin/worker.sh: line 79: 32705 Terminated              bash "$THR_ROOT/bin/heartbeat.sh" "$UNIT"
/iopsstor/scratch/cscs/dthapa/system3_qwem_omni_8_28/omni_thr_fit/bin/worker.sh: line 79: 32737 Terminated              bash "$THR_ROOT/bin/heartbeat.sh" "$UNIT"
/iopsstor/scratch/cscs/dthapa/system3_qwem_omni_8_28/omni_thr_fit/bin/worker.sh: line 79: 257914 Terminated              bash "$THR_ROOT/bin/heartbeat.sh" "$UNIT"
/iopsstor/scratch/cscs/dthapa/system3_qwem_omni_8_28/omni_thr_fit/bin/worker.sh: line 79: 245280 Terminated              bash "$THR_ROOT/bin/heartbeat.sh" "$UNIT"
/iopsstor/scratch/cscs/dthapa/system3_qwem_omni_8_28/omni_thr_fit/bin/worker.sh: line 79: 257935 Terminated              bash "$THR_ROOT/bin/heartbeat.sh" "$UNIT"
/iopsstor/scratch/cscs/dthapa/system3_qwem_omni_8_28/omni_thr_fit/bin/worker.sh: line 79: 262210 Terminated              bash "$THR_ROOT/bin/heartbeat.sh" "$UNIT"
/iopsstor/scratch/cscs/dthapa/system3_qwem_omni_8_28/omni_thr_fit/bin/worker.sh: line 79: 32786 Terminated              bash "$THR_ROOT/bin/heartbeat.sh" "$UNIT"
/iopsstor/scratch/cscs/dthapa/system3_qwem_omni_8_28/omni_thr_fit/bin/worker.sh: line 79: 262253 Terminated              bash "$THR_ROOT/bin/heartbeat.sh" "$UNIT"
/iopsstor/scratch/cscs/dthapa/system3_qwem_omni_8_28/omni_thr_fit/bin/worker.sh: line 79: 257979 Terminated              bash "$THR_ROOT/bin/heartbeat.sh" "$UNIT"
/iopsstor/scratch/cscs/dthapa/system3_qwem_omni_8_28/omni_thr_fit/bin/worker.sh: line 79: 32808 Terminated              bash "$THR_ROOT/bin/heartbeat.sh" "$UNIT"
/iopsstor/scratch/cscs/dthapa/system3_qwem_omni_8_28/omni_thr_fit/bin/worker.sh: line 79: 245344 Terminated              bash "$THR_ROOT/bin/heartbeat.sh" "$UNIT"
/iopsstor/scratch/cscs/dthapa/system3_qwem_omni_8_28/omni_thr_fit/bin/worker.sh: line 79: 258016 Terminated              bash "$THR_ROOT/bin/heartbeat.sh" "$UNIT"
/iopsstor/scratch/cscs/dthapa/system3_qwem_omni_8_28/omni_thr_fit/bin/worker.sh: line 79: 245388 Terminated              bash "$THR_ROOT/bin/heartbeat.sh" "$UNIT"
/iopsstor/scratch/cscs/dthapa/system3_qwem_omni_8_28/omni_thr_fit/bin/worker.sh: line 79: 262300 Terminated              bash "$THR_ROOT/bin/heartbeat.sh" "$UNIT"
/iopsstor/scratch/cscs/dthapa/system3_qwem_omni_8_28/omni_thr_fit/bin/worker.sh: line 79: 245436 Terminated              bash "$THR_ROOT/bin/heartbeat.sh" "$UNIT"
/iopsstor/scratch/cscs/dthapa/system3_qwem_omni_8_28/omni_thr_fit/bin/worker.sh: line 79: 262345 Terminated              bash "$THR_ROOT/bin/heartbeat.sh" "$UNIT"
/iopsstor/scratch/cscs/dthapa/system3_qwem_omni_8_28/omni_thr_fit/bin/worker.sh: line 79: 32896 Terminated              bash "$THR_ROOT/bin/heartbeat.sh" "$UNIT"
/iopsstor/scratch/cscs/dthapa/system3_qwem_omni_8_28/omni_thr_fit/bin/worker.sh: line 79: 32929 Terminated              bash "$THR_ROOT/bin/heartbeat.sh" "$UNIT"
/iopsstor/scratch/cscs/dthapa/system3_qwem_omni_8_28/omni_thr_fit/bin/worker.sh: line 79: 258115 Terminated              bash "$THR_ROOT/bin/heartbeat.sh" "$UNIT"
/iopsstor/scratch/cscs/dthapa/system3_qwem_omni_8_28/omni_thr_fit/bin/worker.sh: line 79: 245473 Terminated              bash "$THR_ROOT/bin/heartbeat.sh" "$UNIT"
/iopsstor/scratch/cscs/dthapa/system3_qwem_omni_8_28/omni_thr_fit/bin/worker.sh: line 79: 258132 Terminated              bash "$THR_ROOT/bin/heartbeat.sh" "$UNIT"
/iopsstor/scratch/cscs/dthapa/system3_qwem_omni_8_28/omni_thr_fit/bin/worker.sh: line 79: 262392 Terminated              bash "$THR_ROOT/bin/heartbeat.sh" "$UNIT"
/iopsstor/scratch/cscs/dthapa/system3_qwem_omni_8_28/omni_thr_fit/bin/worker.sh: line 79: 262423 Terminated              bash "$THR_ROOT/bin/heartbeat.sh" "$UNIT"
/iopsstor/scratch/cscs/dthapa/system3_qwem_omni_8_28/omni_thr_fit/bin/worker.sh: line 79: 32974 Terminated              bash "$THR_ROOT/bin/heartbeat.sh" "$UNIT"
/iopsstor/scratch/cscs/dthapa/system3_qwem_omni_8_28/omni_thr_fit/bin/worker.sh: line 79: 258181 Terminated              bash "$THR_ROOT/bin/heartbeat.sh" "$UNIT"
/iopsstor/scratch/cscs/dthapa/system3_qwem_omni_8_28/omni_thr_fit/bin/worker.sh: line 79: 245558 Terminated              bash "$THR_ROOT/bin/heartbeat.sh" "$UNIT"
/iopsstor/scratch/cscs/dthapa/system3_qwem_omni_8_28/omni_thr_fit/bin/worker.sh: line 79: 258212 Terminated              bash "$THR_ROOT/bin/heartbeat.sh" "$UNIT"
/iopsstor/scratch/cscs/dthapa/system3_qwem_omni_8_28/omni_thr_fit/bin/worker.sh: line 79: 33011 Terminated              bash "$THR_ROOT/bin/heartbeat.sh" "$UNIT"
/iopsstor/scratch/cscs/dthapa/system3_qwem_omni_8_28/omni_thr_fit/bin/worker.sh: line 79: 245583 Terminated              bash "$THR_ROOT/bin/heartbeat.sh" "$UNIT"
/iopsstor/scratch/cscs/dthapa/system3_qwem_omni_8_28/omni_thr_fit/bin/worker.sh: line 79: 262479 Terminated              bash "$THR_ROOT/bin/heartbeat.sh" "$UNIT"
/iopsstor/scratch/cscs/dthapa/system3_qwem_omni_8_28/omni_thr_fit/bin/worker.sh: line 79: 245625 Terminated              bash "$THR_ROOT/bin/heartbeat.sh" "$UNIT"
/iopsstor/scratch/cscs/dthapa/system3_qwem_omni_8_28/omni_thr_fit/bin/worker.sh: line 79: 262518 Terminated              bash "$THR_ROOT/bin/heartbeat.sh" "$UNIT"
/iopsstor/scratch/cscs/dthapa/system3_qwem_omni_8_28/omni_thr_fit/bin/worker.sh: line 79: 33069 Terminated              bash "$THR_ROOT/bin/heartbeat.sh" "$UNIT"
/iopsstor/scratch/cscs/dthapa/system3_qwem_omni_8_28/omni_thr_fit/bin/worker.sh: line 79: 258308 Terminated              bash "$THR_ROOT/bin/heartbeat.sh" "$UNIT"
/iopsstor/scratch/cscs/dthapa/system3_qwem_omni_8_28/omni_thr_fit/bin/worker.sh: line 79: 33108 Terminated              bash "$THR_ROOT/bin/heartbeat.sh" "$UNIT"
/iopsstor/scratch/cscs/dthapa/system3_qwem_omni_8_28/omni_thr_fit/bin/worker.sh: line 79: 245676 Terminated              bash "$THR_ROOT/bin/heartbeat.sh" "$UNIT"
/iopsstor/scratch/cscs/dthapa/system3_qwem_omni_8_28/omni_thr_fit/bin/worker.sh: line 79: 262593 Terminated              bash "$THR_ROOT/bin/heartbeat.sh" "$UNIT"
/iopsstor/scratch/cscs/dthapa/system3_qwem_omni_8_28/omni_thr_fit/bin/worker.sh: line 79: 258339 Terminated              bash "$THR_ROOT/bin/heartbeat.sh" "$UNIT"
/iopsstor/scratch/cscs/dthapa/system3_qwem_omni_8_28/omni_thr_fit/bin/worker.sh: line 79: 33153 Terminated              bash "$THR_ROOT/bin/heartbeat.sh" "$UNIT"
/iopsstor/scratch/cscs/dthapa/system3_qwem_omni_8_28/omni_thr_fit/bin/worker.sh: line 79: 262610 Terminated              bash "$THR_ROOT/bin/heartbeat.sh" "$UNIT"
/iopsstor/scratch/cscs/dthapa/system3_qwem_omni_8_28/omni_thr_fit/bin/worker.sh: line 79: 258387 Terminated              bash "$THR_ROOT/bin/heartbeat.sh" "$UNIT"
/iopsstor/scratch/cscs/dthapa/system3_qwem_omni_8_28/omni_thr_fit/bin/worker.sh: line 79: 245730 Terminated              bash "$THR_ROOT/bin/heartbeat.sh" "$UNIT"
/iopsstor/scratch/cscs/dthapa/system3_qwem_omni_8_28/omni_thr_fit/bin/worker.sh: line 79: 258412 Terminated              bash "$THR_ROOT/bin/heartbeat.sh" "$UNIT"
/iopsstor/scratch/cscs/dthapa/system3_qwem_omni_8_28/omni_thr_fit/bin/worker.sh: line 79: 245760 Terminated              bash "$THR_ROOT/bin/heartbeat.sh" "$UNIT"
/iopsstor/scratch/cscs/dthapa/system3_qwem_omni_8_28/omni_thr_fit/bin/worker.sh: line 79: 33187 Terminated              bash "$THR_ROOT/bin/heartbeat.sh" "$UNIT"
/iopsstor/scratch/cscs/dthapa/system3_qwem_omni_8_28/omni_thr_fit/bin/worker.sh: line 79: 262688 Terminated              bash "$THR_ROOT/bin/heartbeat.sh" "$UNIT"
/iopsstor/scratch/cscs/dthapa/system3_qwem_omni_8_28/omni_thr_fit/bin/worker.sh: line 79: 245803 Terminated              bash "$THR_ROOT/bin/heartbeat.sh" "$UNIT"
/iopsstor/scratch/cscs/dthapa/system3_qwem_omni_8_28/omni_thr_fit/bin/worker.sh: line 79: 33242 Terminated              bash "$THR_ROOT/bin/heartbeat.sh" "$UNIT"
/iopsstor/scratch/cscs/dthapa/system3_qwem_omni_8_28/omni_thr_fit/bin/worker.sh: line 79: 262717 Terminated              bash "$THR_ROOT/bin/heartbeat.sh" "$UNIT"
/iopsstor/scratch/cscs/dthapa/system3_qwem_omni_8_28/omni_thr_fit/bin/worker.sh: line 79: 258489 Terminated              bash "$THR_ROOT/bin/heartbeat.sh" "$UNIT"
/iopsstor/scratch/cscs/dthapa/system3_qwem_omni_8_28/omni_thr_fit/bin/worker.sh: line 79: 245875 Terminated              bash "$THR_ROOT/bin/heartbeat.sh" "$UNIT"
/iopsstor/scratch/cscs/dthapa/system3_qwem_omni_8_28/omni_thr_fit/bin/worker.sh: line 79: 33287 Terminated              bash "$THR_ROOT/bin/heartbeat.sh" "$UNIT"
/iopsstor/scratch/cscs/dthapa/system3_qwem_omni_8_28/omni_thr_fit/bin/worker.sh: line 79: 262766 Terminated              bash "$THR_ROOT/bin/heartbeat.sh" "$UNIT"
/iopsstor/scratch/cscs/dthapa/system3_qwem_omni_8_28/omni_thr_fit/bin/worker.sh: line 79: 258536 Terminated              bash "$THR_ROOT/bin/heartbeat.sh" "$UNIT"
/iopsstor/scratch/cscs/dthapa/system3_qwem_omni_8_28/omni_thr_fit/bin/worker.sh: line 79: 262822 Terminated              bash "$THR_ROOT/bin/heartbeat.sh" "$UNIT"
/iopsstor/scratch/cscs/dthapa/system3_qwem_omni_8_28/omni_thr_fit/bin/worker.sh: line 79: 33351 Terminated              bash "$THR_ROOT/bin/heartbeat.sh" "$UNIT"
/iopsstor/scratch/cscs/dthapa/system3_qwem_omni_8_28/omni_thr_fit/bin/worker.sh: line 79: 258582 Terminated              bash "$THR_ROOT/bin/heartbeat.sh" "$UNIT"
/iopsstor/scratch/cscs/dthapa/system3_qwem_omni_8_28/omni_thr_fit/bin/worker.sh: line 79: 245923 Terminated              bash "$THR_ROOT/bin/heartbeat.sh" "$UNIT"
/iopsstor/scratch/cscs/dthapa/system3_qwem_omni_8_28/omni_thr_fit/bin/worker.sh: line 79: 245956 Terminated              bash "$THR_ROOT/bin/heartbeat.sh" "$UNIT"
/iopsstor/scratch/cscs/dthapa/system3_qwem_omni_8_28/omni_thr_fit/bin/worker.sh: line 79: 33393 Terminated              bash "$THR_ROOT/bin/heartbeat.sh" "$UNIT"
/iopsstor/scratch/cscs/dthapa/system3_qwem_omni_8_28/omni_thr_fit/bin/worker.sh: line 79: 258606 Terminated              bash "$THR_ROOT/bin/heartbeat.sh" "$UNIT"
/iopsstor/scratch/cscs/dthapa/system3_qwem_omni_8_28/omni_thr_fit/bin/worker.sh: line 79: 262877 Terminated              bash "$THR_ROOT/bin/heartbeat.sh" "$UNIT"
/iopsstor/scratch/cscs/dthapa/system3_qwem_omni_8_28/omni_thr_fit/bin/worker.sh: line 79: 245993 Terminated              bash "$THR_ROOT/bin/heartbeat.sh" "$UNIT"
/iopsstor/scratch/cscs/dthapa/system3_qwem_omni_8_28/omni_thr_fit/bin/worker.sh: line 79: 262924 Terminated              bash "$THR_ROOT/bin/heartbeat.sh" "$UNIT"
/iopsstor/scratch/cscs/dthapa/system3_qwem_omni_8_28/omni_thr_fit/bin/worker.sh: line 79: 33442 Terminated              bash "$THR_ROOT/bin/heartbeat.sh" "$UNIT"
/iopsstor/scratch/cscs/dthapa/system3_qwem_omni_8_28/omni_thr_fit/bin/worker.sh: line 79: 246043 Terminated              bash "$THR_ROOT/bin/heartbeat.sh" "$UNIT"
/iopsstor/scratch/cscs/dthapa/system3_qwem_omni_8_28/omni_thr_fit/bin/worker.sh: line 79: 258686 Terminated              bash "$THR_ROOT/bin/heartbeat.sh" "$UNIT"
/iopsstor/scratch/cscs/dthapa/system3_qwem_omni_8_28/omni_thr_fit/bin/worker.sh: line 79: 33481 Terminated              bash "$THR_ROOT/bin/heartbeat.sh" "$UNIT"
/iopsstor/scratch/cscs/dthapa/system3_qwem_omni_8_28/omni_thr_fit/bin/worker.sh: line 79: 258714 Terminated              bash "$THR_ROOT/bin/heartbeat.sh" "$UNIT"
/iopsstor/scratch/cscs/dthapa/system3_qwem_omni_8_28/omni_thr_fit/bin/worker.sh: line 79: 262965 Terminated              bash "$THR_ROOT/bin/heartbeat.sh" "$UNIT"
/iopsstor/scratch/cscs/dthapa/system3_qwem_omni_8_28/omni_thr_fit/bin/worker.sh: line 79: 263006 Terminated              bash "$THR_ROOT/bin/heartbeat.sh" "$UNIT"
/iopsstor/scratch/cscs/dthapa/system3_qwem_omni_8_28/omni_thr_fit/bin/worker.sh: line 79: 258758 Terminated              bash "$THR_ROOT/bin/heartbeat.sh" "$UNIT"
/iopsstor/scratch/cscs/dthapa/system3_qwem_omni_8_28/omni_thr_fit/bin/worker.sh: line 79: 246109 Terminated              bash "$THR_ROOT/bin/heartbeat.sh" "$UNIT"
/iopsstor/scratch/cscs/dthapa/system3_qwem_omni_8_28/omni_thr_fit/bin/worker.sh: line 79: 246133 Terminated              bash "$THR_ROOT/bin/heartbeat.sh" "$UNIT"
/iopsstor/scratch/cscs/dthapa/system3_qwem_omni_8_28/omni_thr_fit/bin/worker.sh: line 79: 33529 Terminated              bash "$THR_ROOT/bin/heartbeat.sh" "$UNIT"
/iopsstor/scratch/cscs/dthapa/system3_qwem_omni_8_28/omni_thr_fit/bin/worker.sh: line 79: 33560 Terminated              bash "$THR_ROOT/bin/heartbeat.sh" "$UNIT"
/iopsstor/scratch/cscs/dthapa/system3_qwem_omni_8_28/omni_thr_fit/bin/worker.sh: line 79: 258794 Terminated              bash "$THR_ROOT/bin/heartbeat.sh" "$UNIT"
/iopsstor/scratch/cscs/dthapa/system3_qwem_omni_8_28/omni_thr_fit/bin/worker.sh: line 79: 246180 Terminated              bash "$THR_ROOT/bin/heartbeat.sh" "$UNIT"
/iopsstor/scratch/cscs/dthapa/system3_qwem_omni_8_28/omni_thr_fit/bin/worker.sh: line 79: 263076 Terminated              bash "$THR_ROOT/bin/heartbeat.sh" "$UNIT"
/iopsstor/scratch/cscs/dthapa/system3_qwem_omni_8_28/omni_thr_fit/bin/worker.sh: line 79: 263118 Terminated              bash "$THR_ROOT/bin/heartbeat.sh" "$UNIT"
/iopsstor/scratch/cscs/dthapa/system3_qwem_omni_8_28/omni_thr_fit/bin/worker.sh: line 79: 246227 Terminated              bash "$THR_ROOT/bin/heartbeat.sh" "$UNIT"
/iopsstor/scratch/cscs/dthapa/system3_qwem_omni_8_28/omni_thr_fit/bin/worker.sh: line 79: 258853 Terminated              bash "$THR_ROOT/bin/heartbeat.sh" "$UNIT"
/iopsstor/scratch/cscs/dthapa/system3_qwem_omni_8_28/omni_thr_fit/bin/worker.sh: line 79: 33619 Terminated              bash "$THR_ROOT/bin/heartbeat.sh" "$UNIT"
/iopsstor/scratch/cscs/dthapa/system3_qwem_omni_8_28/omni_thr_fit/bin/worker.sh: line 79: 33657 Terminated              bash "$THR_ROOT/bin/heartbeat.sh" "$UNIT"
/iopsstor/scratch/cscs/dthapa/system3_qwem_omni_8_28/omni_thr_fit/bin/worker.sh: line 79: 258889 Terminated              bash "$THR_ROOT/bin/heartbeat.sh" "$UNIT"
/iopsstor/scratch/cscs/dthapa/system3_qwem_omni_8_28/omni_thr_fit/bin/worker.sh: line 79: 263162 Terminated              bash "$THR_ROOT/bin/heartbeat.sh" "$UNIT"
/iopsstor/scratch/cscs/dthapa/system3_qwem_omni_8_28/omni_thr_fit/bin/worker.sh: line 79: 263194 Terminated              bash "$THR_ROOT/bin/heartbeat.sh" "$UNIT"
/iopsstor/scratch/cscs/dthapa/system3_qwem_omni_8_28/omni_thr_fit/bin/worker.sh: line 79: 246292 Terminated              bash "$THR_ROOT/bin/heartbeat.sh" "$UNIT"
/iopsstor/scratch/cscs/dthapa/system3_qwem_omni_8_28/omni_thr_fit/bin/worker.sh: line 79: 33710 Terminated              bash "$THR_ROOT/bin/heartbeat.sh" "$UNIT"
/iopsstor/scratch/cscs/dthapa/system3_qwem_omni_8_28/omni_thr_fit/bin/worker.sh: line 79: 258941 Terminated              bash "$THR_ROOT/bin/heartbeat.sh" "$UNIT"
/iopsstor/scratch/cscs/dthapa/system3_qwem_omni_8_28/omni_thr_fit/bin/worker.sh: line 79: 246314 Terminated              bash "$THR_ROOT/bin/heartbeat.sh" "$UNIT"
/iopsstor/scratch/cscs/dthapa/system3_qwem_omni_8_28/omni_thr_fit/bin/worker.sh: line 79: 33731 Terminated              bash "$THR_ROOT/bin/heartbeat.sh" "$UNIT"
/iopsstor/scratch/cscs/dthapa/system3_qwem_omni_8_28/omni_thr_fit/bin/worker.sh: line 79: 259000 Terminated              bash "$THR_ROOT/bin/heartbeat.sh" "$UNIT"
/iopsstor/scratch/cscs/dthapa/system3_qwem_omni_8_28/omni_thr_fit/bin/worker.sh: line 79: 246384 Terminated              bash "$THR_ROOT/bin/heartbeat.sh" "$UNIT"
/iopsstor/scratch/cscs/dthapa/system3_qwem_omni_8_28/omni_thr_fit/bin/worker.sh: line 79: 263251 Terminated              bash "$THR_ROOT/bin/heartbeat.sh" "$UNIT"
/iopsstor/scratch/cscs/dthapa/system3_qwem_omni_8_28/omni_thr_fit/bin/worker.sh: line 79: 263295 Terminated              bash "$THR_ROOT/bin/heartbeat.sh" "$UNIT"
/iopsstor/scratch/cscs/dthapa/system3_qwem_omni_8_28/omni_thr_fit/bin/worker.sh: line 79: 246425 Terminated              bash "$THR_ROOT/bin/heartbeat.sh" "$UNIT"
/iopsstor/scratch/cscs/dthapa/system3_qwem_omni_8_28/omni_thr_fit/bin/worker.sh: line 79: 259058 Terminated              bash "$THR_ROOT/bin/heartbeat.sh" "$UNIT"
/iopsstor/scratch/cscs/dthapa/system3_qwem_omni_8_28/omni_thr_fit/bin/worker.sh: line 79: 33824 Terminated              bash "$THR_ROOT/bin/heartbeat.sh" "$UNIT"
/iopsstor/scratch/cscs/dthapa/system3_qwem_omni_8_28/omni_thr_fit/bin/worker.sh: line 79: 33852 Terminated              bash "$THR_ROOT/bin/heartbeat.sh" "$UNIT"
/iopsstor/scratch/cscs/dthapa/system3_qwem_omni_8_28/omni_thr_fit/bin/worker.sh: line 79: 259098 Terminated              bash "$THR_ROOT/bin/heartbeat.sh" "$UNIT"
/iopsstor/scratch/cscs/dthapa/system3_qwem_omni_8_28/omni_thr_fit/bin/worker.sh: line 79: 263347 Terminated              bash "$THR_ROOT/bin/heartbeat.sh" "$UNIT"
/iopsstor/scratch/cscs/dthapa/system3_qwem_omni_8_28/omni_thr_fit/bin/worker.sh: line 79: 263364 Terminated              bash "$THR_ROOT/bin/heartbeat.sh" "$UNIT"
/iopsstor/scratch/cscs/dthapa/system3_qwem_omni_8_28/omni_thr_fit/bin/worker.sh: line 79: 246492 Terminated              bash "$THR_ROOT/bin/heartbeat.sh" "$UNIT"
/iopsstor/scratch/cscs/dthapa/system3_qwem_omni_8_28/omni_thr_fit/bin/worker.sh: line 79: 33907 Terminated              bash "$THR_ROOT/bin/heartbeat.sh" "$UNIT"
/iopsstor/scratch/cscs/dthapa/system3_qwem_omni_8_28/omni_thr_fit/bin/worker.sh: line 79: 246526 Terminated              bash "$THR_ROOT/bin/heartbeat.sh" "$UNIT"
/iopsstor/scratch/cscs/dthapa/system3_qwem_omni_8_28/omni_thr_fit/bin/worker.sh: line 79: 259141 Terminated              bash "$THR_ROOT/bin/heartbeat.sh" "$UNIT"
/iopsstor/scratch/cscs/dthapa/system3_qwem_omni_8_28/omni_thr_fit/bin/worker.sh: line 79: 33928 Terminated              bash "$THR_ROOT/bin/heartbeat.sh" "$UNIT"
/iopsstor/scratch/cscs/dthapa/system3_qwem_omni_8_28/omni_thr_fit/bin/worker.sh: line 79: 259171 Terminated              bash "$THR_ROOT/bin/heartbeat.sh" "$UNIT"
/iopsstor/scratch/cscs/dthapa/system3_qwem_omni_8_28/omni_thr_fit/bin/worker.sh: line 79: 246573 Terminated              bash "$THR_ROOT/bin/heartbeat.sh" "$UNIT"
/iopsstor/scratch/cscs/dthapa/system3_qwem_omni_8_28/omni_thr_fit/bin/worker.sh: line 79: 263434 Terminated              bash "$THR_ROOT/bin/heartbeat.sh" "$UNIT"
/iopsstor/scratch/cscs/dthapa/system3_qwem_omni_8_28/omni_thr_fit/bin/worker.sh: line 79: 263472 Terminated              bash "$THR_ROOT/bin/heartbeat.sh" "$UNIT"
/iopsstor/scratch/cscs/dthapa/system3_qwem_omni_8_28/omni_thr_fit/bin/worker.sh: line 79: 246617 Terminated              bash "$THR_ROOT/bin/heartbeat.sh" "$UNIT"
/iopsstor/scratch/cscs/dthapa/system3_qwem_omni_8_28/omni_thr_fit/bin/worker.sh: line 79: 259233 Terminated              bash "$THR_ROOT/bin/heartbeat.sh" "$UNIT"
/iopsstor/scratch/cscs/dthapa/system3_qwem_omni_8_28/omni_thr_fit/bin/worker.sh: line 79: 33997 Terminated              bash "$THR_ROOT/bin/heartbeat.sh" "$UNIT"
/iopsstor/scratch/cscs/dthapa/system3_qwem_omni_8_28/omni_thr_fit/bin/worker.sh: line 79: 34026 Terminated              bash "$THR_ROOT/bin/heartbeat.sh" "$UNIT"
/iopsstor/scratch/cscs/dthapa/system3_qwem_omni_8_28/omni_thr_fit/bin/worker.sh: line 79: 259273 Terminated              bash "$THR_ROOT/bin/heartbeat.sh" "$UNIT"
/iopsstor/scratch/cscs/dthapa/system3_qwem_omni_8_28/omni_thr_fit/bin/worker.sh: line 79: 263543 Terminated              bash "$THR_ROOT/bin/heartbeat.sh" "$UNIT"
/iopsstor/scratch/cscs/dthapa/system3_qwem_omni_8_28/omni_thr_fit/bin/worker.sh: line 79: 246685 Terminated              bash "$THR_ROOT/bin/heartbeat.sh" "$UNIT"
/iopsstor/scratch/cscs/dthapa/system3_qwem_omni_8_28/omni_thr_fit/bin/worker.sh: line 79: 34081 Terminated              bash "$THR_ROOT/bin/heartbeat.sh" "$UNIT"
/iopsstor/scratch/cscs/dthapa/system3_qwem_omni_8_28/omni_thr_fit/bin/worker.sh: line 79: 263564 Terminated              bash "$THR_ROOT/bin/heartbeat.sh" "$UNIT"
/iopsstor/scratch/cscs/dthapa/system3_qwem_omni_8_28/omni_thr_fit/bin/worker.sh: line 79: 259316 Terminated              bash "$THR_ROOT/bin/heartbeat.sh" "$UNIT"
/iopsstor/scratch/cscs/dthapa/system3_qwem_omni_8_28/omni_thr_fit/bin/worker.sh: line 79: 246706 Terminated              bash "$THR_ROOT/bin/heartbeat.sh" "$UNIT"
/iopsstor/scratch/cscs/dthapa/system3_qwem_omni_8_28/omni_thr_fit/bin/worker.sh: line 79: 246754 Terminated              bash "$THR_ROOT/bin/heartbeat.sh" "$UNIT"
/iopsstor/scratch/cscs/dthapa/system3_qwem_omni_8_28/omni_thr_fit/bin/worker.sh: line 79: 34102 Terminated              bash "$THR_ROOT/bin/heartbeat.sh" "$UNIT"
/iopsstor/scratch/cscs/dthapa/system3_qwem_omni_8_28/omni_thr_fit/bin/worker.sh: line 79: 259355 Terminated              bash "$THR_ROOT/bin/heartbeat.sh" "$UNIT"
/iopsstor/scratch/cscs/dthapa/system3_qwem_omni_8_28/omni_thr_fit/bin/worker.sh: line 79: 263643 Terminated              bash "$THR_ROOT/bin/heartbeat.sh" "$UNIT"
/iopsstor/scratch/cscs/dthapa/system3_qwem_omni_8_28/omni_thr_fit/bin/worker.sh: line 79: 246818 Terminated              bash "$THR_ROOT/bin/heartbeat.sh" "$UNIT"
/iopsstor/scratch/cscs/dthapa/system3_qwem_omni_8_28/omni_thr_fit/bin/worker.sh: line 79: 34171 Terminated              bash "$THR_ROOT/bin/heartbeat.sh" "$UNIT"
/iopsstor/scratch/cscs/dthapa/system3_qwem_omni_8_28/omni_thr_fit/bin/worker.sh: line 79: 263669 Terminated              bash "$THR_ROOT/bin/heartbeat.sh" "$UNIT"
/iopsstor/scratch/cscs/dthapa/system3_qwem_omni_8_28/omni_thr_fit/bin/worker.sh: line 79: 259407 Terminated              bash "$THR_ROOT/bin/heartbeat.sh" "$UNIT"
/iopsstor/scratch/cscs/dthapa/system3_qwem_omni_8_28/omni_thr_fit/bin/worker.sh: line 79: 34198 Terminated              bash "$THR_ROOT/bin/heartbeat.sh" "$UNIT"
/iopsstor/scratch/cscs/dthapa/system3_qwem_omni_8_28/omni_thr_fit/bin/worker.sh: line 79: 263722 Terminated              bash "$THR_ROOT/bin/heartbeat.sh" "$UNIT"
/iopsstor/scratch/cscs/dthapa/system3_qwem_omni_8_28/omni_thr_fit/bin/worker.sh: line 79: 259467 Terminated              bash "$THR_ROOT/bin/heartbeat.sh" "$UNIT"
/iopsstor/scratch/cscs/dthapa/system3_qwem_omni_8_28/omni_thr_fit/bin/worker.sh: line 79: 246880 Terminated              bash "$THR_ROOT/bin/heartbeat.sh" "$UNIT"
/iopsstor/scratch/cscs/dthapa/system3_qwem_omni_8_28/omni_thr_fit/bin/worker.sh: line 79: 34271 Terminated              bash "$THR_ROOT/bin/heartbeat.sh" "$UNIT"
/iopsstor/scratch/cscs/dthapa/system3_qwem_omni_8_28/omni_thr_fit/bin/worker.sh: line 79: 263758 Terminated              bash "$THR_ROOT/bin/heartbeat.sh" "$UNIT"
/iopsstor/scratch/cscs/dthapa/system3_qwem_omni_8_28/omni_thr_fit/bin/worker.sh: line 79: 259524 Terminated              bash "$THR_ROOT/bin/heartbeat.sh" "$UNIT"
/iopsstor/scratch/cscs/dthapa/system3_qwem_omni_8_28/omni_thr_fit/bin/worker.sh: line 79: 246919 Terminated              bash "$THR_ROOT/bin/heartbeat.sh" "$UNIT"
/iopsstor/scratch/cscs/dthapa/system3_qwem_omni_8_28/omni_thr_fit/bin/worker.sh: line 79: 246942 Terminated              bash "$THR_ROOT/bin/heartbeat.sh" "$UNIT"
/iopsstor/scratch/cscs/dthapa/system3_qwem_omni_8_28/omni_thr_fit/bin/worker.sh: line 79: 259553 Terminated              bash "$THR_ROOT/bin/heartbeat.sh" "$UNIT"
/iopsstor/scratch/cscs/dthapa/system3_qwem_omni_8_28/omni_thr_fit/bin/worker.sh: line 79: 34303 Terminated              bash "$THR_ROOT/bin/heartbeat.sh" "$UNIT"
/iopsstor/scratch/cscs/dthapa/system3_qwem_omni_8_28/omni_thr_fit/bin/worker.sh: line 79: 263812 Terminated              bash "$THR_ROOT/bin/heartbeat.sh" "$UNIT"
/iopsstor/scratch/cscs/dthapa/system3_qwem_omni_8_28/omni_thr_fit/bin/worker.sh: line 79: 246989 Terminated              bash "$THR_ROOT/bin/heartbeat.sh" "$UNIT"
/iopsstor/scratch/cscs/dthapa/system3_qwem_omni_8_28/omni_thr_fit/bin/worker.sh: line 79: 34361 Terminated              bash "$THR_ROOT/bin/heartbeat.sh" "$UNIT"
/iopsstor/scratch/cscs/dthapa/system3_qwem_omni_8_28/omni_thr_fit/bin/worker.sh: line 79: 263855 Terminated              bash "$THR_ROOT/bin/heartbeat.sh" "$UNIT"
/iopsstor/scratch/cscs/dthapa/system3_qwem_omni_8_28/omni_thr_fit/bin/worker.sh: line 79: 259617 Terminated              bash "$THR_ROOT/bin/heartbeat.sh" "$UNIT"
/iopsstor/scratch/cscs/dthapa/system3_qwem_omni_8_28/omni_thr_fit/bin/worker.sh: line 79: 34400 Terminated              bash "$THR_ROOT/bin/heartbeat.sh" "$UNIT"
/iopsstor/scratch/cscs/dthapa/system3_qwem_omni_8_28/omni_thr_fit/bin/worker.sh: line 79: 259657 Terminated              bash "$THR_ROOT/bin/heartbeat.sh" "$UNIT"
/iopsstor/scratch/cscs/dthapa/system3_qwem_omni_8_28/omni_thr_fit/bin/worker.sh: line 79: 263896 Terminated              bash "$THR_ROOT/bin/heartbeat.sh" "$UNIT"
/iopsstor/scratch/cscs/dthapa/system3_qwem_omni_8_28/omni_thr_fit/bin/worker.sh: line 79: 247057 Terminated              bash "$THR_ROOT/bin/heartbeat.sh" "$UNIT"
/iopsstor/scratch/cscs/dthapa/system3_qwem_omni_8_28/omni_thr_fit/bin/worker.sh: line 79: 34444 Terminated              bash "$THR_ROOT/bin/heartbeat.sh" "$UNIT"
/iopsstor/scratch/cscs/dthapa/system3_qwem_omni_8_28/omni_thr_fit/bin/worker.sh: line 79: 247096 Terminated              bash "$THR_ROOT/bin/heartbeat.sh" "$UNIT"
/iopsstor/scratch/cscs/dthapa/system3_qwem_omni_8_28/omni_thr_fit/bin/worker.sh: line 79: 259703 Terminated              bash "$THR_ROOT/bin/heartbeat.sh" "$UNIT"
/iopsstor/scratch/cscs/dthapa/system3_qwem_omni_8_28/omni_thr_fit/bin/worker.sh: line 79: 263935 Terminated              bash "$THR_ROOT/bin/heartbeat.sh" "$UNIT"
/iopsstor/scratch/cscs/dthapa/system3_qwem_omni_8_28/omni_thr_fit/bin/worker.sh: line 79: 247113 Terminated              bash "$THR_ROOT/bin/heartbeat.sh" "$UNIT"
/iopsstor/scratch/cscs/dthapa/system3_qwem_omni_8_28/omni_thr_fit/bin/worker.sh: line 79: 259727 Terminated              bash "$THR_ROOT/bin/heartbeat.sh" "$UNIT"
/iopsstor/scratch/cscs/dthapa/system3_qwem_omni_8_28/omni_thr_fit/bin/worker.sh: line 79: 34480 Terminated              bash "$THR_ROOT/bin/heartbeat.sh" "$UNIT"
/iopsstor/scratch/cscs/dthapa/system3_qwem_omni_8_28/omni_thr_fit/bin/worker.sh: line 79: 264007 Terminated              bash "$THR_ROOT/bin/heartbeat.sh" "$UNIT"
/iopsstor/scratch/cscs/dthapa/system3_qwem_omni_8_28/omni_thr_fit/bin/worker.sh: line 79: 247167 Terminated              bash "$THR_ROOT/bin/heartbeat.sh" "$UNIT"
/iopsstor/scratch/cscs/dthapa/system3_qwem_omni_8_28/omni_thr_fit/bin/worker.sh: line 79: 34534 Terminated              bash "$THR_ROOT/bin/heartbeat.sh" "$UNIT"
/iopsstor/scratch/cscs/dthapa/system3_qwem_omni_8_28/omni_thr_fit/bin/worker.sh: line 79: 259794 Terminated              bash "$THR_ROOT/bin/heartbeat.sh" "$UNIT"
/iopsstor/scratch/cscs/dthapa/system3_qwem_omni_8_28/omni_thr_fit/bin/worker.sh: line 79: 264050 Terminated              bash "$THR_ROOT/bin/heartbeat.sh" "$UNIT"
/iopsstor/scratch/cscs/dthapa/system3_qwem_omni_8_28/omni_thr_fit/bin/worker.sh: line 79: 34577 Terminated              bash "$THR_ROOT/bin/heartbeat.sh" "$UNIT"
/iopsstor/scratch/cscs/dthapa/system3_qwem_omni_8_28/omni_thr_fit/bin/worker.sh: line 79: 259843 Terminated              bash "$THR_ROOT/bin/heartbeat.sh" "$UNIT"
/iopsstor/scratch/cscs/dthapa/system3_qwem_omni_8_28/omni_thr_fit/bin/worker.sh: line 79: 247234 Terminated              bash "$THR_ROOT/bin/heartbeat.sh" "$UNIT"
/iopsstor/scratch/cscs/dthapa/system3_qwem_omni_8_28/omni_thr_fit/bin/worker.sh: line 79: 264097 Terminated              bash "$THR_ROOT/bin/heartbeat.sh" "$UNIT"
/iopsstor/scratch/cscs/dthapa/system3_qwem_omni_8_28/omni_thr_fit/bin/worker.sh: line 79: 247292 Terminated              bash "$THR_ROOT/bin/heartbeat.sh" "$UNIT"
/iopsstor/scratch/cscs/dthapa/system3_qwem_omni_8_28/omni_thr_fit/bin/worker.sh: line 79: 259883 Terminated              bash "$THR_ROOT/bin/heartbeat.sh" "$UNIT"
/iopsstor/scratch/cscs/dthapa/system3_qwem_omni_8_28/omni_thr_fit/bin/worker.sh: line 79: 34617 Terminated              bash "$THR_ROOT/bin/heartbeat.sh" "$UNIT"
/iopsstor/scratch/cscs/dthapa/system3_qwem_omni_8_28/omni_thr_fit/bin/worker.sh: line 79: 247321 Terminated              bash "$THR_ROOT/bin/heartbeat.sh" "$UNIT"
/iopsstor/scratch/cscs/dthapa/system3_qwem_omni_8_28/omni_thr_fit/bin/worker.sh: line 79: 259923 Terminated              bash "$THR_ROOT/bin/heartbeat.sh" "$UNIT"
/iopsstor/scratch/cscs/dthapa/system3_qwem_omni_8_28/omni_thr_fit/bin/worker.sh: line 79: 264140 Terminated              bash "$THR_ROOT/bin/heartbeat.sh" "$UNIT"
/iopsstor/scratch/cscs/dthapa/system3_qwem_omni_8_28/omni_thr_fit/bin/worker.sh: line 79: 34674 Terminated              bash "$THR_ROOT/bin/heartbeat.sh" "$UNIT"
/iopsstor/scratch/cscs/dthapa/system3_qwem_omni_8_28/omni_thr_fit/bin/worker.sh: line 79: 264190 Terminated              bash "$THR_ROOT/bin/heartbeat.sh" "$UNIT"
/iopsstor/scratch/cscs/dthapa/system3_qwem_omni_8_28/omni_thr_fit/bin/worker.sh: line 79: 247375 Terminated              bash "$THR_ROOT/bin/heartbeat.sh" "$UNIT"
/iopsstor/scratch/cscs/dthapa/system3_qwem_omni_8_28/omni_thr_fit/bin/worker.sh: line 79: 34726 Terminated              bash "$THR_ROOT/bin/heartbeat.sh" "$UNIT"
/iopsstor/scratch/cscs/dthapa/system3_qwem_omni_8_28/omni_thr_fit/bin/worker.sh: line 79: 259990 Terminated              bash "$THR_ROOT/bin/heartbeat.sh" "$UNIT"
/iopsstor/scratch/cscs/dthapa/system3_qwem_omni_8_28/omni_thr_fit/bin/worker.sh: line 79: 264228 Terminated              bash "$THR_ROOT/bin/heartbeat.sh" "$UNIT"
/iopsstor/scratch/cscs/dthapa/system3_qwem_omni_8_28/omni_thr_fit/bin/worker.sh: line 79: 34769 Terminated              bash "$THR_ROOT/bin/heartbeat.sh" "$UNIT"
/iopsstor/scratch/cscs/dthapa/system3_qwem_omni_8_28/omni_thr_fit/bin/worker.sh: line 79: 247445 Terminated              bash "$THR_ROOT/bin/heartbeat.sh" "$UNIT"
/iopsstor/scratch/cscs/dthapa/system3_qwem_omni_8_28/omni_thr_fit/bin/worker.sh: line 79: 260036 Terminated              bash "$THR_ROOT/bin/heartbeat.sh" "$UNIT"
/iopsstor/scratch/cscs/dthapa/system3_qwem_omni_8_28/omni_thr_fit/bin/worker.sh: line 79: 247469 Terminated              bash "$THR_ROOT/bin/heartbeat.sh" "$UNIT"
/iopsstor/scratch/cscs/dthapa/system3_qwem_omni_8_28/omni_thr_fit/bin/worker.sh: line 79: 260077 Terminated              bash "$THR_ROOT/bin/heartbeat.sh" "$UNIT"
/iopsstor/scratch/cscs/dthapa/system3_qwem_omni_8_28/omni_thr_fit/bin/worker.sh: line 79: 264277 Terminated              bash "$THR_ROOT/bin/heartbeat.sh" "$UNIT"
/iopsstor/scratch/cscs/dthapa/system3_qwem_omni_8_28/omni_thr_fit/bin/worker.sh: line 79: 34818 Terminated              bash "$THR_ROOT/bin/heartbeat.sh" "$UNIT"
/iopsstor/scratch/cscs/dthapa/system3_qwem_omni_8_28/omni_thr_fit/bin/worker.sh: line 79: 247502 Terminated              bash "$THR_ROOT/bin/heartbeat.sh" "$UNIT"
/iopsstor/scratch/cscs/dthapa/system3_qwem_omni_8_28/omni_thr_fit/bin/worker.sh: line 79: 34842 Terminated              bash "$THR_ROOT/bin/heartbeat.sh" "$UNIT"
/iopsstor/scratch/cscs/dthapa/system3_qwem_omni_8_28/omni_thr_fit/bin/worker.sh: line 79: 260099 Terminated              bash "$THR_ROOT/bin/heartbeat.sh" "$UNIT"
/iopsstor/scratch/cscs/dthapa/system3_qwem_omni_8_28/omni_thr_fit/bin/worker.sh: line 79: 264319 Terminated              bash "$THR_ROOT/bin/heartbeat.sh" "$UNIT"
/iopsstor/scratch/cscs/dthapa/system3_qwem_omni_8_28/omni_thr_fit/bin/worker.sh: line 79: 247556 Terminated              bash "$THR_ROOT/bin/heartbeat.sh" "$UNIT"
/iopsstor/scratch/cscs/dthapa/system3_qwem_omni_8_28/omni_thr_fit/bin/worker.sh: line 79: 264365 Terminated              bash "$THR_ROOT/bin/heartbeat.sh" "$UNIT"
/iopsstor/scratch/cscs/dthapa/system3_qwem_omni_8_28/omni_thr_fit/bin/worker.sh: line 79: 260171 Terminated              bash "$THR_ROOT/bin/heartbeat.sh" "$UNIT"
/iopsstor/scratch/cscs/dthapa/system3_qwem_omni_8_28/omni_thr_fit/bin/worker.sh: line 79: 34904 Terminated              bash "$THR_ROOT/bin/heartbeat.sh" "$UNIT"
/iopsstor/scratch/cscs/dthapa/system3_qwem_omni_8_28/omni_thr_fit/bin/worker.sh: line 79: 264426 Terminated              bash "$THR_ROOT/bin/heartbeat.sh" "$UNIT"
/iopsstor/scratch/cscs/dthapa/system3_qwem_omni_8_28/omni_thr_fit/bin/worker.sh: line 79: 260216 Terminated              bash "$THR_ROOT/bin/heartbeat.sh" "$UNIT"
/iopsstor/scratch/cscs/dthapa/system3_qwem_omni_8_28/omni_thr_fit/bin/worker.sh: line 79: 34950 Terminated              bash "$THR_ROOT/bin/heartbeat.sh" "$UNIT"
/iopsstor/scratch/cscs/dthapa/system3_qwem_omni_8_28/omni_thr_fit/bin/worker.sh: line 79: 247644 Terminated              bash "$THR_ROOT/bin/heartbeat.sh" "$UNIT"
/iopsstor/scratch/cscs/dthapa/system3_qwem_omni_8_28/omni_thr_fit/bin/worker.sh: line 79: 247623 Terminated              bash "$THR_ROOT/bin/heartbeat.sh" "$UNIT"
/iopsstor/scratch/cscs/dthapa/system3_qwem_omni_8_28/omni_thr_fit/bin/worker.sh: line 79: 247673 Terminated              bash "$THR_ROOT/bin/heartbeat.sh" "$UNIT"
/iopsstor/scratch/cscs/dthapa/system3_qwem_omni_8_28/omni_thr_fit/bin/worker.sh: line 79: 34994 Terminated              bash "$THR_ROOT/bin/heartbeat.sh" "$UNIT"
/iopsstor/scratch/cscs/dthapa/system3_qwem_omni_8_28/omni_thr_fit/bin/worker.sh: line 79: 264475 Terminated              bash "$THR_ROOT/bin/heartbeat.sh" "$UNIT"
/iopsstor/scratch/cscs/dthapa/system3_qwem_omni_8_28/omni_thr_fit/bin/worker.sh: line 79: 260241 Terminated              bash "$THR_ROOT/bin/heartbeat.sh" "$UNIT"
/iopsstor/scratch/cscs/dthapa/system3_qwem_omni_8_28/omni_thr_fit/bin/worker.sh: line 79: 260281 Terminated              bash "$THR_ROOT/bin/heartbeat.sh" "$UNIT"
/iopsstor/scratch/cscs/dthapa/system3_qwem_omni_8_28/omni_thr_fit/bin/worker.sh: line 79: 35016 Terminated              bash "$THR_ROOT/bin/heartbeat.sh" "$UNIT"
/iopsstor/scratch/cscs/dthapa/system3_qwem_omni_8_28/omni_thr_fit/bin/worker.sh: line 79: 264517 Terminated              bash "$THR_ROOT/bin/heartbeat.sh" "$UNIT"
/iopsstor/scratch/cscs/dthapa/system3_qwem_omni_8_28/omni_thr_fit/bin/worker.sh: line 79: 247746 Terminated              bash "$THR_ROOT/bin/heartbeat.sh" "$UNIT"
/iopsstor/scratch/cscs/dthapa/system3_qwem_omni_8_28/omni_thr_fit/bin/worker.sh: line 79: 264563 Terminated              bash "$THR_ROOT/bin/heartbeat.sh" "$UNIT"
/iopsstor/scratch/cscs/dthapa/system3_qwem_omni_8_28/omni_thr_fit/bin/worker.sh: line 79: 260369 Terminated              bash "$THR_ROOT/bin/heartbeat.sh" "$UNIT"
/iopsstor/scratch/cscs/dthapa/system3_qwem_omni_8_28/omni_thr_fit/bin/worker.sh: line 79: 35119 Terminated              bash "$THR_ROOT/bin/heartbeat.sh" "$UNIT"
/iopsstor/scratch/cscs/dthapa/system3_qwem_omni_8_28/omni_thr_fit/bin/worker.sh: line 79: 264613 Terminated              bash "$THR_ROOT/bin/heartbeat.sh" "$UNIT"
/iopsstor/scratch/cscs/dthapa/system3_qwem_omni_8_28/omni_thr_fit/bin/worker.sh: line 79: 260417 Terminated              bash "$THR_ROOT/bin/heartbeat.sh" "$UNIT"
/iopsstor/scratch/cscs/dthapa/system3_qwem_omni_8_28/omni_thr_fit/bin/worker.sh: line 79: 247822 Terminated              bash "$THR_ROOT/bin/heartbeat.sh" "$UNIT"
/iopsstor/scratch/cscs/dthapa/system3_qwem_omni_8_28/omni_thr_fit/bin/worker.sh: line 79: 35162 Terminated              bash "$THR_ROOT/bin/heartbeat.sh" "$UNIT"
/iopsstor/scratch/cscs/dthapa/system3_qwem_omni_8_28/omni_thr_fit/bin/worker.sh: line 79: 35186 Terminated              bash "$THR_ROOT/bin/heartbeat.sh" "$UNIT"
/iopsstor/scratch/cscs/dthapa/system3_qwem_omni_8_28/omni_thr_fit/bin/worker.sh: line 79: 247842 Terminated              bash "$THR_ROOT/bin/heartbeat.sh" "$UNIT"
/iopsstor/scratch/cscs/dthapa/system3_qwem_omni_8_28/omni_thr_fit/bin/worker.sh: line 79: 264656 Terminated              bash "$THR_ROOT/bin/heartbeat.sh" "$UNIT"
/iopsstor/scratch/cscs/dthapa/system3_qwem_omni_8_28/omni_thr_fit/bin/worker.sh: line 79: 247859 Terminated              bash "$THR_ROOT/bin/heartbeat.sh" "$UNIT"
/iopsstor/scratch/cscs/dthapa/system3_qwem_omni_8_28/omni_thr_fit/bin/worker.sh: line 79: 260449 Terminated              bash "$THR_ROOT/bin/heartbeat.sh" "$UNIT"
/iopsstor/scratch/cscs/dthapa/system3_qwem_omni_8_28/omni_thr_fit/bin/worker.sh: line 79: 264683 Terminated              bash "$THR_ROOT/bin/heartbeat.sh" "$UNIT"
/iopsstor/scratch/cscs/dthapa/system3_qwem_omni_8_28/omni_thr_fit/bin/worker.sh: line 79: 35216 Terminated              bash "$THR_ROOT/bin/heartbeat.sh" "$UNIT"
/iopsstor/scratch/cscs/dthapa/system3_qwem_omni_8_28/omni_thr_fit/bin/worker.sh: line 79: 260472 Terminated              bash "$THR_ROOT/bin/heartbeat.sh" "$UNIT"
/iopsstor/scratch/cscs/dthapa/system3_qwem_omni_8_28/omni_thr_fit/bin/worker.sh: line 79: 247919 Terminated              bash "$THR_ROOT/bin/heartbeat.sh" "$UNIT"
/iopsstor/scratch/cscs/dthapa/system3_qwem_omni_8_28/omni_thr_fit/bin/worker.sh: line 79: 264743 Terminated              bash "$THR_ROOT/bin/heartbeat.sh" "$UNIT"
/iopsstor/scratch/cscs/dthapa/system3_qwem_omni_8_28/omni_thr_fit/bin/worker.sh: line 79: 35292 Terminated              bash "$THR_ROOT/bin/heartbeat.sh" "$UNIT"
/iopsstor/scratch/cscs/dthapa/system3_qwem_omni_8_28/omni_thr_fit/bin/worker.sh: line 79: 260543 Terminated              bash "$THR_ROOT/bin/heartbeat.sh" "$UNIT"
/iopsstor/scratch/cscs/dthapa/system3_qwem_omni_8_28/omni_thr_fit/bin/worker.sh: line 79: 264789 Terminated              bash "$THR_ROOT/bin/heartbeat.sh" "$UNIT"
/iopsstor/scratch/cscs/dthapa/system3_qwem_omni_8_28/omni_thr_fit/bin/worker.sh: line 79: 247997 Terminated              bash "$THR_ROOT/bin/heartbeat.sh" "$UNIT"
/iopsstor/scratch/cscs/dthapa/system3_qwem_omni_8_28/omni_thr_fit/bin/worker.sh: line 79: 35333 Terminated              bash "$THR_ROOT/bin/heartbeat.sh" "$UNIT"
/iopsstor/scratch/cscs/dthapa/system3_qwem_omni_8_28/omni_thr_fit/bin/worker.sh: line 79: 260589 Terminated              bash "$THR_ROOT/bin/heartbeat.sh" "$UNIT"
/iopsstor/scratch/cscs/dthapa/system3_qwem_omni_8_28/omni_thr_fit/bin/worker.sh: line 79: 35361 Terminated              bash "$THR_ROOT/bin/heartbeat.sh" "$UNIT"
/iopsstor/scratch/cscs/dthapa/system3_qwem_omni_8_28/omni_thr_fit/bin/worker.sh: line 79: 248026 Terminated              bash "$THR_ROOT/bin/heartbeat.sh" "$UNIT"
/iopsstor/scratch/cscs/dthapa/system3_qwem_omni_8_28/omni_thr_fit/bin/worker.sh: line 79: 264860 Terminated              bash "$THR_ROOT/bin/heartbeat.sh" "$UNIT"
/iopsstor/scratch/cscs/dthapa/system3_qwem_omni_8_28/omni_thr_fit/bin/worker.sh: line 79: 260628 Terminated              bash "$THR_ROOT/bin/heartbeat.sh" "$UNIT"
/iopsstor/scratch/cscs/dthapa/system3_qwem_omni_8_28/omni_thr_fit/bin/worker.sh: line 79: 248055 Terminated              bash "$THR_ROOT/bin/heartbeat.sh" "$UNIT"
/iopsstor/scratch/cscs/dthapa/system3_qwem_omni_8_28/omni_thr_fit/bin/worker.sh: line 79: 35389 Terminated              bash "$THR_ROOT/bin/heartbeat.sh" "$UNIT"
/iopsstor/scratch/cscs/dthapa/system3_qwem_omni_8_28/omni_thr_fit/bin/worker.sh: line 79: 264877 Terminated              bash "$THR_ROOT/bin/heartbeat.sh" "$UNIT"
/iopsstor/scratch/cscs/dthapa/system3_qwem_omni_8_28/omni_thr_fit/bin/worker.sh: line 79: 260655 Terminated              bash "$THR_ROOT/bin/heartbeat.sh" "$UNIT"
/iopsstor/scratch/cscs/dthapa/system3_qwem_omni_8_28/omni_thr_fit/bin/worker.sh: line 79: 248100 Terminated              bash "$THR_ROOT/bin/heartbeat.sh" "$UNIT"
/iopsstor/scratch/cscs/dthapa/system3_qwem_omni_8_28/omni_thr_fit/bin/worker.sh: line 79: 264947 Terminated              bash "$THR_ROOT/bin/heartbeat.sh" "$UNIT"
/iopsstor/scratch/cscs/dthapa/system3_qwem_omni_8_28/omni_thr_fit/bin/worker.sh: line 79: 35460 Terminated              bash "$THR_ROOT/bin/heartbeat.sh" "$UNIT"
/iopsstor/scratch/cscs/dthapa/system3_qwem_omni_8_28/omni_thr_fit/bin/worker.sh: line 79: 260730 Terminated              bash "$THR_ROOT/bin/heartbeat.sh" "$UNIT"
/iopsstor/scratch/cscs/dthapa/system3_qwem_omni_8_28/omni_thr_fit/bin/worker.sh: line 79: 264991 Terminated              bash "$THR_ROOT/bin/heartbeat.sh" "$UNIT"
/iopsstor/scratch/cscs/dthapa/system3_qwem_omni_8_28/omni_thr_fit/bin/worker.sh: line 79: 248166 Terminated              bash "$THR_ROOT/bin/heartbeat.sh" "$UNIT"
/iopsstor/scratch/cscs/dthapa/system3_qwem_omni_8_28/omni_thr_fit/bin/worker.sh: line 79: 35506 Terminated              bash "$THR_ROOT/bin/heartbeat.sh" "$UNIT"
/iopsstor/scratch/cscs/dthapa/system3_qwem_omni_8_28/omni_thr_fit/bin/worker.sh: line 79: 260793 Terminated              bash "$THR_ROOT/bin/heartbeat.sh" "$UNIT"
/iopsstor/scratch/cscs/dthapa/system3_qwem_omni_8_28/omni_thr_fit/bin/worker.sh: line 79: 35534 Terminated              bash "$THR_ROOT/bin/heartbeat.sh" "$UNIT"
/iopsstor/scratch/cscs/dthapa/system3_qwem_omni_8_28/omni_thr_fit/bin/worker.sh: line 79: 260817 Terminated              bash "$THR_ROOT/bin/heartbeat.sh" "$UNIT"
/iopsstor/scratch/cscs/dthapa/system3_qwem_omni_8_28/omni_thr_fit/bin/worker.sh: line 79: 265042 Terminated              bash "$THR_ROOT/bin/heartbeat.sh" "$UNIT"
/iopsstor/scratch/cscs/dthapa/system3_qwem_omni_8_28/omni_thr_fit/bin/worker.sh: line 79: 248226 Terminated              bash "$THR_ROOT/bin/heartbeat.sh" "$UNIT"
/iopsstor/scratch/cscs/dthapa/system3_qwem_omni_8_28/omni_thr_fit/bin/worker.sh: line 79: 265059 Terminated              bash "$THR_ROOT/bin/heartbeat.sh" "$UNIT"
/iopsstor/scratch/cscs/dthapa/system3_qwem_omni_8_28/omni_thr_fit/bin/worker.sh: line 79: 35564 Terminated              bash "$THR_ROOT/bin/heartbeat.sh" "$UNIT"
/iopsstor/scratch/cscs/dthapa/system3_qwem_omni_8_28/omni_thr_fit/bin/worker.sh: line 79: 248249 Terminated              bash "$THR_ROOT/bin/heartbeat.sh" "$UNIT"
/iopsstor/scratch/cscs/dthapa/system3_qwem_omni_8_28/omni_thr_fit/bin/worker.sh: line 79: 260851 Terminated              bash "$THR_ROOT/bin/heartbeat.sh" "$UNIT"
/iopsstor/scratch/cscs/dthapa/system3_qwem_omni_8_28/omni_thr_fit/bin/worker.sh: line 79: 248295 Terminated              bash "$THR_ROOT/bin/heartbeat.sh" "$UNIT"
/iopsstor/scratch/cscs/dthapa/system3_qwem_omni_8_28/omni_thr_fit/bin/worker.sh: line 79: 265122 Terminated              bash "$THR_ROOT/bin/heartbeat.sh" "$UNIT"
/iopsstor/scratch/cscs/dthapa/system3_qwem_omni_8_28/omni_thr_fit/bin/worker.sh: line 79: 35658 Terminated              bash "$THR_ROOT/bin/heartbeat.sh" "$UNIT"
/iopsstor/scratch/cscs/dthapa/system3_qwem_omni_8_28/omni_thr_fit/bin/worker.sh: line 79: 248350 Terminated              bash "$THR_ROOT/bin/heartbeat.sh" "$UNIT"
/iopsstor/scratch/cscs/dthapa/system3_qwem_omni_8_28/omni_thr_fit/bin/worker.sh: line 79: 265170 Terminated              bash "$THR_ROOT/bin/heartbeat.sh" "$UNIT"
/iopsstor/scratch/cscs/dthapa/system3_qwem_omni_8_28/omni_thr_fit/bin/worker.sh: line 79: 260929 Terminated              bash "$THR_ROOT/bin/heartbeat.sh" "$UNIT"
/iopsstor/scratch/cscs/dthapa/system3_qwem_omni_8_28/omni_thr_fit/bin/worker.sh: line 79: 35698 Terminated              bash "$THR_ROOT/bin/heartbeat.sh" "$UNIT"
/iopsstor/scratch/cscs/dthapa/system3_qwem_omni_8_28/omni_thr_fit/bin/worker.sh: line 79: 260972 Terminated              bash "$THR_ROOT/bin/heartbeat.sh" "$UNIT"
/iopsstor/scratch/cscs/dthapa/system3_qwem_omni_8_28/omni_thr_fit/bin/worker.sh: line 79: 35727 Terminated              bash "$THR_ROOT/bin/heartbeat.sh" "$UNIT"
/iopsstor/scratch/cscs/dthapa/system3_qwem_omni_8_28/omni_thr_fit/bin/worker.sh: line 79: 260994 Terminated              bash "$THR_ROOT/bin/heartbeat.sh" "$UNIT"
/iopsstor/scratch/cscs/dthapa/system3_qwem_omni_8_28/omni_thr_fit/bin/worker.sh: line 79: 265217 Terminated              bash "$THR_ROOT/bin/heartbeat.sh" "$UNIT"
/iopsstor/scratch/cscs/dthapa/system3_qwem_omni_8_28/omni_thr_fit/bin/worker.sh: line 79: 265238 Terminated              bash "$THR_ROOT/bin/heartbeat.sh" "$UNIT"
/iopsstor/scratch/cscs/dthapa/system3_qwem_omni_8_28/omni_thr_fit/bin/worker.sh: line 79: 248416 Terminated              bash "$THR_ROOT/bin/heartbeat.sh" "$UNIT"
/iopsstor/scratch/cscs/dthapa/system3_qwem_omni_8_28/omni_thr_fit/bin/worker.sh: line 79: 35754 Terminated              bash "$THR_ROOT/bin/heartbeat.sh" "$UNIT"
/iopsstor/scratch/cscs/dthapa/system3_qwem_omni_8_28/omni_thr_fit/bin/worker.sh: line 79: 248432 Terminated              bash "$THR_ROOT/bin/heartbeat.sh" "$UNIT"
/iopsstor/scratch/cscs/dthapa/system3_qwem_omni_8_28/omni_thr_fit/bin/worker.sh: line 79: 261035 Terminated              bash "$THR_ROOT/bin/heartbeat.sh" "$UNIT"
/iopsstor/scratch/cscs/dthapa/system3_qwem_omni_8_28/omni_thr_fit/bin/worker.sh: line 79: 248482 Terminated              bash "$THR_ROOT/bin/heartbeat.sh" "$UNIT"
/iopsstor/scratch/cscs/dthapa/system3_qwem_omni_8_28/omni_thr_fit/bin/worker.sh: line 79: 265319 Terminated              bash "$THR_ROOT/bin/heartbeat.sh" "$UNIT"
/iopsstor/scratch/cscs/dthapa/system3_qwem_omni_8_28/omni_thr_fit/bin/worker.sh: line 79: 35825 Terminated              bash "$THR_ROOT/bin/heartbeat.sh" "$UNIT"
/iopsstor/scratch/cscs/dthapa/system3_qwem_omni_8_28/omni_thr_fit/bin/worker.sh: line 79: 248525 Terminated              bash "$THR_ROOT/bin/heartbeat.sh" "$UNIT"
/iopsstor/scratch/cscs/dthapa/system3_qwem_omni_8_28/omni_thr_fit/bin/worker.sh: line 79: 265365 Terminated              bash "$THR_ROOT/bin/heartbeat.sh" "$UNIT"
/iopsstor/scratch/cscs/dthapa/system3_qwem_omni_8_28/omni_thr_fit/bin/worker.sh: line 79: 261106 Terminated              bash "$THR_ROOT/bin/heartbeat.sh" "$UNIT"
/iopsstor/scratch/cscs/dthapa/system3_qwem_omni_8_28/omni_thr_fit/bin/worker.sh: line 79: 35889 Terminated              bash "$THR_ROOT/bin/heartbeat.sh" "$UNIT"
/iopsstor/scratch/cscs/dthapa/system3_qwem_omni_8_28/omni_thr_fit/bin/worker.sh: line 79: 261139 Terminated              bash "$THR_ROOT/bin/heartbeat.sh" "$UNIT"
/iopsstor/scratch/cscs/dthapa/system3_qwem_omni_8_28/omni_thr_fit/bin/worker.sh: line 79: 35917 Terminated              bash "$THR_ROOT/bin/heartbeat.sh" "$UNIT"
/iopsstor/scratch/cscs/dthapa/system3_qwem_omni_8_28/omni_thr_fit/bin/worker.sh: line 79: 261169 Terminated              bash "$THR_ROOT/bin/heartbeat.sh" "$UNIT"
/iopsstor/scratch/cscs/dthapa/system3_qwem_omni_8_28/omni_thr_fit/bin/worker.sh: line 79: 265410 Terminated              bash "$THR_ROOT/bin/heartbeat.sh" "$UNIT"
/iopsstor/scratch/cscs/dthapa/system3_qwem_omni_8_28/omni_thr_fit/bin/worker.sh: line 79: 265431 Terminated              bash "$THR_ROOT/bin/heartbeat.sh" "$UNIT"
/iopsstor/scratch/cscs/dthapa/system3_qwem_omni_8_28/omni_thr_fit/bin/worker.sh: line 79: 248594 Terminated              bash "$THR_ROOT/bin/heartbeat.sh" "$UNIT"
/iopsstor/scratch/cscs/dthapa/system3_qwem_omni_8_28/omni_thr_fit/bin/worker.sh: line 79: 35953 Terminated              bash "$THR_ROOT/bin/heartbeat.sh" "$UNIT"
/iopsstor/scratch/cscs/dthapa/system3_qwem_omni_8_28/omni_thr_fit/bin/worker.sh: line 79: 248617 Terminated              bash "$THR_ROOT/bin/heartbeat.sh" "$UNIT"
/iopsstor/scratch/cscs/dthapa/system3_qwem_omni_8_28/omni_thr_fit/bin/worker.sh: line 79: 261214 Terminated              bash "$THR_ROOT/bin/heartbeat.sh" "$UNIT"
/iopsstor/scratch/cscs/dthapa/system3_qwem_omni_8_28/omni_thr_fit/bin/worker.sh: line 79: 265485 Terminated              bash "$THR_ROOT/bin/heartbeat.sh" "$UNIT"
/iopsstor/scratch/cscs/dthapa/system3_qwem_omni_8_28/omni_thr_fit/bin/worker.sh: line 79: 248687 Terminated              bash "$THR_ROOT/bin/heartbeat.sh" "$UNIT"
/iopsstor/scratch/cscs/dthapa/system3_qwem_omni_8_28/omni_thr_fit/bin/worker.sh: line 79: 248726 Terminated              bash "$THR_ROOT/bin/heartbeat.sh" "$UNIT"
/iopsstor/scratch/cscs/dthapa/system3_qwem_omni_8_28/omni_thr_fit/bin/worker.sh: line 79: 265540 Terminated              bash "$THR_ROOT/bin/heartbeat.sh" "$UNIT"
/iopsstor/scratch/cscs/dthapa/system3_qwem_omni_8_28/omni_thr_fit/bin/worker.sh: line 79: 36042 Terminated              bash "$THR_ROOT/bin/heartbeat.sh" "$UNIT"
/iopsstor/scratch/cscs/dthapa/system3_qwem_omni_8_28/omni_thr_fit/bin/worker.sh: line 79: 261301 Terminated              bash "$THR_ROOT/bin/heartbeat.sh" "$UNIT"
/iopsstor/scratch/cscs/dthapa/system3_qwem_omni_8_28/omni_thr_fit/bin/worker.sh: line 79: 36083 Terminated              bash "$THR_ROOT/bin/heartbeat.sh" "$UNIT"
/iopsstor/scratch/cscs/dthapa/system3_qwem_omni_8_28/omni_thr_fit/bin/worker.sh: line 79: 261334 Terminated              bash "$THR_ROOT/bin/heartbeat.sh" "$UNIT"
/iopsstor/scratch/cscs/dthapa/system3_qwem_omni_8_28/omni_thr_fit/bin/worker.sh: line 79: 261364 Terminated              bash "$THR_ROOT/bin/heartbeat.sh" "$UNIT"
/iopsstor/scratch/cscs/dthapa/system3_qwem_omni_8_28/omni_thr_fit/bin/worker.sh: line 79: 36109 Terminated              bash "$THR_ROOT/bin/heartbeat.sh" "$UNIT"
/iopsstor/scratch/cscs/dthapa/system3_qwem_omni_8_28/omni_thr_fit/bin/worker.sh: line 79: 265586 Terminated              bash "$THR_ROOT/bin/heartbeat.sh" "$UNIT"
/iopsstor/scratch/cscs/dthapa/system3_qwem_omni_8_28/omni_thr_fit/bin/worker.sh: line 79: 265607 Terminated              bash "$THR_ROOT/bin/heartbeat.sh" "$UNIT"
/iopsstor/scratch/cscs/dthapa/system3_qwem_omni_8_28/omni_thr_fit/bin/worker.sh: line 79: 248791 Terminated              bash "$THR_ROOT/bin/heartbeat.sh" "$UNIT"
/iopsstor/scratch/cscs/dthapa/system3_qwem_omni_8_28/omni_thr_fit/bin/worker.sh: line 79: 248821 Terminated              bash "$THR_ROOT/bin/heartbeat.sh" "$UNIT"
/iopsstor/scratch/cscs/dthapa/system3_qwem_omni_8_28/omni_thr_fit/bin/worker.sh: line 79: 36149 Terminated              bash "$THR_ROOT/bin/heartbeat.sh" "$UNIT"
/iopsstor/scratch/cscs/dthapa/system3_qwem_omni_8_28/omni_thr_fit/bin/worker.sh: line 79: 261409 Terminated              bash "$THR_ROOT/bin/heartbeat.sh" "$UNIT"
/iopsstor/scratch/cscs/dthapa/system3_qwem_omni_8_28/omni_thr_fit/bin/worker.sh: line 79: 265658 Terminated              bash "$THR_ROOT/bin/heartbeat.sh" "$UNIT"
/iopsstor/scratch/cscs/dthapa/system3_qwem_omni_8_28/omni_thr_fit/bin/worker.sh: line 79: 248864 Terminated              bash "$THR_ROOT/bin/heartbeat.sh" "$UNIT"
/iopsstor/scratch/cscs/dthapa/system3_qwem_omni_8_28/omni_thr_fit/bin/worker.sh: line 79: 248903 Terminated              bash "$THR_ROOT/bin/heartbeat.sh" "$UNIT"
/iopsstor/scratch/cscs/dthapa/system3_qwem_omni_8_28/omni_thr_fit/bin/worker.sh: line 79: 265724 Terminated              bash "$THR_ROOT/bin/heartbeat.sh" "$UNIT"
/iopsstor/scratch/cscs/dthapa/system3_qwem_omni_8_28/omni_thr_fit/bin/worker.sh: line 79: 36223 Terminated              bash "$THR_ROOT/bin/heartbeat.sh" "$UNIT"
/iopsstor/scratch/cscs/dthapa/system3_qwem_omni_8_28/omni_thr_fit/bin/worker.sh: line 79: 261482 Terminated              bash "$THR_ROOT/bin/heartbeat.sh" "$UNIT"
/iopsstor/scratch/cscs/dthapa/system3_qwem_omni_8_28/omni_thr_fit/bin/worker.sh: line 79: 36251 Terminated              bash "$THR_ROOT/bin/heartbeat.sh" "$UNIT"
/iopsstor/scratch/cscs/dthapa/system3_qwem_omni_8_28/omni_thr_fit/bin/worker.sh: line 79: 261506 Terminated              bash "$THR_ROOT/bin/heartbeat.sh" "$UNIT"
/iopsstor/scratch/cscs/dthapa/system3_qwem_omni_8_28/omni_thr_fit/bin/worker.sh: line 79: 261534 Terminated              bash "$THR_ROOT/bin/heartbeat.sh" "$UNIT"
/iopsstor/scratch/cscs/dthapa/system3_qwem_omni_8_28/omni_thr_fit/bin/worker.sh: line 79: 265786 Terminated              bash "$THR_ROOT/bin/heartbeat.sh" "$UNIT"
/iopsstor/scratch/cscs/dthapa/system3_qwem_omni_8_28/omni_thr_fit/bin/worker.sh: line 79: 248963 Terminated              bash "$THR_ROOT/bin/heartbeat.sh" "$UNIT"
/iopsstor/scratch/cscs/dthapa/system3_qwem_omni_8_28/omni_thr_fit/bin/worker.sh: line 79: 36286 Terminated              bash "$THR_ROOT/bin/heartbeat.sh" "$UNIT"
/iopsstor/scratch/cscs/dthapa/system3_qwem_omni_8_28/omni_thr_fit/bin/worker.sh: line 79: 265808 Terminated              bash "$THR_ROOT/bin/heartbeat.sh" "$UNIT"
/iopsstor/scratch/cscs/dthapa/system3_qwem_omni_8_28/omni_thr_fit/bin/worker.sh: line 79: 36326 Terminated              bash "$THR_ROOT/bin/heartbeat.sh" "$UNIT"
/iopsstor/scratch/cscs/dthapa/system3_qwem_omni_8_28/omni_thr_fit/bin/worker.sh: line 79: 249003 Terminated              bash "$THR_ROOT/bin/heartbeat.sh" "$UNIT"
/iopsstor/scratch/cscs/dthapa/system3_qwem_omni_8_28/omni_thr_fit/bin/worker.sh: line 79: 261586 Terminated              bash "$THR_ROOT/bin/heartbeat.sh" "$UNIT"
/iopsstor/scratch/cscs/dthapa/system3_qwem_omni_8_28/omni_thr_fit/bin/worker.sh: line 79: 265858 Terminated              bash "$THR_ROOT/bin/heartbeat.sh" "$UNIT"
/iopsstor/scratch/cscs/dthapa/system3_qwem_omni_8_28/omni_thr_fit/bin/worker.sh: line 79: 249058 Terminated              bash "$THR_ROOT/bin/heartbeat.sh" "$UNIT"
/iopsstor/scratch/cscs/dthapa/system3_qwem_omni_8_28/omni_thr_fit/bin/worker.sh: line 79: 249096 Terminated              bash "$THR_ROOT/bin/heartbeat.sh" "$UNIT"
/iopsstor/scratch/cscs/dthapa/system3_qwem_omni_8_28/omni_thr_fit/bin/worker.sh: line 79: 36403 Terminated              bash "$THR_ROOT/bin/heartbeat.sh" "$UNIT"
/iopsstor/scratch/cscs/dthapa/system3_qwem_omni_8_28/omni_thr_fit/bin/worker.sh: line 79: 265925 Terminated              bash "$THR_ROOT/bin/heartbeat.sh" "$UNIT"
/iopsstor/scratch/cscs/dthapa/system3_qwem_omni_8_28/omni_thr_fit/bin/worker.sh: line 79: 261661 Terminated              bash "$THR_ROOT/bin/heartbeat.sh" "$UNIT"
/iopsstor/scratch/cscs/dthapa/system3_qwem_omni_8_28/omni_thr_fit/bin/worker.sh: line 79: 36423 Terminated              bash "$THR_ROOT/bin/heartbeat.sh" "$UNIT"
/iopsstor/scratch/cscs/dthapa/system3_qwem_omni_8_28/omni_thr_fit/bin/worker.sh: line 79: 261706 Terminated              bash "$THR_ROOT/bin/heartbeat.sh" "$UNIT"
/iopsstor/scratch/cscs/dthapa/system3_qwem_omni_8_28/omni_thr_fit/bin/worker.sh: line 79: 261733 Terminated              bash "$THR_ROOT/bin/heartbeat.sh" "$UNIT"
/iopsstor/scratch/cscs/dthapa/system3_qwem_omni_8_28/omni_thr_fit/bin/worker.sh: line 79: 265960 Terminated              bash "$THR_ROOT/bin/heartbeat.sh" "$UNIT"
/iopsstor/scratch/cscs/dthapa/system3_qwem_omni_8_28/omni_thr_fit/bin/worker.sh: line 79: 249171 Terminated              bash "$THR_ROOT/bin/heartbeat.sh" "$UNIT"
/iopsstor/scratch/cscs/dthapa/system3_qwem_omni_8_28/omni_thr_fit/bin/worker.sh: line 79: 265987 Terminated              bash "$THR_ROOT/bin/heartbeat.sh" "$UNIT"
/iopsstor/scratch/cscs/dthapa/system3_qwem_omni_8_28/omni_thr_fit/bin/worker.sh: line 79: 36488 Terminated              bash "$THR_ROOT/bin/heartbeat.sh" "$UNIT"
/iopsstor/scratch/cscs/dthapa/system3_qwem_omni_8_28/omni_thr_fit/bin/worker.sh: line 79: 36517 Terminated              bash "$THR_ROOT/bin/heartbeat.sh" "$UNIT"
/iopsstor/scratch/cscs/dthapa/system3_qwem_omni_8_28/omni_thr_fit/bin/worker.sh: line 79: 249211 Terminated              bash "$THR_ROOT/bin/heartbeat.sh" "$UNIT"
/iopsstor/scratch/cscs/dthapa/system3_qwem_omni_8_28/omni_thr_fit/bin/worker.sh: line 79: 261783 Terminated              bash "$THR_ROOT/bin/heartbeat.sh" "$UNIT"
/iopsstor/scratch/cscs/dthapa/system3_qwem_omni_8_28/omni_thr_fit/bin/worker.sh: line 79: 266034 Terminated              bash "$THR_ROOT/bin/heartbeat.sh" "$UNIT"
/iopsstor/scratch/cscs/dthapa/system3_qwem_omni_8_28/omni_thr_fit/bin/worker.sh: line 79: 249256 Terminated              bash "$THR_ROOT/bin/heartbeat.sh" "$UNIT"
/iopsstor/scratch/cscs/dthapa/system3_qwem_omni_8_28/omni_thr_fit/bin/worker.sh: line 79: 249294 Terminated              bash "$THR_ROOT/bin/heartbeat.sh" "$UNIT"
/iopsstor/scratch/cscs/dthapa/system3_qwem_omni_8_28/omni_thr_fit/bin/worker.sh: line 79: 36592 Terminated              bash "$THR_ROOT/bin/heartbeat.sh" "$UNIT"
/iopsstor/scratch/cscs/dthapa/system3_qwem_omni_8_28/omni_thr_fit/bin/worker.sh: line 79: 261860 Terminated              bash "$THR_ROOT/bin/heartbeat.sh" "$UNIT"
/iopsstor/scratch/cscs/dthapa/system3_qwem_omni_8_28/omni_thr_fit/bin/worker.sh: line 79: 266100 Terminated              bash "$THR_ROOT/bin/heartbeat.sh" "$UNIT"
/iopsstor/scratch/cscs/dthapa/system3_qwem_omni_8_28/omni_thr_fit/bin/worker.sh: line 79: 261882 Terminated              bash "$THR_ROOT/bin/heartbeat.sh" "$UNIT"
/iopsstor/scratch/cscs/dthapa/system3_qwem_omni_8_28/omni_thr_fit/bin/worker.sh: line 79: 36622 Terminated              bash "$THR_ROOT/bin/heartbeat.sh" "$UNIT"
/iopsstor/scratch/cscs/dthapa/system3_qwem_omni_8_28/omni_thr_fit/bin/worker.sh: line 79: 266139 Terminated              bash "$THR_ROOT/bin/heartbeat.sh" "$UNIT"
/iopsstor/scratch/cscs/dthapa/system3_qwem_omni_8_28/omni_thr_fit/bin/worker.sh: line 79: 36664 Terminated              bash "$THR_ROOT/bin/heartbeat.sh" "$UNIT"
/iopsstor/scratch/cscs/dthapa/system3_qwem_omni_8_28/omni_thr_fit/bin/worker.sh: line 79: 266163 Terminated              bash "$THR_ROOT/bin/heartbeat.sh" "$UNIT"
/iopsstor/scratch/cscs/dthapa/system3_qwem_omni_8_28/omni_thr_fit/bin/worker.sh: line 79: 261908 Terminated              bash "$THR_ROOT/bin/heartbeat.sh" "$UNIT"
/iopsstor/scratch/cscs/dthapa/system3_qwem_omni_8_28/omni_thr_fit/bin/worker.sh: line 79: 36692 Terminated              bash "$THR_ROOT/bin/heartbeat.sh" "$UNIT"
/iopsstor/scratch/cscs/dthapa/system3_qwem_omni_8_28/omni_thr_fit/bin/worker.sh: line 79: 249350 Terminated              bash "$THR_ROOT/bin/heartbeat.sh" "$UNIT"
/iopsstor/scratch/cscs/dthapa/system3_qwem_omni_8_28/omni_thr_fit/bin/worker.sh: line 79: 249386 Terminated              bash "$THR_ROOT/bin/heartbeat.sh" "$UNIT"
/iopsstor/scratch/cscs/dthapa/system3_qwem_omni_8_28/omni_thr_fit/bin/worker.sh: line 79: 261954 Terminated              bash "$THR_ROOT/bin/heartbeat.sh" "$UNIT"
/iopsstor/scratch/cscs/dthapa/system3_qwem_omni_8_28/omni_thr_fit/bin/worker.sh: line 79: 266207 Terminated              bash "$THR_ROOT/bin/heartbeat.sh" "$UNIT"
/iopsstor/scratch/cscs/dthapa/system3_qwem_omni_8_28/omni_thr_fit/bin/worker.sh: line 79: 249441 Terminated              bash "$THR_ROOT/bin/heartbeat.sh" "$UNIT"
/iopsstor/scratch/cscs/dthapa/system3_qwem_omni_8_28/omni_thr_fit/bin/worker.sh: line 79: 249465 Terminated              bash "$THR_ROOT/bin/heartbeat.sh" "$UNIT"
/iopsstor/scratch/cscs/dthapa/system3_qwem_omni_8_28/omni_thr_fit/bin/worker.sh: line 79: 36765 Terminated              bash "$THR_ROOT/bin/heartbeat.sh" "$UNIT"
/iopsstor/scratch/cscs/dthapa/system3_qwem_omni_8_28/omni_thr_fit/bin/worker.sh: line 79: 262034 Terminated              bash "$THR_ROOT/bin/heartbeat.sh" "$UNIT"
/iopsstor/scratch/cscs/dthapa/system3_qwem_omni_8_28/omni_thr_fit/bin/worker.sh: line 79: 262058 Terminated              bash "$THR_ROOT/bin/heartbeat.sh" "$UNIT"
/iopsstor/scratch/cscs/dthapa/system3_qwem_omni_8_28/omni_thr_fit/bin/worker.sh: line 79: 266297 Terminated              bash "$THR_ROOT/bin/heartbeat.sh" "$UNIT"
/iopsstor/scratch/cscs/dthapa/system3_qwem_omni_8_28/omni_thr_fit/bin/worker.sh: line 79: 36816 Terminated              bash "$THR_ROOT/bin/heartbeat.sh" "$UNIT"
/iopsstor/scratch/cscs/dthapa/system3_qwem_omni_8_28/omni_thr_fit/bin/worker.sh: line 79: 266325 Terminated              bash "$THR_ROOT/bin/heartbeat.sh" "$UNIT"
/iopsstor/scratch/cscs/dthapa/system3_qwem_omni_8_28/omni_thr_fit/bin/worker.sh: line 79: 266363 Terminated              bash "$THR_ROOT/bin/heartbeat.sh" "$UNIT"
/iopsstor/scratch/cscs/dthapa/system3_qwem_omni_8_28/omni_thr_fit/bin/worker.sh: line 79: 36841 Terminated              bash "$THR_ROOT/bin/heartbeat.sh" "$UNIT"
/iopsstor/scratch/cscs/dthapa/system3_qwem_omni_8_28/omni_thr_fit/bin/worker.sh: line 79: 249536 Terminated              bash "$THR_ROOT/bin/heartbeat.sh" "$UNIT"
/iopsstor/scratch/cscs/dthapa/system3_qwem_omni_8_28/omni_thr_fit/bin/worker.sh: line 79: 262098 Terminated              bash "$THR_ROOT/bin/heartbeat.sh" "$UNIT"
/iopsstor/scratch/cscs/dthapa/system3_qwem_omni_8_28/omni_thr_fit/bin/worker.sh: line 79: 36868 Terminated              bash "$THR_ROOT/bin/heartbeat.sh" "$UNIT"
/iopsstor/scratch/cscs/dthapa/system3_qwem_omni_8_28/omni_thr_fit/bin/worker.sh: line 79: 262134 Terminated              bash "$THR_ROOT/bin/heartbeat.sh" "$UNIT"
/iopsstor/scratch/cscs/dthapa/system3_qwem_omni_8_28/omni_thr_fit/bin/worker.sh: line 79: 249559 Terminated              bash "$THR_ROOT/bin/heartbeat.sh" "$UNIT"
/iopsstor/scratch/cscs/dthapa/system3_qwem_omni_8_28/omni_thr_fit/bin/worker.sh: line 79: 266404 Terminated              bash "$THR_ROOT/bin/heartbeat.sh" "$UNIT"
/iopsstor/scratch/cscs/dthapa/system3_qwem_omni_8_28/omni_thr_fit/bin/worker.sh: line 79: 249648 Terminated              bash "$THR_ROOT/bin/heartbeat.sh" "$UNIT"
/iopsstor/scratch/cscs/dthapa/system3_qwem_omni_8_28/omni_thr_fit/bin/worker.sh: line 79: 36959 Terminated              bash "$THR_ROOT/bin/heartbeat.sh" "$UNIT"
/iopsstor/scratch/cscs/dthapa/system3_qwem_omni_8_28/omni_thr_fit/bin/worker.sh: line 79: 249682 Terminated              bash "$THR_ROOT/bin/heartbeat.sh" "$UNIT"
/iopsstor/scratch/cscs/dthapa/system3_qwem_omni_8_28/omni_thr_fit/bin/worker.sh: line 79: 262230 Terminated              bash "$THR_ROOT/bin/heartbeat.sh" "$UNIT"
/iopsstor/scratch/cscs/dthapa/system3_qwem_omni_8_28/omni_thr_fit/bin/worker.sh: line 79: 266482 Terminated              bash "$THR_ROOT/bin/heartbeat.sh" "$UNIT"
/iopsstor/scratch/cscs/dthapa/system3_qwem_omni_8_28/omni_thr_fit/bin/worker.sh: line 79: 37007 Terminated              bash "$THR_ROOT/bin/heartbeat.sh" "$UNIT"
/iopsstor/scratch/cscs/dthapa/system3_qwem_omni_8_28/omni_thr_fit/bin/worker.sh: line 79: 266499 Terminated              bash "$THR_ROOT/bin/heartbeat.sh" "$UNIT"
/iopsstor/scratch/cscs/dthapa/system3_qwem_omni_8_28/omni_thr_fit/bin/worker.sh: line 79: 262246 Terminated              bash "$THR_ROOT/bin/heartbeat.sh" "$UNIT"
/iopsstor/scratch/cscs/dthapa/system3_qwem_omni_8_28/omni_thr_fit/bin/worker.sh: line 79: 266533 Terminated              bash "$THR_ROOT/bin/heartbeat.sh" "$UNIT"
/iopsstor/scratch/cscs/dthapa/system3_qwem_omni_8_28/omni_thr_fit/bin/worker.sh: line 79: 37032 Terminated              bash "$THR_ROOT/bin/heartbeat.sh" "$UNIT"
/iopsstor/scratch/cscs/dthapa/system3_qwem_omni_8_28/omni_thr_fit/bin/worker.sh: line 79: 249745 Terminated              bash "$THR_ROOT/bin/heartbeat.sh" "$UNIT"
/iopsstor/scratch/cscs/dthapa/system3_qwem_omni_8_28/omni_thr_fit/bin/worker.sh: line 79: 262296 Terminated              bash "$THR_ROOT/bin/heartbeat.sh" "$UNIT"
/iopsstor/scratch/cscs/dthapa/system3_qwem_omni_8_28/omni_thr_fit/bin/worker.sh: line 79: 37063 Terminated              bash "$THR_ROOT/bin/heartbeat.sh" "$UNIT"
/iopsstor/scratch/cscs/dthapa/system3_qwem_omni_8_28/omni_thr_fit/bin/worker.sh: line 79: 262326 Terminated              bash "$THR_ROOT/bin/heartbeat.sh" "$UNIT"
/iopsstor/scratch/cscs/dthapa/system3_qwem_omni_8_28/omni_thr_fit/bin/worker.sh: line 79: 249782 Terminated              bash "$THR_ROOT/bin/heartbeat.sh" "$UNIT"
/iopsstor/scratch/cscs/dthapa/system3_qwem_omni_8_28/omni_thr_fit/bin/worker.sh: line 79: 266582 Terminated              bash "$THR_ROOT/bin/heartbeat.sh" "$UNIT"
/iopsstor/scratch/cscs/dthapa/system3_qwem_omni_8_28/omni_thr_fit/bin/worker.sh: line 79: 249830 Terminated              bash "$THR_ROOT/bin/heartbeat.sh" "$UNIT"
/iopsstor/scratch/cscs/dthapa/system3_qwem_omni_8_28/omni_thr_fit/bin/worker.sh: line 79: 249872 Terminated              bash "$THR_ROOT/bin/heartbeat.sh" "$UNIT"
/iopsstor/scratch/cscs/dthapa/system3_qwem_omni_8_28/omni_thr_fit/bin/worker.sh: line 79: 37139 Terminated              bash "$THR_ROOT/bin/heartbeat.sh" "$UNIT"
/iopsstor/scratch/cscs/dthapa/system3_qwem_omni_8_28/omni_thr_fit/bin/worker.sh: line 79: 262409 Terminated              bash "$THR_ROOT/bin/heartbeat.sh" "$UNIT"
/iopsstor/scratch/cscs/dthapa/system3_qwem_omni_8_28/omni_thr_fit/bin/worker.sh: line 79: 266683 Terminated              bash "$THR_ROOT/bin/heartbeat.sh" "$UNIT"
/iopsstor/scratch/cscs/dthapa/system3_qwem_omni_8_28/omni_thr_fit/bin/worker.sh: line 79: 262439 Terminated              bash "$THR_ROOT/bin/heartbeat.sh" "$UNIT"
/iopsstor/scratch/cscs/dthapa/system3_qwem_omni_8_28/omni_thr_fit/bin/worker.sh: line 79: 266703 Terminated              bash "$THR_ROOT/bin/heartbeat.sh" "$UNIT"
/iopsstor/scratch/cscs/dthapa/system3_qwem_omni_8_28/omni_thr_fit/bin/worker.sh: line 79: 37183 Terminated              bash "$THR_ROOT/bin/heartbeat.sh" "$UNIT"
/iopsstor/scratch/cscs/dthapa/system3_qwem_omni_8_28/omni_thr_fit/bin/worker.sh: line 79: 266727 Terminated              bash "$THR_ROOT/bin/heartbeat.sh" "$UNIT"
/iopsstor/scratch/cscs/dthapa/system3_qwem_omni_8_28/omni_thr_fit/bin/worker.sh: line 79: 249927 Terminated              bash "$THR_ROOT/bin/heartbeat.sh" "$UNIT"
/iopsstor/scratch/cscs/dthapa/system3_qwem_omni_8_28/omni_thr_fit/bin/worker.sh: line 79: 37213 Terminated              bash "$THR_ROOT/bin/heartbeat.sh" "$UNIT"
/iopsstor/scratch/cscs/dthapa/system3_qwem_omni_8_28/omni_thr_fit/bin/worker.sh: line 79: 37240 Terminated              bash "$THR_ROOT/bin/heartbeat.sh" "$UNIT"
/iopsstor/scratch/cscs/dthapa/system3_qwem_omni_8_28/omni_thr_fit/bin/worker.sh: line 79: 262482 Terminated              bash "$THR_ROOT/bin/heartbeat.sh" "$UNIT"
/iopsstor/scratch/cscs/dthapa/system3_qwem_omni_8_28/omni_thr_fit/bin/worker.sh: line 79: 262507 Terminated              bash "$THR_ROOT/bin/heartbeat.sh" "$UNIT"
/iopsstor/scratch/cscs/dthapa/system3_qwem_omni_8_28/omni_thr_fit/bin/worker.sh: line 79: 249968 Terminated              bash "$THR_ROOT/bin/heartbeat.sh" "$UNIT"
/iopsstor/scratch/cscs/dthapa/system3_qwem_omni_8_28/omni_thr_fit/bin/worker.sh: line 79: 266788 Terminated              bash "$THR_ROOT/bin/heartbeat.sh" "$UNIT"
/iopsstor/scratch/cscs/dthapa/system3_qwem_omni_8_28/omni_thr_fit/bin/worker.sh: line 79: 250012 Terminated              bash "$THR_ROOT/bin/heartbeat.sh" "$UNIT"
/iopsstor/scratch/cscs/dthapa/system3_qwem_omni_8_28/omni_thr_fit/bin/worker.sh: line 79: 250105 Terminated              bash "$THR_ROOT/bin/heartbeat.sh" "$UNIT"
/iopsstor/scratch/cscs/dthapa/system3_qwem_omni_8_28/omni_thr_fit/bin/worker.sh: line 79: 37314 Terminated              bash "$THR_ROOT/bin/heartbeat.sh" "$UNIT"
/iopsstor/scratch/cscs/dthapa/system3_qwem_omni_8_28/omni_thr_fit/bin/worker.sh: line 79: 262603 Terminated              bash "$THR_ROOT/bin/heartbeat.sh" "$UNIT"
/iopsstor/scratch/cscs/dthapa/system3_qwem_omni_8_28/omni_thr_fit/bin/worker.sh: line 79: 266857 Terminated              bash "$THR_ROOT/bin/heartbeat.sh" "$UNIT"
/iopsstor/scratch/cscs/dthapa/system3_qwem_omni_8_28/omni_thr_fit/bin/worker.sh: line 79: 266881 Terminated              bash "$THR_ROOT/bin/heartbeat.sh" "$UNIT"
/iopsstor/scratch/cscs/dthapa/system3_qwem_omni_8_28/omni_thr_fit/bin/worker.sh: line 79: 37359 Terminated              bash "$THR_ROOT/bin/heartbeat.sh" "$UNIT"
/iopsstor/scratch/cscs/dthapa/system3_qwem_omni_8_28/omni_thr_fit/bin/worker.sh: line 79: 262636 Terminated              bash "$THR_ROOT/bin/heartbeat.sh" "$UNIT"
/iopsstor/scratch/cscs/dthapa/system3_qwem_omni_8_28/omni_thr_fit/bin/worker.sh: line 79: 266898 Terminated              bash "$THR_ROOT/bin/heartbeat.sh" "$UNIT"
/iopsstor/scratch/cscs/dthapa/system3_qwem_omni_8_28/omni_thr_fit/bin/worker.sh: line 79: 250161 Terminated              bash "$THR_ROOT/bin/heartbeat.sh" "$UNIT"
/iopsstor/scratch/cscs/dthapa/system3_qwem_omni_8_28/omni_thr_fit/bin/worker.sh: line 79: 262678 Terminated              bash "$THR_ROOT/bin/heartbeat.sh" "$UNIT"
/iopsstor/scratch/cscs/dthapa/system3_qwem_omni_8_28/omni_thr_fit/bin/worker.sh: line 79: 37415 Terminated              bash "$THR_ROOT/bin/heartbeat.sh" "$UNIT"
/iopsstor/scratch/cscs/dthapa/system3_qwem_omni_8_28/omni_thr_fit/bin/worker.sh: line 79: 37440 Terminated              bash "$THR_ROOT/bin/heartbeat.sh" "$UNIT"
/iopsstor/scratch/cscs/dthapa/system3_qwem_omni_8_28/omni_thr_fit/bin/worker.sh: line 79: 250203 Terminated              bash "$THR_ROOT/bin/heartbeat.sh" "$UNIT"
/iopsstor/scratch/cscs/dthapa/system3_qwem_omni_8_28/omni_thr_fit/bin/worker.sh: line 79: 262699 Terminated              bash "$THR_ROOT/bin/heartbeat.sh" "$UNIT"
/iopsstor/scratch/cscs/dthapa/system3_qwem_omni_8_28/omni_thr_fit/bin/worker.sh: line 79: 266969 Terminated              bash "$THR_ROOT/bin/heartbeat.sh" "$UNIT"
/iopsstor/scratch/cscs/dthapa/system3_qwem_omni_8_28/omni_thr_fit/bin/worker.sh: line 79: 250250 Terminated              bash "$THR_ROOT/bin/heartbeat.sh" "$UNIT"
/iopsstor/scratch/cscs/dthapa/system3_qwem_omni_8_28/omni_thr_fit/bin/worker.sh: line 79: 250275 Terminated              bash "$THR_ROOT/bin/heartbeat.sh" "$UNIT"
/iopsstor/scratch/cscs/dthapa/system3_qwem_omni_8_28/omni_thr_fit/bin/worker.sh: line 79: 37513 Terminated              bash "$THR_ROOT/bin/heartbeat.sh" "$UNIT"
/iopsstor/scratch/cscs/dthapa/system3_qwem_omni_8_28/omni_thr_fit/bin/worker.sh: line 79: 262790 Terminated              bash "$THR_ROOT/bin/heartbeat.sh" "$UNIT"
/iopsstor/scratch/cscs/dthapa/system3_qwem_omni_8_28/omni_thr_fit/bin/worker.sh: line 79: 267033 Terminated              bash "$THR_ROOT/bin/heartbeat.sh" "$UNIT"
/iopsstor/scratch/cscs/dthapa/system3_qwem_omni_8_28/omni_thr_fit/bin/worker.sh: line 79: 37563 Terminated              bash "$THR_ROOT/bin/heartbeat.sh" "$UNIT"
/iopsstor/scratch/cscs/dthapa/system3_qwem_omni_8_28/omni_thr_fit/bin/worker.sh: line 79: 262837 Terminated              bash "$THR_ROOT/bin/heartbeat.sh" "$UNIT"
/iopsstor/scratch/cscs/dthapa/system3_qwem_omni_8_28/omni_thr_fit/bin/worker.sh: line 79: 250337 Terminated              bash "$THR_ROOT/bin/heartbeat.sh" "$UNIT"
/iopsstor/scratch/cscs/dthapa/system3_qwem_omni_8_28/omni_thr_fit/bin/worker.sh: line 79: 267054 Terminated              bash "$THR_ROOT/bin/heartbeat.sh" "$UNIT"
/iopsstor/scratch/cscs/dthapa/system3_qwem_omni_8_28/omni_thr_fit/bin/worker.sh: line 79: 267083 Terminated              bash "$THR_ROOT/bin/heartbeat.sh" "$UNIT"
/iopsstor/scratch/cscs/dthapa/system3_qwem_omni_8_28/omni_thr_fit/bin/worker.sh: line 79: 262867 Terminated              bash "$THR_ROOT/bin/heartbeat.sh" "$UNIT"
/iopsstor/scratch/cscs/dthapa/system3_qwem_omni_8_28/omni_thr_fit/bin/worker.sh: line 79: 37598 Terminated              bash "$THR_ROOT/bin/heartbeat.sh" "$UNIT"
/iopsstor/scratch/cscs/dthapa/system3_qwem_omni_8_28/omni_thr_fit/bin/worker.sh: line 79: 250368 Terminated              bash "$THR_ROOT/bin/heartbeat.sh" "$UNIT"
/iopsstor/scratch/cscs/dthapa/system3_qwem_omni_8_28/omni_thr_fit/bin/worker.sh: line 79: 37614 Terminated              bash "$THR_ROOT/bin/heartbeat.sh" "$UNIT"
/iopsstor/scratch/cscs/dthapa/system3_qwem_omni_8_28/omni_thr_fit/bin/worker.sh: line 79: 262895 Terminated              bash "$THR_ROOT/bin/heartbeat.sh" "$UNIT"
/iopsstor/scratch/cscs/dthapa/system3_qwem_omni_8_28/omni_thr_fit/bin/worker.sh: line 79: 267161 Terminated              bash "$THR_ROOT/bin/heartbeat.sh" "$UNIT"
/iopsstor/scratch/cscs/dthapa/system3_qwem_omni_8_28/omni_thr_fit/bin/worker.sh: line 79: 250475 Terminated              bash "$THR_ROOT/bin/heartbeat.sh" "$UNIT"
/iopsstor/scratch/cscs/dthapa/system3_qwem_omni_8_28/omni_thr_fit/bin/worker.sh: line 79: 250489 Terminated              bash "$THR_ROOT/bin/heartbeat.sh" "$UNIT"
/iopsstor/scratch/cscs/dthapa/system3_qwem_omni_8_28/omni_thr_fit/bin/worker.sh: line 79: 267248 Terminated              bash "$THR_ROOT/bin/heartbeat.sh" "$UNIT"
/iopsstor/scratch/cscs/dthapa/system3_qwem_omni_8_28/omni_thr_fit/bin/worker.sh: line 79: 37692 Terminated              bash "$THR_ROOT/bin/heartbeat.sh" "$UNIT"
/iopsstor/scratch/cscs/dthapa/system3_qwem_omni_8_28/omni_thr_fit/bin/worker.sh: line 79: 262974 Terminated              bash "$THR_ROOT/bin/heartbeat.sh" "$UNIT"
/iopsstor/scratch/cscs/dthapa/system3_qwem_omni_8_28/omni_thr_fit/bin/worker.sh: line 79: 37730 Terminated              bash "$THR_ROOT/bin/heartbeat.sh" "$UNIT"
/iopsstor/scratch/cscs/dthapa/system3_qwem_omni_8_28/omni_thr_fit/bin/worker.sh: line 79: 263023 Terminated              bash "$THR_ROOT/bin/heartbeat.sh" "$UNIT"
/iopsstor/scratch/cscs/dthapa/system3_qwem_omni_8_28/omni_thr_fit/bin/worker.sh: line 79: 267285 Terminated              bash "$THR_ROOT/bin/heartbeat.sh" "$UNIT"
/iopsstor/scratch/cscs/dthapa/system3_qwem_omni_8_28/omni_thr_fit/bin/worker.sh: line 79: 250552 Terminated              bash "$THR_ROOT/bin/heartbeat.sh" "$UNIT"
/iopsstor/scratch/cscs/dthapa/system3_qwem_omni_8_28/omni_thr_fit/bin/worker.sh: line 79: 263045 Terminated              bash "$THR_ROOT/bin/heartbeat.sh" "$UNIT"
/iopsstor/scratch/cscs/dthapa/system3_qwem_omni_8_28/omni_thr_fit/bin/worker.sh: line 79: 267303 Terminated              bash "$THR_ROOT/bin/heartbeat.sh" "$UNIT"
/iopsstor/scratch/cscs/dthapa/system3_qwem_omni_8_28/omni_thr_fit/bin/worker.sh: line 79: 37777 Terminated              bash "$THR_ROOT/bin/heartbeat.sh" "$UNIT"
/iopsstor/scratch/cscs/dthapa/system3_qwem_omni_8_28/omni_thr_fit/bin/worker.sh: line 79: 250606 Terminated              bash "$THR_ROOT/bin/heartbeat.sh" "$UNIT"
/iopsstor/scratch/cscs/dthapa/system3_qwem_omni_8_28/omni_thr_fit/bin/worker.sh: line 79: 263101 Terminated              bash "$THR_ROOT/bin/heartbeat.sh" "$UNIT"
/iopsstor/scratch/cscs/dthapa/system3_qwem_omni_8_28/omni_thr_fit/bin/worker.sh: line 79: 267355 Terminated              bash "$THR_ROOT/bin/heartbeat.sh" "$UNIT"
/iopsstor/scratch/cscs/dthapa/system3_qwem_omni_8_28/omni_thr_fit/bin/worker.sh: line 79: 37798 Terminated              bash "$THR_ROOT/bin/heartbeat.sh" "$UNIT"
/iopsstor/scratch/cscs/dthapa/system3_qwem_omni_8_28/omni_thr_fit/bin/worker.sh: line 79: 250667 Terminated              bash "$THR_ROOT/bin/heartbeat.sh" "$UNIT"
/iopsstor/scratch/cscs/dthapa/system3_qwem_omni_8_28/omni_thr_fit/bin/worker.sh: line 79: 250688 Terminated              bash "$THR_ROOT/bin/heartbeat.sh" "$UNIT"
/iopsstor/scratch/cscs/dthapa/system3_qwem_omni_8_28/omni_thr_fit/bin/worker.sh: line 79: 267422 Terminated              bash "$THR_ROOT/bin/heartbeat.sh" "$UNIT"
/iopsstor/scratch/cscs/dthapa/system3_qwem_omni_8_28/omni_thr_fit/bin/worker.sh: line 79: 37890 Terminated              bash "$THR_ROOT/bin/heartbeat.sh" "$UNIT"
/iopsstor/scratch/cscs/dthapa/system3_qwem_omni_8_28/omni_thr_fit/bin/worker.sh: line 79: 263174 Terminated              bash "$THR_ROOT/bin/heartbeat.sh" "$UNIT"
/iopsstor/scratch/cscs/dthapa/system3_qwem_omni_8_28/omni_thr_fit/bin/worker.sh: line 79: 37917 Terminated              bash "$THR_ROOT/bin/heartbeat.sh" "$UNIT"
/iopsstor/scratch/cscs/dthapa/system3_qwem_omni_8_28/omni_thr_fit/bin/worker.sh: line 79: 263209 Terminated              bash "$THR_ROOT/bin/heartbeat.sh" "$UNIT"
/iopsstor/scratch/cscs/dthapa/system3_qwem_omni_8_28/omni_thr_fit/bin/worker.sh: line 79: 267457 Terminated              bash "$THR_ROOT/bin/heartbeat.sh" "$UNIT"
/iopsstor/scratch/cscs/dthapa/system3_qwem_omni_8_28/omni_thr_fit/bin/worker.sh: line 79: 263239 Terminated              bash "$THR_ROOT/bin/heartbeat.sh" "$UNIT"
/iopsstor/scratch/cscs/dthapa/system3_qwem_omni_8_28/omni_thr_fit/bin/worker.sh: line 79: 267492 Terminated              bash "$THR_ROOT/bin/heartbeat.sh" "$UNIT"
/iopsstor/scratch/cscs/dthapa/system3_qwem_omni_8_28/omni_thr_fit/bin/worker.sh: line 79: 37964 Terminated              bash "$THR_ROOT/bin/heartbeat.sh" "$UNIT"
/iopsstor/scratch/cscs/dthapa/system3_qwem_omni_8_28/omni_thr_fit/bin/worker.sh: line 79: 250748 Terminated              bash "$THR_ROOT/bin/heartbeat.sh" "$UNIT"
/iopsstor/scratch/cscs/dthapa/system3_qwem_omni_8_28/omni_thr_fit/bin/worker.sh: line 79: 250788 Terminated              bash "$THR_ROOT/bin/heartbeat.sh" "$UNIT"
/iopsstor/scratch/cscs/dthapa/system3_qwem_omni_8_28/omni_thr_fit/bin/worker.sh: line 79: 263281 Terminated              bash "$THR_ROOT/bin/heartbeat.sh" "$UNIT"
/iopsstor/scratch/cscs/dthapa/system3_qwem_omni_8_28/omni_thr_fit/bin/worker.sh: line 79: 267540 Terminated              bash "$THR_ROOT/bin/heartbeat.sh" "$UNIT"
/iopsstor/scratch/cscs/dthapa/system3_qwem_omni_8_28/omni_thr_fit/bin/worker.sh: line 79: 38000 Terminated              bash "$THR_ROOT/bin/heartbeat.sh" "$UNIT"
/iopsstor/scratch/cscs/dthapa/system3_qwem_omni_8_28/omni_thr_fit/bin/worker.sh: line 79: 250848 Terminated              bash "$THR_ROOT/bin/heartbeat.sh" "$UNIT"
/iopsstor/scratch/cscs/dthapa/system3_qwem_omni_8_28/omni_thr_fit/bin/worker.sh: line 79: 250867 Terminated              bash "$THR_ROOT/bin/heartbeat.sh" "$UNIT"
/iopsstor/scratch/cscs/dthapa/system3_qwem_omni_8_28/omni_thr_fit/bin/worker.sh: line 79: 38060 Terminated              bash "$THR_ROOT/bin/heartbeat.sh" "$UNIT"
/iopsstor/scratch/cscs/dthapa/system3_qwem_omni_8_28/omni_thr_fit/bin/worker.sh: line 79: 267626 Terminated              bash "$THR_ROOT/bin/heartbeat.sh" "$UNIT"
/iopsstor/scratch/cscs/dthapa/system3_qwem_omni_8_28/omni_thr_fit/bin/worker.sh: line 79: 263357 Terminated              bash "$THR_ROOT/bin/heartbeat.sh" "$UNIT"
/iopsstor/scratch/cscs/dthapa/system3_qwem_omni_8_28/omni_thr_fit/bin/worker.sh: line 79: 263377 Terminated              bash "$THR_ROOT/bin/heartbeat.sh" "$UNIT"
/iopsstor/scratch/cscs/dthapa/system3_qwem_omni_8_28/omni_thr_fit/bin/worker.sh: line 79: 267666 Terminated              bash "$THR_ROOT/bin/heartbeat.sh" "$UNIT"
/iopsstor/scratch/cscs/dthapa/system3_qwem_omni_8_28/omni_thr_fit/bin/worker.sh: line 79: 38092 Terminated              bash "$THR_ROOT/bin/heartbeat.sh" "$UNIT"
/iopsstor/scratch/cscs/dthapa/system3_qwem_omni_8_28/omni_thr_fit/bin/worker.sh: line 79: 263407 Terminated              bash "$THR_ROOT/bin/heartbeat.sh" "$UNIT"
/iopsstor/scratch/cscs/dthapa/system3_qwem_omni_8_28/omni_thr_fit/bin/worker.sh: line 79: 267694 Terminated              bash "$THR_ROOT/bin/heartbeat.sh" "$UNIT"
/iopsstor/scratch/cscs/dthapa/system3_qwem_omni_8_28/omni_thr_fit/bin/worker.sh: line 79: 250942 Terminated              bash "$THR_ROOT/bin/heartbeat.sh" "$UNIT"
/iopsstor/scratch/cscs/dthapa/system3_qwem_omni_8_28/omni_thr_fit/bin/worker.sh: line 79: 250960 Terminated              bash "$THR_ROOT/bin/heartbeat.sh" "$UNIT"
/iopsstor/scratch/cscs/dthapa/system3_qwem_omni_8_28/omni_thr_fit/bin/worker.sh: line 79: 38139 Terminated              bash "$THR_ROOT/bin/heartbeat.sh" "$UNIT"
/iopsstor/scratch/cscs/dthapa/system3_qwem_omni_8_28/omni_thr_fit/bin/worker.sh: line 79: 263455 Terminated              bash "$THR_ROOT/bin/heartbeat.sh" "$UNIT"
/iopsstor/scratch/cscs/dthapa/system3_qwem_omni_8_28/omni_thr_fit/bin/worker.sh: line 79: 267734 Terminated              bash "$THR_ROOT/bin/heartbeat.sh" "$UNIT"
/iopsstor/scratch/cscs/dthapa/system3_qwem_omni_8_28/omni_thr_fit/bin/worker.sh: line 79: 38175 Terminated              bash "$THR_ROOT/bin/heartbeat.sh" "$UNIT"
/iopsstor/scratch/cscs/dthapa/system3_qwem_omni_8_28/omni_thr_fit/bin/worker.sh: line 79: 251031 Terminated              bash "$THR_ROOT/bin/heartbeat.sh" "$UNIT"
/iopsstor/scratch/cscs/dthapa/system3_qwem_omni_8_28/omni_thr_fit/bin/worker.sh: line 79: 251072 Terminated              bash "$THR_ROOT/bin/heartbeat.sh" "$UNIT"
/iopsstor/scratch/cscs/dthapa/system3_qwem_omni_8_28/omni_thr_fit/bin/worker.sh: line 79: 38234 Terminated              bash "$THR_ROOT/bin/heartbeat.sh" "$UNIT"
/iopsstor/scratch/cscs/dthapa/system3_qwem_omni_8_28/omni_thr_fit/bin/worker.sh: line 79: 263549 Terminated              bash "$THR_ROOT/bin/heartbeat.sh" "$UNIT"
/iopsstor/scratch/cscs/dthapa/system3_qwem_omni_8_28/omni_thr_fit/bin/worker.sh: line 79: 263573 Terminated              bash "$THR_ROOT/bin/heartbeat.sh" "$UNIT"
/iopsstor/scratch/cscs/dthapa/system3_qwem_omni_8_28/omni_thr_fit/bin/worker.sh: line 79: 267829 Terminated              bash "$THR_ROOT/bin/heartbeat.sh" "$UNIT"
/iopsstor/scratch/cscs/dthapa/system3_qwem_omni_8_28/omni_thr_fit/bin/worker.sh: line 79: 267804 Terminated              bash "$THR_ROOT/bin/heartbeat.sh" "$UNIT"
/iopsstor/scratch/cscs/dthapa/system3_qwem_omni_8_28/omni_thr_fit/bin/worker.sh: line 79: 38296 Terminated              bash "$THR_ROOT/bin/heartbeat.sh" "$UNIT"
/iopsstor/scratch/cscs/dthapa/system3_qwem_omni_8_28/omni_thr_fit/bin/worker.sh: line 79: 267863 Terminated              bash "$THR_ROOT/bin/heartbeat.sh" "$UNIT"
/iopsstor/scratch/cscs/dthapa/system3_qwem_omni_8_28/omni_thr_fit/bin/worker.sh: line 79: 263608 Terminated              bash "$THR_ROOT/bin/heartbeat.sh" "$UNIT"
/iopsstor/scratch/cscs/dthapa/system3_qwem_omni_8_28/omni_thr_fit/bin/worker.sh: line 79: 251147 Terminated              bash "$THR_ROOT/bin/heartbeat.sh" "$UNIT"
/iopsstor/scratch/cscs/dthapa/system3_qwem_omni_8_28/omni_thr_fit/bin/worker.sh: line 79: 251169 Terminated              bash "$THR_ROOT/bin/heartbeat.sh" "$UNIT"
/iopsstor/scratch/cscs/dthapa/system3_qwem_omni_8_28/omni_thr_fit/bin/worker.sh: line 79: 263649 Terminated              bash "$THR_ROOT/bin/heartbeat.sh" "$UNIT"
/iopsstor/scratch/cscs/dthapa/system3_qwem_omni_8_28/omni_thr_fit/bin/worker.sh: line 79: 38339 Terminated              bash "$THR_ROOT/bin/heartbeat.sh" "$UNIT"
/iopsstor/scratch/cscs/dthapa/system3_qwem_omni_8_28/omni_thr_fit/bin/worker.sh: line 79: 267909 Terminated              bash "$THR_ROOT/bin/heartbeat.sh" "$UNIT"
/iopsstor/scratch/cscs/dthapa/system3_qwem_omni_8_28/omni_thr_fit/bin/worker.sh: line 79: 38376 Terminated              bash "$THR_ROOT/bin/heartbeat.sh" "$UNIT"
/iopsstor/scratch/cscs/dthapa/system3_qwem_omni_8_28/omni_thr_fit/bin/worker.sh: line 79: 251234 Terminated              bash "$THR_ROOT/bin/heartbeat.sh" "$UNIT"
/iopsstor/scratch/cscs/dthapa/system3_qwem_omni_8_28/omni_thr_fit/bin/worker.sh: line 79: 251252 Terminated              bash "$THR_ROOT/bin/heartbeat.sh" "$UNIT"
/iopsstor/scratch/cscs/dthapa/system3_qwem_omni_8_28/omni_thr_fit/bin/worker.sh: line 79: 38432 Terminated              bash "$THR_ROOT/bin/heartbeat.sh" "$UNIT"
/iopsstor/scratch/cscs/dthapa/system3_qwem_omni_8_28/omni_thr_fit/bin/worker.sh: line 79: 263727 Terminated              bash "$THR_ROOT/bin/heartbeat.sh" "$UNIT"
/iopsstor/scratch/cscs/dthapa/system3_qwem_omni_8_28/omni_thr_fit/bin/worker.sh: line 79: 267989 Terminated              bash "$THR_ROOT/bin/heartbeat.sh" "$UNIT"
/iopsstor/scratch/cscs/dthapa/system3_qwem_omni_8_28/omni_thr_fit/bin/worker.sh: line 79: 263749 Terminated              bash "$THR_ROOT/bin/heartbeat.sh" "$UNIT"
/iopsstor/scratch/cscs/dthapa/system3_qwem_omni_8_28/omni_thr_fit/bin/worker.sh: line 79: 38471 Terminated              bash "$THR_ROOT/bin/heartbeat.sh" "$UNIT"
/iopsstor/scratch/cscs/dthapa/system3_qwem_omni_8_28/omni_thr_fit/bin/worker.sh: line 79: 268009 Terminated              bash "$THR_ROOT/bin/heartbeat.sh" "$UNIT"
/iopsstor/scratch/cscs/dthapa/system3_qwem_omni_8_28/omni_thr_fit/bin/worker.sh: line 79: 251327 Terminated              bash "$THR_ROOT/bin/heartbeat.sh" "$UNIT"
/iopsstor/scratch/cscs/dthapa/system3_qwem_omni_8_28/omni_thr_fit/bin/worker.sh: line 79: 268034 Terminated              bash "$THR_ROOT/bin/heartbeat.sh" "$UNIT"
/iopsstor/scratch/cscs/dthapa/system3_qwem_omni_8_28/omni_thr_fit/bin/worker.sh: line 79: 263793 Terminated              bash "$THR_ROOT/bin/heartbeat.sh" "$UNIT"
/iopsstor/scratch/cscs/dthapa/system3_qwem_omni_8_28/omni_thr_fit/bin/worker.sh: line 79: 251349 Terminated              bash "$THR_ROOT/bin/heartbeat.sh" "$UNIT"
/iopsstor/scratch/cscs/dthapa/system3_qwem_omni_8_28/omni_thr_fit/bin/worker.sh: line 79: 263823 Terminated              bash "$THR_ROOT/bin/heartbeat.sh" "$UNIT"
/iopsstor/scratch/cscs/dthapa/system3_qwem_omni_8_28/omni_thr_fit/bin/worker.sh: line 79: 38519 Terminated              bash "$THR_ROOT/bin/heartbeat.sh" "$UNIT"
/iopsstor/scratch/cscs/dthapa/system3_qwem_omni_8_28/omni_thr_fit/bin/worker.sh: line 79: 38543 Terminated              bash "$THR_ROOT/bin/heartbeat.sh" "$UNIT"
/iopsstor/scratch/cscs/dthapa/system3_qwem_omni_8_28/omni_thr_fit/bin/worker.sh: line 79: 268104 Terminated              bash "$THR_ROOT/bin/heartbeat.sh" "$UNIT"
/iopsstor/scratch/cscs/dthapa/system3_qwem_omni_8_28/omni_thr_fit/bin/worker.sh: line 79: 251413 Terminated              bash "$THR_ROOT/bin/heartbeat.sh" "$UNIT"
/iopsstor/scratch/cscs/dthapa/system3_qwem_omni_8_28/omni_thr_fit/bin/worker.sh: line 79: 251434 Terminated              bash "$THR_ROOT/bin/heartbeat.sh" "$UNIT"
/iopsstor/scratch/cscs/dthapa/system3_qwem_omni_8_28/omni_thr_fit/bin/worker.sh: line 79: 263903 Terminated              bash "$THR_ROOT/bin/heartbeat.sh" "$UNIT"
/iopsstor/scratch/cscs/dthapa/system3_qwem_omni_8_28/omni_thr_fit/bin/worker.sh: line 79: 38610 Terminated              bash "$THR_ROOT/bin/heartbeat.sh" "$UNIT"
/iopsstor/scratch/cscs/dthapa/system3_qwem_omni_8_28/omni_thr_fit/bin/worker.sh: line 79: 268178 Terminated              bash "$THR_ROOT/bin/heartbeat.sh" "$UNIT"
/iopsstor/scratch/cscs/dthapa/system3_qwem_omni_8_28/omni_thr_fit/bin/worker.sh: line 79: 263931 Terminated              bash "$THR_ROOT/bin/heartbeat.sh" "$UNIT"
/iopsstor/scratch/cscs/dthapa/system3_qwem_omni_8_28/omni_thr_fit/bin/worker.sh: line 79: 38648 Terminated              bash "$THR_ROOT/bin/heartbeat.sh" "$UNIT"
/iopsstor/scratch/cscs/dthapa/system3_qwem_omni_8_28/omni_thr_fit/bin/worker.sh: line 79: 251527 Terminated              bash "$THR_ROOT/bin/heartbeat.sh" "$UNIT"
/iopsstor/scratch/cscs/dthapa/system3_qwem_omni_8_28/omni_thr_fit/bin/worker.sh: line 79: 268218 Terminated              bash "$THR_ROOT/bin/heartbeat.sh" "$UNIT"
/iopsstor/scratch/cscs/dthapa/system3_qwem_omni_8_28/omni_thr_fit/bin/worker.sh: line 79: 251550 Terminated              bash "$THR_ROOT/bin/heartbeat.sh" "$UNIT"
/iopsstor/scratch/cscs/dthapa/system3_qwem_omni_8_28/omni_thr_fit/bin/worker.sh: line 79: 263994 Terminated              bash "$THR_ROOT/bin/heartbeat.sh" "$UNIT"
/iopsstor/scratch/cscs/dthapa/system3_qwem_omni_8_28/omni_thr_fit/bin/worker.sh: line 79: 268241 Terminated              bash "$THR_ROOT/bin/heartbeat.sh" "$UNIT"
/iopsstor/scratch/cscs/dthapa/system3_qwem_omni_8_28/omni_thr_fit/bin/worker.sh: line 79: 264017 Terminated              bash "$THR_ROOT/bin/heartbeat.sh" "$UNIT"
/iopsstor/scratch/cscs/dthapa/system3_qwem_omni_8_28/omni_thr_fit/bin/worker.sh: line 79: 38701 Terminated              bash "$THR_ROOT/bin/heartbeat.sh" "$UNIT"
/iopsstor/scratch/cscs/dthapa/system3_qwem_omni_8_28/omni_thr_fit/bin/worker.sh: line 79: 38740 Terminated              bash "$THR_ROOT/bin/heartbeat.sh" "$UNIT"
/iopsstor/scratch/cscs/dthapa/system3_qwem_omni_8_28/omni_thr_fit/bin/worker.sh: line 79: 268281 Terminated              bash "$THR_ROOT/bin/heartbeat.sh" "$UNIT"
/iopsstor/scratch/cscs/dthapa/system3_qwem_omni_8_28/omni_thr_fit/bin/worker.sh: line 79: 251610 Terminated              bash "$THR_ROOT/bin/heartbeat.sh" "$UNIT"
/iopsstor/scratch/cscs/dthapa/system3_qwem_omni_8_28/omni_thr_fit/bin/worker.sh: line 79: 251627 Terminated              bash "$THR_ROOT/bin/heartbeat.sh" "$UNIT"
/iopsstor/scratch/cscs/dthapa/system3_qwem_omni_8_28/omni_thr_fit/bin/worker.sh: line 79: 264094 Terminated              bash "$THR_ROOT/bin/heartbeat.sh" "$UNIT"
/iopsstor/scratch/cscs/dthapa/system3_qwem_omni_8_28/omni_thr_fit/bin/worker.sh: line 79: 38814 Terminated              bash "$THR_ROOT/bin/heartbeat.sh" "$UNIT"
/iopsstor/scratch/cscs/dthapa/system3_qwem_omni_8_28/omni_thr_fit/bin/worker.sh: line 79: 268351 Terminated              bash "$THR_ROOT/bin/heartbeat.sh" "$UNIT"
/iopsstor/scratch/cscs/dthapa/system3_qwem_omni_8_28/omni_thr_fit/bin/worker.sh: line 79: 38842 Terminated              bash "$THR_ROOT/bin/heartbeat.sh" "$UNIT"
/iopsstor/scratch/cscs/dthapa/system3_qwem_omni_8_28/omni_thr_fit/bin/worker.sh: line 79: 264127 Terminated              bash "$THR_ROOT/bin/heartbeat.sh" "$UNIT"
/iopsstor/scratch/cscs/dthapa/system3_qwem_omni_8_28/omni_thr_fit/bin/worker.sh: line 79: 264175 Terminated              bash "$THR_ROOT/bin/heartbeat.sh" "$UNIT"
/iopsstor/scratch/cscs/dthapa/system3_qwem_omni_8_28/omni_thr_fit/bin/worker.sh: line 79: 251726 Terminated              bash "$THR_ROOT/bin/heartbeat.sh" "$UNIT"
/iopsstor/scratch/cscs/dthapa/system3_qwem_omni_8_28/omni_thr_fit/bin/worker.sh: line 79: 251702 Terminated              bash "$THR_ROOT/bin/heartbeat.sh" "$UNIT"
/iopsstor/scratch/cscs/dthapa/system3_qwem_omni_8_28/omni_thr_fit/bin/worker.sh: line 79: 268396 Terminated              bash "$THR_ROOT/bin/heartbeat.sh" "$UNIT"
/iopsstor/scratch/cscs/dthapa/system3_qwem_omni_8_28/omni_thr_fit/bin/worker.sh: line 79: 264199 Terminated              bash "$THR_ROOT/bin/heartbeat.sh" "$UNIT"
/iopsstor/scratch/cscs/dthapa/system3_qwem_omni_8_28/omni_thr_fit/bin/worker.sh: line 79: 268413 Terminated              bash "$THR_ROOT/bin/heartbeat.sh" "$UNIT"
/iopsstor/scratch/cscs/dthapa/system3_qwem_omni_8_28/omni_thr_fit/bin/worker.sh: line 79: 38892 Terminated              bash "$THR_ROOT/bin/heartbeat.sh" "$UNIT"
/iopsstor/scratch/cscs/dthapa/system3_qwem_omni_8_28/omni_thr_fit/bin/worker.sh: line 79: 38913 Terminated              bash "$THR_ROOT/bin/heartbeat.sh" "$UNIT"
/iopsstor/scratch/cscs/dthapa/system3_qwem_omni_8_28/omni_thr_fit/bin/worker.sh: line 79: 251803 Terminated              bash "$THR_ROOT/bin/heartbeat.sh" "$UNIT"
/iopsstor/scratch/cscs/dthapa/system3_qwem_omni_8_28/omni_thr_fit/bin/worker.sh: line 79: 268459 Terminated              bash "$THR_ROOT/bin/heartbeat.sh" "$UNIT"
/iopsstor/scratch/cscs/dthapa/system3_qwem_omni_8_28/omni_thr_fit/bin/worker.sh: line 79: 251820 Terminated              bash "$THR_ROOT/bin/heartbeat.sh" "$UNIT"
/iopsstor/scratch/cscs/dthapa/system3_qwem_omni_8_28/omni_thr_fit/bin/worker.sh: line 79: 264270 Terminated              bash "$THR_ROOT/bin/heartbeat.sh" "$UNIT"
/iopsstor/scratch/cscs/dthapa/system3_qwem_omni_8_28/omni_thr_fit/bin/worker.sh: line 79: 38988 Terminated              bash "$THR_ROOT/bin/heartbeat.sh" "$UNIT"
/iopsstor/scratch/cscs/dthapa/system3_qwem_omni_8_28/omni_thr_fit/bin/worker.sh: line 79: 268548 Terminated              bash "$THR_ROOT/bin/heartbeat.sh" "$UNIT"
/iopsstor/scratch/cscs/dthapa/system3_qwem_omni_8_28/omni_thr_fit/bin/worker.sh: line 79: 264315 Terminated              bash "$THR_ROOT/bin/heartbeat.sh" "$UNIT"
/iopsstor/scratch/cscs/dthapa/system3_qwem_omni_8_28/omni_thr_fit/bin/worker.sh: line 79: 264343 Terminated              bash "$THR_ROOT/bin/heartbeat.sh" "$UNIT"
/iopsstor/scratch/cscs/dthapa/system3_qwem_omni_8_28/omni_thr_fit/bin/worker.sh: line 79: 39016 Terminated              bash "$THR_ROOT/bin/heartbeat.sh" "$UNIT"
/iopsstor/scratch/cscs/dthapa/system3_qwem_omni_8_28/omni_thr_fit/bin/worker.sh: line 79: 251902 Terminated              bash "$THR_ROOT/bin/heartbeat.sh" "$UNIT"
/iopsstor/scratch/cscs/dthapa/system3_qwem_omni_8_28/omni_thr_fit/bin/worker.sh: line 79: 251918 Terminated              bash "$THR_ROOT/bin/heartbeat.sh" "$UNIT"
/iopsstor/scratch/cscs/dthapa/system3_qwem_omni_8_28/omni_thr_fit/bin/worker.sh: line 79: 268593 Terminated              bash "$THR_ROOT/bin/heartbeat.sh" "$UNIT"
/iopsstor/scratch/cscs/dthapa/system3_qwem_omni_8_28/omni_thr_fit/bin/worker.sh: line 79: 39063 Terminated              bash "$THR_ROOT/bin/heartbeat.sh" "$UNIT"
/iopsstor/scratch/cscs/dthapa/system3_qwem_omni_8_28/omni_thr_fit/bin/worker.sh: line 79: 268610 Terminated              bash "$THR_ROOT/bin/heartbeat.sh" "$UNIT"
/iopsstor/scratch/cscs/dthapa/system3_qwem_omni_8_28/omni_thr_fit/bin/worker.sh: line 79: 264380 Terminated              bash "$THR_ROOT/bin/heartbeat.sh" "$UNIT"
/iopsstor/scratch/cscs/dthapa/system3_qwem_omni_8_28/omni_thr_fit/bin/worker.sh: line 79: 39100 Terminated              bash "$THR_ROOT/bin/heartbeat.sh" "$UNIT"
/iopsstor/scratch/cscs/dthapa/system3_qwem_omni_8_28/omni_thr_fit/bin/worker.sh: line 79: 251983 Terminated              bash "$THR_ROOT/bin/heartbeat.sh" "$UNIT"
/iopsstor/scratch/cscs/dthapa/system3_qwem_omni_8_28/omni_thr_fit/bin/worker.sh: line 79: 252023 Terminated              bash "$THR_ROOT/bin/heartbeat.sh" "$UNIT"
/iopsstor/scratch/cscs/dthapa/system3_qwem_omni_8_28/omni_thr_fit/bin/worker.sh: line 79: 268653 Terminated              bash "$THR_ROOT/bin/heartbeat.sh" "$UNIT"
/iopsstor/scratch/cscs/dthapa/system3_qwem_omni_8_28/omni_thr_fit/bin/worker.sh: line 79: 264475 Terminated              bash "$THR_ROOT/bin/heartbeat.sh" "$UNIT"
/iopsstor/scratch/cscs/dthapa/system3_qwem_omni_8_28/omni_thr_fit/bin/worker.sh: line 79: 39180 Terminated              bash "$THR_ROOT/bin/heartbeat.sh" "$UNIT"
/iopsstor/scratch/cscs/dthapa/system3_qwem_omni_8_28/omni_thr_fit/bin/worker.sh: line 79: 268714 Terminated              bash "$THR_ROOT/bin/heartbeat.sh" "$UNIT"
/iopsstor/scratch/cscs/dthapa/system3_qwem_omni_8_28/omni_thr_fit/bin/worker.sh: line 79: 264518 Terminated              bash "$THR_ROOT/bin/heartbeat.sh" "$UNIT"
/iopsstor/scratch/cscs/dthapa/system3_qwem_omni_8_28/omni_thr_fit/bin/worker.sh: line 79: 264539 Terminated              bash "$THR_ROOT/bin/heartbeat.sh" "$UNIT"
/iopsstor/scratch/cscs/dthapa/system3_qwem_omni_8_28/omni_thr_fit/bin/worker.sh: line 79: 39219 Terminated              bash "$THR_ROOT/bin/heartbeat.sh" "$UNIT"
/iopsstor/scratch/cscs/dthapa/system3_qwem_omni_8_28/omni_thr_fit/bin/worker.sh: line 79: 252105 Terminated              bash "$THR_ROOT/bin/heartbeat.sh" "$UNIT"
/iopsstor/scratch/cscs/dthapa/system3_qwem_omni_8_28/omni_thr_fit/bin/worker.sh: line 79: 252139 Terminated              bash "$THR_ROOT/bin/heartbeat.sh" "$UNIT"
/iopsstor/scratch/cscs/dthapa/system3_qwem_omni_8_28/omni_thr_fit/bin/worker.sh: line 79: 39262 Terminated              bash "$THR_ROOT/bin/heartbeat.sh" "$UNIT"
/iopsstor/scratch/cscs/dthapa/system3_qwem_omni_8_28/omni_thr_fit/bin/worker.sh: line 79: 268777 Terminated              bash "$THR_ROOT/bin/heartbeat.sh" "$UNIT"
/iopsstor/scratch/cscs/dthapa/system3_qwem_omni_8_28/omni_thr_fit/bin/worker.sh: line 79: 264580 Terminated              bash "$THR_ROOT/bin/heartbeat.sh" "$UNIT"
/iopsstor/scratch/cscs/dthapa/system3_qwem_omni_8_28/omni_thr_fit/bin/worker.sh: line 79: 268793 Terminated              bash "$THR_ROOT/bin/heartbeat.sh" "$UNIT"
/iopsstor/scratch/cscs/dthapa/system3_qwem_omni_8_28/omni_thr_fit/bin/worker.sh: line 79: 39293 Terminated              bash "$THR_ROOT/bin/heartbeat.sh" "$UNIT"
/iopsstor/scratch/cscs/dthapa/system3_qwem_omni_8_28/omni_thr_fit/bin/worker.sh: line 79: 252184 Terminated              bash "$THR_ROOT/bin/heartbeat.sh" "$UNIT"
/iopsstor/scratch/cscs/dthapa/system3_qwem_omni_8_28/omni_thr_fit/bin/worker.sh: line 79: 252206 Terminated              bash "$THR_ROOT/bin/heartbeat.sh" "$UNIT"
/iopsstor/scratch/cscs/dthapa/system3_qwem_omni_8_28/omni_thr_fit/bin/worker.sh: line 79: 268837 Terminated              bash "$THR_ROOT/bin/heartbeat.sh" "$UNIT"
/iopsstor/scratch/cscs/dthapa/system3_qwem_omni_8_28/omni_thr_fit/bin/worker.sh: line 79: 39355 Terminated              bash "$THR_ROOT/bin/heartbeat.sh" "$UNIT"
/iopsstor/scratch/cscs/dthapa/system3_qwem_omni_8_28/omni_thr_fit/bin/worker.sh: line 79: 264649 Terminated              bash "$THR_ROOT/bin/heartbeat.sh" "$UNIT"
/iopsstor/scratch/cscs/dthapa/system3_qwem_omni_8_28/omni_thr_fit/bin/worker.sh: line 79: 268883 Terminated              bash "$THR_ROOT/bin/heartbeat.sh" "$UNIT"
/iopsstor/scratch/cscs/dthapa/system3_qwem_omni_8_28/omni_thr_fit/bin/worker.sh: line 79: 264684 Terminated              bash "$THR_ROOT/bin/heartbeat.sh" "$UNIT"
/iopsstor/scratch/cscs/dthapa/system3_qwem_omni_8_28/omni_thr_fit/bin/worker.sh: line 79: 39398 Terminated              bash "$THR_ROOT/bin/heartbeat.sh" "$UNIT"
/iopsstor/scratch/cscs/dthapa/system3_qwem_omni_8_28/omni_thr_fit/bin/worker.sh: line 79: 252284 Terminated              bash "$THR_ROOT/bin/heartbeat.sh" "$UNIT"
/iopsstor/scratch/cscs/dthapa/system3_qwem_omni_8_28/omni_thr_fit/bin/worker.sh: line 79: 264712 Terminated              bash "$THR_ROOT/bin/heartbeat.sh" "$UNIT"
/iopsstor/scratch/cscs/dthapa/system3_qwem_omni_8_28/omni_thr_fit/bin/worker.sh: line 79: 252316 Terminated              bash "$THR_ROOT/bin/heartbeat.sh" "$UNIT"
/iopsstor/scratch/cscs/dthapa/system3_qwem_omni_8_28/omni_thr_fit/bin/worker.sh: line 79: 268969 Terminated              bash "$THR_ROOT/bin/heartbeat.sh" "$UNIT"
/iopsstor/scratch/cscs/dthapa/system3_qwem_omni_8_28/omni_thr_fit/bin/worker.sh: line 79: 39443 Terminated              bash "$THR_ROOT/bin/heartbeat.sh" "$UNIT"
/iopsstor/scratch/cscs/dthapa/system3_qwem_omni_8_28/omni_thr_fit/bin/worker.sh: line 79: 264759 Terminated              bash "$THR_ROOT/bin/heartbeat.sh" "$UNIT"
/iopsstor/scratch/cscs/dthapa/system3_qwem_omni_8_28/omni_thr_fit/bin/worker.sh: line 79: 39471 Terminated              bash "$THR_ROOT/bin/heartbeat.sh" "$UNIT"
/iopsstor/scratch/cscs/dthapa/system3_qwem_omni_8_28/omni_thr_fit/bin/worker.sh: line 79: 252373 Terminated              bash "$THR_ROOT/bin/heartbeat.sh" "$UNIT"
/iopsstor/scratch/cscs/dthapa/system3_qwem_omni_8_28/omni_thr_fit/bin/worker.sh: line 79: 268996 Terminated              bash "$THR_ROOT/bin/heartbeat.sh" "$UNIT"
/iopsstor/scratch/cscs/dthapa/system3_qwem_omni_8_28/omni_thr_fit/bin/worker.sh: line 79: 252397 Terminated              bash "$THR_ROOT/bin/heartbeat.sh" "$UNIT"
/iopsstor/scratch/cscs/dthapa/system3_qwem_omni_8_28/omni_thr_fit/bin/worker.sh: line 79: 269038 Terminated              bash "$THR_ROOT/bin/heartbeat.sh" "$UNIT"
/iopsstor/scratch/cscs/dthapa/system3_qwem_omni_8_28/omni_thr_fit/bin/worker.sh: line 79: 39535 Terminated              bash "$THR_ROOT/bin/heartbeat.sh" "$UNIT"
/iopsstor/scratch/cscs/dthapa/system3_qwem_omni_8_28/omni_thr_fit/bin/worker.sh: line 79: 269079 Terminated              bash "$THR_ROOT/bin/heartbeat.sh" "$UNIT"
/iopsstor/scratch/cscs/dthapa/system3_qwem_omni_8_28/omni_thr_fit/bin/worker.sh: line 79: 264831 Terminated              bash "$THR_ROOT/bin/heartbeat.sh" "$UNIT"
/iopsstor/scratch/cscs/dthapa/system3_qwem_omni_8_28/omni_thr_fit/bin/worker.sh: line 79: 264855 Terminated              bash "$THR_ROOT/bin/heartbeat.sh" "$UNIT"
/iopsstor/scratch/cscs/dthapa/system3_qwem_omni_8_28/omni_thr_fit/bin/worker.sh: line 79: 39584 Terminated              bash "$THR_ROOT/bin/heartbeat.sh" "$UNIT"
/iopsstor/scratch/cscs/dthapa/system3_qwem_omni_8_28/omni_thr_fit/bin/worker.sh: line 79: 252492 Terminated              bash "$THR_ROOT/bin/heartbeat.sh" "$UNIT"
/iopsstor/scratch/cscs/dthapa/system3_qwem_omni_8_28/omni_thr_fit/bin/worker.sh: line 79: 252523 Terminated              bash "$THR_ROOT/bin/heartbeat.sh" "$UNIT"
/iopsstor/scratch/cscs/dthapa/system3_qwem_omni_8_28/omni_thr_fit/bin/worker.sh: line 79: 264920 Terminated              bash "$THR_ROOT/bin/heartbeat.sh" "$UNIT"
/iopsstor/scratch/cscs/dthapa/system3_qwem_omni_8_28/omni_thr_fit/bin/worker.sh: line 79: 269135 Terminated              bash "$THR_ROOT/bin/heartbeat.sh" "$UNIT"
/iopsstor/scratch/cscs/dthapa/system3_qwem_omni_8_28/omni_thr_fit/bin/worker.sh: line 79: 264953 Terminated              bash "$THR_ROOT/bin/heartbeat.sh" "$UNIT"
/iopsstor/scratch/cscs/dthapa/system3_qwem_omni_8_28/omni_thr_fit/bin/worker.sh: line 79: 39637 Terminated              bash "$THR_ROOT/bin/heartbeat.sh" "$UNIT"
/iopsstor/scratch/cscs/dthapa/system3_qwem_omni_8_28/omni_thr_fit/bin/worker.sh: line 79: 39667 Terminated              bash "$THR_ROOT/bin/heartbeat.sh" "$UNIT"
/iopsstor/scratch/cscs/dthapa/system3_qwem_omni_8_28/omni_thr_fit/bin/worker.sh: line 79: 252573 Terminated              bash "$THR_ROOT/bin/heartbeat.sh" "$UNIT"
/iopsstor/scratch/cscs/dthapa/system3_qwem_omni_8_28/omni_thr_fit/bin/worker.sh: line 79: 269179 Terminated              bash "$THR_ROOT/bin/heartbeat.sh" "$UNIT"
/iopsstor/scratch/cscs/dthapa/system3_qwem_omni_8_28/omni_thr_fit/bin/worker.sh: line 79: 269211 Terminated              bash "$THR_ROOT/bin/heartbeat.sh" "$UNIT"
/iopsstor/scratch/cscs/dthapa/system3_qwem_omni_8_28/omni_thr_fit/bin/worker.sh: line 79: 252598 Terminated              bash "$THR_ROOT/bin/heartbeat.sh" "$UNIT"
/iopsstor/scratch/cscs/dthapa/system3_qwem_omni_8_28/omni_thr_fit/bin/worker.sh: line 79: 39730 Terminated              bash "$THR_ROOT/bin/heartbeat.sh" "$UNIT"
/iopsstor/scratch/cscs/dthapa/system3_qwem_omni_8_28/omni_thr_fit/bin/worker.sh: line 79: 269257 Terminated              bash "$THR_ROOT/bin/heartbeat.sh" "$UNIT"
/iopsstor/scratch/cscs/dthapa/system3_qwem_omni_8_28/omni_thr_fit/bin/worker.sh: line 79: 265030 Terminated              bash "$THR_ROOT/bin/heartbeat.sh" "$UNIT"
/iopsstor/scratch/cscs/dthapa/system3_qwem_omni_8_28/omni_thr_fit/bin/worker.sh: line 79: 252673 Terminated              bash "$THR_ROOT/bin/heartbeat.sh" "$UNIT"
/iopsstor/scratch/cscs/dthapa/system3_qwem_omni_8_28/omni_thr_fit/bin/worker.sh: line 79: 265051 Terminated              bash "$THR_ROOT/bin/heartbeat.sh" "$UNIT"
/iopsstor/scratch/cscs/dthapa/system3_qwem_omni_8_28/omni_thr_fit/bin/worker.sh: line 79: 39783 Terminated              bash "$THR_ROOT/bin/heartbeat.sh" "$UNIT"
/iopsstor/scratch/cscs/dthapa/system3_qwem_omni_8_28/omni_thr_fit/bin/worker.sh: line 79: 252700 Terminated              bash "$THR_ROOT/bin/heartbeat.sh" "$UNIT"
/iopsstor/scratch/cscs/dthapa/system3_qwem_omni_8_28/omni_thr_fit/bin/worker.sh: line 79: 265100 Terminated              bash "$THR_ROOT/bin/heartbeat.sh" "$UNIT"
/iopsstor/scratch/cscs/dthapa/system3_qwem_omni_8_28/omni_thr_fit/bin/worker.sh: line 79: 269315 Terminated              bash "$THR_ROOT/bin/heartbeat.sh" "$UNIT"
/iopsstor/scratch/cscs/dthapa/system3_qwem_omni_8_28/omni_thr_fit/bin/worker.sh: line 79: 265125 Terminated              bash "$THR_ROOT/bin/heartbeat.sh" "$UNIT"
/iopsstor/scratch/cscs/dthapa/system3_qwem_omni_8_28/omni_thr_fit/bin/worker.sh: line 79: 39824 Terminated              bash "$THR_ROOT/bin/heartbeat.sh" "$UNIT"
/iopsstor/scratch/cscs/dthapa/system3_qwem_omni_8_28/omni_thr_fit/bin/worker.sh: line 79: 252749 Terminated              bash "$THR_ROOT/bin/heartbeat.sh" "$UNIT"
/iopsstor/scratch/cscs/dthapa/system3_qwem_omni_8_28/omni_thr_fit/bin/worker.sh: line 79: 39848 Terminated              bash "$THR_ROOT/bin/heartbeat.sh" "$UNIT"
/iopsstor/scratch/cscs/dthapa/system3_qwem_omni_8_28/omni_thr_fit/bin/worker.sh: line 79: 269358 Terminated              bash "$THR_ROOT/bin/heartbeat.sh" "$UNIT"
/iopsstor/scratch/cscs/dthapa/system3_qwem_omni_8_28/omni_thr_fit/bin/worker.sh: line 79: 269408 Terminated              bash "$THR_ROOT/bin/heartbeat.sh" "$UNIT"
/iopsstor/scratch/cscs/dthapa/system3_qwem_omni_8_28/omni_thr_fit/bin/worker.sh: line 79: 252786 Terminated              bash "$THR_ROOT/bin/heartbeat.sh" "$UNIT"
/iopsstor/scratch/cscs/dthapa/system3_qwem_omni_8_28/omni_thr_fit/bin/worker.sh: line 79: 269448 Terminated              bash "$THR_ROOT/bin/heartbeat.sh" "$UNIT"
/iopsstor/scratch/cscs/dthapa/system3_qwem_omni_8_28/omni_thr_fit/bin/worker.sh: line 79: 39911 Terminated              bash "$THR_ROOT/bin/heartbeat.sh" "$UNIT"
/iopsstor/scratch/cscs/dthapa/system3_qwem_omni_8_28/omni_thr_fit/bin/worker.sh: line 79: 265209 Terminated              bash "$THR_ROOT/bin/heartbeat.sh" "$UNIT"
/iopsstor/scratch/cscs/dthapa/system3_qwem_omni_8_28/omni_thr_fit/bin/worker.sh: line 79: 252840 Terminated              bash "$THR_ROOT/bin/heartbeat.sh" "$UNIT"
/iopsstor/scratch/cscs/dthapa/system3_qwem_omni_8_28/omni_thr_fit/bin/worker.sh: line 79: 265227 Terminated              bash "$THR_ROOT/bin/heartbeat.sh" "$UNIT"
/iopsstor/scratch/cscs/dthapa/system3_qwem_omni_8_28/omni_thr_fit/bin/worker.sh: line 79: 39949 Terminated              bash "$THR_ROOT/bin/heartbeat.sh" "$UNIT"
/iopsstor/scratch/cscs/dthapa/system3_qwem_omni_8_28/omni_thr_fit/bin/worker.sh: line 79: 252880 Terminated              bash "$THR_ROOT/bin/heartbeat.sh" "$UNIT"
/iopsstor/scratch/cscs/dthapa/system3_qwem_omni_8_28/omni_thr_fit/bin/worker.sh: line 79: 265274 Terminated              bash "$THR_ROOT/bin/heartbeat.sh" "$UNIT"
/iopsstor/scratch/cscs/dthapa/system3_qwem_omni_8_28/omni_thr_fit/bin/worker.sh: line 79: 269516 Terminated              bash "$THR_ROOT/bin/heartbeat.sh" "$UNIT"
/iopsstor/scratch/cscs/dthapa/system3_qwem_omni_8_28/omni_thr_fit/bin/worker.sh: line 79: 265299 Terminated              bash "$THR_ROOT/bin/heartbeat.sh" "$UNIT"
/iopsstor/scratch/cscs/dthapa/system3_qwem_omni_8_28/omni_thr_fit/bin/worker.sh: line 79: 40006 Terminated              bash "$THR_ROOT/bin/heartbeat.sh" "$UNIT"
/iopsstor/scratch/cscs/dthapa/system3_qwem_omni_8_28/omni_thr_fit/bin/worker.sh: line 79: 269554 Terminated              bash "$THR_ROOT/bin/heartbeat.sh" "$UNIT"
/iopsstor/scratch/cscs/dthapa/system3_qwem_omni_8_28/omni_thr_fit/bin/worker.sh: line 79: 40022 Terminated              bash "$THR_ROOT/bin/heartbeat.sh" "$UNIT"
/iopsstor/scratch/cscs/dthapa/system3_qwem_omni_8_28/omni_thr_fit/bin/worker.sh: line 79: 252948 Terminated              bash "$THR_ROOT/bin/heartbeat.sh" "$UNIT"
/iopsstor/scratch/cscs/dthapa/system3_qwem_omni_8_28/omni_thr_fit/bin/worker.sh: line 79: 269585 Terminated              bash "$THR_ROOT/bin/heartbeat.sh" "$UNIT"
/iopsstor/scratch/cscs/dthapa/system3_qwem_omni_8_28/omni_thr_fit/bin/worker.sh: line 79: 252983 Terminated              bash "$THR_ROOT/bin/heartbeat.sh" "$UNIT"
/iopsstor/scratch/cscs/dthapa/system3_qwem_omni_8_28/omni_thr_fit/bin/worker.sh: line 79: 269626 Terminated              bash "$THR_ROOT/bin/heartbeat.sh" "$UNIT"
/iopsstor/scratch/cscs/dthapa/system3_qwem_omni_8_28/omni_thr_fit/bin/worker.sh: line 79: 40109 Terminated              bash "$THR_ROOT/bin/heartbeat.sh" "$UNIT"
/iopsstor/scratch/cscs/dthapa/system3_qwem_omni_8_28/omni_thr_fit/bin/worker.sh: line 79: 253044 Terminated              bash "$THR_ROOT/bin/heartbeat.sh" "$UNIT"
/iopsstor/scratch/cscs/dthapa/system3_qwem_omni_8_28/omni_thr_fit/bin/worker.sh: line 79: 265402 Terminated              bash "$THR_ROOT/bin/heartbeat.sh" "$UNIT"
/iopsstor/scratch/cscs/dthapa/system3_qwem_omni_8_28/omni_thr_fit/bin/worker.sh: line 79: 265425 Terminated              bash "$THR_ROOT/bin/heartbeat.sh" "$UNIT"
/iopsstor/scratch/cscs/dthapa/system3_qwem_omni_8_28/omni_thr_fit/bin/worker.sh: line 79: 40147 Terminated              bash "$THR_ROOT/bin/heartbeat.sh" "$UNIT"
/iopsstor/scratch/cscs/dthapa/system3_qwem_omni_8_28/omni_thr_fit/bin/worker.sh: line 79: 253087 Terminated              bash "$THR_ROOT/bin/heartbeat.sh" "$UNIT"
/iopsstor/scratch/cscs/dthapa/system3_qwem_omni_8_28/omni_thr_fit/bin/worker.sh: line 79: 269685 Terminated              bash "$THR_ROOT/bin/heartbeat.sh" "$UNIT"
/iopsstor/scratch/cscs/dthapa/system3_qwem_omni_8_28/omni_thr_fit/bin/worker.sh: line 79: 265472 Terminated              bash "$THR_ROOT/bin/heartbeat.sh" "$UNIT"
/iopsstor/scratch/cscs/dthapa/system3_qwem_omni_8_28/omni_thr_fit/bin/worker.sh: line 79: 265498 Terminated              bash "$THR_ROOT/bin/heartbeat.sh" "$UNIT"
/iopsstor/scratch/cscs/dthapa/system3_qwem_omni_8_28/omni_thr_fit/bin/worker.sh: line 79: 269728 Terminated              bash "$THR_ROOT/bin/heartbeat.sh" "$UNIT"
/iopsstor/scratch/cscs/dthapa/system3_qwem_omni_8_28/omni_thr_fit/bin/worker.sh: line 79: 40228 Terminated              bash "$THR_ROOT/bin/heartbeat.sh" "$UNIT"
/iopsstor/scratch/cscs/dthapa/system3_qwem_omni_8_28/omni_thr_fit/bin/worker.sh: line 79: 253136 Terminated              bash "$THR_ROOT/bin/heartbeat.sh" "$UNIT"
/iopsstor/scratch/cscs/dthapa/system3_qwem_omni_8_28/omni_thr_fit/bin/worker.sh: line 79: 40248 Terminated              bash "$THR_ROOT/bin/heartbeat.sh" "$UNIT"
/iopsstor/scratch/cscs/dthapa/system3_qwem_omni_8_28/omni_thr_fit/bin/worker.sh: line 79: 253160 Terminated              bash "$THR_ROOT/bin/heartbeat.sh" "$UNIT"
/iopsstor/scratch/cscs/dthapa/system3_qwem_omni_8_28/omni_thr_fit/bin/worker.sh: line 79: 269759 Terminated              bash "$THR_ROOT/bin/heartbeat.sh" "$UNIT"
/iopsstor/scratch/cscs/dthapa/system3_qwem_omni_8_28/omni_thr_fit/bin/worker.sh: line 79: 269799 Terminated              bash "$THR_ROOT/bin/heartbeat.sh" "$UNIT"
/iopsstor/scratch/cscs/dthapa/system3_qwem_omni_8_28/omni_thr_fit/bin/worker.sh: line 79: 253220 Terminated              bash "$THR_ROOT/bin/heartbeat.sh" "$UNIT"
/iopsstor/scratch/cscs/dthapa/system3_qwem_omni_8_28/omni_thr_fit/bin/worker.sh: line 79: 265576 Terminated              bash "$THR_ROOT/bin/heartbeat.sh" "$UNIT"
/iopsstor/scratch/cscs/dthapa/system3_qwem_omni_8_28/omni_thr_fit/bin/worker.sh: line 79: 40312 Terminated              bash "$THR_ROOT/bin/heartbeat.sh" "$UNIT"
/iopsstor/scratch/cscs/dthapa/system3_qwem_omni_8_28/omni_thr_fit/bin/worker.sh: line 79: 265605 Terminated              bash "$THR_ROOT/bin/heartbeat.sh" "$UNIT"
/iopsstor/scratch/cscs/dthapa/system3_qwem_omni_8_28/omni_thr_fit/bin/worker.sh: line 79: 40350 Terminated              bash "$THR_ROOT/bin/heartbeat.sh" "$UNIT"
/iopsstor/scratch/cscs/dthapa/system3_qwem_omni_8_28/omni_thr_fit/bin/worker.sh: line 79: 253265 Terminated              bash "$THR_ROOT/bin/heartbeat.sh" "$UNIT"
/iopsstor/scratch/cscs/dthapa/system3_qwem_omni_8_28/omni_thr_fit/bin/worker.sh: line 79: 269879 Terminated              bash "$THR_ROOT/bin/heartbeat.sh" "$UNIT"
/iopsstor/scratch/cscs/dthapa/system3_qwem_omni_8_28/omni_thr_fit/bin/worker.sh: line 79: 265648 Terminated              bash "$THR_ROOT/bin/heartbeat.sh" "$UNIT"
/iopsstor/scratch/cscs/dthapa/system3_qwem_omni_8_28/omni_thr_fit/bin/worker.sh: line 79: 265673 Terminated              bash "$THR_ROOT/bin/heartbeat.sh" "$UNIT"
/iopsstor/scratch/cscs/dthapa/system3_qwem_omni_8_28/omni_thr_fit/bin/worker.sh: line 79: 269925 Terminated              bash "$THR_ROOT/bin/heartbeat.sh" "$UNIT"
/iopsstor/scratch/cscs/dthapa/system3_qwem_omni_8_28/omni_thr_fit/bin/worker.sh: line 79: 253316 Terminated              bash "$THR_ROOT/bin/heartbeat.sh" "$UNIT"
/iopsstor/scratch/cscs/dthapa/system3_qwem_omni_8_28/omni_thr_fit/bin/worker.sh: line 79: 40408 Terminated              bash "$THR_ROOT/bin/heartbeat.sh" "$UNIT"
/iopsstor/scratch/cscs/dthapa/system3_qwem_omni_8_28/omni_thr_fit/bin/worker.sh: line 79: 40425 Terminated              bash "$THR_ROOT/bin/heartbeat.sh" "$UNIT"
[chain] gen 4 end: 80/1410 samples, cells 0/94
[chain]   next shape: nodes=4 max_dur=211s fit_n=922
[chain] gen 4 exit Fri Aug 28 09:11:29 PM CEST 2026
