id,task,audio_dependency,duration,n_gt,n_emits,tp_time,tp_content,fp,fn,time_f1,joint_f1,verdict
instant_event_alert::Q8FK2CtxfpY::0,instant_event_alert,required,527.233333,2,1,0,0,1,2,0.0,0.0,WRONG_TIME
instant_event_alert::3MI7OZ-BlgE::1,instant_event_alert,required,133.84,1,2,0,0,2,1,0.0,0.0,WRONG_TIME
instant_event_alert::1Gf2W3eYP28::2,instant_event_alert,required,136.92,2,1,0,0,1,2,0.0,0.0,WRONG_TIME
instant_event_alert::UQA8DECaULg::3,instant_event_alert,required,69.56957,1,1,1,1,0,0,1.0,1.0,GOOD
instant_event_alert::BY5mLsNhXS4::4,instant_event_alert,required,100.233467,1,1,0,0,1,1,0.0,0.0,WRONG_TIME
instant_event_alert::AD5MFhTOQp0::5,instant_event_alert,required,85.633333,1,1,1,1,0,0,1.0,1.0,GOOD
instant_event_alert::9DgHZ1bPTag::6,instant_event_alert,required,144.2,1,0,0,0,0,1,0.0,0.0,SILENT
instant_event_alert::551-lWJPbow::7,instant_event_alert,required,60.827433,1,1,1,1,0,0,1.0,1.0,GOOD
instant_event_alert::UGGUPyzw67w::8,instant_event_alert,required,155.522033,1,2,0,0,2,1,0.0,0.0,WRONG_TIME
instant_event_alert::2vYRDokNyFI::9,instant_event_alert,required,221.554667,1,1,0,0,1,1,0.0,0.0,WRONG_TIME
instant_event_alert::S-lGb_lnSuw::10,instant_event_alert,required,264.597667,1,1,1,1,0,0,1.0,1.0,GOOD
instant_event_alert::X-PWidOvHT8::11,instant_event_alert,required,259.666667,2,1,0,0,1,2,0.0,0.0,WRONG_TIME
instant_event_alert::Vkqr32FLsmE::12,instant_event_alert,required,138.071267,2,1,0,0,1,2,0.0,0.0,WRONG_TIME
instant_event_alert::L_ZmMIIdg0A::13,instant_event_alert,helpful,242.784208,1,5,1,1,4,0,0.333,0.333,GOOD
instant_event_alert::2gsCCV8pUb4::14,instant_event_alert,required,214.5,3,1,1,1,0,2,0.5,0.5,GOOD
instant_event_alert::NOqb0dFIxds::15,instant_event_alert,none,342.800789,3,2,0,0,2,3,0.0,0.0,WRONG_TIME
instant_event_alert::HF8nrtwFVA8::16,instant_event_alert,required,143.877067,3,2,2,2,0,1,0.8,0.8,GOOD
instant_event_alert::1MNI153DglI::17,instant_event_alert,required,196.829967,1,1,1,1,0,0,1.0,1.0,GOOD
instant_event_alert::1PglWltNB1M::18,instant_event_alert,required,104.266667,1,0,0,0,0,1,0.0,0.0,SILENT
instant_event_alert::2a0O3-5Fpyw::19,instant_event_alert,required,449.541667,1,1,0,0,1,1,0.0,0.0,WRONG_TIME
instant_event_alert::8gdA-kuiqos::20,instant_event_alert,required,238.32,1,1,0,0,1,1,0.0,0.0,WRONG_TIME
instant_event_alert::9dzOr4b5qFs::21,instant_event_alert,required,59.976583,1,1,1,1,0,0,1.0,1.0,GOOD
instant_event_alert::KaO8SYGKI6M::22,instant_event_alert,required,134.259125,2,3,2,2,1,0,0.8,0.8,GOOD
instant_event_alert::Pn00ZcBOo3c::23,instant_event_alert,required,262.133333,5,4,2,2,2,3,0.444,0.444,GOOD
instant_event_alert::1EDlJD9mplY::24,instant_event_alert,required,58.091367,1,1,0,0,1,1,0.0,0.0,WRONG_TIME
instant_event_alert::McfK9Zi3HDY::25,instant_event_alert,required,55.72,1,1,1,1,0,0,1.0,1.0,GOOD
instant_event_alert::7shRl0Lxycc::26,instant_event_alert,none,100.133467,1,0,0,0,0,1,0.0,0.0,SILENT
instant_event_alert::TmqbLiW4cl8::27,instant_event_alert,required,62.56,1,1,0,0,1,1,0.0,0.0,WRONG_TIME
instant_event_alert::RIZpUl0EsBY::28,instant_event_alert,required,344.510833,1,1,1,1,0,0,1.0,1.0,GOOD
instant_event_alert::SpJdncoK-QY::29,instant_event_alert,required,302.5,1,5,1,1,4,0,0.333,0.333,GOOD
instant_event_alert::W2u6SC3CxgE::30,instant_event_alert,required,314.466667,1,1,0,0,1,1,0.0,0.0,WRONG_TIME
instant_event_alert::GkdFZK76bWE::31,instant_event_alert,required,171.96,1,1,1,1,0,0,1.0,1.0,GOOD
instant_event_alert::900pWYk1nLE::32,instant_event_alert,required,64.230833,1,0,0,0,0,1,0.0,0.0,SILENT
instant_event_alert::IenLTYaTvuY::33,instant_event_alert,required,60.26001,1,1,0,0,1,1,0.0,0.0,WRONG_TIME
instant_event_alert::PIF2Sh1KzDk::34,instant_event_alert,required,149.32,1,1,1,1,0,0,1.0,1.0,GOOD
instant_event_alert::BBcu4EclgOs::35,instant_event_alert,none,163.633333,1,0,0,0,0,1,0.0,0.0,SILENT
instant_event_alert::6HlX1qPWZiY::36,instant_event_alert,required,394.666667,1,4,1,1,3,0,0.4,0.4,GOOD
instant_event_alert::02zNKcnf4OI::37,instant_event_alert,required,64.330933,1,0,0,0,0,1,0.0,0.0,SILENT
instant_event_alert::Uaa-Mz84vC8::38,instant_event_alert,required,400.1,1,2,1,1,1,0,0.667,0.667,GOOD
instant_event_alert::5_LRMz5WxUk::39,instant_event_alert,required,344.9446,1,2,1,1,1,0,0.667,0.667,GOOD
instant_event_alert::62S-ry938nk::40,instant_event_alert,required,264.631033,1,1,0,0,1,1,0.0,0.0,WRONG_TIME
instant_event_alert::TIKm2-2Sr-4::41,instant_event_alert,required,87.378958,1,1,1,1,0,0,1.0,1.0,GOOD
instant_event_alert::VauQiGVVBBc::42,instant_event_alert,required,105.3052,1,2,0,0,2,1,0.0,0.0,WRONG_TIME
instant_event_alert::DYQMViyqMnU::43,instant_event_alert,required,205.633333,1,1,1,1,0,0,1.0,1.0,GOOD
instant_event_alert::VGCmpZTvSm8::44,instant_event_alert,required,40.3403,1,1,0,0,1,1,0.0,0.0,WRONG_TIME
instant_event_alert::5XLzU7sSBO4::45,instant_event_alert,required,220.533333,1,1,0,0,1,1,0.0,0.0,WRONG_TIME
instant_event_alert::8lhPuyetcdE::46,instant_event_alert,required,67.366667,1,1,1,1,0,0,1.0,1.0,GOOD
instant_event_alert::UldXRipkEno::47,instant_event_alert,required,98.531767,1,2,0,0,2,1,0.0,0.0,WRONG_TIME
instant_event_alert::DwwdRDPwzoE::48,instant_event_alert,required,93.0,2,2,0,0,2,2,0.0,0.0,WRONG_TIME
instant_event_alert::WkuUUdW0B4o::49,instant_event_alert,helpful,163.4,1,0,0,0,0,1,0.0,0.0,SILENT
instant_event_alert::WAx6cCcrnPg::50,instant_event_alert,required,138.138138,1,1,1,1,0,0,1.0,1.0,GOOD
instant_event_alert::G9MnreGqhuI::51,instant_event_alert,required,111.277833,1,2,0,0,2,1,0.0,0.0,WRONG_TIME
instant_event_alert::2cSIAapg7rU::52,instant_event_alert,required,259.88,1,1,1,1,0,0,1.0,1.0,GOOD
instant_event_alert::EsZG07lW9KU::53,instant_event_alert,required,210.543667,1,1,1,1,0,0,1.0,1.0,GOOD
instant_event_alert::EEA-VJS7JIQ::54,instant_event_alert,required,139.84,1,1,0,0,1,1,0.0,0.0,WRONG_TIME
instant_event_alert::PsFHyVssjAc::55,instant_event_alert,required,196.972131,1,0,0,0,0,1,0.0,0.0,SILENT
instant_event_alert::B8RZB05u95U::56,instant_event_alert,required,256.466667,3,0,0,0,0,3,0.0,0.0,SILENT
instant_event_alert::AI86J_4Jtnk::57,instant_event_alert,required,122.96,1,1,1,1,0,0,1.0,1.0,GOOD
instant_event_alert::1SwvQVV5fug::58,instant_event_alert,helpful,363.321292,1,2,0,0,2,1,0.0,0.0,WRONG_TIME
instant_event_alert::U9ZHW6fAv04::59,instant_event_alert,required,197.530667,1,1,1,1,0,0,1.0,1.0,GOOD
instant_event_alert::IpMKC3Gi39I::60,instant_event_alert,required,263.296367,1,2,1,1,1,0,0.667,0.667,GOOD
instant_event_alert::LFelGo9gA_I::61,instant_event_alert,helpful,105.939273,2,2,1,1,1,1,0.5,0.5,GOOD
instant_event_alert::3J8zCIPhqAM::62,instant_event_alert,required,350.44,1,1,1,1,0,0,1.0,1.0,GOOD
instant_event_alert::FUrva9V_-cs::63,instant_event_alert,required,261.995067,1,2,1,1,1,0,0.667,0.667,GOOD
instant_event_alert::2dK4fe2HRX4::64,instant_event_alert,required,125.200018,1,2,1,1,1,0,0.667,0.667,GOOD
instant_event_alert::MEqYM_4UbRs::65,instant_event_alert,required,60.0,1,1,1,1,0,0,1.0,1.0,GOOD
instant_event_alert::CGqjKsJCDVw::66,instant_event_alert,required,67.933333,1,1,0,0,1,1,0.0,0.0,WRONG_TIME
instant_event_alert::PvlM8BEcsBg::67,instant_event_alert,required,357.5572,1,1,1,1,0,0,1.0,1.0,GOOD
instant_event_alert::QDdyEQL6F90::68,instant_event_alert,required,193.059533,1,1,0,0,1,1,0.0,0.0,WRONG_TIME
instant_event_alert::EWRMsjY10hw::69,instant_event_alert,helpful,345.9456,1,0,0,0,0,1,0.0,0.0,SILENT
instant_event_alert::MmsIOgJuuWQ::70,instant_event_alert,required,385.051333,1,1,1,1,0,0,1.0,1.0,GOOD
instant_event_alert::6bElihFrX9A::71,instant_event_alert,helpful,271.938333,1,1,1,1,0,0,1.0,1.0,GOOD
instant_event_alert::SOJfcshF9_Q::72,instant_event_alert,required,463.5,5,5,5,5,0,0,1.0,1.0,GOOD
instant_event_alert::28bX9kzKMys::73,instant_event_alert,helpful,74.32,1,0,0,0,0,1,0.0,0.0,SILENT
instant_event_alert::1QrVqf8eLOE::74,instant_event_alert,helpful,454.537417,1,3,0,0,3,1,0.0,0.0,WRONG_TIME
instant_event_alert::R6dNb64RPIE::75,instant_event_alert,required,415.248167,1,1,1,1,0,0,1.0,1.0,GOOD
instant_event_alert::8cv_g1oYF3M::76,instant_event_alert,required,426.759667,1,2,0,0,2,1,0.0,0.0,WRONG_TIME
instant_event_alert::0zoM5qZTjRo::77,instant_event_alert,required,311.4111,7,7,7,7,0,0,1.0,1.0,GOOD
instant_event_alert::Bo5pzWMsF4A::78,instant_event_alert,required,165.6655,1,1,1,1,0,0,1.0,1.0,GOOD
instant_event_alert::Uw_Y57n-QRE::79,instant_event_alert,required,306.239267,1,2,0,0,2,1,0.0,0.0,WRONG_TIME
instant_event_alert::WDfHSGW-IDg::80,instant_event_alert,required,111.166667,2,1,1,1,0,1,0.667,0.667,GOOD
instant_event_alert::2llGbAybvB0::81,instant_event_alert,none,144.310833,1,0,0,0,0,1,0.0,0.0,SILENT
instant_event_alert::KknUO0Elk0I::82,instant_event_alert,required,212.587367,1,1,1,1,0,0,1.0,1.0,GOOD
instant_event_alert::T8_lLHomDS0::83,instant_event_alert,required,145.912433,1,1,1,1,0,0,1.0,1.0,GOOD
instant_event_alert::IWquNO7pJ_Q::84,instant_event_alert,none,267.51725,1,0,0,0,0,1,0.0,0.0,SILENT
instant_event_alert::QWaP9J2Pn-4::85,instant_event_alert,required,321.44,1,2,1,1,1,0,0.667,0.667,GOOD
instant_event_alert::EUXY75I2qr0::86,instant_event_alert,helpful,202.566667,2,3,0,0,3,2,0.0,0.0,WRONG_TIME
instant_event_alert::64yLR2qTZcg::87,instant_event_alert,required,30.03,1,2,0,0,2,1,0.0,0.0,WRONG_TIME
instant_event_alert::FQKfPV58l4I::88,instant_event_alert,required,74.24,1,1,0,0,1,1,0.0,0.0,WRONG_TIME
instant_event_alert::DrchbuazH2g::89,instant_event_alert,required,298.84,1,2,0,0,2,1,0.0,0.0,WRONG_TIME
instant_event_alert::8adnFn-g8jA::90,instant_event_alert,required,50.586207,1,1,1,1,0,0,1.0,1.0,GOOD
instant_event_alert::RuQo8nVwjrs::91,instant_event_alert,required,170.044875,2,1,1,1,0,1,0.667,0.667,GOOD
instant_event_alert::B9t_NybAytA::92,instant_event_alert,helpful,525.433333,2,2,0,0,2,2,0.0,0.0,WRONG_TIME
instant_event_alert::Vf9WPTg0h5g::93,instant_event_alert,required,56.489767,1,1,1,1,0,0,1.0,1.0,GOOD
instant_event_alert::SPRdPbLHMfg::94,instant_event_alert,required,59.92,1,1,1,1,0,0,1.0,1.0,GOOD
instant_event_alert::RWpTUgVDOB0::95,instant_event_alert,required,125.208333,2,2,2,2,0,0,1.0,1.0,GOOD
instant_event_alert::1Qx9GypQlb0::96,instant_event_alert,helpful,554.4,2,14,2,2,12,0,0.25,0.25,GOOD
instant_event_alert::POpOJQ4oUYk::97,instant_event_alert,required,360.96,1,1,1,1,0,0,1.0,1.0,GOOD
instant_event_alert::UyA-XahbX9o::98,instant_event_alert,required,187.9878,2,1,0,0,1,2,0.0,0.0,WRONG_TIME
instant_event_alert::5YRfsnXhq14::99,instant_event_alert,required,85.552133,1,1,1,1,0,0,1.0,1.0,GOOD
instant_event_alert::LlAKcJ-DE88::100,instant_event_alert,required,86.4864,1,1,0,0,1,1,0.0,0.0,WRONG_TIME
instant_event_alert::DMhR1dDjBpc::101,instant_event_alert,required,88.355022,1,1,0,0,1,1,0.0,0.0,WRONG_TIME
instant_event_alert::Wpz7F-Hk6jU::102,instant_event_alert,required,293.660033,1,1,1,1,0,0,1.0,1.0,GOOD
instant_event_alert::V-fmHKojl0w::103,instant_event_alert,required,70.9,1,1,0,0,1,1,0.0,0.0,WRONG_TIME
instant_event_alert::JTiO20XOnFg::104,instant_event_alert,required,60.06,1,1,1,1,0,0,1.0,1.0,GOOD
instant_event_alert::-__OUrHGeuU::105,instant_event_alert,none,353.4,1,1,0,0,1,1,0.0,0.0,WRONG_TIME
instant_event_alert::BcFpM4upfxo::106,instant_event_alert,required,76.066667,1,1,1,1,0,0,1.0,1.0,GOOD
instant_event_alert::XFn81D-EiNE::107,instant_event_alert,required,129.295963,1,1,0,0,1,1,0.0,0.0,WRONG_TIME
instant_event_alert::SNrSuTIzUzk::108,instant_event_alert,required,305.6053,1,1,0,0,1,1,0.0,0.0,WRONG_TIME
instant_event_alert::L76mz5AOOIE::109,instant_event_alert,required,465.3649,1,2,0,0,2,1,0.0,0.0,WRONG_TIME
instant_event_alert::VehgNhMV1kI::110,instant_event_alert,required,81.791667,1,1,1,1,0,0,1.0,1.0,GOOD
instant_event_alert::SIoTGvhVXf4::111,instant_event_alert,required,400.9005,3,4,3,3,1,0,0.857,0.857,GOOD
instant_event_alert::CL4qjTsj0i8::112,instant_event_alert,required,292.791667,1,2,1,1,1,0,0.667,0.667,GOOD
instant_event_alert::1cjHAtxmUHA::113,instant_event_alert,required,111.733333,1,1,1,1,0,0,1.0,1.0,GOOD
instant_event_alert::992LjxXKfPk::114,instant_event_alert,required,539.766667,1,1,0,0,1,1,0.0,0.0,WRONG_TIME
instant_event_alert::WMAK4edTUmw::115,instant_event_alert,required,225.191633,1,1,0,0,1,1,0.0,0.0,WRONG_TIME
instant_event_alert::CvyTFwzPUOo::116,instant_event_alert,required,168.466667,1,1,1,1,0,0,1.0,1.0,GOOD
instant_event_alert::GbU_T2XiFgA::117,instant_event_alert,required,178.311467,1,1,1,1,0,0,1.0,1.0,GOOD
instant_event_alert::BXpBmHYR8IE::118,instant_event_alert,required,220.286733,1,1,0,0,1,1,0.0,0.0,WRONG_TIME
instant_event_alert::1sM9Qs-0Vdk::119,instant_event_alert,required,217.46725,1,1,1,1,0,0,1.0,1.0,GOOD
instant_event_alert::8aysghEkxMs::120,instant_event_alert,required,159.6595,3,0,0,0,0,3,0.0,0.0,SILENT
instant_event_alert::MJiQqWDr_lc::121,instant_event_alert,required,248.133333,1,2,0,0,2,1,0.0,0.0,WRONG_TIME
instant_event_alert::TXeVf42sQdM::122,instant_event_alert,none,119.853067,1,0,0,0,0,1,0.0,0.0,SILENT
instant_event_alert::T8Cun7PLdN8::123,instant_event_alert,required,89.24,1,1,0,0,1,1,0.0,0.0,WRONG_TIME
instant_event_alert::RE8ikWl_Hp8::124,instant_event_alert,required,240.607033,1,2,1,1,1,0,0.667,0.667,GOOD
instant_event_alert::JS-7WQLMkXE::125,instant_event_alert,helpful,225.666667,1,1,1,1,0,0,1.0,1.0,GOOD
instant_event_alert::GOytCM4V23o::126,instant_event_alert,required,120.04,1,1,1,1,0,0,1.0,1.0,GOOD
instant_event_alert::Qt7rNu8LDv0::127,instant_event_alert,required,492.124967,1,2,1,1,1,0,0.667,0.667,GOOD
instant_event_alert::IoKT18WFFGc::128,instant_event_alert,required,258.04,1,0,0,0,0,1,0.0,0.0,SILENT
instant_event_alert::4hpYqQRepp4::129,instant_event_alert,required,242.609276,1,0,0,0,0,1,0.0,0.0,SILENT
instant_event_alert::G6kywexJUSU::130,instant_event_alert,required,83.5835,1,1,0,0,1,1,0.0,0.0,WRONG_TIME
instant_event_alert::WEFiV9pwYoU::131,instant_event_alert,helpful,347.966667,1,2,1,1,1,0,0.667,0.667,GOOD
instant_event_alert::9E63oRKRxUU::132,instant_event_alert,required,269.9697,1,1,1,1,0,0,1.0,1.0,GOOD
instant_event_alert::Vu60fZgUVf4::133,instant_event_alert,required,90.9909,1,2,1,1,1,0,0.667,0.667,GOOD
instant_event_alert::LE3twRyz4iw::134,instant_event_alert,required,211.878333,2,1,0,0,1,2,0.0,0.0,WRONG_TIME
instant_event_alert::AwoumR9RiHU::135,instant_event_alert,required,137.08,1,1,1,1,0,0,1.0,1.0,GOOD
instant_event_alert::PSXlSPcEh6Q::136,instant_event_alert,required,34.733333,1,1,0,0,1,1,0.0,0.0,WRONG_TIME
instant_event_alert::HdbBkWjBQWw::137,instant_event_alert,none,280.446833,2,2,1,1,1,1,0.5,0.5,GOOD
instant_event_alert::PI22nHgBKg4::138,instant_event_alert,required,37.25,2,1,1,1,0,1,0.667,0.667,GOOD
instant_event_alert::FywjLQRju7Y::139,instant_event_alert,required,325.558567,1,2,0,0,2,1,0.0,0.0,WRONG_TIME
instant_event_alert::2jDPnGYiVXo::140,instant_event_alert,required,539.205333,1,2,1,1,1,0,0.667,0.667,GOOD
instant_event_alert::T_LML1_IHmA::141,instant_event_alert,required,182.333333,1,1,1,1,0,0,1.0,1.0,GOOD
instant_event_alert::4JwMlFMzh5Y::142,instant_event_alert,none,200.64,1,0,0,0,0,1,0.0,0.0,SILENT
instant_event_alert::L1ZkHoirlmo::143,instant_event_alert,required,45.72,1,1,1,1,0,0,1.0,1.0,GOOD
instant_event_alert::K418iVP0w6U::144,instant_event_alert,required,213.458333,1,2,0,0,2,1,0.0,0.0,WRONG_TIME
instant_event_alert::26BT7YzpzQs::145,instant_event_alert,none,527.666667,1,0,0,0,0,1,0.0,0.0,SILENT
instant_event_alert::1PRqYsL7d8s::146,instant_event_alert,required,317.666667,1,1,0,0,1,1,0.0,0.0,WRONG_TIME
instant_event_alert::3HC-qvnpuds::147,instant_event_alert,required,74.949875,1,0,0,0,0,1,0.0,0.0,SILENT
instant_event_alert::55Ijvvme2kg::148,instant_event_alert,required,354.4541,1,2,1,1,1,0,0.667,0.667,GOOD
instant_event_alert::9AffWPWL9RM::149,instant_event_alert,required,174.575449,1,1,0,0,1,1,0.0,0.0,WRONG_TIME
instant_event_alert::U9SraX8Z1m8::150,instant_event_alert,required,370.537204,3,4,3,3,1,0,0.857,0.857,GOOD
instant_event_alert::Rq7Kz2wXZrY::151,instant_event_alert,required,130.56,1,1,1,1,0,0,1.0,1.0,GOOD
instant_event_alert::PZB-IvTq1u8::152,instant_event_alert,required,129.062267,1,1,1,1,0,0,1.0,1.0,GOOD
instant_event_alert::27AN_PJGEKI::153,instant_event_alert,required,68.860458,3,2,1,1,1,2,0.4,0.4,GOOD
instant_event_alert::GEmaF4_W0RE::154,instant_event_alert,required,31.489789,1,1,1,1,0,0,1.0,1.0,GOOD
instant_event_alert::FbDpZtgONPg::155,instant_event_alert,required,177.443933,1,2,1,1,1,0,0.667,0.667,GOOD
instant_event_alert::QtNzGm-nICg::156,instant_event_alert,required,263.0,1,1,1,1,0,0,1.0,1.0,GOOD
instant_event_alert::JaN79__iddI::157,instant_event_alert,helpful,70.437033,2,2,2,2,0,0,1.0,1.0,GOOD
instant_event_alert::KdqPQ4cFzZE::158,instant_event_alert,required,442.233333,1,2,1,1,1,0,0.667,0.667,GOOD
instant_event_alert::AULo4PR_tMQ::159,instant_event_alert,required,327.24,1,2,0,0,2,1,0.0,0.0,WRONG_TIME
instant_event_alert::MARVjDLPDYY::160,instant_event_alert,required,69.233333,1,1,1,1,0,0,1.0,1.0,GOOD
instant_event_alert::10fOVZIj5zg::161,instant_event_alert,required,55.791667,1,1,1,1,0,0,1.0,1.0,GOOD
instant_event_alert::3ga91VB8myI::162,instant_event_alert,required,38.671967,1,1,0,0,1,1,0.0,0.0,WRONG_TIME
instant_event_alert::Acbcm6GJBZw::163,instant_event_alert,required,362.04,2,2,1,1,1,1,0.5,0.5,GOOD
instant_event_alert::UmQe121ktuE::164,instant_event_alert,required,97.6,1,1,0,0,1,1,0.0,0.0,WRONG_TIME
instant_event_alert::Tu8o0UZYOos::165,instant_event_alert,required,331.898233,2,2,2,2,0,0,1.0,1.0,GOOD
instant_event_alert::X6Spq62kq8E::166,instant_event_alert,required,64.9649,1,1,1,1,0,0,1.0,1.0,GOOD
instant_event_alert::UqCRnhHPaF0::167,instant_event_alert,required,281.24,1,1,0,0,1,1,0.0,0.0,WRONG_TIME
instant_event_alert::HeJaCTpbnes::168,instant_event_alert,required,458.5581,1,2,1,1,1,0,0.667,0.667,GOOD
instant_event_alert::4JsjkyuzfdI::169,instant_event_alert,required,459.966667,2,3,1,1,2,1,0.4,0.4,GOOD
instant_event_alert::Uy4viSMpQBA::170,instant_event_alert,required,308.0,1,2,1,1,1,0,0.667,0.667,GOOD
instant_event_alert::-PzoRugR-nk::171,instant_event_alert,required,126.36,1,1,1,1,0,0,1.0,1.0,GOOD
instant_event_alert::Ull7qP303ds::172,instant_event_alert,helpful,30.08,1,1,1,1,0,0,1.0,1.0,GOOD
instant_event_alert::K-qCHZ873cE::173,instant_event_alert,required,250.483567,1,1,1,1,0,0,1.0,1.0,GOOD
instant_event_alert::6Rfvlxpc7xs::174,instant_event_alert,required,214.447567,2,6,2,2,4,0,0.5,0.5,GOOD
instant_event_alert::Kkb08lbzGaQ::175,instant_event_alert,required,160.566667,1,1,1,1,0,0,1.0,1.0,GOOD
instant_event_alert::2pcBc918a9c::176,instant_event_alert,required,80.04,1,1,0,0,1,1,0.0,0.0,WRONG_TIME
instant_event_alert::CA1rPvS48To::177,instant_event_alert,required,35.08,1,1,1,1,0,0,1.0,1.0,GOOD
instant_event_alert::PHZXpINfz2o::178,instant_event_alert,required,179.533333,1,1,1,1,0,0,1.0,1.0,GOOD
instant_event_alert::VeD--7mvGo0::179,instant_event_alert,required,406.614542,1,1,1,1,0,0,1.0,1.0,GOOD
instant_event_alert::RIn_k3Wpf9A::180,instant_event_alert,required,284.951333,1,2,0,0,2,1,0.0,0.0,WRONG_TIME
instant_event_alert::Fvj9I7MGPhc::181,instant_event_alert,required,108.541767,2,1,1,1,0,1,0.667,0.667,GOOD
instant_event_alert::4QLU8CNu6GQ::182,instant_event_alert,required,470.333333,1,2,1,1,1,0,0.667,0.667,GOOD
instant_event_alert::Lno78zPUEXs::183,instant_event_alert,none,60.96,1,0,0,0,0,1,0.0,0.0,SILENT
instant_event_alert::L7N88hQ1ccY::184,instant_event_alert,helpful,198.166667,1,1,1,1,0,0,1.0,1.0,GOOD
instant_event_alert::-p1bAo2wbNA::185,instant_event_alert,required,54.866667,1,1,0,0,1,1,0.0,0.0,WRONG_TIME
instant_event_alert::D54dYP-rlrs::186,instant_event_alert,required,261.566667,6,5,5,5,0,1,0.909,0.909,GOOD
instant_event_alert::KGjAytMacAA::187,instant_event_alert,required,203.203,1,1,1,1,0,0,1.0,1.0,GOOD
instant_event_alert::0J0Tjqc4efY::188,instant_event_alert,required,226.29296,2,1,0,0,1,2,0.0,0.0,WRONG_TIME
instant_event_alert::Pwb86RDw_3Q::189,instant_event_alert,required,126.292833,1,3,1,1,2,0,0.5,0.5,GOOD
instant_event_alert::6j2Y6V3U-Lc::190,instant_event_alert,required,363.28,1,1,1,1,0,0,1.0,1.0,GOOD
instant_event_alert::CHpFQ4smFz0::191,instant_event_alert,required,236.267266,1,1,1,1,0,0,1.0,1.0,GOOD
instant_event_alert::9aXdpDp9tgI::192,instant_event_alert,required,124.291667,1,1,0,0,1,1,0.0,0.0,WRONG_TIME
instant_event_alert::25A6GhbcnKs::193,instant_event_alert,none,227.366667,1,0,0,0,0,1,0.0,0.0,SILENT
instant_event_alert::A0l8fhxoWpY::194,instant_event_alert,required,142.3422,1,1,0,0,1,1,0.0,0.0,WRONG_TIME
instant_event_alert::-eoe6CBR1wE::195,instant_event_alert,required,433.24,2,2,1,1,1,1,0.5,0.5,GOOD
instant_event_alert::2lbUSmQNFls::196,instant_event_alert,required,72.107739,1,1,1,1,0,0,1.0,1.0,GOOD
instant_event_alert::JcWwCRmskQU::197,instant_event_alert,required,88.054633,3,3,3,3,0,0,1.0,1.0,GOOD
instant_event_alert::7GkZ7PLMaZk::198,instant_event_alert,required,55.933333,1,1,1,1,0,0,1.0,1.0,GOOD
instant_event_alert::Kh9MP3gY2nM::199,instant_event_alert,helpful,298.344828,1,1,1,1,0,0,1.0,1.0,GOOD
instant_event_alert::3Z3YUJHg8GE::200,instant_event_alert,required,240.974308,1,2,1,1,1,0,0.667,0.667,GOOD
instant_event_alert::3PSDRMdp2Yc::201,instant_event_alert,required,325.591933,2,3,2,2,1,0,0.8,0.8,GOOD
instant_event_alert::J34pE6PKZPY::202,instant_event_alert,required,567.934033,2,3,1,1,2,1,0.4,0.4,GOOD
instant_event_alert::5WTOiYp-uPM::203,instant_event_alert,required,338.129458,1,1,1,1,0,0,1.0,1.0,GOOD
instant_event_alert::SIm5SqQfTq8::204,instant_event_alert,helpful,141.766667,1,1,0,0,1,1,0.0,0.0,WRONG_TIME
instant_event_alert::QU3YMrU5Drs::205,instant_event_alert,required,95.68,1,2,0,0,2,1,0.0,0.0,WRONG_TIME
instant_event_alert::TTnnYgoi2FA::206,instant_event_alert,required,315.433333,1,1,1,1,0,0,1.0,1.0,GOOD
instant_event_alert::ShUQ8qYQshY::207,instant_event_alert,required,178.0,1,0,0,0,0,1,0.0,0.0,SILENT
instant_event_alert::7o6KXLbuG68::208,instant_event_alert,required,105.438667,1,1,0,0,1,1,0.0,0.0,WRONG_TIME
instant_event_alert::CO_BD_Xuf-U::209,instant_event_alert,required,445.76,1,10,1,1,9,0,0.182,0.182,GOOD
instant_event_alert::RmjSfjgqgF8::210,instant_event_alert,required,111.978533,1,0,0,0,0,1,0.0,0.0,SILENT
instant_event_alert::NEHO4oJ2NCc::211,instant_event_alert,required,213.680347,1,1,1,1,0,0,1.0,1.0,GOOD
instant_event_alert::I6xo-Pe3Ypg::212,instant_event_alert,required,409.1087,2,2,2,2,0,0,1.0,1.0,GOOD
instant_event_alert::KFpK0Z8FVyI::213,instant_event_alert,none,280.833333,1,0,0,0,0,1,0.0,0.0,SILENT
instant_event_alert::IigutYLNdfU::214,instant_event_alert,required,131.965167,1,1,1,1,0,0,1.0,1.0,GOOD
instant_event_alert::3P3dgKrMtc0::215,instant_event_alert,required,178.666667,2,4,2,2,2,0,0.667,0.667,GOOD
instant_event_alert::WmDrqru_twQ::216,instant_event_alert,required,30.196833,1,1,1,1,0,0,1.0,1.0,GOOD
instant_event_alert::9DnZ2uQgpTA::217,instant_event_alert,required,181.114267,1,1,0,0,1,1,0.0,0.0,WRONG_TIME
instant_event_alert::UKb3fZY0OfA::218,instant_event_alert,required,290.999042,2,2,2,2,0,0,1.0,1.0,GOOD
instant_event_alert::DHI_NLr_MQY::219,instant_event_alert,required,348.881867,1,1,0,0,1,1,0.0,0.0,WRONG_TIME
instant_event_alert::15GCaMdApS4::220,instant_event_alert,required,118.8,1,1,0,0,1,1,0.0,0.0,WRONG_TIME
instant_event_alert::TJMrW-vgNz0::221,instant_event_alert,required,392.066667,1,1,0,0,1,1,0.0,0.0,WRONG_TIME
instant_event_alert::RnRcjb3MAs8::222,instant_event_alert,required,56.335252,1,1,0,0,1,1,0.0,0.0,WRONG_TIME
instant_event_alert::V9Kl1FK8fUU::223,instant_event_alert,none,182.056875,1,0,0,0,0,1,0.0,0.0,SILENT
instant_event_alert::1KRgCamTNu0::224,instant_event_alert,required,322.022022,1,2,1,1,1,0,0.667,0.667,GOOD
instant_event_alert::UkCJqA7561I::225,instant_event_alert,required,389.68,2,1,0,0,1,2,0.0,0.0,WRONG_TIME
instant_event_alert::SxHRryEQwxQ::226,instant_event_alert,required,226.39306,3,3,2,2,1,1,0.667,0.667,GOOD
instant_event_alert::VU9rzBQMErs::227,instant_event_alert,required,297.630667,2,4,2,2,2,0,0.667,0.667,GOOD
instant_event_alert::3QEZyCTSytU::228,instant_event_alert,required,397.313583,1,2,0,0,2,1,0.0,0.0,WRONG_TIME
instant_event_alert::1ZDmY-UmKfY::229,instant_event_alert,required,57.290567,1,2,0,0,2,1,0.0,0.0,WRONG_TIME
instant_event_alert::L0RIDVNu39s::230,instant_event_alert,helpful,60.06,1,0,0,0,0,1,0.0,0.0,SILENT
instant_event_alert::-QEfaBLGPQk::231,instant_event_alert,required,433.057625,2,2,1,1,1,1,0.5,0.5,GOOD
instant_event_alert::I1zkx0Xz8NY::232,instant_event_alert,required,137.003533,1,1,1,1,0,0,1.0,1.0,GOOD
instant_event_alert::SB7nuM34CWg::233,instant_event_alert,required,110.485375,1,1,0,0,1,1,0.0,0.0,WRONG_TIME
instant_event_alert::KE1RZcZvWMw::234,instant_event_alert,required,478.478,1,2,1,1,1,0,0.667,0.667,GOOD
instant_event_alert::AUXo83jAKIw::235,instant_event_alert,required,314.8145,1,1,1,1,0,0,1.0,1.0,GOOD
instant_event_alert::36Ush_U7z-c::236,instant_event_alert,required,107.04,1,1,1,1,0,0,1.0,1.0,GOOD
instant_event_alert::SAMwVq0S-AM::237,instant_event_alert,required,221.47125,1,1,1,1,0,0,1.0,1.0,GOOD
instant_event_alert::DHULPs5EaBU::238,instant_event_alert,required,274.507567,1,1,1,1,0,0,1.0,1.0,GOOD
instant_event_alert::95Emw6MdmHE::239,instant_event_alert,required,225.48,1,1,1,1,0,0,1.0,1.0,GOOD
instant_event_alert::W5Wh4xCmPC4::240,instant_event_alert,required,432.0316,1,1,1,1,0,0,1.0,1.0,GOOD
instant_event_alert::TRdIVvXBB8k::241,instant_event_alert,required,196.88,2,1,1,1,0,1,0.667,0.667,GOOD
instant_event_alert::UcKNIHy3aeQ::242,instant_event_alert,required,176.332926,1,1,1,1,0,0,1.0,1.0,GOOD
instant_event_alert::MLxg-PXQ47g::243,instant_event_alert,required,180.533333,2,2,2,2,0,0,1.0,1.0,GOOD
instant_event_alert::IL2Pj1bOb4Q::244,instant_event_alert,required,175.7756,2,2,2,2,0,0,1.0,1.0,GOOD
instant_event_alert::C3Wx2o4LZko::245,instant_event_alert,required,57.457457,2,1,1,1,0,1,0.667,0.667,GOOD
instant_event_alert::BifM0YUen9U::246,instant_event_alert,required,242.375467,1,1,0,0,1,1,0.0,0.0,WRONG_TIME
instant_event_alert::9PrAJGLXUuM::247,instant_event_alert,required,492.1917,1,2,1,1,1,0,0.667,0.667,GOOD
instant_event_alert::3iVPx4lsw_0::248,instant_event_alert,required,319.786133,1,2,0,0,2,1,0.0,0.0,WRONG_TIME
instant_event_alert::GV94WLtL1nI::249,instant_event_alert,required,114.7146,1,1,0,0,1,1,0.0,0.0,WRONG_TIME
instant_event_alert::M-gZMQKFPFc::250,instant_event_alert,required,147.380714,1,1,1,1,0,0,1.0,1.0,GOOD
instant_event_alert::GjDTEjAHu_Y::251,instant_event_alert,required,100.44,2,1,1,1,0,1,0.667,0.667,GOOD
instant_event_alert::7M8Ta6BR0Zo::252,instant_event_alert,required,183.6835,1,2,1,1,1,0,0.667,0.667,GOOD
instant_event_alert::2f9-OGw5Kkg::253,instant_event_alert,required,336.210875,2,3,1,1,2,1,0.4,0.4,GOOD
instant_event_alert::Vj8gzj1LSFo::254,instant_event_alert,required,160.952458,1,1,1,1,0,0,1.0,1.0,GOOD
instant_event_alert::LA1F4bSzvDI::255,instant_event_alert,required,109.866667,1,1,1,1,0,0,1.0,1.0,GOOD
instant_event_alert::DLBbSgu_JdM::256,instant_event_alert,none,184.781236,1,1,0,0,1,1,0.0,0.0,WRONG_TIME
instant_event_alert::MrRcGmdL_4U::257,instant_event_alert,required,67.0,1,3,1,1,2,0,0.5,0.5,GOOD
instant_event_alert::5JHKOIfy9aY::258,instant_event_alert,required,337.770767,2,2,1,1,1,1,0.5,0.5,GOOD
instant_event_alert::MbpBw_NTqjE::259,instant_event_alert,required,196.066667,1,1,1,1,0,0,1.0,1.0,GOOD
instant_event_alert::79yU4nPPvPU::260,instant_event_alert,required,237.366667,4,3,3,3,0,1,0.857,0.857,GOOD
instant_event_alert::1yIth_rknTo::261,instant_event_alert,required,192.458333,2,1,0,0,1,2,0.0,0.0,WRONG_TIME
instant_event_alert::UXEgcBFBoRo::262,instant_event_alert,required,434.851078,1,2,1,1,1,0,0.667,0.667,GOOD
instant_event_alert::VkVB9hsAf3g::263,instant_event_alert,required,300.433467,1,2,1,1,1,0,0.667,0.667,GOOD
instant_event_alert::MSfDVu3i9mE::264,instant_event_alert,required,155.522033,1,1,1,1,0,0,1.0,1.0,GOOD
instant_event_alert::DREHhS0Cudc::265,instant_event_alert,required,151.818333,1,1,1,1,0,0,1.0,1.0,GOOD
instant_event_alert::MOpQChwKKik::266,instant_event_alert,required,201.48,1,1,1,1,0,0,1.0,1.0,GOOD
instant_event_alert::1dikAGqQ3hs::267,instant_event_alert,none,186.6865,1,0,0,0,0,1,0.0,0.0,SILENT
instant_event_alert::KQQaI0lWHW0::268,instant_event_alert,required,73.239833,2,1,1,1,0,1,0.667,0.667,GOOD
instant_event_alert::7xZehDyXuB0::269,instant_event_alert,required,106.5,1,1,1,1,0,0,1.0,1.0,GOOD
instant_event_alert::VKk-XBbawW0::270,instant_event_alert,required,165.298467,1,1,1,1,0,0,1.0,1.0,GOOD
instant_event_alert::6RGTgYM1mwk::271,instant_event_alert,required,57.033333,1,1,1,1,0,0,1.0,1.0,GOOD
instant_event_alert::L9SqKlQn69c::272,instant_event_alert,required,153.219733,1,1,1,1,0,0,1.0,1.0,GOOD
instant_event_alert::1pg4pWQ4Jzw::273,instant_event_alert,required,78.369958,1,1,1,1,0,0,1.0,1.0,GOOD
instant_event_alert::APXXDw7BWCg::274,instant_event_alert,required,152.0519,1,0,0,0,0,1,0.0,0.0,SILENT
instant_event_alert::IquGEf1w-Us::275,instant_event_alert,required,197.28,1,1,1,1,0,0,1.0,1.0,GOOD
instant_event_alert::U6-GhG5h0iU::276,instant_event_alert,required,144.102292,1,1,1,1,0,0,1.0,1.0,GOOD
instant_event_alert::8Jy0R7KfemM::277,instant_event_alert,required,82.123185,1,2,1,1,1,0,0.667,0.667,GOOD
instant_event_alert::Wnx9R5oq8ys::278,instant_event_alert,required,122.189,1,1,0,0,1,1,0.0,0.0,WRONG_TIME
instant_event_alert::ME49XGmzzjg::279,instant_event_alert,required,86.519767,1,1,1,1,0,0,1.0,1.0,GOOD
instant_event_alert::SHE3B1pryxk::280,instant_event_alert,required,77.68,2,1,1,1,0,1,0.667,0.667,GOOD
instant_event_alert::RThFUxN_PG4::281,instant_event_alert,required,163.830333,2,1,1,1,0,1,0.667,0.667,GOOD
instant_event_alert::JdACOoKdgAQ::282,instant_event_alert,required,97.466667,3,3,0,0,3,3,0.0,0.0,WRONG_TIME
instant_event_alert::9b793ImfzUM::283,instant_event_alert,required,71.004267,1,1,0,0,1,1,0.0,0.0,WRONG_TIME
instant_event_alert::IW7FuSyFdIs::284,instant_event_alert,required,380.713667,1,1,1,1,0,0,1.0,1.0,GOOD
instant_event_alert::1Mv--tSZevw::285,instant_event_alert,required,184.117267,2,0,0,0,0,2,0.0,0.0,SILENT
instant_event_alert::95YXm5J38-c::286,instant_event_alert,required,211.044167,2,1,0,0,1,2,0.0,0.0,WRONG_TIME
instant_event_alert::Ws4T24vp6rI::287,instant_event_alert,helpful,130.48,3,3,3,3,0,0,1.0,1.0,GOOD
instant_event_alert::HNrYhCKk2DI::288,instant_event_alert,required,59.999331,1,0,0,0,0,1,0.0,0.0,SILENT
instant_event_alert::WvwXV8L_ewc::289,instant_event_alert,required,189.37931,1,0,0,0,0,1,0.0,0.0,SILENT
instant_event_alert::UggJrENa_Qw::290,instant_event_alert,required,455.021233,1,1,0,0,1,1,0.0,0.0,WRONG_TIME
instant_event_alert::JVuXCJWfc1M::291,instant_event_alert,helpful,144.72,2,0,0,0,0,2,0.0,0.0,SILENT
instant_event_alert::SdtXGQyC6GM::292,instant_event_alert,required,137.3372,1,2,0,0,2,1,0.0,0.0,WRONG_TIME
instant_event_alert::6mNFQsWIoDw::293,instant_event_alert,required,225.233333,3,3,3,3,0,0,1.0,1.0,GOOD
instant_event_alert::IhoM6jese_Y::294,instant_event_alert,required,444.477367,1,0,0,0,0,1,0.0,0.0,SILENT
instant_event_alert::2Vh-xCGMLzg::295,instant_event_alert,none,83.8,1,0,0,0,0,1,0.0,0.0,SILENT
instant_event_alert::IR6tTS8r6Jw::296,instant_event_alert,required,96.062633,1,1,0,0,1,1,0.0,0.0,WRONG_TIME
instant_event_alert::S7cKirMMA60::297,instant_event_alert,required,299.6,1,3,0,0,3,1,0.0,0.0,WRONG_TIME
instant_event_alert::M8afiRNnB9s::298,instant_event_alert,required,356.689667,1,1,1,1,0,0,1.0,1.0,GOOD
instant_event_alert::JPEif5pmP0Q::299,instant_event_alert,required,128.9,1,1,1,1,0,0,1.0,1.0,GOOD
explicit_target_grounding::-PzoRugR-nk::0,explicit_target_grounding,required,126.36,1,1,1,0,0,0,1.0,0.0,TIMING_ONLY
explicit_target_grounding::10fOVZIj5zg::1,explicit_target_grounding,required,55.791667,1,1,1,0,0,0,1.0,0.0,TIMING_ONLY
explicit_target_grounding::0wHM01ok0PU::2,explicit_target_grounding,required,105.533333,1,1,1,0,0,0,1.0,0.0,TIMING_ONLY
explicit_target_grounding::0QlMKH_ZlNg::3,explicit_target_grounding,required,163.266667,1,1,1,0,0,0,1.0,0.0,TIMING_ONLY
explicit_target_grounding::-__OUrHGeuU::4,explicit_target_grounding,required,353.4,1,4,1,0,3,0,0.4,0.0,TIMING_ONLY
explicit_target_grounding::-l9fxSCGJ4M::5,explicit_target_grounding,required,155.738917,1,1,1,0,0,0,1.0,0.0,TIMING_ONLY
explicit_target_grounding::14H72gjQBZY::6,explicit_target_grounding,required,256.089167,1,1,1,0,0,0,1.0,0.0,TIMING_ONLY
explicit_target_grounding::1KRgCamTNu0::7,explicit_target_grounding,required,322.022022,1,1,1,0,0,0,1.0,0.0,TIMING_ONLY
explicit_target_grounding::1MNI153DglI::8,explicit_target_grounding,required,196.829967,1,1,1,0,0,0,1.0,0.0,TIMING_ONLY
explicit_target_grounding::2RgzTn6vV54::9,explicit_target_grounding,required,125.592133,1,1,1,0,0,0,1.0,0.0,TIMING_ONLY
explicit_target_grounding::2_gFqUYH--0::10,explicit_target_grounding,required,106.523083,1,1,1,1,0,0,1.0,1.0,GOOD
explicit_target_grounding::2a0O3-5Fpyw::11,explicit_target_grounding,required,449.541667,1,2,0,0,2,1,0.0,0.0,WRONG_TIME
explicit_target_grounding::1ZXaltWuJ5U::12,explicit_target_grounding,required,106.773333,1,1,1,0,0,0,1.0,0.0,TIMING_ONLY
explicit_target_grounding::1Gf2W3eYP28::13,explicit_target_grounding,required,136.92,1,2,1,0,1,0,0.667,0.0,TIMING_ONLY
explicit_target_grounding::-QEfaBLGPQk::14,explicit_target_grounding,required,433.057625,2,2,2,0,0,0,1.0,0.0,TIMING_ONLY
explicit_target_grounding::1cjHAtxmUHA::15,explicit_target_grounding,required,111.733333,1,1,1,1,0,0,1.0,1.0,GOOD
explicit_target_grounding::2-V96f62kGM::16,explicit_target_grounding,required,176.4,2,2,2,1,0,0,1.0,0.5,GOOD
explicit_target_grounding::2aw1yFx9qeo::17,explicit_target_grounding,required,30.08,1,1,1,0,0,0,1.0,0.0,TIMING_ONLY
explicit_target_grounding::2cSIAapg7rU::18,explicit_target_grounding,required,259.88,1,1,1,0,0,0,1.0,0.0,TIMING_ONLY
explicit_target_grounding::2nuCU7AeR_o::19,explicit_target_grounding,required,546.233333,1,1,1,0,0,0,1.0,0.0,TIMING_ONLY
explicit_target_grounding::3RIylbiEDsU::20,explicit_target_grounding,required,287.88,1,1,1,0,0,0,1.0,0.0,TIMING_ONLY
explicit_target_grounding::3iVPx4lsw_0::21,explicit_target_grounding,required,319.786133,1,1,0,0,1,1,0.0,0.0,WRONG_TIME
explicit_target_grounding::3HC-qvnpuds::22,explicit_target_grounding,required,74.949875,1,3,1,0,2,0,0.5,0.0,TIMING_ONLY
explicit_target_grounding::58oXInI52OE::23,explicit_target_grounding,required,106.564792,1,1,1,0,0,0,1.0,0.0,TIMING_ONLY
explicit_target_grounding::6RGTgYM1mwk::24,explicit_target_grounding,required,57.033333,1,1,1,0,0,0,1.0,0.0,TIMING_ONLY
explicit_target_grounding::5cD4CAHexWs::25,explicit_target_grounding,none,174.007167,1,0,0,0,0,1,0.0,0.0,SILENT
explicit_target_grounding::7OVMkB40F9w::26,explicit_target_grounding,required,91.382958,1,2,1,1,1,0,0.667,0.667,GOOD
explicit_target_grounding::714uCusHL4o::27,explicit_target_grounding,required,103.770333,1,2,0,0,2,1,0.0,0.0,WRONG_TIME
explicit_target_grounding::7GkZ7PLMaZk::28,explicit_target_grounding,required,55.933333,1,1,1,0,0,0,1.0,0.0,TIMING_ONLY
explicit_target_grounding::7o6KXLbuG68::29,explicit_target_grounding,required,105.438667,1,0,0,0,0,1,0.0,0.0,SILENT
explicit_target_grounding::8Jy0R7KfemM::30,explicit_target_grounding,required,82.123185,1,2,1,0,1,0,0.667,0.0,TIMING_ONLY
explicit_target_grounding::900pWYk1nLE::31,explicit_target_grounding,required,64.230833,1,1,1,0,0,0,1.0,0.0,TIMING_ONLY
explicit_target_grounding::8adnFn-g8jA::32,explicit_target_grounding,required,50.586207,1,1,1,0,0,0,1.0,0.0,TIMING_ONLY
explicit_target_grounding::8nFoJWmeLoM::33,explicit_target_grounding,helpful,63.466667,2,1,0,0,1,2,0.0,0.0,WRONG_TIME
explicit_target_grounding::95YXm5J38-c::34,explicit_target_grounding,required,211.044167,1,0,0,0,0,1,0.0,0.0,SILENT
explicit_target_grounding::8gdA-kuiqos::35,explicit_target_grounding,required,238.32,1,1,1,0,0,0,1.0,0.0,TIMING_ONLY
explicit_target_grounding::9HXh3hYMDGM::36,explicit_target_grounding,required,176.4,1,1,1,1,0,0,1.0,1.0,GOOD
explicit_target_grounding::9T2anIrIiJs::37,explicit_target_grounding,required,110.35024,1,1,1,0,0,0,1.0,0.0,TIMING_ONLY
explicit_target_grounding::AfHeUd8PLOM::38,explicit_target_grounding,required,271.938333,2,1,0,0,1,2,0.0,0.0,WRONG_TIME
explicit_target_grounding::AwoumR9RiHU::39,explicit_target_grounding,required,137.08,1,1,0,0,1,1,0.0,0.0,WRONG_TIME
explicit_target_grounding::AnBixRgkIGY::40,explicit_target_grounding,required,128.503375,1,1,1,1,0,0,1.0,1.0,GOOD
explicit_target_grounding::BBcu4EclgOs::41,explicit_target_grounding,helpful,163.633333,2,0,0,0,0,2,0.0,0.0,SILENT
explicit_target_grounding::BuoZDMr3Bok::42,explicit_target_grounding,required,47.781067,1,1,1,1,0,0,1.0,1.0,GOOD
explicit_target_grounding::CvyTFwzPUOo::43,explicit_target_grounding,required,168.466667,1,0,0,0,0,1,0.0,0.0,SILENT
explicit_target_grounding::CaZytg0nr5Q::44,explicit_target_grounding,required,343.64,1,2,0,0,2,1,0.0,0.0,WRONG_TIME
explicit_target_grounding::Cxwgop7XICY::45,explicit_target_grounding,required,269.9697,1,1,1,0,0,0,1.0,0.0,TIMING_ONLY
explicit_target_grounding::DL-cZQ4E318::46,explicit_target_grounding,required,134.134,1,1,1,0,0,0,1.0,0.0,TIMING_ONLY
explicit_target_grounding::DVCtum4hn2Y::47,explicit_target_grounding,required,110.0,1,0,0,0,0,1,0.0,0.0,SILENT
explicit_target_grounding::DYQMViyqMnU::48,explicit_target_grounding,required,205.633333,1,1,1,0,0,0,1.0,0.0,TIMING_ONLY
explicit_target_grounding::EEA-VJS7JIQ::49,explicit_target_grounding,required,139.84,1,1,1,0,0,0,1.0,0.0,TIMING_ONLY
explicit_target_grounding::DZpVcpmuCI8::50,explicit_target_grounding,required,310.24,1,2,1,0,1,0,0.667,0.0,TIMING_ONLY
explicit_target_grounding::Dd13d5FL220::51,explicit_target_grounding,required,55.96,2,1,0,0,1,2,0.0,0.0,WRONG_TIME
explicit_target_grounding::EbkcCtvNJQI::52,explicit_target_grounding,required,98.223122,1,1,1,0,0,0,1.0,0.0,TIMING_ONLY
explicit_target_grounding::F8Pa8EPn_c4::53,explicit_target_grounding,required,35.68,1,1,1,0,0,0,1.0,0.0,TIMING_ONLY
explicit_target_grounding::FQKfPV58l4I::54,explicit_target_grounding,required,74.24,1,1,0,0,1,1,0.0,0.0,WRONG_TIME
explicit_target_grounding::F3efbAoHApA::55,explicit_target_grounding,required,178.136292,1,1,0,0,1,1,0.0,0.0,WRONG_TIME
explicit_target_grounding::GOytCM4V23o::56,explicit_target_grounding,required,120.04,1,1,0,0,1,1,0.0,0.0,WRONG_TIME
explicit_target_grounding::GbU_T2XiFgA::57,explicit_target_grounding,required,178.311467,1,1,1,0,0,0,1.0,0.0,TIMING_ONLY
explicit_target_grounding::FywjLQRju7Y::58,explicit_target_grounding,required,325.558567,1,1,0,0,1,1,0.0,0.0,WRONG_TIME
explicit_target_grounding::HNrYhCKk2DI::59,explicit_target_grounding,required,59.999331,1,0,0,0,0,1,0.0,0.0,SILENT
explicit_target_grounding::HVX3F4GDyi4::60,explicit_target_grounding,required,174.625,1,0,0,0,0,1,0.0,0.0,SILENT
explicit_target_grounding::HqVjmu4YKN0::61,explicit_target_grounding,required,118.398544,2,1,1,0,0,1,0.667,0.0,TIMING_ONLY
explicit_target_grounding::IL2Pj1bOb4Q::62,explicit_target_grounding,required,175.7756,1,1,0,0,1,1,0.0,0.0,WRONG_TIME
explicit_target_grounding::I_Qjixayck4::63,explicit_target_grounding,required,187.7,1,0,0,0,0,1,0.0,0.0,SILENT
explicit_target_grounding::IenLTYaTvuY::64,explicit_target_grounding,required,60.26001,1,1,1,1,0,0,1.0,1.0,GOOD
explicit_target_grounding::IigutYLNdfU::65,explicit_target_grounding,helpful,131.965167,1,1,1,0,0,0,1.0,0.0,TIMING_ONLY
explicit_target_grounding::IquGEf1w-Us::66,explicit_target_grounding,required,197.28,1,1,1,0,0,0,1.0,0.0,TIMING_ONLY
explicit_target_grounding::J34pE6PKZPY::67,explicit_target_grounding,required,567.934033,1,2,1,0,1,0,0.667,0.0,TIMING_ONLY
explicit_target_grounding::Kh9MP3gY2nM::68,explicit_target_grounding,required,298.344828,1,1,1,0,0,0,1.0,0.0,TIMING_ONLY
explicit_target_grounding::L6jhfwCgLpg::69,explicit_target_grounding,required,215.56,1,1,0,0,1,1,0.0,0.0,WRONG_TIME
explicit_target_grounding::LlAKcJ-DE88::70,explicit_target_grounding,required,86.4864,1,2,1,0,1,0,0.667,0.0,TIMING_ONLY
explicit_target_grounding::LKHYrdzn3qY::71,explicit_target_grounding,required,227.52,1,0,0,0,0,1,0.0,0.0,SILENT
explicit_target_grounding::LDGJ8ykqlWE::72,explicit_target_grounding,required,129.6295,2,0,0,0,0,2,0.0,0.0,SILENT
explicit_target_grounding::MEqYM_4UbRs::73,explicit_target_grounding,helpful,60.0,1,0,0,0,0,1,0.0,0.0,SILENT
explicit_target_grounding::MmsIOgJuuWQ::74,explicit_target_grounding,required,385.051333,1,1,1,1,0,0,1.0,1.0,GOOD
explicit_target_grounding::PnU1PlgQaUY::75,explicit_target_grounding,none,202.4,1,0,0,0,0,1,0.0,0.0,SILENT
explicit_target_grounding::Q1WSGeuIBUU::76,explicit_target_grounding,required,254.254,1,1,1,0,0,0,1.0,0.0,TIMING_ONLY
explicit_target_grounding::RmjSfjgqgF8::77,explicit_target_grounding,required,111.978533,1,1,1,0,0,0,1.0,0.0,TIMING_ONLY
explicit_target_grounding::S-oGX8DmuhQ::78,explicit_target_grounding,required,127.72,1,0,0,0,0,1,0.0,0.0,SILENT
explicit_target_grounding::SIm5SqQfTq8::79,explicit_target_grounding,required,141.766667,1,1,0,0,1,1,0.0,0.0,WRONG_TIME
explicit_target_grounding::SdtXGQyC6GM::80,explicit_target_grounding,required,137.3372,1,1,0,0,1,1,0.0,0.0,WRONG_TIME
explicit_target_grounding::TxkHJX93K0U::81,explicit_target_grounding,required,48.133333,1,1,1,1,0,0,1.0,1.0,GOOD
explicit_target_grounding::U6-GhG5h0iU::82,explicit_target_grounding,required,144.102292,1,1,1,0,0,0,1.0,0.0,TIMING_ONLY
explicit_target_grounding::UZvpYQ-45No::83,explicit_target_grounding,required,42.666667,1,1,0,0,1,1,0.0,0.0,WRONG_TIME
explicit_target_grounding::UGGUPyzw67w::84,explicit_target_grounding,required,155.522033,1,2,1,0,1,0,0.667,0.0,TIMING_ONLY
explicit_target_grounding::UmQe121ktuE::85,explicit_target_grounding,required,97.6,1,1,1,0,0,0,1.0,0.0,TIMING_ONLY
explicit_target_grounding::UggJrENa_Qw::86,explicit_target_grounding,required,455.021233,1,1,0,0,1,1,0.0,0.0,WRONG_TIME
explicit_target_grounding::UkCJqA7561I::87,explicit_target_grounding,required,389.68,1,2,1,0,1,0,0.667,0.0,TIMING_ONLY
explicit_target_grounding::VehgNhMV1kI::88,explicit_target_grounding,required,81.791667,1,1,1,1,0,0,1.0,1.0,GOOD
explicit_target_grounding::VKk-XBbawW0::89,explicit_target_grounding,required,165.298467,1,1,1,1,0,0,1.0,1.0,GOOD
explicit_target_grounding::Vu60fZgUVf4::90,explicit_target_grounding,required,90.9909,1,1,0,0,1,1,0.0,0.0,WRONG_TIME
explicit_target_grounding::WMAK4edTUmw::91,explicit_target_grounding,required,225.191633,1,1,1,0,0,0,1.0,0.0,TIMING_ONLY
explicit_target_grounding::X6Spq62kq8E::92,explicit_target_grounding,required,64.9649,1,1,1,0,0,0,1.0,0.0,TIMING_ONLY
explicit_target_grounding::WyXJK36bw78::93,explicit_target_grounding,required,356.622933,1,1,1,0,0,0,1.0,0.0,TIMING_ONLY
explicit_target_grounding::XD0cw-03bUk::94,explicit_target_grounding,required,115.648867,1,1,1,0,0,0,1.0,0.0,TIMING_ONLY
explicit_target_grounding::XG8vW3blclY::95,explicit_target_grounding,required,186.48,1,1,1,0,0,0,1.0,0.0,TIMING_ONLY
explicit_target_grounding::Xum6znImE18::96,explicit_target_grounding,required,107.4,1,1,1,0,0,0,1.0,0.0,TIMING_ONLY
explicit_target_grounding::XsM5SvEkvZI::97,explicit_target_grounding,required,184.56,1,1,1,0,0,0,1.0,0.0,TIMING_ONLY
explicit_target_grounding::XdDESCBRIXk::98,explicit_target_grounding,required,305.538567,1,1,1,1,0,0,1.0,1.0,GOOD
explicit_target_grounding::Y8FcmVZNK8Y::99,explicit_target_grounding,required,87.033333,1,2,1,0,1,0,0.667,0.0,TIMING_ONLY
explicit_target_grounding::YZYYVnB0lB8::100,explicit_target_grounding,required,107.398958,1,0,0,0,0,1,0.0,0.0,SILENT
explicit_target_grounding::YPqNYBuUguY::101,explicit_target_grounding,required,491.366667,1,0,0,0,0,1,0.0,0.0,SILENT
explicit_target_grounding::YkM_ZlUI5J8::102,explicit_target_grounding,required,561.994767,2,2,1,0,1,1,0.5,0.0,TIMING_ONLY
explicit_target_grounding::Z-hlc8kN6nI::103,explicit_target_grounding,required,147.897744,1,1,0,0,1,1,0.0,0.0,WRONG_TIME
explicit_target_grounding::YnL0FVrGhFs::104,explicit_target_grounding,required,172.333333,1,1,1,0,0,0,1.0,0.0,TIMING_ONLY
explicit_target_grounding::Z-N3VYrWdKI::105,explicit_target_grounding,required,168.28,1,1,0,0,1,1,0.0,0.0,WRONG_TIME
explicit_target_grounding::ZYbw9M8RD7Y::106,explicit_target_grounding,required,223.014458,1,1,1,0,0,0,1.0,0.0,TIMING_ONLY
explicit_target_grounding::ZGXCr5n8Frg::107,explicit_target_grounding,required,222.28,1,1,1,0,0,0,1.0,0.0,TIMING_ONLY
explicit_target_grounding::ZiGlHTfqN-E::108,explicit_target_grounding,required,115.24,2,2,2,1,0,0,1.0,0.5,GOOD
explicit_target_grounding::_6D4W48qMQo::109,explicit_target_grounding,required,59.4,2,2,2,0,0,0,1.0,0.0,TIMING_ONLY
explicit_target_grounding::_py1WXVX4oc::110,explicit_target_grounding,required,73.139733,1,1,1,0,0,0,1.0,0.0,TIMING_ONLY
explicit_target_grounding::_XWH06cPzJY::111,explicit_target_grounding,required,45.4,1,1,1,0,0,0,1.0,0.0,TIMING_ONLY
explicit_target_grounding::aEqf0X5lFTE::112,explicit_target_grounding,required,111.6115,1,1,1,0,0,0,1.0,0.0,TIMING_ONLY
explicit_target_grounding::aFalMIkiz60::113,explicit_target_grounding,required,103.736967,2,1,0,0,1,2,0.0,0.0,WRONG_TIME
explicit_target_grounding::_RaSYDgoqWU::114,explicit_target_grounding,required,422.1217,1,2,1,0,1,0,0.667,0.0,TIMING_ONLY
explicit_target_grounding::aZQ8bPyEvQ8::115,explicit_target_grounding,required,124.858067,3,1,0,0,1,3,0.0,0.0,WRONG_TIME
explicit_target_grounding::ajhUpdVvmLQ::116,explicit_target_grounding,required,111.077633,1,1,0,0,1,1,0.0,0.0,WRONG_TIME
explicit_target_grounding::bOiG_xau0QM::117,explicit_target_grounding,required,135.301667,1,1,0,0,1,1,0.0,0.0,WRONG_TIME
explicit_target_grounding::bc0QbyygT3w::118,explicit_target_grounding,required,197.765,1,1,1,0,0,0,1.0,0.0,TIMING_ONLY
explicit_target_grounding::brMYwXHMSLY::119,explicit_target_grounding,required,152.8,1,1,1,0,0,0,1.0,0.0,TIMING_ONLY
explicit_target_grounding::cENhWe7JZjg::120,explicit_target_grounding,required,67.834433,1,1,1,1,0,0,1.0,1.0,GOOD
explicit_target_grounding::crEbc_uPl5g::121,explicit_target_grounding,required,143.733333,1,1,0,0,1,1,0.0,0.0,WRONG_TIME
explicit_target_grounding::bze7n_7Ntkw::122,explicit_target_grounding,required,225.0,1,1,0,0,1,1,0.0,0.0,WRONG_TIME
explicit_target_grounding::e-1ZLU_tRJ8::123,explicit_target_grounding,required,52.0,1,1,0,0,1,1,0.0,0.0,WRONG_TIME
explicit_target_grounding::ePTs86a7Dh4::124,explicit_target_grounding,required,191.88,1,1,1,0,0,0,1.0,0.0,TIMING_ONLY
explicit_target_grounding::efv_PnNp5XE::125,explicit_target_grounding,required,228.261367,2,1,0,0,1,2,0.0,0.0,WRONG_TIME
explicit_target_grounding::DLBbSgu_JdM::130,explicit_target_grounding,none,184.781236,1,1,0,0,1,1,0.0,0.0,WRONG_TIME
explicit_target_grounding::EII4qVr-Mjw::131,explicit_target_grounding,required,150.28,2,1,1,0,0,1,0.667,0.0,TIMING_ONLY
explicit_target_grounding::DxxMPyeBLvc::132,explicit_target_grounding,required,217.091875,1,1,1,0,0,0,1.0,0.0,TIMING_ONLY
explicit_target_grounding::GjDTEjAHu_Y::133,explicit_target_grounding,required,100.44,1,1,1,0,0,0,1.0,0.0,TIMING_ONLY
explicit_target_grounding::EOZpxN6w3pE::134,explicit_target_grounding,required,504.1,1,2,0,0,2,1,0.0,0.0,WRONG_TIME
explicit_target_grounding::HrTKYRnwUAs::135,explicit_target_grounding,helpful,166.766767,1,1,0,0,1,1,0.0,0.0,WRONG_TIME
explicit_target_grounding::JPEif5pmP0Q::136,explicit_target_grounding,required,128.9,1,1,1,0,0,0,1.0,0.0,TIMING_ONLY
explicit_target_grounding::KaO8SYGKI6M::137,explicit_target_grounding,required,134.259125,1,1,1,1,0,0,1.0,1.0,GOOD
explicit_target_grounding::KDX7SEoCj4s::138,explicit_target_grounding,required,178.044533,1,1,1,1,0,0,1.0,1.0,GOOD
explicit_target_grounding::K-qCHZ873cE::139,explicit_target_grounding,required,250.483567,1,0,0,0,0,1,0.0,0.0,SILENT
explicit_target_grounding::L1q4J7oNswA::140,explicit_target_grounding,required,143.866667,1,0,0,0,0,1,0.0,0.0,SILENT
explicit_target_grounding::KekkHpBHZ84::141,explicit_target_grounding,required,140.173367,1,2,1,1,1,0,0.667,0.667,GOOD
explicit_target_grounding::KknUO0Elk0I::142,explicit_target_grounding,required,212.587367,1,2,0,0,2,1,0.0,0.0,WRONG_TIME
explicit_target_grounding::KvX3NE3KJ9s::143,explicit_target_grounding,required,266.432833,2,2,1,0,1,1,0.5,0.0,TIMING_ONLY
explicit_target_grounding::N4ukVxLJYS8::144,explicit_target_grounding,required,70.733333,1,1,1,0,0,0,1.0,0.0,TIMING_ONLY
explicit_target_grounding::MARVjDLPDYY::145,explicit_target_grounding,required,69.233333,1,1,1,0,0,0,1.0,0.0,TIMING_ONLY
explicit_target_grounding::MIo6g2mBh-o::146,explicit_target_grounding,required,142.542,1,1,0,0,1,1,0.0,0.0,WRONG_TIME
explicit_target_grounding::PsFHyVssjAc::147,explicit_target_grounding,none,196.972131,2,0,0,0,0,2,0.0,0.0,SILENT
explicit_target_grounding::POpOJQ4oUYk::148,explicit_target_grounding,required,360.96,1,2,1,0,1,0,0.667,0.0,TIMING_ONLY
explicit_target_grounding::N2ampIDnTAQ::149,explicit_target_grounding,required,371.04,1,1,0,0,1,1,0.0,0.0,WRONG_TIME
explicit_target_grounding::QLG-3jNLfH0::150,explicit_target_grounding,required,79.079,1,1,0,0,1,1,0.0,0.0,WRONG_TIME
explicit_target_grounding::QUCUZ8gA2Ok::151,explicit_target_grounding,required,196.829967,1,1,0,0,1,1,0.0,0.0,WRONG_TIME
explicit_target_grounding::RCwTPOjyNUM::152,explicit_target_grounding,required,170.6,1,1,1,0,0,0,1.0,0.0,TIMING_ONLY
explicit_target_grounding::QtK2gxsTNyM::153,explicit_target_grounding,required,201.951111,1,1,1,1,0,0,1.0,1.0,GOOD
explicit_target_grounding::RnRcjb3MAs8::154,explicit_target_grounding,required,56.335252,1,1,1,1,0,0,1.0,1.0,GOOD
explicit_target_grounding::RWpTUgVDOB0::155,explicit_target_grounding,required,125.208333,1,2,1,0,1,0,0.667,0.0,TIMING_ONLY
explicit_target_grounding::RyZMWPrw8Dg::156,explicit_target_grounding,required,153.486667,1,0,0,0,0,1,0.0,0.0,SILENT
explicit_target_grounding::S7cKirMMA60::157,explicit_target_grounding,required,299.6,1,5,0,0,5,1,0.0,0.0,WRONG_TIME
explicit_target_grounding::SXhqgUW3mjw::158,explicit_target_grounding,helpful,163.733333,1,0,0,0,0,1,0.0,0.0,SILENT
explicit_target_grounding::U6Ga-DHVy8k::159,explicit_target_grounding,required,66.32,1,2,0,0,2,1,0.0,0.0,WRONG_TIME
explicit_target_grounding::Tx2LlQJWOJU::160,explicit_target_grounding,required,216.24,1,0,0,0,0,1,0.0,0.0,SILENT
explicit_target_grounding::U9SraX8Z1m8::161,explicit_target_grounding,required,370.537204,1,2,1,1,1,0,0.667,0.667,GOOD
explicit_target_grounding::UldXRipkEno::162,explicit_target_grounding,required,98.531767,1,1,1,0,0,0,1.0,0.0,TIMING_ONLY
explicit_target_grounding::W0-a_BbCo9I::163,explicit_target_grounding,required,126.835042,1,1,1,0,0,0,1.0,0.0,TIMING_ONLY
explicit_target_grounding::Uu1mGBeAQPg::164,explicit_target_grounding,required,464.84,2,3,2,0,1,0,0.8,0.0,TIMING_ONLY
explicit_target_grounding::WEFiV9pwYoU::165,explicit_target_grounding,required,347.966667,2,2,1,0,1,1,0.5,0.0,TIMING_ONLY
explicit_target_grounding::Y4dQgIbjTWI::166,explicit_target_grounding,none,115.482033,1,1,0,0,1,1,0.0,0.0,WRONG_TIME
explicit_target_grounding::YJV5yWfrB98::167,explicit_target_grounding,none,152.919433,1,0,0,0,0,1,0.0,0.0,SILENT
explicit_target_grounding::YD3UBHus_hg::168,explicit_target_grounding,required,265.999067,1,1,1,0,0,0,1.0,0.0,TIMING_ONLY
explicit_target_grounding::ZzNKv0hbkCY::169,explicit_target_grounding,required,126.693233,1,1,0,0,1,1,0.0,0.0,WRONG_TIME
explicit_target_grounding::ZfP-mTFTJcc::170,explicit_target_grounding,required,132.9328,3,1,0,0,1,3,0.0,0.0,WRONG_TIME
explicit_target_grounding::bVfgoMH6NZA::171,explicit_target_grounding,required,207.2,1,0,0,0,0,1,0.0,0.0,SILENT
explicit_target_grounding::amTGcG8MMBc::172,explicit_target_grounding,required,115.8,1,1,1,0,0,0,1.0,0.0,TIMING_ONLY
explicit_target_grounding::cRIYcS6awZQ::173,explicit_target_grounding,required,109.233333,1,1,1,0,0,0,1.0,0.0,TIMING_ONLY
explicit_target_grounding::gUHQnkOkeX8::174,explicit_target_grounding,required,452.452,2,1,0,0,1,2,0.0,0.0,WRONG_TIME
explicit_target_grounding::fDPS-RV0cjc::175,explicit_target_grounding,required,461.627833,1,1,0,0,1,1,0.0,0.0,WRONG_TIME
explicit_target_grounding::h37mxfmaZiM::176,explicit_target_grounding,required,194.143602,1,1,0,0,1,1,0.0,0.0,WRONG_TIME
explicit_target_grounding::lFjvRCEybe0::177,explicit_target_grounding,required,132.6325,1,1,0,0,1,1,0.0,0.0,WRONG_TIME
explicit_target_grounding::oFXMDy9AUbI::178,explicit_target_grounding,required,224.390833,1,1,1,0,0,0,1.0,0.0,TIMING_ONLY
explicit_target_grounding::pDfwyiHcEkM::179,explicit_target_grounding,required,455.68,1,1,1,0,0,0,1.0,0.0,TIMING_ONLY
explicit_target_grounding::o_lLsDzK-JM::180,explicit_target_grounding,required,251.884967,1,1,0,0,1,1,0.0,0.0,WRONG_TIME
explicit_target_grounding::qJq_VAIiJdk::181,explicit_target_grounding,required,321.242933,1,1,0,0,1,1,0.0,0.0,WRONG_TIME
explicit_target_grounding::r6BeiY06VuQ::182,explicit_target_grounding,required,174.12,1,1,1,0,0,0,1.0,0.0,TIMING_ONLY
explicit_target_grounding::qH7vE-Jpiz0::183,explicit_target_grounding,required,163.897231,1,2,1,1,1,0,0.667,0.667,GOOD
explicit_target_grounding::tDMu9cy-Uag::184,explicit_target_grounding,required,267.24,1,2,1,1,1,0,0.667,0.667,GOOD
explicit_target_grounding::tIucoPPim-Y::185,explicit_target_grounding,required,276.6,1,1,0,0,1,1,0.0,0.0,WRONG_TIME
explicit_target_grounding::uzXK3OkmOL8::186,explicit_target_grounding,required,227.3271,1,1,1,0,0,0,1.0,0.0,TIMING_ONLY
explicit_target_grounding::vOTU-xNzQlo::187,explicit_target_grounding,required,133.833333,1,1,1,0,0,0,1.0,0.0,TIMING_ONLY
explicit_target_grounding::w0Mg6Stk58U::188,explicit_target_grounding,required,353.88,1,0,0,0,0,1,0.0,0.0,SILENT
explicit_target_grounding::xzpqxtOtdvM::189,explicit_target_grounding,required,179.8,1,1,1,0,0,0,1.0,0.0,TIMING_ONLY
explicit_target_grounding::xAfG9GHJ3Tk::190,explicit_target_grounding,required,574.040133,1,2,0,0,2,1,0.0,0.0,WRONG_TIME
explicit_target_grounding::xdFwSqafA-U::191,explicit_target_grounding,required,153.920433,1,3,0,0,3,1,0.0,0.0,WRONG_TIME
explicit_target_grounding::xIWiwN9pM14::192,explicit_target_grounding,required,107.816042,1,1,0,0,1,1,0.0,0.0,WRONG_TIME
explicit_target_grounding::noOM42oLy_s::193,explicit_target_grounding,required,404.04,1,1,0,0,1,1,0.0,0.0,WRONG_TIME
explicit_target_grounding::JgeBS1hC2cM::194,explicit_target_grounding,required,293.6,1,0,0,0,0,1,0.0,0.0,SILENT
explicit_target_grounding::eugSjfXCApM::195,explicit_target_grounding,required,241.56,1,1,1,0,0,0,1.0,0.0,TIMING_ONLY
explicit_target_grounding::flusr8d7n_I::196,explicit_target_grounding,required,120.888,1,1,1,0,0,0,1.0,0.0,TIMING_ONLY
explicit_target_grounding::gfFYqvyq4Cs::197,explicit_target_grounding,required,36.441,1,1,1,1,0,0,1.0,1.0,GOOD
explicit_target_grounding::g-Qft--wA9Q::198,explicit_target_grounding,required,239.53954,2,2,1,0,1,1,0.5,0.0,TIMING_ONLY
explicit_target_grounding::g_lqU8HjjTo::199,explicit_target_grounding,required,67.0,1,1,1,0,0,0,1.0,0.0,TIMING_ONLY
explicit_target_grounding::ffQ1NlHqsdU::200,explicit_target_grounding,required,271.537933,1,1,0,0,1,1,0.0,0.0,WRONG_TIME
explicit_target_grounding::gMgc1lFyvNU::201,explicit_target_grounding,required,203.466667,1,2,1,0,1,0,0.667,0.0,TIMING_ONLY
explicit_target_grounding::kSrxSV04zGU::211,explicit_target_grounding,required,94.52,1,1,1,0,0,0,1.0,0.0,TIMING_ONLY
explicit_target_grounding::kTcnZEPSAZE::212,explicit_target_grounding,required,99.48,1,1,0,0,1,1,0.0,0.0,WRONG_TIME
explicit_target_grounding::k53NKmTcnZ8::213,explicit_target_grounding,required,210.133333,1,1,1,0,0,0,1.0,0.0,TIMING_ONLY
explicit_target_grounding::knQCHTdP6L8::214,explicit_target_grounding,required,205.255244,1,2,1,0,1,0,0.667,0.0,TIMING_ONLY
explicit_target_grounding::l1hSxpbY0yA::215,explicit_target_grounding,required,122.041667,2,1,1,0,0,1,0.667,0.0,TIMING_ONLY
explicit_target_grounding::kud5An9_eGw::216,explicit_target_grounding,required,335.168167,1,2,0,0,2,1,0.0,0.0,WRONG_TIME
explicit_target_grounding::lGjFhc8w7ss::217,explicit_target_grounding,required,55.833333,1,1,0,0,1,1,0.0,0.0,WRONG_TIME
explicit_target_grounding::l2a5Jfb_ryM::218,explicit_target_grounding,required,195.16,1,1,1,0,0,0,1.0,0.0,TIMING_ONLY
explicit_target_grounding::lCSTBNeAOFM::219,explicit_target_grounding,required,171.237733,2,2,2,0,0,0,1.0,0.0,TIMING_ONLY
explicit_target_grounding::l4yzdnliEPE::220,explicit_target_grounding,required,256.333333,1,1,1,0,0,0,1.0,0.0,TIMING_ONLY
explicit_target_grounding::liertmG3u_s::221,explicit_target_grounding,required,80.313567,1,1,1,1,0,0,1.0,1.0,GOOD
explicit_target_grounding::kvZUg1jyDJE::222,explicit_target_grounding,required,146.625,1,1,1,1,0,0,1.0,1.0,GOOD
explicit_target_grounding::lT1wTF2LJHs::223,explicit_target_grounding,required,65.92,1,1,1,0,0,0,1.0,0.0,TIMING_ONLY
explicit_target_grounding::l2J0M0D38m8::224,explicit_target_grounding,required,481.466667,1,2,1,1,1,0,0.667,0.667,GOOD
explicit_target_grounding::m1ESWlMVugc::225,explicit_target_grounding,required,171.037533,2,1,0,0,1,2,0.0,0.0,WRONG_TIME
explicit_target_grounding::m3oVRw2hbCw::226,explicit_target_grounding,required,110.643867,1,1,1,1,0,0,1.0,1.0,GOOD
explicit_target_grounding::mkVvnkp09pM::227,explicit_target_grounding,required,92.76,1,1,0,0,1,1,0.0,0.0,WRONG_TIME
explicit_target_grounding::mubzSlG256c::228,explicit_target_grounding,required,51.08,1,1,0,0,1,1,0.0,0.0,WRONG_TIME
explicit_target_grounding::lUvcxr1HY1U::229,explicit_target_grounding,required,309.52,1,2,0,0,2,1,0.0,0.0,WRONG_TIME
explicit_target_grounding::n89wgjevEsE::230,explicit_target_grounding,required,301.866667,2,2,2,0,0,0,1.0,0.0,TIMING_ONLY
explicit_target_grounding::nCMbcOm54zU::231,explicit_target_grounding,required,139.166667,1,1,1,1,0,0,1.0,1.0,GOOD
explicit_target_grounding::o0LY74Q2BOs::232,explicit_target_grounding,required,78.92,1,1,0,0,1,1,0.0,0.0,WRONG_TIME
explicit_target_grounding::o8IzzdtUyv0::233,explicit_target_grounding,required,181.44,1,1,1,1,0,0,1.0,1.0,GOOD
explicit_target_grounding::oF-Oe0ukcuE::234,explicit_target_grounding,required,86.0,2,2,1,1,1,1,0.5,0.5,GOOD
explicit_target_grounding::nkb5jhJArZk::235,explicit_target_grounding,required,90.44,1,1,1,0,0,0,1.0,0.0,TIMING_ONLY
explicit_target_grounding::oBvw8UmeeHs::236,explicit_target_grounding,required,137.38725,1,1,0,0,1,1,0.0,0.0,WRONG_TIME
explicit_target_grounding::okNOVf7OUto::237,explicit_target_grounding,required,358.274583,1,0,0,0,0,1,0.0,0.0,SILENT
explicit_target_grounding::ospuzS4zfdE::238,explicit_target_grounding,required,62.495767,1,1,0,0,1,1,0.0,0.0,WRONG_TIME
explicit_target_grounding::oYbsX2F78ho::239,explicit_target_grounding,required,147.88,1,1,0,0,1,1,0.0,0.0,WRONG_TIME
explicit_target_grounding::pPXltWFLIys::240,explicit_target_grounding,required,146.0,1,1,1,0,0,0,1.0,0.0,TIMING_ONLY
explicit_target_grounding::ozipQfodpAg::241,explicit_target_grounding,required,226.226,3,1,0,0,1,3,0.0,0.0,WRONG_TIME
explicit_target_grounding::pScHAD2PyTw::242,explicit_target_grounding,required,304.537567,1,1,0,0,1,1,0.0,0.0,WRONG_TIME
explicit_target_grounding::pDHenIEC7pk::243,explicit_target_grounding,required,203.6,1,1,1,0,0,0,1.0,0.0,TIMING_ONLY
explicit_target_grounding::pdHhnIOm2Q8::244,explicit_target_grounding,required,89.417059,1,1,1,0,0,0,1.0,0.0,TIMING_ONLY
explicit_target_grounding::oj_vKVJHv-M::245,explicit_target_grounding,required,486.752933,1,1,1,1,0,0,1.0,1.0,GOOD
explicit_target_grounding::qDuPITqVLBo::246,explicit_target_grounding,required,103.169733,1,2,1,0,1,0,0.667,0.0,TIMING_ONLY
explicit_target_grounding::qMD929Nr5SI::247,explicit_target_grounding,required,83.383383,1,1,1,1,0,0,1.0,1.0,GOOD
explicit_target_grounding::r8G8byiQ5Nc::248,explicit_target_grounding,required,83.833333,1,1,1,0,0,0,1.0,0.0,TIMING_ONLY
explicit_target_grounding::rFA1jSO6pdg::249,explicit_target_grounding,required,70.612208,1,1,0,0,1,1,0.0,0.0,WRONG_TIME
explicit_target_grounding::qtdHKvr0xas::250,explicit_target_grounding,required,106.96,1,1,0,0,1,1,0.0,0.0,WRONG_TIME
explicit_target_grounding::rijF6CLdEpQ::251,explicit_target_grounding,required,79.412667,1,0,0,0,0,1,0.0,0.0,SILENT
explicit_target_grounding::qYCtEAthTfo::252,explicit_target_grounding,required,410.701,1,2,1,0,1,0,0.667,0.0,TIMING_ONLY
explicit_target_grounding::rUaoCPdu8LE::253,explicit_target_grounding,required,136.803333,1,1,1,0,0,0,1.0,0.0,TIMING_ONLY
explicit_target_grounding::rtXm_4PZLNY::254,explicit_target_grounding,required,69.6,1,1,1,0,0,0,1.0,0.0,TIMING_ONLY
explicit_target_grounding::s8RjNHsUaQM::255,explicit_target_grounding,required,70.487083,1,2,1,0,1,0,0.667,0.0,TIMING_ONLY
explicit_target_grounding::ryDNCQtDocw::256,explicit_target_grounding,required,137.871067,1,1,1,0,0,0,1.0,0.0,TIMING_ONLY
explicit_target_grounding::sNm_rmkzt3Y::257,explicit_target_grounding,required,41.075729,1,1,1,0,0,0,1.0,0.0,TIMING_ONLY
explicit_target_grounding::t-sHfZ9upSs::258,explicit_target_grounding,required,30.096733,1,1,0,0,1,1,0.0,0.0,WRONG_TIME
explicit_target_grounding::t6bFj5BysGA::259,explicit_target_grounding,required,131.506375,1,2,1,0,1,0,0.667,0.0,TIMING_ONLY
explicit_target_grounding::sNKoFISrMLc::260,explicit_target_grounding,required,81.04,1,1,1,1,0,0,1.0,1.0,GOOD
explicit_target_grounding::sN4ZJzJHFTw::261,explicit_target_grounding,required,103.570133,1,1,1,0,0,0,1.0,0.0,TIMING_ONLY
explicit_target_grounding::sIXsU2bGkqQ::262,explicit_target_grounding,required,267.300367,1,2,0,0,2,1,0.0,0.0,WRONG_TIME
explicit_target_grounding::usnThnerhSA::263,explicit_target_grounding,required,71.44,1,0,0,0,0,1,0.0,0.0,SILENT
explicit_target_grounding::utme9QjyLNE::264,explicit_target_grounding,required,108.273333,1,2,1,0,1,0,0.667,0.0,TIMING_ONLY
explicit_target_grounding::sO3wd7X-l7U::265,explicit_target_grounding,required,60.08,1,0,0,0,0,1,0.0,0.0,SILENT
explicit_target_grounding::uHBgWoztks4::266,explicit_target_grounding,required,110.7,1,2,1,1,1,0,0.667,0.667,GOOD
explicit_target_grounding::v4-zBR7aXFU::267,explicit_target_grounding,required,46.92,1,1,0,0,1,1,0.0,0.0,WRONG_TIME
explicit_target_grounding::vF5veIO2xiA::268,explicit_target_grounding,required,137.233333,1,1,1,0,0,0,1.0,0.0,TIMING_ONLY
explicit_target_grounding::vRO8vWryVx4::269,explicit_target_grounding,required,32.365667,1,1,1,1,0,0,1.0,1.0,GOOD
explicit_target_grounding::vSgLQ4yI6dI::270,explicit_target_grounding,required,73.506767,1,2,1,0,1,0,0.667,0.0,TIMING_ONLY
explicit_target_grounding::vqQhq_1JnFE::271,explicit_target_grounding,required,51.44,1,0,0,0,0,1,0.0,0.0,SILENT
explicit_target_grounding::wq9wywa4xiM::272,explicit_target_grounding,required,58.166667,1,1,0,0,1,1,0.0,0.0,WRONG_TIME
explicit_target_grounding::vkDb-j2R5_s::273,explicit_target_grounding,required,220.708333,1,1,0,0,1,1,0.0,0.0,WRONG_TIME
explicit_target_grounding::vixKZKiMmP0::274,explicit_target_grounding,required,130.16,1,0,0,0,0,1,0.0,0.0,SILENT
explicit_target_grounding::vZ7aubi3R3I::275,explicit_target_grounding,required,184.76,1,1,1,1,0,0,1.0,1.0,GOOD
explicit_target_grounding::wXFs1TTGSPI::276,explicit_target_grounding,required,292.52,1,1,1,1,0,0,1.0,1.0,GOOD
explicit_target_grounding::wyEVCUU6AbA::277,explicit_target_grounding,required,246.866667,1,3,0,0,3,1,0.0,0.0,WRONG_TIME
explicit_target_grounding::vu5IvPplfb0::278,explicit_target_grounding,required,111.08,1,1,1,0,0,0,1.0,0.0,TIMING_ONLY
explicit_target_grounding::x2AfLlYiFCw::279,explicit_target_grounding,required,66.9669,1,1,1,0,0,0,1.0,0.0,TIMING_ONLY
explicit_target_grounding::xjElCXPNY48::280,explicit_target_grounding,required,61.866667,1,0,0,0,0,1,0.0,0.0,SILENT
explicit_target_grounding::xknwKPCmZKM::281,explicit_target_grounding,required,55.9559,1,0,0,0,0,1,0.0,0.0,SILENT
explicit_target_grounding::xZQCrBEWOOM::282,explicit_target_grounding,required,274.399125,1,1,0,0,1,1,0.0,0.0,WRONG_TIME
explicit_target_grounding::xxkw6OT_flM::283,explicit_target_grounding,required,165.856655,1,1,0,0,1,1,0.0,0.0,WRONG_TIME
explicit_target_grounding::xsO7lu70Ghg::284,explicit_target_grounding,required,225.959067,1,2,1,0,1,0,0.667,0.0,TIMING_ONLY
explicit_target_grounding::yCW_-SuVWGo::285,explicit_target_grounding,required,77.8,1,1,0,0,1,1,0.0,0.0,WRONG_TIME
explicit_target_grounding::Ji-sqo8Avuo::286,explicit_target_grounding,required,55.08,1,1,1,1,0,0,1.0,1.0,GOOD
explicit_target_grounding::xpKtJw67v7g::287,explicit_target_grounding,required,379.16,1,2,0,0,2,1,0.0,0.0,WRONG_TIME
explicit_target_grounding::kj5TLqhcD38::288,explicit_target_grounding,required,302.04,1,1,1,0,0,0,1.0,0.0,TIMING_ONLY
explicit_target_grounding::mvl5ZOIy_sM::289,explicit_target_grounding,required,336.2359,1,5,1,0,4,0,0.333,0.0,TIMING_ONLY
explicit_target_grounding::1SwvQVV5fug::290,explicit_target_grounding,required,363.321292,1,2,0,0,2,1,0.0,0.0,WRONG_TIME
explicit_target_grounding::2BByygOLXNM::291,explicit_target_grounding,required,287.245292,1,1,1,1,0,0,1.0,1.0,GOOD
explicit_target_grounding::2zaCRi7-eW8::292,explicit_target_grounding,required,346.2459,1,1,0,0,1,1,0.0,0.0,WRONG_TIME
explicit_target_grounding::3QEZyCTSytU::293,explicit_target_grounding,required,397.313583,1,2,1,0,1,0,0.667,0.0,TIMING_ONLY
explicit_target_grounding::3PSDRMdp2Yc::294,explicit_target_grounding,required,325.591933,1,2,0,0,2,1,0.0,0.0,WRONG_TIME
explicit_target_grounding::6mNFQsWIoDw::295,explicit_target_grounding,required,225.233333,1,2,1,0,1,0,0.667,0.0,TIMING_ONLY
explicit_target_grounding::7XJ6Ss2i60Q::296,explicit_target_grounding,required,303.24,1,1,1,0,0,0,1.0,0.0,TIMING_ONLY
explicit_target_grounding::8n7a6zE0i48::297,explicit_target_grounding,required,140.8,1,1,1,0,0,0,1.0,0.0,TIMING_ONLY
explicit_target_grounding::78FcjhTSeXY::298,explicit_target_grounding,required,385.966667,1,2,1,1,1,0,0.667,0.667,GOOD
explicit_target_grounding::9DnZ2uQgpTA::299,explicit_target_grounding,required,181.114267,1,2,1,0,1,0,0.667,0.0,TIMING_ONLY
explicit_target_grounding::gpWSatxoWXY::202,explicit_target_grounding,required,101.2,1,0,0,0,0,1,0.0,0.0,SILENT
explicit_target_grounding::h2vrh9G5-cY::203,explicit_target_grounding,required,215.0,1,1,1,1,0,0,1.0,1.0,GOOD
explicit_target_grounding::hKkycSsq__E::204,explicit_target_grounding,required,30.666667,1,0,0,0,0,1,0.0,0.0,SILENT
explicit_target_grounding::gfTOaS5TWKo::205,explicit_target_grounding,required,88.633008,1,1,1,0,0,0,1.0,0.0,TIMING_ONLY
explicit_target_grounding::h2SpLNxN-tw::206,explicit_target_grounding,required,248.7485,1,3,1,0,2,0,0.5,0.0,TIMING_ONLY
explicit_target_grounding::hMT94y2aUYs::207,explicit_target_grounding,required,156.2561,2,1,0,0,1,2,0.0,0.0,WRONG_TIME
explicit_target_grounding::hCYODDPhe2g::208,explicit_target_grounding,required,202.625,1,2,0,0,2,1,0.0,0.0,WRONG_TIME
explicit_target_grounding::kSG2J6saxl0::209,explicit_target_grounding,required,72.2722,1,1,1,0,0,0,1.0,0.0,TIMING_ONLY
explicit_target_grounding::kHEIxjGZFfY::210,explicit_target_grounding,required,83.7837,1,1,1,0,0,0,1.0,0.0,TIMING_ONLY
explicit_target_grounding::fRbjJ70tYNw::126,explicit_target_grounding,required,61.094367,1,1,0,0,1,1,0.0,0.0,WRONG_TIME
explicit_target_grounding::do2t7F13NNA::127,explicit_target_grounding,required,373.406367,1,1,0,0,1,1,0.0,0.0,WRONG_TIME
explicit_target_grounding::fGx5YtQWJWo::128,explicit_target_grounding,required,349.015333,1,1,1,0,0,0,1.0,0.0,TIMING_ONLY
explicit_target_grounding::fx9wANarmj0::129,explicit_target_grounding,required,133.8337,1,1,1,0,0,0,1.0,0.0,TIMING_ONLY
realtime_state_monitor::3voe8kCy7Gs::75,realtime_state_monitor,required,527.894,10,2,0,0,2,10,0.0,0.0,WRONG_TIME
realtime_state_monitor::2-V96f62kGM::76,realtime_state_monitor,required,176.4,4,3,0,0,3,4,0.0,0.0,WRONG_TIME
realtime_state_monitor::BvoAt3KG7PY::77,realtime_state_monitor,required,235.9357,3,3,2,0,1,1,0.667,0.0,TIMING_ONLY
realtime_state_monitor::5_LRMz5WxUk::78,realtime_state_monitor,helpful,344.9446,4,2,0,0,2,4,0.0,0.0,WRONG_TIME
realtime_state_monitor::5WaqH41u7n8::79,realtime_state_monitor,none,247.313733,4,0,0,0,0,4,0.0,0.0,SILENT
realtime_state_monitor::tDMu9cy-Uag::80,realtime_state_monitor,required,267.24,2,1,1,1,0,1,0.667,0.667,GOOD
realtime_state_monitor::Uaa-Mz84vC8::81,realtime_state_monitor,helpful,400.1,5,1,0,0,1,5,0.0,0.0,WRONG_TIME
realtime_state_monitor::QLG-3jNLfH0::82,realtime_state_monitor,none,79.079,3,0,0,0,0,3,0.0,0.0,SILENT
realtime_state_monitor::40SL-m4u-LQ::83,realtime_state_monitor,none,208.208,4,0,0,0,0,4,0.0,0.0,SILENT
realtime_state_monitor::vEVEXNI-uAA::84,realtime_state_monitor,helpful,189.9898,4,1,0,0,1,4,0.0,0.0,WRONG_TIME
realtime_state_monitor::PZB-IvTq1u8::85,realtime_state_monitor,none,129.062267,5,1,0,0,1,5,0.0,0.0,WRONG_TIME
realtime_state_monitor::mDSFARouUS0::86,realtime_state_monitor,none,260.333333,4,1,0,0,1,4,0.0,0.0,WRONG_TIME
realtime_state_monitor::mPDB-QrUYoM::87,realtime_state_monitor,required,207.95775,3,1,0,0,1,3,0.0,0.0,WRONG_TIME
realtime_state_monitor::nIItBe0qd4s::88,realtime_state_monitor,required,135.135,4,1,1,1,0,3,0.4,0.4,GOOD
realtime_state_monitor::-QEfaBLGPQk::89,realtime_state_monitor,required,433.057625,5,1,0,0,1,5,0.0,0.0,WRONG_TIME
realtime_state_monitor::58oXInI52OE::90,realtime_state_monitor,none,106.564792,5,1,0,0,1,5,0.0,0.0,WRONG_TIME
realtime_state_monitor::nUo9znRufNY::91,realtime_state_monitor,required,458.6,5,1,0,0,1,5,0.0,0.0,WRONG_TIME
realtime_state_monitor::0zoM5qZTjRo::92,realtime_state_monitor,required,311.4111,5,1,0,0,1,5,0.0,0.0,WRONG_TIME
realtime_state_monitor::oFXMDy9AUbI::93,realtime_state_monitor,required,224.390833,5,6,2,0,4,3,0.364,0.0,TIMING_ONLY
realtime_state_monitor::9dzOr4b5qFs::94,realtime_state_monitor,none,59.976583,6,0,0,0,0,6,0.0,0.0,SILENT
realtime_state_monitor::992LjxXKfPk::95,realtime_state_monitor,required,539.766667,4,2,1,0,1,3,0.333,0.0,TIMING_ONLY
realtime_state_monitor::MwFpY7wY9-k::96,realtime_state_monitor,required,152.719233,4,4,2,0,2,2,0.5,0.0,TIMING_ONLY
realtime_state_monitor::YQBj3WWde30::97,realtime_state_monitor,helpful,103.833333,4,1,0,0,1,4,0.0,0.0,WRONG_TIME
realtime_state_monitor::3PSDRMdp2Yc::98,realtime_state_monitor,none,325.591933,5,0,0,0,0,5,0.0,0.0,SILENT
realtime_state_monitor::qVe2ZCK87bc::99,realtime_state_monitor,none,92.416667,6,1,0,0,1,6,0.0,0.0,WRONG_TIME
realtime_state_monitor::UldXRipkEno::100,realtime_state_monitor,none,98.531767,6,0,0,0,0,6,0.0,0.0,SILENT
realtime_state_monitor::HeYbc8d9U7s::101,realtime_state_monitor,required,155.788967,3,1,1,1,0,2,0.5,0.5,GOOD
realtime_state_monitor::ozipQfodpAg::102,realtime_state_monitor,required,226.226,3,2,1,0,1,2,0.4,0.0,TIMING_ONLY
realtime_state_monitor::uZBpGSkFzFQ::103,realtime_state_monitor,required,286.552933,5,4,2,0,2,3,0.444,0.0,TIMING_ONLY
realtime_state_monitor::DL-cZQ4E318::104,realtime_state_monitor,required,134.134,5,1,0,0,1,5,0.0,0.0,WRONG_TIME
realtime_state_monitor::XG8vW3blclY::105,realtime_state_monitor,required,186.48,7,1,0,0,1,7,0.0,0.0,WRONG_TIME
realtime_state_monitor::uEQhiiFCvFI::106,realtime_state_monitor,none,41.9,3,0,0,0,0,3,0.0,0.0,SILENT
realtime_state_monitor::CAYlUmDhUS8::107,realtime_state_monitor,helpful,133.36,4,0,0,0,0,4,0.0,0.0,SILENT
realtime_state_monitor::2Crk3CL5-Ec::108,realtime_state_monitor,required,199.12,4,2,0,0,2,4,0.0,0.0,WRONG_TIME
realtime_state_monitor::4JsjkyuzfdI::109,realtime_state_monitor,helpful,459.966667,5,1,0,0,1,5,0.0,0.0,WRONG_TIME
realtime_state_monitor::U9ZHW6fAv04::110,realtime_state_monitor,required,197.530667,3,4,3,2,1,0,0.857,0.571,GOOD
realtime_state_monitor::UcKNIHy3aeQ::111,realtime_state_monitor,required,176.332926,3,3,2,2,1,1,0.667,0.667,GOOD
realtime_state_monitor::lMrBZWxYY60::112,realtime_state_monitor,none,181.648133,3,1,0,0,1,3,0.0,0.0,WRONG_TIME
realtime_state_monitor::qDuPITqVLBo::113,realtime_state_monitor,required,103.169733,3,2,1,1,1,2,0.4,0.4,GOOD
realtime_state_monitor::xknwKPCmZKM::114,realtime_state_monitor,none,55.9559,2,0,0,0,0,2,0.0,0.0,SILENT
realtime_state_monitor::GV94WLtL1nI::115,realtime_state_monitor,none,114.7146,5,0,0,0,0,5,0.0,0.0,SILENT
realtime_state_monitor::liertmG3u_s::116,realtime_state_monitor,none,80.313567,5,0,0,0,0,5,0.0,0.0,SILENT
realtime_state_monitor::r8G8byiQ5Nc::117,realtime_state_monitor,none,83.833333,6,0,0,0,0,6,0.0,0.0,SILENT
realtime_state_monitor::Acbcm6GJBZw::118,realtime_state_monitor,helpful,362.04,5,1,0,0,1,5,0.0,0.0,WRONG_TIME
realtime_state_monitor::KFpK0Z8FVyI::119,realtime_state_monitor,none,280.833333,3,1,0,0,1,3,0.0,0.0,WRONG_TIME
realtime_state_monitor::HcGa_j-YDmw::120,realtime_state_monitor,required,255.84,5,3,1,1,2,4,0.25,0.25,GOOD
realtime_state_monitor::BCKpVVtJexc::121,realtime_state_monitor,required,354.466667,5,1,0,0,1,5,0.0,0.0,WRONG_TIME
realtime_state_monitor::XsM5SvEkvZI::122,realtime_state_monitor,required,184.56,6,8,4,4,4,2,0.571,0.571,GOOD
realtime_state_monitor::oEqor1rscMY::123,realtime_state_monitor,none,170.920756,5,0,0,0,0,5,0.0,0.0,SILENT
realtime_state_monitor::vqcRHk9eu94::124,realtime_state_monitor,required,164.6645,5,1,0,0,1,5,0.0,0.0,WRONG_TIME
realtime_state_monitor::C-V80DYMSME::125,realtime_state_monitor,required,111.778333,4,3,3,1,0,1,0.857,0.286,GOOD
realtime_state_monitor::U9hsD7kIR-s::126,realtime_state_monitor,none,63.1631,3,0,0,0,0,3,0.0,0.0,SILENT
realtime_state_monitor::YcZUT5FBtJc::127,realtime_state_monitor,required,317.116811,3,1,1,0,0,2,0.5,0.0,TIMING_ONLY
realtime_state_monitor::1zjizzVY_H4::128,realtime_state_monitor,none,142.008533,5,1,1,0,0,4,0.333,0.0,TIMING_ONLY
realtime_state_monitor::2BByygOLXNM::129,realtime_state_monitor,required,287.245292,1,2,1,1,1,0,0.667,0.667,GOOD
realtime_state_monitor::sIXsU2bGkqQ::130,realtime_state_monitor,required,267.300367,6,8,3,2,5,3,0.429,0.286,GOOD
realtime_state_monitor::RCwTPOjyNUM::131,realtime_state_monitor,none,170.6,5,0,0,0,0,5,0.0,0.0,SILENT
realtime_state_monitor::MrRcGmdL_4U::132,realtime_state_monitor,required,67.0,4,2,1,0,1,3,0.333,0.0,TIMING_ONLY
realtime_state_monitor::A2yg51yht0c::133,realtime_state_monitor,required,183.633333,6,2,2,0,0,4,0.5,0.0,TIMING_ONLY
realtime_state_monitor::rijF6CLdEpQ::134,realtime_state_monitor,required,79.412667,2,1,0,0,1,2,0.0,0.0,WRONG_TIME
realtime_state_monitor::pDHenIEC7pk::135,realtime_state_monitor,none,203.6,4,1,0,0,1,4,0.0,0.0,WRONG_TIME
realtime_state_monitor::UGGUPyzw67w::136,realtime_state_monitor,required,155.522033,8,7,4,4,3,4,0.533,0.533,GOOD
realtime_state_monitor::LDGJ8ykqlWE::137,realtime_state_monitor,none,129.6295,5,0,0,0,0,5,0.0,0.0,SILENT
realtime_state_monitor::x08xZ_FT_mI::138,realtime_state_monitor,required,271.04,6,3,1,1,2,5,0.222,0.222,GOOD
realtime_state_monitor::RE8ikWl_Hp8::139,realtime_state_monitor,required,240.607033,3,6,3,3,3,0,0.667,0.667,GOOD
realtime_state_monitor::UkCJqA7561I::140,realtime_state_monitor,none,389.68,5,1,0,0,1,5,0.0,0.0,WRONG_TIME
realtime_state_monitor::55Ijvvme2kg::141,realtime_state_monitor,required,354.4541,5,2,0,0,2,5,0.0,0.0,WRONG_TIME
realtime_state_monitor::phcTSB7CzAo::142,realtime_state_monitor,required,235.48,5,1,1,0,0,4,0.333,0.0,TIMING_ONLY
realtime_state_monitor::05j4tIvoC8o::143,realtime_state_monitor,none,80.233333,4,0,0,0,0,4,0.0,0.0,SILENT
realtime_state_monitor::1cjHAtxmUHA::144,realtime_state_monitor,required,111.733333,3,2,1,1,1,2,0.4,0.4,GOOD
realtime_state_monitor::njOg6o4xDJQ::145,realtime_state_monitor,required,222.6224,5,2,0,0,2,5,0.0,0.0,WRONG_TIME
realtime_state_monitor::pQj1SQtprF0::146,realtime_state_monitor,none,181.24,4,0,0,0,0,4,0.0,0.0,SILENT
realtime_state_monitor::oBvw8UmeeHs::147,realtime_state_monitor,none,137.38725,5,2,0,0,2,5,0.0,0.0,WRONG_TIME
realtime_state_monitor::CL4qjTsj0i8::148,realtime_state_monitor,none,292.791667,5,1,0,0,1,5,0.0,0.0,WRONG_TIME
realtime_state_monitor::l5Z9F7SbvXg::149,realtime_state_monitor,required,162.666667,11,5,5,2,0,6,0.625,0.25,GOOD
realtime_state_monitor::6rho9EbHtyc::150,realtime_state_monitor,none,35.967,5,0,0,0,0,5,0.0,0.0,SILENT
realtime_state_monitor::XZYJBN5goeM::151,realtime_state_monitor,required,208.68,5,2,1,1,1,4,0.286,0.286,GOOD
realtime_state_monitor::y1k5C4QNqwY::152,realtime_state_monitor,helpful,288.872562,4,0,0,0,0,4,0.0,0.0,SILENT
realtime_state_monitor::TxkHJX93K0U::153,realtime_state_monitor,required,48.133333,5,1,1,1,0,4,0.333,0.333,GOOD
realtime_state_monitor::0JTW1IMJ9d0::154,realtime_state_monitor,required,92.058633,3,2,2,2,0,1,0.8,0.8,GOOD
realtime_state_monitor::n3fCfTKfWOM::155,realtime_state_monitor,none,200.533333,5,2,0,0,2,5,0.0,0.0,WRONG_TIME
realtime_state_monitor::D54dYP-rlrs::156,realtime_state_monitor,helpful,261.566667,5,0,0,0,0,5,0.0,0.0,SILENT
realtime_state_monitor::2cSIAapg7rU::157,realtime_state_monitor,required,259.88,5,0,0,0,0,5,0.0,0.0,SILENT
realtime_state_monitor::DZCvHDyzpXw::158,realtime_state_monitor,required,104.521083,3,1,0,0,1,3,0.0,0.0,WRONG_TIME
realtime_state_monitor::1yIth_rknTo::159,realtime_state_monitor,required,192.458333,3,2,2,1,0,1,0.8,0.4,GOOD
realtime_state_monitor::78F_Y4y3oXw::160,realtime_state_monitor,none,89.556133,3,0,0,0,0,3,0.0,0.0,SILENT
realtime_state_monitor::roNsyndU3i4::161,realtime_state_monitor,required,501.834667,2,2,1,0,1,1,0.5,0.0,TIMING_ONLY
realtime_state_monitor::3P3dgKrMtc0::162,realtime_state_monitor,none,178.666667,5,1,0,0,1,5,0.0,0.0,WRONG_TIME
realtime_state_monitor::LKHYrdzn3qY::163,realtime_state_monitor,required,227.52,13,1,1,0,0,12,0.143,0.0,TIMING_ONLY
realtime_state_monitor::2vYRDokNyFI::72,realtime_state_monitor,required,221.554667,5,0,0,0,0,5,0.0,0.0,SILENT
realtime_state_monitor::xkIf4V53Izc::73,realtime_state_monitor,required,135.133333,5,0,0,0,0,5,0.0,0.0,SILENT
realtime_state_monitor::PMzvDRDYCr8::74,realtime_state_monitor,none,277.143533,4,1,0,0,1,4,0.0,0.0,WRONG_TIME
realtime_state_monitor::6o0sN5psy1I::164,realtime_state_monitor,helpful,237.028458,5,0,0,0,0,5,0.0,0.0,SILENT
realtime_state_monitor::MOpQChwKKik::165,realtime_state_monitor,required,201.48,5,4,0,0,4,5,0.0,0.0,WRONG_TIME
realtime_state_monitor::osvkHQdxULg::166,realtime_state_monitor,required,136.72,4,0,0,0,0,4,0.0,0.0,SILENT
realtime_state_monitor::KPWKVLDh01Y::167,realtime_state_monitor,required,321.041667,4,3,1,0,2,3,0.286,0.0,TIMING_ONLY
realtime_state_monitor::sMlvY8GLKi4::168,realtime_state_monitor,required,405.3,5,1,1,0,0,4,0.333,0.0,TIMING_ONLY
realtime_state_monitor::8-rZjTmOcdU::169,realtime_state_monitor,required,179.066667,4,1,1,1,0,3,0.4,0.4,GOOD
realtime_state_monitor::YTF8g0oJC2E::170,realtime_state_monitor,required,185.933333,5,2,1,0,1,4,0.286,0.0,TIMING_ONLY
realtime_state_monitor::-powI0eeLbw::171,realtime_state_monitor,required,52.4,5,1,0,0,1,5,0.0,0.0,WRONG_TIME
realtime_state_monitor::usnThnerhSA::172,realtime_state_monitor,helpful,71.44,4,1,0,0,1,4,0.0,0.0,WRONG_TIME
realtime_state_monitor::QQEYgtnch-o::173,realtime_state_monitor,required,235.0,3,1,0,0,1,3,0.0,0.0,WRONG_TIME
realtime_state_monitor::82U_y1WJ13A::174,realtime_state_monitor,none,485.3,7,0,0,0,0,7,0.0,0.0,SILENT
realtime_state_monitor::4QLU8CNu6GQ::175,realtime_state_monitor,helpful,470.333333,6,1,0,0,1,6,0.0,0.0,WRONG_TIME
realtime_state_monitor::KDX7SEoCj4s::176,realtime_state_monitor,helpful,178.044533,3,0,0,0,0,3,0.0,0.0,SILENT
realtime_state_monitor::VED-6BLrWFg::177,realtime_state_monitor,required,509.642467,8,2,0,0,2,8,0.0,0.0,WRONG_TIME
realtime_state_monitor::1ZDmY-UmKfY::178,realtime_state_monitor,none,57.290567,5,0,0,0,0,5,0.0,0.0,SILENT
realtime_state_monitor::18G1U7_vSJM::179,realtime_state_monitor,required,64.92,2,1,1,1,0,1,0.667,0.667,GOOD
realtime_state_monitor::DEx7DxBoTAc::180,realtime_state_monitor,required,100.4003,6,1,1,1,0,5,0.286,0.286,GOOD
realtime_state_monitor::14H72gjQBZY::181,realtime_state_monitor,helpful,256.089167,5,1,0,0,1,5,0.0,0.0,WRONG_TIME
realtime_state_monitor::1yoXMBWGcwI::182,realtime_state_monitor,required,259.7595,6,1,1,0,0,5,0.286,0.0,TIMING_ONLY
realtime_state_monitor::x8G-pQ4b6aM::183,realtime_state_monitor,none,128.333,5,1,0,0,1,5,0.0,0.0,WRONG_TIME
realtime_state_monitor::CO_BD_Xuf-U::184,realtime_state_monitor,required,445.76,5,2,0,0,2,5,0.0,0.0,WRONG_TIME
realtime_state_monitor::2f9-OGw5Kkg::185,realtime_state_monitor,required,336.210875,6,7,2,2,5,4,0.308,0.308,GOOD
realtime_state_monitor::U0Xg-QFdVSA::186,realtime_state_monitor,none,350.25025,5,0,0,0,0,5,0.0,0.0,SILENT
realtime_state_monitor::JgeBS1hC2cM::187,realtime_state_monitor,required,293.6,5,9,4,2,5,1,0.571,0.286,GOOD
realtime_state_monitor::o_lLsDzK-JM::188,realtime_state_monitor,required,251.884967,5,3,3,3,0,2,0.75,0.75,GOOD
realtime_state_monitor::L1ryC4e9PbU::189,realtime_state_monitor,helpful,110.076633,4,1,0,0,1,4,0.0,0.0,WRONG_TIME
realtime_state_monitor::LA1F4bSzvDI::190,realtime_state_monitor,helpful,109.866667,3,1,0,0,1,3,0.0,0.0,WRONG_TIME
realtime_state_monitor::7shRl0Lxycc::191,realtime_state_monitor,helpful,100.133467,6,0,0,0,0,6,0.0,0.0,SILENT
realtime_state_monitor::BuoZDMr3Bok::192,realtime_state_monitor,none,47.781067,2,1,0,0,1,2,0.0,0.0,WRONG_TIME
realtime_state_monitor::7sePL9jdSm4::193,realtime_state_monitor,required,103.369933,4,1,0,0,1,4,0.0,0.0,WRONG_TIME
realtime_state_monitor::1dikAGqQ3hs::194,realtime_state_monitor,none,186.6865,2,0,0,0,0,2,0.0,0.0,SILENT
realtime_state_monitor::BiKE-TEvmsY::195,realtime_state_monitor,required,90.557,5,2,1,0,1,4,0.286,0.0,TIMING_ONLY
realtime_state_monitor::vWJJfVRnm_w::196,realtime_state_monitor,none,231.033333,6,2,1,0,1,5,0.25,0.0,TIMING_ONLY
realtime_state_monitor::R9KJXzVRG2Q::197,realtime_state_monitor,required,120.587133,9,3,1,0,2,8,0.167,0.0,TIMING_ONLY
realtime_state_monitor::DHCc_ndOfjs::198,realtime_state_monitor,required,200.667133,5,3,2,1,1,3,0.5,0.25,GOOD
realtime_state_monitor::L1ZkHoirlmo::199,realtime_state_monitor,none,45.72,3,1,0,0,1,3,0.0,0.0,WRONG_TIME
realtime_state_monitor::UqCRnhHPaF0::200,realtime_state_monitor,helpful,281.24,5,1,1,0,0,4,0.333,0.0,TIMING_ONLY
realtime_state_monitor::U_yDpCSi0bQ::201,realtime_state_monitor,none,68.526792,5,1,0,0,1,5,0.0,0.0,WRONG_TIME
realtime_state_monitor::62S-ry938nk::202,realtime_state_monitor,required,264.631033,2,2,2,0,0,0,1.0,0.0,TIMING_ONLY
realtime_state_monitor::YfC1vRyTci8::203,realtime_state_monitor,required,331.56,3,2,2,0,0,1,0.8,0.0,TIMING_ONLY
realtime_state_monitor::YOKbG0C-tJg::204,realtime_state_monitor,required,56.389667,2,2,2,0,0,0,1.0,0.0,TIMING_ONLY
realtime_state_monitor::25A6GhbcnKs::205,realtime_state_monitor,required,227.366667,3,3,2,2,1,1,0.667,0.667,GOOD
realtime_state_monitor::o0MMAUX2dCo::206,realtime_state_monitor,none,62.433333,2,1,0,0,1,2,0.0,0.0,WRONG_TIME
realtime_state_monitor::I1zkx0Xz8NY::207,realtime_state_monitor,helpful,137.003533,4,0,0,0,0,4,0.0,0.0,SILENT
realtime_state_monitor::Kh9MP3gY2nM::208,realtime_state_monitor,none,298.344828,5,0,0,0,0,5,0.0,0.0,SILENT
realtime_state_monitor::Uw_Y57n-QRE::209,realtime_state_monitor,helpful,306.239267,5,1,0,0,1,5,0.0,0.0,WRONG_TIME
realtime_state_monitor::MqarNjlLyvk::210,realtime_state_monitor,required,67.033333,5,3,1,0,2,4,0.25,0.0,TIMING_ONLY
realtime_state_monitor::5WTOiYp-uPM::211,realtime_state_monitor,required,338.129458,6,3,1,0,2,5,0.222,0.0,TIMING_ONLY
realtime_state_monitor::N56253QAq_o::212,realtime_state_monitor,required,131.798,5,2,0,0,2,5,0.0,0.0,WRONG_TIME
realtime_state_monitor::9E63oRKRxUU::213,realtime_state_monitor,required,269.9697,5,3,2,0,1,3,0.5,0.0,TIMING_ONLY
realtime_state_monitor::m0zWJ7A4bNk::214,realtime_state_monitor,none,244.377467,4,1,0,0,1,4,0.0,0.0,WRONG_TIME
realtime_state_monitor::qH7vE-Jpiz0::215,realtime_state_monitor,none,163.897231,6,1,0,0,1,6,0.0,0.0,WRONG_TIME
realtime_state_monitor::0J0Tjqc4efY::216,realtime_state_monitor,none,226.29296,5,1,0,0,1,5,0.0,0.0,WRONG_TIME
realtime_state_monitor::PI22nHgBKg4::217,realtime_state_monitor,helpful,37.25,3,1,0,0,1,3,0.0,0.0,WRONG_TIME
realtime_state_monitor::XD0cw-03bUk::218,realtime_state_monitor,required,115.648867,2,4,1,0,3,1,0.333,0.0,TIMING_ONLY
realtime_state_monitor::10fOVZIj5zg::219,realtime_state_monitor,helpful,55.791667,4,1,1,0,0,3,0.4,0.0,TIMING_ONLY
realtime_state_monitor::8cv_g1oYF3M::220,realtime_state_monitor,required,426.759667,5,19,4,4,15,1,0.333,0.333,GOOD
realtime_state_monitor::sFoAnNWUmc4::221,realtime_state_monitor,none,144.185708,5,1,0,0,1,5,0.0,0.0,WRONG_TIME
realtime_state_monitor::pXEA_KJgRmU::222,realtime_state_monitor,none,202.5,5,1,0,0,1,5,0.0,0.0,WRONG_TIME
realtime_state_monitor::lUvcxr1HY1U::223,realtime_state_monitor,required,309.52,6,3,2,1,1,4,0.444,0.222,GOOD
realtime_state_monitor::900pWYk1nLE::224,realtime_state_monitor,required,64.230833,3,0,0,0,0,3,0.0,0.0,SILENT
realtime_state_monitor::64yLR2qTZcg::225,realtime_state_monitor,required,30.03,2,1,1,0,0,1,0.667,0.0,TIMING_ONLY
realtime_state_monitor::1__ERVgs9Tc::226,realtime_state_monitor,helpful,240.24,5,2,0,0,2,5,0.0,0.0,WRONG_TIME
realtime_state_monitor::la7I8yrJD5o::227,realtime_state_monitor,required,256.404175,5,3,0,0,3,5,0.0,0.0,WRONG_TIME
realtime_state_monitor::oF-Oe0ukcuE::228,realtime_state_monitor,required,86.0,6,3,1,0,2,5,0.222,0.0,TIMING_ONLY
realtime_state_monitor::Lno78zPUEXs::229,realtime_state_monitor,required,60.96,5,2,1,1,1,4,0.286,0.286,GOOD
realtime_state_monitor::s6Mq_rKuJQ8::230,realtime_state_monitor,none,134.84,5,1,0,0,1,5,0.0,0.0,WRONG_TIME
realtime_state_monitor::VU9rzBQMErs::231,realtime_state_monitor,required,297.630667,5,4,2,1,2,3,0.444,0.222,GOOD
realtime_state_monitor::w2nmzwknVco::232,realtime_state_monitor,none,81.76,5,1,0,0,1,5,0.0,0.0,WRONG_TIME
realtime_state_monitor::6Hb8uzHLA2Q::233,realtime_state_monitor,none,66.72,5,0,0,0,0,5,0.0,0.0,SILENT
realtime_state_monitor::pxgfIClP1XU::234,realtime_state_monitor,none,246.333333,5,0,0,0,0,5,0.0,0.0,SILENT
realtime_state_monitor::4bveRsmZyXI::235,realtime_state_monitor,required,251.466667,5,1,0,0,1,5,0.0,0.0,WRONG_TIME
realtime_state_monitor::VYWMvgOevKs::236,realtime_state_monitor,required,37.966667,4,1,1,0,0,3,0.4,0.0,TIMING_ONLY
realtime_state_monitor::vixKZKiMmP0::237,realtime_state_monitor,required,130.16,5,2,2,1,0,3,0.571,0.286,GOOD
realtime_state_monitor::VGCmpZTvSm8::238,realtime_state_monitor,none,40.3403,5,0,0,0,0,5,0.0,0.0,SILENT
realtime_state_monitor::19hfQm5-3Mo::239,realtime_state_monitor,helpful,252.533333,4,2,0,0,2,4,0.0,0.0,WRONG_TIME
realtime_state_monitor::l4yzdnliEPE::240,realtime_state_monitor,required,256.333333,3,3,1,1,2,2,0.333,0.333,GOOD
realtime_state_monitor::m1ESWlMVugc::241,realtime_state_monitor,none,171.037533,2,0,0,0,0,2,0.0,0.0,SILENT
realtime_state_monitor::3HIvIoG-P1s::242,realtime_state_monitor,required,582.7822,5,3,2,0,1,3,0.5,0.0,TIMING_ONLY
realtime_state_monitor::sLvkYYSVjow::243,realtime_state_monitor,none,105.839067,5,2,0,0,2,5,0.0,0.0,WRONG_TIME
realtime_state_monitor::nrb4TpkTszs::244,realtime_state_monitor,none,486.519367,5,1,0,0,1,5,0.0,0.0,WRONG_TIME
realtime_state_monitor::83shhUpGKFw::245,realtime_state_monitor,helpful,121.204417,5,3,0,0,3,5,0.0,0.0,WRONG_TIME
realtime_state_monitor::40by4TniPds::246,realtime_state_monitor,helpful,207.958333,4,4,2,2,2,2,0.5,0.5,GOOD
realtime_state_monitor::-p1bAo2wbNA::247,realtime_state_monitor,none,54.866667,2,0,0,0,0,2,0.0,0.0,SILENT
realtime_state_monitor::6RfXt26r1kQ::248,realtime_state_monitor,helpful,112.6,3,1,0,0,1,3,0.0,0.0,WRONG_TIME
realtime_state_monitor::lT1wTF2LJHs::60,realtime_state_monitor,none,65.92,4,0,0,0,0,4,0.0,0.0,SILENT
realtime_state_monitor::8aysghEkxMs::61,realtime_state_monitor,required,159.6595,4,3,2,0,1,2,0.571,0.0,TIMING_ONLY
realtime_state_monitor::3ezGUOPrk9c::62,realtime_state_monitor,required,113.880433,4,1,1,0,0,3,0.4,0.0,TIMING_ONLY
realtime_state_monitor::v2Tlscx1Rzc::63,realtime_state_monitor,helpful,325.191859,4,0,0,0,0,4,0.0,0.0,SILENT
realtime_state_monitor::4JwMlFMzh5Y::64,realtime_state_monitor,helpful,200.64,5,0,0,0,0,5,0.0,0.0,SILENT
realtime_state_monitor::wq9wywa4xiM::65,realtime_state_monitor,none,58.166667,3,1,0,0,1,3,0.0,0.0,WRONG_TIME
realtime_state_monitor::LlAKcJ-DE88::66,realtime_state_monitor,none,86.4864,6,2,1,0,1,5,0.25,0.0,TIMING_ONLY
realtime_state_monitor::Xum6znImE18::67,realtime_state_monitor,required,107.4,5,2,1,1,1,4,0.286,0.286,GOOD
realtime_state_monitor::sO3wd7X-l7U::68,realtime_state_monitor,none,60.08,4,0,0,0,0,4,0.0,0.0,SILENT
realtime_state_monitor::1Gf2W3eYP28::69,realtime_state_monitor,required,136.92,4,1,0,0,1,4,0.0,0.0,WRONG_TIME
realtime_state_monitor::ryDNCQtDocw::70,realtime_state_monitor,required,137.871067,5,3,2,2,1,3,0.5,0.5,GOOD
realtime_state_monitor::oj_vKVJHv-M::71,realtime_state_monitor,required,486.752933,3,3,0,0,3,3,0.0,0.0,WRONG_TIME
realtime_state_monitor::TJMrW-vgNz0::249,realtime_state_monitor,none,392.066667,5,0,0,0,0,5,0.0,0.0,SILENT
realtime_state_monitor::ntbmuiuta_8::250,realtime_state_monitor,required,96.52,3,1,1,0,0,2,0.5,0.0,TIMING_ONLY
realtime_state_monitor::AD5MFhTOQp0::251,realtime_state_monitor,none,85.633333,6,1,0,0,1,6,0.0,0.0,WRONG_TIME
realtime_state_monitor::X9ms7D2XF4k::252,realtime_state_monitor,helpful,495.366667,4,1,0,0,1,4,0.0,0.0,WRONG_TIME
realtime_state_monitor::urG3lSOOcW0::253,realtime_state_monitor,required,125.250125,6,4,3,1,1,3,0.6,0.2,GOOD
realtime_state_monitor::qjsOcpRVuVA::254,realtime_state_monitor,helpful,240.206633,5,2,2,0,0,3,0.571,0.0,TIMING_ONLY
realtime_state_monitor::KE1RZcZvWMw::255,realtime_state_monitor,required,478.478,3,1,0,0,1,3,0.0,0.0,WRONG_TIME
realtime_state_monitor::2MwcVR6MHLA::256,realtime_state_monitor,required,162.04,4,6,2,2,4,2,0.4,0.4,GOOD
realtime_state_monitor::IL2Pj1bOb4Q::257,realtime_state_monitor,helpful,175.7756,4,2,2,0,0,2,0.667,0.0,TIMING_ONLY
realtime_state_monitor::A0KzWsrZg4c::258,realtime_state_monitor,required,525.558367,5,10,2,2,8,3,0.267,0.267,GOOD
realtime_state_monitor::oRcqr_Em2oY::259,realtime_state_monitor,helpful,118.267,4,0,0,0,0,4,0.0,0.0,SILENT
realtime_state_monitor::-eoe6CBR1wE::260,realtime_state_monitor,required,433.24,5,3,1,0,2,4,0.25,0.0,TIMING_ONLY
realtime_state_monitor::xOlcLqh-1nY::261,realtime_state_monitor,required,223.856967,5,2,1,0,1,4,0.286,0.0,TIMING_ONLY
realtime_state_monitor::peJoONtOeOg::262,realtime_state_monitor,required,460.16,5,2,0,0,2,5,0.0,0.0,WRONG_TIME
realtime_state_monitor::DREHhS0Cudc::263,realtime_state_monitor,required,151.818333,6,3,1,1,2,5,0.222,0.222,GOOD
realtime_state_monitor::CvyTFwzPUOo::264,realtime_state_monitor,required,168.466667,5,4,3,3,1,2,0.667,0.667,GOOD
realtime_state_monitor::HeJaCTpbnes::265,realtime_state_monitor,required,458.5581,3,6,2,1,4,1,0.444,0.222,GOOD
realtime_state_monitor::CR55TVLjTzc::266,realtime_state_monitor,none,594.64,4,2,0,0,2,4,0.0,0.0,WRONG_TIME
realtime_state_monitor::uNMUT87VjNY::267,realtime_state_monitor,required,262.662663,7,2,1,0,1,6,0.222,0.0,TIMING_ONLY
realtime_state_monitor::WvwXV8L_ewc::268,realtime_state_monitor,required,189.37931,7,5,4,0,1,3,0.667,0.0,TIMING_ONLY
realtime_state_monitor::TqwXQ3zeAI0::269,realtime_state_monitor,required,328.5282,3,3,3,3,0,0,1.0,1.0,GOOD
realtime_state_monitor::DLBbSgu_JdM::270,realtime_state_monitor,none,184.781236,3,1,0,0,1,3,0.0,0.0,WRONG_TIME
realtime_state_monitor::9DnZ2uQgpTA::271,realtime_state_monitor,required,181.114267,3,1,1,0,0,2,0.5,0.0,TIMING_ONLY
realtime_state_monitor::-ZvLZrWsFAc::272,realtime_state_monitor,none,95.8,6,0,0,0,0,6,0.0,0.0,SILENT
realtime_state_monitor::A0l8fhxoWpY::273,realtime_state_monitor,helpful,142.3422,3,1,0,0,1,3,0.0,0.0,WRONG_TIME
realtime_state_monitor::0QlMKH_ZlNg::274,realtime_state_monitor,required,163.266667,4,3,3,3,0,1,0.857,0.857,GOOD
realtime_state_monitor::1QrVqf8eLOE::275,realtime_state_monitor,required,454.537417,4,1,1,0,0,3,0.4,0.0,TIMING_ONLY
realtime_state_monitor::Uu1mGBeAQPg::276,realtime_state_monitor,none,464.84,4,1,1,0,0,3,0.4,0.0,TIMING_ONLY
realtime_state_monitor::7lM8qrpEKv4::277,realtime_state_monitor,required,504.270433,2,2,1,0,1,1,0.5,0.0,TIMING_ONLY
realtime_state_monitor::nr8_sVTk2ME::278,realtime_state_monitor,none,188.454933,3,1,0,0,1,3,0.0,0.0,WRONG_TIME
realtime_state_monitor::x2AfLlYiFCw::279,realtime_state_monitor,none,66.9669,2,0,0,0,0,2,0.0,0.0,SILENT
realtime_state_monitor::BifM0YUen9U::280,realtime_state_monitor,required,242.375467,3,1,1,1,0,2,0.5,0.5,GOOD
realtime_state_monitor::2mo2OQCFlfY::281,realtime_state_monitor,none,235.868967,6,1,0,0,1,6,0.0,0.0,WRONG_TIME
realtime_state_monitor::McfK9Zi3HDY::282,realtime_state_monitor,required,55.72,5,1,1,0,0,4,0.333,0.0,TIMING_ONLY
realtime_state_monitor::YZYYVnB0lB8::283,realtime_state_monitor,none,107.398958,4,2,1,0,1,3,0.333,0.0,TIMING_ONLY
realtime_state_monitor::1NEm6ScZkz0::284,realtime_state_monitor,helpful,510.36,9,0,0,0,0,9,0.0,0.0,SILENT
realtime_state_monitor::XFn81D-EiNE::285,realtime_state_monitor,none,129.295963,3,0,0,0,0,3,0.0,0.0,SILENT
realtime_state_monitor::NEVcw_yaouk::286,realtime_state_monitor,required,311.227583,6,2,1,1,1,5,0.25,0.25,GOOD
realtime_state_monitor::nkb5jhJArZk::287,realtime_state_monitor,required,90.44,5,2,1,1,1,4,0.286,0.286,GOOD
realtime_state_monitor::rUaoCPdu8LE::288,realtime_state_monitor,required,136.803333,6,1,1,0,0,5,0.286,0.0,TIMING_ONLY
realtime_state_monitor::pvSVznXAbug::289,realtime_state_monitor,none,120.9,6,0,0,0,0,6,0.0,0.0,SILENT
realtime_state_monitor::BmzpaEBs4YM::290,realtime_state_monitor,required,125.533333,3,2,2,2,0,1,0.8,0.8,GOOD
realtime_state_monitor::2RgzTn6vV54::291,realtime_state_monitor,none,125.592133,4,0,0,0,0,4,0.0,0.0,SILENT
realtime_state_monitor::TTnnYgoi2FA::292,realtime_state_monitor,none,315.433333,5,1,1,0,0,4,0.333,0.0,TIMING_ONLY
realtime_state_monitor::YX84k1U6cWw::293,realtime_state_monitor,required,260.526933,4,3,2,1,1,2,0.571,0.286,GOOD
realtime_state_monitor::ME49XGmzzjg::294,realtime_state_monitor,none,86.519767,2,0,0,0,0,2,0.0,0.0,SILENT
realtime_state_monitor::KaO8SYGKI6M::295,realtime_state_monitor,required,134.259125,4,1,1,0,0,3,0.4,0.0,TIMING_ONLY
realtime_state_monitor::MmsIOgJuuWQ::296,realtime_state_monitor,required,385.051333,5,3,0,0,3,5,0.0,0.0,WRONG_TIME
realtime_state_monitor::2zaCRi7-eW8::297,realtime_state_monitor,none,346.2459,4,0,0,0,0,4,0.0,0.0,SILENT
realtime_state_monitor::YXq2bLCAljg::298,realtime_state_monitor,none,161.92,5,1,0,0,1,5,0.0,0.0,WRONG_TIME
realtime_state_monitor::MbpBw_NTqjE::299,realtime_state_monitor,helpful,196.066667,4,1,1,1,0,3,0.4,0.4,GOOD
realtime_state_monitor::1g8i8Z0je_w::40,realtime_state_monitor,required,157.541667,5,0,0,0,0,5,0.0,0.0,SILENT
realtime_state_monitor::K418iVP0w6U::41,realtime_state_monitor,required,213.458333,3,4,2,2,2,1,0.571,0.571,GOOD
realtime_state_monitor::5XLzU7sSBO4::42,realtime_state_monitor,required,220.533333,3,3,2,1,1,1,0.667,0.333,GOOD
realtime_state_monitor::l2J0M0D38m8::43,realtime_state_monitor,helpful,481.466667,3,1,0,0,1,3,0.0,0.0,WRONG_TIME
realtime_state_monitor::26BT7YzpzQs::44,realtime_state_monitor,none,527.666667,5,0,0,0,0,5,0.0,0.0,SILENT
realtime_state_monitor::qousDEuMLCA::45,realtime_state_monitor,required,331.875,5,1,0,0,1,5,0.0,0.0,WRONG_TIME
realtime_state_monitor::koEB4XPd9IM::46,realtime_state_monitor,none,231.1309,5,3,0,0,3,5,0.0,0.0,WRONG_TIME
realtime_state_monitor::7xZehDyXuB0::47,realtime_state_monitor,required,106.5,5,1,1,0,0,4,0.333,0.0,TIMING_ONLY
realtime_state_monitor::28bX9kzKMys::48,realtime_state_monitor,required,74.32,4,1,1,1,0,3,0.4,0.4,GOOD
realtime_state_monitor::1SwvQVV5fug::49,realtime_state_monitor,required,363.321292,4,3,2,1,1,2,0.571,0.286,GOOD
realtime_state_monitor::CQrEyrW2REc::50,realtime_state_monitor,none,162.48,4,0,0,0,0,4,0.0,0.0,SILENT
realtime_state_monitor::q__k5o5SgT8::51,realtime_state_monitor,none,164.466667,4,1,1,1,0,3,0.4,0.4,GOOD
realtime_state_monitor::UV43ALRlzmE::52,realtime_state_monitor,helpful,169.536033,2,1,1,0,0,1,0.667,0.0,TIMING_ONLY
realtime_state_monitor::XWAehAfDsHg::53,realtime_state_monitor,required,233.466567,5,2,1,0,1,4,0.286,0.0,TIMING_ONLY
realtime_state_monitor::2nuCU7AeR_o::54,realtime_state_monitor,required,546.233333,4,4,1,1,3,3,0.25,0.25,GOOD
realtime_state_monitor::Uy4viSMpQBA::55,realtime_state_monitor,required,308.0,6,1,0,0,1,6,0.0,0.0,WRONG_TIME
realtime_state_monitor::VKk-XBbawW0::56,realtime_state_monitor,required,165.298467,4,1,1,1,0,3,0.4,0.4,GOOD
realtime_state_monitor::KnEO3Xzvn9M::57,realtime_state_monitor,required,161.866667,5,1,1,1,0,4,0.333,0.333,GOOD
realtime_state_monitor::lFjvRCEybe0::58,realtime_state_monitor,required,132.6325,5,3,1,0,2,4,0.25,0.0,TIMING_ONLY
realtime_state_monitor::79yU4nPPvPU::59,realtime_state_monitor,required,237.366667,3,4,3,2,1,0,0.857,0.571,GOOD
realtime_state_monitor::Y4dQgIbjTWI::34,realtime_state_monitor,helpful,115.482033,5,2,1,1,1,4,0.286,0.286,GOOD
realtime_state_monitor::lfZSuCIoQXA::35,realtime_state_monitor,none,116.249467,3,1,0,0,1,3,0.0,0.0,WRONG_TIME
realtime_state_monitor::3MI7OZ-BlgE::36,realtime_state_monitor,none,133.84,4,0,0,0,0,4,0.0,0.0,SILENT
realtime_state_monitor::noOM42oLy_s::37,realtime_state_monitor,helpful,404.04,2,1,0,0,1,2,0.0,0.0,WRONG_TIME
realtime_state_monitor::vSgLQ4yI6dI::38,realtime_state_monitor,none,73.506767,7,1,0,0,1,7,0.0,0.0,WRONG_TIME
realtime_state_monitor::xZQCrBEWOOM::39,realtime_state_monitor,none,274.399125,5,0,0,0,0,5,0.0,0.0,SILENT
realtime_state_monitor::YfOiUT8ghvc::20,realtime_state_monitor,required,88.76,3,1,1,0,0,2,0.5,0.0,TIMING_ONLY
realtime_state_monitor::okNOVf7OUto::21,realtime_state_monitor,required,358.274583,4,2,1,1,1,3,0.333,0.333,GOOD
realtime_state_monitor::C3Wx2o4LZko::22,realtime_state_monitor,helpful,57.457457,3,0,0,0,0,3,0.0,0.0,SILENT
realtime_state_monitor::Kkb08lbzGaQ::23,realtime_state_monitor,required,160.566667,3,4,1,0,3,2,0.286,0.0,TIMING_ONLY
realtime_state_monitor::pVtGU9nVZbg::24,realtime_state_monitor,none,558.424533,5,1,1,0,0,4,0.333,0.0,TIMING_ONLY
realtime_state_monitor::-PzoRugR-nk::25,realtime_state_monitor,required,126.36,2,2,2,2,0,0,1.0,1.0,GOOD
realtime_state_monitor::9HXh3hYMDGM::26,realtime_state_monitor,none,176.4,4,0,0,0,0,4,0.0,0.0,SILENT
realtime_state_monitor::YJV5yWfrB98::27,realtime_state_monitor,none,152.919433,5,0,0,0,0,5,0.0,0.0,SILENT
realtime_state_monitor::vF5veIO2xiA::28,realtime_state_monitor,required,137.233333,4,3,3,2,0,1,0.857,0.571,GOOD
realtime_state_monitor::WsqcSQbH-ok::29,realtime_state_monitor,required,94.176667,4,4,1,1,3,3,0.25,0.25,GOOD
realtime_state_monitor::9AffWPWL9RM::30,realtime_state_monitor,none,174.575449,3,2,0,0,2,3,0.0,0.0,WRONG_TIME
realtime_state_monitor::AnBixRgkIGY::31,realtime_state_monitor,required,128.503375,5,0,0,0,0,5,0.0,0.0,SILENT
realtime_state_monitor::uz4t7zA1z8c::32,realtime_state_monitor,required,461.8,5,5,3,3,2,2,0.6,0.6,GOOD
realtime_state_monitor::YYDgxdbVpJs::33,realtime_state_monitor,required,165.76,5,1,0,0,1,5,0.0,0.0,WRONG_TIME
realtime_state_monitor::3rK_AhbGmHs::0,realtime_state_monitor,required,241.532958,3,1,0,0,1,3,0.0,0.0,WRONG_TIME
realtime_state_monitor::0kpiM7TWDZY::1,realtime_state_monitor,none,200.430245,5,0,0,0,0,5,0.0,0.0,SILENT
realtime_state_monitor::pppPpUt_ZKk::2,realtime_state_monitor,required,93.8,6,4,3,0,1,3,0.6,0.0,TIMING_ONLY
realtime_state_monitor::D3bmHjjrnvw::3,realtime_state_monitor,helpful,362.962963,7,2,0,0,2,7,0.0,0.0,WRONG_TIME
realtime_state_monitor::Bo5pzWMsF4A::4,realtime_state_monitor,helpful,165.6655,15,3,2,0,1,13,0.222,0.0,TIMING_ONLY
realtime_state_monitor::6RGTgYM1mwk::5,realtime_state_monitor,none,57.033333,4,1,1,0,0,3,0.4,0.0,TIMING_ONLY
realtime_state_monitor::36Ush_U7z-c::6,realtime_state_monitor,required,107.04,3,1,0,0,1,3,0.0,0.0,WRONG_TIME
realtime_state_monitor::UyA-XahbX9o::7,realtime_state_monitor,required,187.9878,5,1,0,0,1,5,0.0,0.0,WRONG_TIME
realtime_state_monitor::2a0O3-5Fpyw::8,realtime_state_monitor,none,449.541667,5,1,0,0,1,5,0.0,0.0,WRONG_TIME
realtime_state_monitor::Y6cvMS8s0MM::9,realtime_state_monitor,none,102.969533,3,1,0,0,1,3,0.0,0.0,WRONG_TIME
realtime_state_monitor::oYbsX2F78ho::10,realtime_state_monitor,required,147.88,4,3,2,2,1,2,0.571,0.571,GOOD
realtime_state_monitor::1EDlJD9mplY::11,realtime_state_monitor,required,58.091367,4,2,1,0,1,3,0.333,0.0,TIMING_ONLY
realtime_state_monitor::-eBOaccLCGs::12,realtime_state_monitor,none,109.72,5,1,0,0,1,5,0.0,0.0,WRONG_TIME
realtime_state_monitor::2pcBc918a9c::13,realtime_state_monitor,required,80.04,5,1,1,0,0,4,0.333,0.0,TIMING_ONLY
realtime_state_monitor::BcFpM4upfxo::14,realtime_state_monitor,none,76.066667,4,0,0,0,0,4,0.0,0.0,SILENT
realtime_state_monitor::CHpFQ4smFz0::15,realtime_state_monitor,required,236.267266,5,0,0,0,0,5,0.0,0.0,SILENT
realtime_state_monitor::NOqb0dFIxds::16,realtime_state_monitor,helpful,342.800789,4,1,0,0,1,4,0.0,0.0,WRONG_TIME
realtime_state_monitor::-__OUrHGeuU::17,realtime_state_monitor,required,353.4,5,4,4,1,0,1,0.889,0.222,GOOD
realtime_state_monitor::WP1ZDZMhja0::18,realtime_state_monitor,none,457.44,3,3,2,0,1,1,0.667,0.0,TIMING_ONLY
realtime_state_monitor::9b793ImfzUM::19,realtime_state_monitor,required,71.004267,2,2,1,0,1,1,0.5,0.0,TIMING_ONLY
snapshot_counting::WvwXV8L_ewc::0,snapshot_counting,required,189.37931,1,1,0,0,1,1,0.0,0.0,WRONG_TIME
snapshot_counting::4JsjkyuzfdI::1,snapshot_counting,required,459.966667,1,1,1,0,0,0,1.0,0.0,TIMING_ONLY
snapshot_counting::18G1U7_vSJM::2,snapshot_counting,required,64.92,1,0,0,0,0,1,0.0,0.0,SILENT
snapshot_counting::_JtjTlJ_H8g::3,snapshot_counting,required,205.916667,1,2,1,0,1,0,0.667,0.0,TIMING_ONLY
snapshot_counting::Fvj9I7MGPhc::4,snapshot_counting,required,108.541767,1,0,0,0,0,1,0.0,0.0,SILENT
snapshot_counting::DHCc_ndOfjs::5,snapshot_counting,required,200.667133,1,1,0,0,1,1,0.0,0.0,WRONG_TIME
snapshot_counting::C6eE1sZatBs::6,snapshot_counting,required,182.68,1,1,0,0,1,1,0.0,0.0,WRONG_TIME
snapshot_counting::6o0sN5psy1I::7,snapshot_counting,required,237.028458,1,1,0,0,1,1,0.0,0.0,WRONG_TIME
snapshot_counting::_VYaTE0Dll8::8,snapshot_counting,required,60.06,1,1,0,0,1,1,0.0,0.0,WRONG_TIME
snapshot_counting::58oXInI52OE::9,snapshot_counting,required,106.564792,1,1,0,0,1,1,0.0,0.0,WRONG_TIME
snapshot_counting::Y8FcmVZNK8Y::10,snapshot_counting,required,87.033333,1,1,0,0,1,1,0.0,0.0,WRONG_TIME
snapshot_counting::TmqbLiW4cl8::11,snapshot_counting,none,62.56,1,1,0,0,1,1,0.0,0.0,WRONG_TIME
snapshot_counting::3Z3YUJHg8GE::12,snapshot_counting,helpful,240.974308,1,0,0,0,0,1,0.0,0.0,SILENT
snapshot_counting::VGW4Fp3JEns::13,snapshot_counting,required,228.2,1,1,0,0,1,1,0.0,0.0,WRONG_TIME
snapshot_counting::M8afiRNnB9s::14,snapshot_counting,required,356.689667,1,1,0,0,1,1,0.0,0.0,WRONG_TIME
snapshot_counting::1Mv--tSZevw::15,snapshot_counting,required,184.117267,1,0,0,0,0,1,0.0,0.0,SILENT
snapshot_counting::10fOVZIj5zg::16,snapshot_counting,required,55.791667,1,1,0,0,1,1,0.0,0.0,WRONG_TIME
snapshot_counting::3HIvIoG-P1s::17,snapshot_counting,required,582.7822,1,2,0,0,2,1,0.0,0.0,WRONG_TIME
snapshot_counting::A0KzWsrZg4c::18,snapshot_counting,helpful,525.558367,1,2,0,0,2,1,0.0,0.0,WRONG_TIME
snapshot_counting::CHpFQ4smFz0::19,snapshot_counting,required,236.267266,1,1,1,1,0,0,1.0,1.0,GOOD
snapshot_counting::RmjSfjgqgF8::20,snapshot_counting,none,111.978533,1,0,0,0,0,1,0.0,0.0,SILENT
snapshot_counting::Vj8gzj1LSFo::21,snapshot_counting,helpful,160.952458,1,0,0,0,0,1,0.0,0.0,SILENT
snapshot_counting::1MNI153DglI::22,snapshot_counting,required,196.829967,1,1,1,0,0,0,1.0,0.0,TIMING_ONLY
snapshot_counting::U_yDpCSi0bQ::23,snapshot_counting,required,68.526792,1,0,0,0,0,1,0.0,0.0,SILENT
snapshot_counting::9iVdOy8qohc::24,snapshot_counting,required,94.227467,1,1,0,0,1,1,0.0,0.0,WRONG_TIME
snapshot_counting::X6Spq62kq8E::25,snapshot_counting,required,64.9649,1,1,1,0,0,0,1.0,0.0,TIMING_ONLY
snapshot_counting::YZYYVnB0lB8::26,snapshot_counting,required,107.398958,1,1,0,0,1,1,0.0,0.0,WRONG_TIME
snapshot_counting::ZbBxg8YUG1g::27,snapshot_counting,none,163.766667,1,0,0,0,0,1,0.0,0.0,SILENT
snapshot_counting::M-gZMQKFPFc::28,snapshot_counting,required,147.380714,1,1,0,0,1,1,0.0,0.0,WRONG_TIME
snapshot_counting::Bud8d-ctln4::29,snapshot_counting,required,173.233333,1,1,1,0,0,0,1.0,0.0,TIMING_ONLY
snapshot_counting::N56253QAq_o::30,snapshot_counting,none,131.798,1,0,0,0,0,1,0.0,0.0,SILENT
snapshot_counting::VYWMvgOevKs::31,snapshot_counting,required,37.966667,1,0,0,0,0,1,0.0,0.0,SILENT
snapshot_counting::F3efbAoHApA::32,snapshot_counting,required,178.136292,1,1,0,0,1,1,0.0,0.0,WRONG_TIME
snapshot_counting::0wHM01ok0PU::33,snapshot_counting,required,105.533333,1,0,0,0,0,1,0.0,0.0,SILENT
snapshot_counting::8lhPuyetcdE::34,snapshot_counting,required,67.366667,1,0,0,0,0,1,0.0,0.0,SILENT
snapshot_counting::ZYbw9M8RD7Y::35,snapshot_counting,required,223.014458,1,2,0,0,2,1,0.0,0.0,WRONG_TIME
snapshot_counting::IW7FuSyFdIs::36,snapshot_counting,required,380.713667,1,0,0,0,0,1,0.0,0.0,SILENT
snapshot_counting::YD3UBHus_hg::37,snapshot_counting,helpful,265.999067,1,1,0,0,1,1,0.0,0.0,WRONG_TIME
snapshot_counting::83shhUpGKFw::38,snapshot_counting,required,121.204417,1,2,1,0,1,0,0.667,0.0,TIMING_ONLY
snapshot_counting::CGqjKsJCDVw::39,snapshot_counting,required,67.933333,1,1,0,0,1,1,0.0,0.0,WRONG_TIME
snapshot_counting::I1ECITk7WTY::40,snapshot_counting,required,371.566667,1,2,1,0,1,0,0.667,0.0,TIMING_ONLY
snapshot_counting::Zs7Ao-0nZYM::41,snapshot_counting,required,200.72,1,1,1,0,0,0,1.0,0.0,TIMING_ONLY
snapshot_counting::YkM_ZlUI5J8::42,snapshot_counting,required,561.994767,1,1,1,1,0,0,1.0,1.0,GOOD
snapshot_counting::JS-7WQLMkXE::43,snapshot_counting,required,225.666667,1,0,0,0,0,1,0.0,0.0,SILENT
snapshot_counting::3rK_AhbGmHs::44,snapshot_counting,required,241.532958,1,0,0,0,0,1,0.0,0.0,SILENT
snapshot_counting::JdACOoKdgAQ::45,snapshot_counting,required,97.466667,1,1,1,0,0,0,1.0,0.0,TIMING_ONLY
snapshot_counting::I_Qjixayck4::46,snapshot_counting,required,187.7,1,1,0,0,1,1,0.0,0.0,WRONG_TIME
snapshot_counting::Vkqr32FLsmE::47,snapshot_counting,required,138.071267,1,4,1,0,3,0,0.4,0.0,TIMING_ONLY
snapshot_counting::DxxMPyeBLvc::48,snapshot_counting,required,217.091875,1,1,0,0,1,1,0.0,0.0,WRONG_TIME
snapshot_counting::1QrVqf8eLOE::49,snapshot_counting,helpful,454.537417,1,0,0,0,0,1,0.0,0.0,SILENT
snapshot_counting::Pcb8L2FmAKI::50,snapshot_counting,required,244.8446,1,1,1,0,0,0,1.0,0.0,TIMING_ONLY
snapshot_counting::SMnZzGZUmWo::51,snapshot_counting,required,417.958333,1,1,1,0,0,0,1.0,0.0,TIMING_ONLY
snapshot_counting::6RfXt26r1kQ::52,snapshot_counting,required,112.6,1,0,0,0,0,1,0.0,0.0,SILENT
snapshot_counting::KekkHpBHZ84::53,snapshot_counting,helpful,140.173367,1,1,0,0,1,1,0.0,0.0,WRONG_TIME
snapshot_counting::3P3dgKrMtc0::54,snapshot_counting,helpful,178.666667,1,0,0,0,0,1,0.0,0.0,SILENT
snapshot_counting::U9ZHW6fAv04::55,snapshot_counting,helpful,197.530667,1,0,0,0,0,1,0.0,0.0,SILENT
snapshot_counting::EsZG07lW9KU::56,snapshot_counting,required,210.543667,1,1,0,0,1,1,0.0,0.0,WRONG_TIME
snapshot_counting::W5Wh4xCmPC4::57,snapshot_counting,helpful,432.0316,1,0,0,0,0,1,0.0,0.0,SILENT
snapshot_counting::WAx6cCcrnPg::58,snapshot_counting,required,138.138138,1,0,0,0,0,1,0.0,0.0,SILENT
snapshot_counting::Jhkj1TVITf8::59,snapshot_counting,required,138.555083,1,0,0,0,0,1,0.0,0.0,SILENT
snapshot_counting::UldXRipkEno::60,snapshot_counting,required,98.531767,1,1,1,0,0,0,1.0,0.0,TIMING_ONLY
snapshot_counting::9E63oRKRxUU::61,snapshot_counting,required,269.9697,1,1,1,0,0,0,1.0,0.0,TIMING_ONLY
snapshot_counting::2vYRDokNyFI::62,snapshot_counting,required,221.554667,1,0,0,0,0,1,0.0,0.0,SILENT
snapshot_counting::1SwvQVV5fug::63,snapshot_counting,required,363.321292,1,2,0,0,2,1,0.0,0.0,WRONG_TIME
snapshot_counting::CA1rPvS48To::64,snapshot_counting,required,35.08,1,1,1,0,0,0,1.0,0.0,TIMING_ONLY
snapshot_counting::GPsHvcZcdSI::65,snapshot_counting,required,54.84,1,1,1,0,0,0,1.0,0.0,TIMING_ONLY
snapshot_counting::WsqcSQbH-ok::66,snapshot_counting,required,94.176667,1,2,1,0,1,0,0.667,0.0,TIMING_ONLY
snapshot_counting::YnL0FVrGhFs::67,snapshot_counting,required,172.333333,1,0,0,0,0,1,0.0,0.0,SILENT
snapshot_counting::498OYClQe-8::68,snapshot_counting,required,155.071583,1,0,0,0,0,1,0.0,0.0,SILENT
snapshot_counting::WQahG2BIsbc::69,snapshot_counting,required,288.433333,1,0,0,0,0,1,0.0,0.0,SILENT
snapshot_counting::X40MPQXah9U::70,snapshot_counting,helpful,482.915767,1,1,0,0,1,1,0.0,0.0,WRONG_TIME
snapshot_counting::PHZXpINfz2o::71,snapshot_counting,none,179.533333,1,0,0,0,0,1,0.0,0.0,SILENT
snapshot_counting::Ji2vdGSxb6Y::72,snapshot_counting,required,211.52,1,1,0,0,1,1,0.0,0.0,WRONG_TIME
snapshot_counting::900pWYk1nLE::73,snapshot_counting,none,64.230833,1,0,0,0,0,1,0.0,0.0,SILENT
snapshot_counting::KGjAytMacAA::74,snapshot_counting,required,203.203,1,1,1,0,0,0,1.0,0.0,TIMING_ONLY
snapshot_counting::J881Moimbyc::75,snapshot_counting,required,311.177533,1,1,0,0,1,1,0.0,0.0,WRONG_TIME
snapshot_counting::BcFpM4upfxo::76,snapshot_counting,required,76.066667,1,0,0,0,0,1,0.0,0.0,SILENT
snapshot_counting::DrchbuazH2g::77,snapshot_counting,required,298.84,1,1,0,0,1,1,0.0,0.0,WRONG_TIME
snapshot_counting::2a0O3-5Fpyw::78,snapshot_counting,required,449.541667,1,1,0,0,1,1,0.0,0.0,WRONG_TIME
snapshot_counting::8ujblRmdlUc::79,snapshot_counting,helpful,346.779767,1,1,0,0,1,1,0.0,0.0,WRONG_TIME
snapshot_counting::TXeVf42sQdM::80,snapshot_counting,required,119.853067,1,0,0,0,0,1,0.0,0.0,SILENT
snapshot_counting::_6D4W48qMQo::81,snapshot_counting,required,59.4,1,1,1,0,0,0,1.0,0.0,TIMING_ONLY
snapshot_counting::W0-a_BbCo9I::82,snapshot_counting,none,126.835042,1,0,0,0,0,1,0.0,0.0,SILENT
snapshot_counting::Pwb86RDw_3Q::83,snapshot_counting,required,126.292833,1,1,1,0,0,0,1.0,0.0,TIMING_ONLY
snapshot_counting::_5IMTMSB6Hc::84,snapshot_counting,helpful,153.486667,1,0,0,0,0,1,0.0,0.0,SILENT
snapshot_counting::ErNL6TY1GfI::85,snapshot_counting,none,153.4,1,0,0,0,0,1,0.0,0.0,SILENT
snapshot_counting::UZvpYQ-45No::86,snapshot_counting,helpful,42.666667,1,0,0,0,0,1,0.0,0.0,SILENT
snapshot_counting::Yi01srA2W_M::87,snapshot_counting,required,113.980533,1,1,0,0,1,1,0.0,0.0,WRONG_TIME
snapshot_counting::I1zkx0Xz8NY::88,snapshot_counting,required,137.003533,1,0,0,0,0,1,0.0,0.0,SILENT
snapshot_counting::2-V96f62kGM::89,snapshot_counting,helpful,176.4,1,0,0,0,0,1,0.0,0.0,SILENT
snapshot_counting::CQrEyrW2REc::90,snapshot_counting,required,162.48,1,0,0,0,0,1,0.0,0.0,SILENT
snapshot_counting::Yw5_IfvHueo::91,snapshot_counting,required,498.3979,1,2,1,1,1,0,0.667,0.667,GOOD
snapshot_counting::EtS4Uk1-jhQ::92,snapshot_counting,required,311.2109,1,1,1,0,0,0,1.0,0.0,TIMING_ONLY
snapshot_counting::L7N88hQ1ccY::93,snapshot_counting,helpful,198.166667,1,1,1,0,0,0,1.0,0.0,TIMING_ONLY
snapshot_counting::F8Pa8EPn_c4::94,snapshot_counting,required,35.68,1,1,0,0,1,1,0.0,0.0,WRONG_TIME
snapshot_counting::2lJMU_78m7A::95,snapshot_counting,required,44.878167,1,1,0,0,1,1,0.0,0.0,WRONG_TIME
snapshot_counting::BY5mLsNhXS4::96,snapshot_counting,required,100.233467,1,0,0,0,0,1,0.0,0.0,SILENT
snapshot_counting::Uaa-Mz84vC8::97,snapshot_counting,required,400.1,1,1,0,0,1,1,0.0,0.0,WRONG_TIME
snapshot_counting::UmQe121ktuE::98,snapshot_counting,required,97.6,1,0,0,0,0,1,0.0,0.0,SILENT
snapshot_counting::RXnNFMU7YGI::99,snapshot_counting,required,310.12,1,1,1,1,0,0,1.0,1.0,GOOD
snapshot_counting::L1q4J7oNswA::100,snapshot_counting,required,143.866667,1,0,0,0,0,1,0.0,0.0,SILENT
snapshot_counting::PnU1PlgQaUY::101,snapshot_counting,required,202.4,1,0,0,0,0,1,0.0,0.0,SILENT
snapshot_counting::7g6eEm0Vgf8::102,snapshot_counting,required,105.708333,1,1,1,0,0,0,1.0,0.0,TIMING_ONLY
snapshot_counting::VED-6BLrWFg::103,snapshot_counting,required,509.642467,1,1,0,0,1,1,0.0,0.0,WRONG_TIME
snapshot_counting::Z62UTigE3m4::104,snapshot_counting,required,181.5814,1,1,1,1,0,0,1.0,1.0,GOOD
snapshot_counting::DZCvHDyzpXw::105,snapshot_counting,required,104.521083,1,1,0,0,1,1,0.0,0.0,WRONG_TIME
snapshot_counting::TRdIVvXBB8k::106,snapshot_counting,required,196.88,1,1,1,1,0,0,1.0,1.0,GOOD
snapshot_counting::E5kqdbMh7Ys::107,snapshot_counting,required,263.630033,1,0,0,0,0,1,0.0,0.0,SILENT
snapshot_counting::MLxg-PXQ47g::108,snapshot_counting,required,180.533333,1,0,0,0,0,1,0.0,0.0,SILENT
snapshot_counting::LlAKcJ-DE88::109,snapshot_counting,required,86.4864,1,1,0,0,1,1,0.0,0.0,WRONG_TIME
snapshot_counting::Ws4T24vp6rI::110,snapshot_counting,required,130.48,1,1,1,0,0,0,1.0,0.0,TIMING_ONLY
snapshot_counting::Uy4viSMpQBA::111,snapshot_counting,none,308.0,1,1,0,0,1,1,0.0,0.0,WRONG_TIME
snapshot_counting::6WE0rrbFhEg::112,snapshot_counting,helpful,250.08,1,0,0,0,0,1,0.0,0.0,SILENT
snapshot_counting::SHE3B1pryxk::113,snapshot_counting,required,77.68,1,2,1,1,1,0,0.667,0.667,GOOD
snapshot_counting::RWpTUgVDOB0::114,snapshot_counting,helpful,125.208333,1,1,0,0,1,1,0.0,0.0,WRONG_TIME
snapshot_counting::4-QV0hA-Q_w::115,snapshot_counting,required,141.508033,1,0,0,0,0,1,0.0,0.0,SILENT
snapshot_counting::1cjHAtxmUHA::116,snapshot_counting,required,111.733333,1,1,1,0,0,0,1.0,0.0,TIMING_ONLY
snapshot_counting::64yLR2qTZcg::117,snapshot_counting,required,30.03,1,0,0,0,0,1,0.0,0.0,SILENT
snapshot_counting::5Nuh4otqAjA::118,snapshot_counting,required,317.733333,1,0,0,0,0,1,0.0,0.0,SILENT
snapshot_counting::YJV5yWfrB98::119,snapshot_counting,none,152.919433,1,0,0,0,0,1,0.0,0.0,SILENT
snapshot_counting::Y6cvMS8s0MM::120,snapshot_counting,required,102.969533,1,1,0,0,1,1,0.0,0.0,WRONG_TIME
snapshot_counting::2Vh-xCGMLzg::121,snapshot_counting,required,83.8,1,1,0,0,1,1,0.0,0.0,WRONG_TIME
snapshot_counting::KknUO0Elk0I::122,snapshot_counting,none,212.587367,1,0,0,0,0,1,0.0,0.0,SILENT
snapshot_counting::KoQeXKrSm5A::123,snapshot_counting,required,236.819917,1,1,1,0,0,0,1.0,0.0,TIMING_ONLY
snapshot_counting::QATG0ykQ1gU::124,snapshot_counting,required,100.483,1,1,1,0,0,0,1.0,0.0,TIMING_ONLY
snapshot_counting::CR55TVLjTzc::125,snapshot_counting,required,594.64,1,1,0,0,1,1,0.0,0.0,WRONG_TIME
snapshot_counting::-QEfaBLGPQk::126,snapshot_counting,required,433.057625,1,1,0,0,1,1,0.0,0.0,WRONG_TIME
snapshot_counting::6Hb8uzHLA2Q::127,snapshot_counting,required,66.72,1,0,0,0,0,1,0.0,0.0,SILENT
snapshot_counting::YuoFzL4ShRY::128,snapshot_counting,required,170.503837,1,0,0,0,0,1,0.0,0.0,SILENT
snapshot_counting::XzN4MfKGwAo::129,snapshot_counting,required,249.64,1,1,0,0,1,1,0.0,0.0,WRONG_TIME
snapshot_counting::_A8Ra5DXbUY::130,snapshot_counting,helpful,118.326542,1,1,0,0,1,1,0.0,0.0,WRONG_TIME
snapshot_counting::7XJ6Ss2i60Q::131,snapshot_counting,helpful,303.24,1,0,0,0,0,1,0.0,0.0,SILENT
snapshot_counting::ZYTmgi1pAIE::132,snapshot_counting,required,75.809067,1,1,0,0,1,1,0.0,0.0,WRONG_TIME
snapshot_counting::W1UUL7_bElQ::133,snapshot_counting,required,514.733333,1,1,0,0,1,1,0.0,0.0,WRONG_TIME
snapshot_counting::X-PWidOvHT8::134,snapshot_counting,required,259.666667,1,1,0,0,1,1,0.0,0.0,WRONG_TIME
snapshot_counting::-p1bAo2wbNA::135,snapshot_counting,required,54.866667,1,0,0,0,0,1,0.0,0.0,SILENT
snapshot_counting::Q9jOftgnD64::136,snapshot_counting,required,111.64,1,0,0,0,0,1,0.0,0.0,SILENT
snapshot_counting::IhoM6jese_Y::137,snapshot_counting,helpful,444.477367,1,1,0,0,1,1,0.0,0.0,WRONG_TIME
snapshot_counting::MwFpY7wY9-k::138,snapshot_counting,required,152.719233,1,0,0,0,0,1,0.0,0.0,SILENT
snapshot_counting::QU3YMrU5Drs::139,snapshot_counting,helpful,95.68,1,0,0,0,0,1,0.0,0.0,SILENT
snapshot_counting::6rho9EbHtyc::140,snapshot_counting,required,35.967,1,0,0,0,0,1,0.0,0.0,SILENT
snapshot_counting::TIKm2-2Sr-4::141,snapshot_counting,required,87.378958,1,0,0,0,0,1,0.0,0.0,SILENT
snapshot_counting::SIm5SqQfTq8::142,snapshot_counting,helpful,141.766667,1,0,0,0,0,1,0.0,0.0,SILENT
snapshot_counting::3iVPx4lsw_0::143,snapshot_counting,required,319.786133,1,1,0,0,1,1,0.0,0.0,WRONG_TIME
snapshot_counting::DwwdRDPwzoE::144,snapshot_counting,required,93.0,1,0,0,0,0,1,0.0,0.0,SILENT
snapshot_counting::PZB-IvTq1u8::145,snapshot_counting,required,129.062267,1,1,0,0,1,1,0.0,0.0,WRONG_TIME
snapshot_counting::25A6GhbcnKs::146,snapshot_counting,none,227.366667,1,1,0,0,1,1,0.0,0.0,WRONG_TIME
snapshot_counting::MqarNjlLyvk::147,snapshot_counting,required,67.033333,1,0,0,0,0,1,0.0,0.0,SILENT
snapshot_counting::HCf60Cxwh4w::148,snapshot_counting,required,89.52,1,1,1,1,0,0,1.0,1.0,GOOD
snapshot_counting::7sePL9jdSm4::149,snapshot_counting,required,103.369933,1,0,0,0,0,1,0.0,0.0,SILENT
snapshot_counting::MARVjDLPDYY::150,snapshot_counting,none,69.233333,1,0,0,0,0,1,0.0,0.0,SILENT
snapshot_counting::HF8nrtwFVA8::151,snapshot_counting,none,143.877067,1,0,0,0,0,1,0.0,0.0,SILENT
snapshot_counting::PpmCLcSbvMc::152,snapshot_counting,required,536.2357,1,2,0,0,2,1,0.0,0.0,WRONG_TIME
snapshot_counting::HAFLLtAcRKY::153,snapshot_counting,none,53.04,1,0,0,0,0,1,0.0,0.0,SILENT
snapshot_counting::4JwMlFMzh5Y::154,snapshot_counting,none,200.64,1,0,0,0,0,1,0.0,0.0,SILENT
snapshot_counting::36Ush_U7z-c::155,snapshot_counting,required,107.04,1,1,0,0,1,1,0.0,0.0,WRONG_TIME
snapshot_counting::AD5MFhTOQp0::156,snapshot_counting,required,85.633333,1,0,0,0,0,1,0.0,0.0,SILENT
snapshot_counting::PvlM8BEcsBg::157,snapshot_counting,required,357.5572,1,1,1,1,0,0,1.0,1.0,GOOD
snapshot_counting::2zaCRi7-eW8::158,snapshot_counting,required,346.2459,1,1,0,0,1,1,0.0,0.0,WRONG_TIME
snapshot_counting::UXEgcBFBoRo::159,snapshot_counting,helpful,434.851078,1,1,0,0,1,1,0.0,0.0,WRONG_TIME
snapshot_counting::L1ryC4e9PbU::160,snapshot_counting,helpful,110.076633,1,0,0,0,0,1,0.0,0.0,SILENT
snapshot_counting::WEFiV9pwYoU::161,snapshot_counting,required,347.966667,1,1,0,0,1,1,0.0,0.0,WRONG_TIME
snapshot_counting::RE8ikWl_Hp8::162,snapshot_counting,none,240.607033,1,0,0,0,0,1,0.0,0.0,SILENT
snapshot_counting::GjDTEjAHu_Y::163,snapshot_counting,required,100.44,1,0,0,0,0,1,0.0,0.0,SILENT
snapshot_counting::82U_y1WJ13A::164,snapshot_counting,none,485.3,1,0,0,0,0,1,0.0,0.0,SILENT
snapshot_counting::VKk-XBbawW0::165,snapshot_counting,required,165.298467,1,0,0,0,0,1,0.0,0.0,SILENT
snapshot_counting::0J0Tjqc4efY::166,snapshot_counting,required,226.29296,1,1,0,0,1,1,0.0,0.0,WRONG_TIME
snapshot_counting::UqCRnhHPaF0::167,snapshot_counting,required,281.24,1,2,0,0,2,1,0.0,0.0,WRONG_TIME
snapshot_counting::8cv_g1oYF3M::168,snapshot_counting,required,426.759667,1,2,1,1,1,0,0.667,0.667,GOOD
snapshot_counting::ME49XGmzzjg::169,snapshot_counting,required,86.519767,1,0,0,0,0,1,0.0,0.0,SILENT
snapshot_counting::LFelGo9gA_I::170,snapshot_counting,required,105.939273,1,1,0,0,1,1,0.0,0.0,WRONG_TIME
snapshot_counting::ShUQ8qYQshY::171,snapshot_counting,helpful,178.0,1,0,0,0,0,1,0.0,0.0,SILENT
snapshot_counting::5JHKOIfy9aY::172,snapshot_counting,required,337.770767,1,1,0,0,1,1,0.0,0.0,WRONG_TIME
snapshot_counting::0dJSPsXCujc::173,snapshot_counting,none,420.586833,1,0,0,0,0,1,0.0,0.0,SILENT
snapshot_counting::Kh9MP3gY2nM::174,snapshot_counting,required,298.344828,1,2,1,1,1,0,0.667,0.667,GOOD
snapshot_counting::DHULPs5EaBU::175,snapshot_counting,required,274.507567,1,0,0,0,0,1,0.0,0.0,SILENT
snapshot_counting::1_SqWC582dw::176,snapshot_counting,required,155.155,1,1,1,0,0,0,1.0,0.0,TIMING_ONLY
snapshot_counting::14H72gjQBZY::177,snapshot_counting,required,256.089167,1,1,0,0,1,1,0.0,0.0,WRONG_TIME
snapshot_counting::JQFsBnNMa3s::178,snapshot_counting,none,280.125,1,0,0,0,0,1,0.0,0.0,SILENT
snapshot_counting::CL4qjTsj0i8::179,snapshot_counting,required,292.791667,1,0,0,0,0,1,0.0,0.0,SILENT
snapshot_counting::1KRgCamTNu0::180,snapshot_counting,required,322.022022,1,1,1,0,0,0,1.0,0.0,TIMING_ONLY
snapshot_counting::XWAehAfDsHg::181,snapshot_counting,required,233.466567,1,1,0,0,1,1,0.0,0.0,WRONG_TIME
snapshot_counting::RThFUxN_PG4::182,snapshot_counting,required,163.830333,1,1,0,0,1,1,0.0,0.0,WRONG_TIME
snapshot_counting::L0RIDVNu39s::183,snapshot_counting,helpful,60.06,1,0,0,0,0,1,0.0,0.0,SILENT
snapshot_counting::S-lGb_lnSuw::184,snapshot_counting,required,264.597667,1,0,0,0,0,1,0.0,0.0,SILENT
snapshot_counting::KjCMdFUl9FI::185,snapshot_counting,required,351.718033,1,1,1,0,0,0,1.0,0.0,TIMING_ONLY
snapshot_counting::HgVegvv1HPE::186,snapshot_counting,none,211.32,1,0,0,0,0,1,0.0,0.0,SILENT
snapshot_counting::Cxwgop7XICY::187,snapshot_counting,required,269.9697,1,1,0,0,1,1,0.0,0.0,WRONG_TIME
snapshot_counting::ZzNKv0hbkCY::188,snapshot_counting,required,126.693233,1,1,1,1,0,0,1.0,1.0,GOOD
snapshot_counting::3FBT98j1Sbg::189,snapshot_counting,helpful,187.28,1,0,0,0,0,1,0.0,0.0,SILENT
snapshot_counting::QCs4Kaz88NY::190,snapshot_counting,required,327.961,1,0,0,0,0,1,0.0,0.0,SILENT
snapshot_counting::PwbBzNRNyl8::191,snapshot_counting,required,264.333333,1,1,1,0,0,0,1.0,0.0,TIMING_ONLY
snapshot_counting::WMAK4edTUmw::192,snapshot_counting,required,225.191633,1,2,1,1,1,0,0.667,0.667,GOOD
snapshot_counting::Yp1CgOgBR_s::193,snapshot_counting,required,186.12,1,1,1,1,0,0,1.0,1.0,GOOD
snapshot_counting::4QLU8CNu6GQ::194,snapshot_counting,required,470.333333,1,1,0,0,1,1,0.0,0.0,WRONG_TIME
snapshot_counting::MrRcGmdL_4U::195,snapshot_counting,none,67.0,1,0,0,0,0,1,0.0,0.0,SILENT
snapshot_counting::Vv2KnmgUt-s::196,snapshot_counting,required,141.115157,1,0,0,0,0,1,0.0,0.0,SILENT
snapshot_counting::XbpxMJ_Mz8M::197,snapshot_counting,none,67.233833,1,0,0,0,0,1,0.0,0.0,SILENT
snapshot_counting::VU9rzBQMErs::198,snapshot_counting,required,297.630667,1,2,0,0,2,1,0.0,0.0,WRONG_TIME
snapshot_counting::Js0N30Ye7qo::199,snapshot_counting,required,112.846067,1,1,0,0,1,1,0.0,0.0,WRONG_TIME
snapshot_counting::XlAanysVzzc::200,snapshot_counting,required,190.6,1,1,0,0,1,1,0.0,0.0,WRONG_TIME
snapshot_counting::AUXo83jAKIw::201,snapshot_counting,required,314.8145,1,1,0,0,1,1,0.0,0.0,WRONG_TIME
snapshot_counting::ICb7mkhxlyM::202,snapshot_counting,required,229.3,1,0,0,0,0,1,0.0,0.0,SILENT
snapshot_counting::UyA-XahbX9o::203,snapshot_counting,required,187.9878,1,1,0,0,1,1,0.0,0.0,WRONG_TIME
snapshot_counting::Yl0auMMHAh8::204,snapshot_counting,none,190.156633,1,1,0,0,1,1,0.0,0.0,WRONG_TIME
snapshot_counting::WrZP5xZqYWg::205,snapshot_counting,helpful,295.566667,1,0,0,0,0,1,0.0,0.0,SILENT
snapshot_counting::DPugKj0pKtU::206,snapshot_counting,required,468.12,1,2,0,0,2,1,0.0,0.0,WRONG_TIME
snapshot_counting::Bo5pzWMsF4A::207,snapshot_counting,required,165.6655,1,1,1,1,0,0,1.0,1.0,GOOD
snapshot_counting::2aw1yFx9qeo::208,snapshot_counting,required,30.08,1,1,1,0,0,0,1.0,0.0,TIMING_ONLY
snapshot_counting::Wtnw9ooAW98::209,snapshot_counting,required,413.880133,1,1,0,0,1,1,0.0,0.0,WRONG_TIME
snapshot_counting::UFxHHXCYiFE::210,snapshot_counting,required,70.445367,1,0,0,0,0,1,0.0,0.0,SILENT
snapshot_counting::Uv43pIPnDPc::211,snapshot_counting,required,209.209,1,1,1,0,0,0,1.0,0.0,TIMING_ONLY
snapshot_counting::8wi2N5opUVE::212,snapshot_counting,required,208.291417,1,1,0,0,1,1,0.0,0.0,WRONG_TIME
snapshot_counting::RyZMWPrw8Dg::213,snapshot_counting,none,153.486667,1,0,0,0,0,1,0.0,0.0,SILENT
snapshot_counting::Wpz7F-Hk6jU::214,snapshot_counting,required,293.660033,1,0,0,0,0,1,0.0,0.0,SILENT
snapshot_counting::FbDpZtgONPg::215,snapshot_counting,none,177.443933,1,0,0,0,0,1,0.0,0.0,SILENT
snapshot_counting::Z-hlc8kN6nI::216,snapshot_counting,required,147.897744,1,1,0,0,1,1,0.0,0.0,WRONG_TIME
snapshot_counting::XhgUbBVXLEg::217,snapshot_counting,required,73.239833,1,1,1,0,0,0,1.0,0.0,TIMING_ONLY
snapshot_counting::SmC5GZffVFg::218,snapshot_counting,required,199.732867,1,1,0,0,1,1,0.0,0.0,WRONG_TIME
snapshot_counting::05j4tIvoC8o::219,snapshot_counting,required,80.233333,1,0,0,0,0,1,0.0,0.0,SILENT
snapshot_counting::1PRqYsL7d8s::220,snapshot_counting,required,317.666667,1,0,0,0,0,1,0.0,0.0,SILENT
snapshot_counting::UZQZ2fAoTn4::221,snapshot_counting,none,584.28,1,0,0,0,0,1,0.0,0.0,SILENT
snapshot_counting::ZGXCr5n8Frg::222,snapshot_counting,helpful,222.28,1,0,0,0,0,1,0.0,0.0,SILENT
snapshot_counting::FywjLQRju7Y::223,snapshot_counting,required,325.558567,1,0,0,0,0,1,0.0,0.0,SILENT
snapshot_counting::UkCJqA7561I::224,snapshot_counting,required,389.68,1,1,0,0,1,1,0.0,0.0,WRONG_TIME
snapshot_counting::15GCaMdApS4::225,snapshot_counting,required,118.8,1,1,0,0,1,1,0.0,0.0,WRONG_TIME
snapshot_counting::8nFoJWmeLoM::226,snapshot_counting,none,63.466667,1,0,0,0,0,1,0.0,0.0,SILENT
snapshot_counting::HcGa_j-YDmw::227,snapshot_counting,helpful,255.84,1,0,0,0,0,1,0.0,0.0,SILENT
snapshot_counting::EII4qVr-Mjw::228,snapshot_counting,required,150.28,1,1,1,1,0,0,1.0,1.0,GOOD
snapshot_counting::6Rfvlxpc7xs::229,snapshot_counting,required,214.447567,1,1,1,0,0,0,1.0,0.0,TIMING_ONLY
snapshot_counting::SOJfcshF9_Q::230,snapshot_counting,required,463.5,1,1,1,1,0,0,1.0,1.0,GOOD
snapshot_counting::XRVAdIQ6RzY::231,snapshot_counting,required,40.407033,1,1,1,0,0,0,1.0,0.0,TIMING_ONLY
snapshot_counting::Kkb08lbzGaQ::232,snapshot_counting,required,160.566667,1,1,0,0,1,1,0.0,0.0,WRONG_TIME
snapshot_counting::KQQaI0lWHW0::233,snapshot_counting,required,73.239833,1,0,0,0,0,1,0.0,0.0,SILENT
snapshot_counting::U9SraX8Z1m8::234,snapshot_counting,required,370.537204,1,2,1,0,1,0,0.667,0.0,TIMING_ONLY
snapshot_counting::FUrva9V_-cs::235,snapshot_counting,required,261.995067,1,1,0,0,1,1,0.0,0.0,WRONG_TIME
snapshot_counting::GEmaF4_W0RE::236,snapshot_counting,required,31.489789,1,1,1,0,0,0,1.0,0.0,TIMING_ONLY
snapshot_counting::KnEO3Xzvn9M::237,snapshot_counting,required,161.866667,1,1,0,0,1,1,0.0,0.0,WRONG_TIME
snapshot_counting::5gvSbUaab4E::238,snapshot_counting,required,148.233333,1,1,1,1,0,0,1.0,1.0,GOOD
snapshot_counting::W2u6SC3CxgE::239,snapshot_counting,required,314.466667,1,1,0,0,1,1,0.0,0.0,WRONG_TIME
snapshot_counting::AnBixRgkIGY::240,snapshot_counting,required,128.503375,1,0,0,0,0,1,0.0,0.0,SILENT
snapshot_counting::40SL-m4u-LQ::241,snapshot_counting,required,208.208,1,1,0,0,1,1,0.0,0.0,WRONG_TIME
snapshot_counting::SgMoHqjlbe8::242,snapshot_counting,required,242.450533,1,1,1,0,0,0,1.0,0.0,TIMING_ONLY
snapshot_counting::Fr0QhESRzH0::243,snapshot_counting,helpful,173.089583,1,0,0,0,0,1,0.0,0.0,SILENT
snapshot_counting::ZfP-mTFTJcc::244,snapshot_counting,required,132.9328,1,1,1,0,0,0,1.0,0.0,TIMING_ONLY
snapshot_counting::9PrAJGLXUuM::245,snapshot_counting,required,492.1917,1,2,1,0,1,0,0.667,0.0,TIMING_ONLY
snapshot_counting::KaO8SYGKI6M::246,snapshot_counting,required,134.259125,1,0,0,0,0,1,0.0,0.0,SILENT
snapshot_counting::AgsTYCe9czA::247,snapshot_counting,required,267.72,1,1,1,1,0,0,1.0,1.0,GOOD
snapshot_counting::WR60bYipVU8::248,snapshot_counting,required,160.92,1,1,1,0,0,0,1.0,0.0,TIMING_ONLY
snapshot_counting::Z0Ct75njaD0::249,snapshot_counting,required,317.7174,1,2,1,1,1,0,0.667,0.667,GOOD
snapshot_counting::1sM9Qs-0Vdk::250,snapshot_counting,required,217.46725,1,1,1,1,0,0,1.0,1.0,GOOD
snapshot_counting::UC0qJSuJM0o::251,snapshot_counting,required,251.4512,1,2,1,0,1,0,0.667,0.0,TIMING_ONLY
snapshot_counting::BXpBmHYR8IE::252,snapshot_counting,required,220.286733,1,1,1,1,0,0,1.0,1.0,GOOD
snapshot_counting::IenLTYaTvuY::253,snapshot_counting,none,60.26001,1,0,0,0,0,1,0.0,0.0,SILENT
snapshot_counting::SB7nuM34CWg::254,snapshot_counting,required,110.485375,1,1,0,0,1,1,0.0,0.0,WRONG_TIME
snapshot_counting::K418iVP0w6U::255,snapshot_counting,required,213.458333,1,1,1,0,0,0,1.0,0.0,TIMING_ONLY
snapshot_counting::X9ms7D2XF4k::256,snapshot_counting,helpful,495.366667,1,1,0,0,1,1,0.0,0.0,WRONG_TIME
snapshot_counting::EOZpxN6w3pE::257,snapshot_counting,required,504.1,1,3,0,0,3,1,0.0,0.0,WRONG_TIME
snapshot_counting::ZlosBynTeh4::258,snapshot_counting,required,432.166,1,1,1,1,0,0,1.0,1.0,GOOD
snapshot_counting::HkAejSLGEUU::259,snapshot_counting,none,214.72,1,1,0,0,1,1,0.0,0.0,WRONG_TIME
snapshot_counting::PZiMJX2bQ4M::260,snapshot_counting,helpful,338.171167,1,1,0,0,1,1,0.0,0.0,WRONG_TIME
snapshot_counting::WZuiTeSps-c::261,snapshot_counting,required,204.166667,1,1,0,0,1,1,0.0,0.0,WRONG_TIME
snapshot_counting::WP1ZDZMhja0::262,snapshot_counting,required,457.44,1,1,0,0,1,1,0.0,0.0,WRONG_TIME
snapshot_counting::5cD4CAHexWs::263,snapshot_counting,required,174.007167,1,0,0,0,0,1,0.0,0.0,SILENT
snapshot_counting::2BByygOLXNM::264,snapshot_counting,helpful,287.245292,1,0,0,0,0,1,0.0,0.0,SILENT
snapshot_counting::QtNzGm-nICg::265,snapshot_counting,none,263.0,1,0,0,0,0,1,0.0,0.0,SILENT
snapshot_counting::CJ9h-qHhkuc::266,snapshot_counting,required,204.971433,1,0,0,0,0,1,0.0,0.0,SILENT
snapshot_counting::-l9fxSCGJ4M::267,snapshot_counting,none,155.738917,1,0,0,0,0,1,0.0,0.0,SILENT
snapshot_counting::HrTKYRnwUAs::268,snapshot_counting,helpful,166.766767,1,0,0,0,0,1,0.0,0.0,SILENT
snapshot_counting::DZpVcpmuCI8::269,snapshot_counting,required,310.24,1,2,0,0,2,1,0.0,0.0,WRONG_TIME
snapshot_counting::HAzVuNdlank::270,snapshot_counting,helpful,578.711467,1,1,0,0,1,1,0.0,0.0,WRONG_TIME
snapshot_counting::BCKpVVtJexc::271,snapshot_counting,required,354.466667,1,1,1,0,0,0,1.0,0.0,TIMING_ONLY
snapshot_counting::VauQiGVVBBc::272,snapshot_counting,required,105.3052,1,1,1,0,0,0,1.0,0.0,TIMING_ONLY
snapshot_counting::_XWH06cPzJY::273,snapshot_counting,required,45.4,1,0,0,0,0,1,0.0,0.0,SILENT
snapshot_counting::-powI0eeLbw::274,snapshot_counting,required,52.4,1,1,1,0,0,0,1.0,0.0,TIMING_ONLY
snapshot_counting::VCaBK8NxCA8::275,snapshot_counting,required,165.466667,1,1,0,0,1,1,0.0,0.0,WRONG_TIME
snapshot_counting::7GkZ7PLMaZk::276,snapshot_counting,required,55.933333,1,1,0,0,1,1,0.0,0.0,WRONG_TIME
snapshot_counting::XUGBvAVZ8CI::277,snapshot_counting,required,138.625,1,1,0,0,1,1,0.0,0.0,WRONG_TIME
snapshot_counting::WDfHSGW-IDg::278,snapshot_counting,required,111.166667,1,0,0,0,0,1,0.0,0.0,SILENT
snapshot_counting::1EDlJD9mplY::279,snapshot_counting,required,58.091367,1,0,0,0,0,1,0.0,0.0,SILENT
snapshot_counting::A0l8fhxoWpY::280,snapshot_counting,none,142.3422,1,0,0,0,0,1,0.0,0.0,SILENT
snapshot_counting::IoKT18WFFGc::281,snapshot_counting,required,258.04,1,2,1,0,1,0,0.667,0.0,TIMING_ONLY
snapshot_counting::LKHYrdzn3qY::282,snapshot_counting,required,227.52,1,0,0,0,0,1,0.0,0.0,SILENT
snapshot_counting::WPlSFztws0g::283,snapshot_counting,required,77.243833,1,1,1,0,0,0,1.0,0.0,TIMING_ONLY
snapshot_counting::FL9j4DUagn4::284,snapshot_counting,required,374.066667,1,4,0,0,4,1,0.0,0.0,WRONG_TIME
snapshot_counting::M5FfhpgIPCs::285,snapshot_counting,none,77.994583,1,0,0,0,0,1,0.0,0.0,SILENT
snapshot_counting::HNrYhCKk2DI::286,snapshot_counting,required,59.999331,1,0,0,0,0,1,0.0,0.0,SILENT
snapshot_counting::Lno78zPUEXs::287,snapshot_counting,required,60.96,1,0,0,0,0,1,0.0,0.0,SILENT
snapshot_counting::0cfm3b0pyhQ::288,snapshot_counting,helpful,116.6,1,0,0,0,0,1,0.0,0.0,SILENT
snapshot_counting::RCwTPOjyNUM::289,snapshot_counting,required,170.6,1,1,0,0,1,1,0.0,0.0,WRONG_TIME
snapshot_counting::R9KJXzVRG2Q::290,snapshot_counting,required,120.587133,1,0,0,0,0,1,0.0,0.0,SILENT
snapshot_counting::MVDO3gu1d68::291,snapshot_counting,required,127.25,1,1,1,1,0,0,1.0,1.0,GOOD
snapshot_counting::Q7ClI8KHPjs::292,snapshot_counting,required,131.0,1,1,1,0,0,0,1.0,0.0,TIMING_ONLY
snapshot_counting::G2igaJVic-8::293,snapshot_counting,helpful,244.56,1,0,0,0,0,1,0.0,0.0,SILENT
snapshot_counting::HeYbc8d9U7s::294,snapshot_counting,required,155.788967,1,1,0,0,1,1,0.0,0.0,WRONG_TIME
snapshot_counting::Vf9WPTg0h5g::295,snapshot_counting,required,56.489767,1,1,1,1,0,0,1.0,1.0,GOOD
snapshot_counting::MSfDVu3i9mE::296,snapshot_counting,required,155.522033,1,1,1,0,0,0,1.0,0.0,TIMING_ONLY
snapshot_counting::YxguQMKgaUk::297,snapshot_counting,none,102.033333,1,1,1,1,0,0,1.0,1.0,GOOD
snapshot_counting::GkdFZK76bWE::298,snapshot_counting,required,171.96,1,1,1,0,0,0,1.0,0.0,TIMING_ONLY
snapshot_counting::ZA8BslrJ0IQ::299,snapshot_counting,required,49.866667,1,1,0,0,1,1,0.0,0.0,WRONG_TIME
semantic_condition_alert::VED-6BLrWFg::0,semantic_condition_alert,required,509.642467,1,2,0,0,2,1,0.0,0.0,WRONG_TIME
semantic_condition_alert::-QEfaBLGPQk::1,semantic_condition_alert,required,433.057625,2,1,0,0,1,2,0.0,0.0,WRONG_TIME
semantic_condition_alert::WPlSFztws0g::2,semantic_condition_alert,required,77.243833,3,1,1,1,0,2,0.5,0.5,GOOD
semantic_condition_alert::RIn_k3Wpf9A::3,semantic_condition_alert,required,284.951333,5,1,1,1,0,4,0.333,0.333,GOOD
semantic_condition_alert::cTiQ0A8yztM::4,semantic_condition_alert,required,67.067,3,0,0,0,0,3,0.0,0.0,SILENT
semantic_condition_alert::o0LY74Q2BOs::5,semantic_condition_alert,required,78.92,4,0,0,0,0,4,0.0,0.0,SILENT
semantic_condition_alert::SpJdncoK-QY::6,semantic_condition_alert,helpful,302.5,1,0,0,0,0,1,0.0,0.0,SILENT
semantic_condition_alert::Q1WSGeuIBUU::7,semantic_condition_alert,required,254.254,4,3,3,3,0,1,0.857,0.857,GOOD
semantic_condition_alert::D1DN3IH-Goc::8,semantic_condition_alert,required,488.855033,3,4,0,0,4,3,0.0,0.0,WRONG_TIME
semantic_condition_alert::sLvkYYSVjow::9,semantic_condition_alert,required,105.839067,9,3,3,3,0,6,0.5,0.5,GOOD
semantic_condition_alert::28bX9kzKMys::10,semantic_condition_alert,required,74.32,2,1,1,1,0,1,0.667,0.667,GOOD
semantic_condition_alert::1MNI153DglI::11,semantic_condition_alert,required,196.829967,1,1,0,0,1,1,0.0,0.0,WRONG_TIME
semantic_condition_alert::DLBbSgu_JdM::12,semantic_condition_alert,none,184.781236,1,0,0,0,0,1,0.0,0.0,SILENT
semantic_condition_alert::xxkw6OT_flM::13,semantic_condition_alert,required,165.856655,3,1,1,1,0,2,0.5,0.5,GOOD
semantic_condition_alert::IYB2PnJsh1k::14,semantic_condition_alert,required,159.742917,7,1,0,0,1,7,0.0,0.0,WRONG_TIME
semantic_condition_alert::nRFrUn1Q2jk::15,semantic_condition_alert,required,105.238467,2,1,0,0,1,2,0.0,0.0,WRONG_TIME
semantic_condition_alert::1KRgCamTNu0::16,semantic_condition_alert,required,322.022022,1,1,0,0,1,1,0.0,0.0,WRONG_TIME
semantic_condition_alert::bmikC7Q_cCo::17,semantic_condition_alert,required,125.0249,5,1,0,0,1,5,0.0,0.0,WRONG_TIME
semantic_condition_alert::vHTfzg4dBsY::18,semantic_condition_alert,required,58.600208,3,1,1,1,0,2,0.5,0.5,GOOD
semantic_condition_alert::1pg4pWQ4Jzw::19,semantic_condition_alert,required,78.369958,3,0,0,0,0,3,0.0,0.0,SILENT
semantic_condition_alert::XD0cw-03bUk::20,semantic_condition_alert,required,115.648867,3,1,0,0,1,3,0.0,0.0,WRONG_TIME
semantic_condition_alert::xIWiwN9pM14::21,semantic_condition_alert,required,107.816042,3,1,0,0,1,3,0.0,0.0,WRONG_TIME
semantic_condition_alert::MOpQChwKKik::22,semantic_condition_alert,required,201.48,5,2,0,0,2,5,0.0,0.0,WRONG_TIME
semantic_condition_alert::TIKm2-2Sr-4::23,semantic_condition_alert,required,87.378958,2,1,1,1,0,1,0.667,0.667,GOOD
semantic_condition_alert::0cfm3b0pyhQ::24,semantic_condition_alert,required,116.6,3,2,1,1,1,2,0.4,0.4,GOOD
semantic_condition_alert::EbkcCtvNJQI::25,semantic_condition_alert,required,98.223122,5,2,1,1,1,4,0.286,0.286,GOOD
semantic_condition_alert::s6Mq_rKuJQ8::26,semantic_condition_alert,required,134.84,2,1,1,1,0,1,0.667,0.667,GOOD
semantic_condition_alert::rDQhcXajnNg::27,semantic_condition_alert,required,298.833333,5,2,2,2,0,3,0.571,0.571,GOOD
semantic_condition_alert::xE_KhtWSO5M::28,semantic_condition_alert,required,84.16,2,2,2,2,0,0,1.0,1.0,GOOD
semantic_condition_alert::tDiemkSsNvg::29,semantic_condition_alert,required,67.8,3,1,1,1,0,2,0.5,0.5,GOOD
semantic_condition_alert::KDX7SEoCj4s::30,semantic_condition_alert,helpful,178.044533,4,0,0,0,0,4,0.0,0.0,SILENT
semantic_condition_alert::pXEA_KJgRmU::31,semantic_condition_alert,required,202.5,4,3,0,0,3,4,0.0,0.0,WRONG_TIME
semantic_condition_alert::KjCMdFUl9FI::32,semantic_condition_alert,required,351.718033,3,1,0,0,1,3,0.0,0.0,WRONG_TIME
semantic_condition_alert::kcAivnYmQy8::33,semantic_condition_alert,required,317.150167,5,2,0,0,2,5,0.0,0.0,WRONG_TIME
semantic_condition_alert::xAfG9GHJ3Tk::34,semantic_condition_alert,required,574.040133,6,3,0,0,3,6,0.0,0.0,WRONG_TIME
semantic_condition_alert::EEA-VJS7JIQ::35,semantic_condition_alert,required,139.84,1,1,1,1,0,0,1.0,1.0,GOOD
semantic_condition_alert::qVe2ZCK87bc::36,semantic_condition_alert,required,92.416667,4,1,0,0,1,4,0.0,0.0,WRONG_TIME
semantic_condition_alert::NFX6ZNFg-Fc::37,semantic_condition_alert,required,252.078337,4,3,2,2,1,2,0.571,0.571,GOOD
semantic_condition_alert::ZnueWTgJJ8E::38,semantic_condition_alert,required,124.9,4,1,1,1,0,3,0.4,0.4,GOOD
semantic_condition_alert::2pcBc918a9c::39,semantic_condition_alert,required,80.04,1,0,0,0,0,1,0.0,0.0,SILENT
semantic_condition_alert::n3fCfTKfWOM::40,semantic_condition_alert,helpful,200.533333,5,2,0,0,2,5,0.0,0.0,WRONG_TIME
semantic_condition_alert::Rwmw4T62kvk::41,semantic_condition_alert,required,151.384567,2,1,1,1,0,1,0.667,0.667,GOOD
semantic_condition_alert::N1P86eLXStY::42,semantic_condition_alert,required,208.041167,2,1,0,0,1,2,0.0,0.0,WRONG_TIME
semantic_condition_alert::9dzOr4b5qFs::43,semantic_condition_alert,required,59.976583,1,1,1,1,0,0,1.0,1.0,GOOD
semantic_condition_alert::mV2SlDO7GZg::44,semantic_condition_alert,required,71.638305,3,1,1,1,0,2,0.5,0.5,GOOD
semantic_condition_alert::ZbIpDFXfS_I::45,semantic_condition_alert,required,30.78075,2,0,0,0,0,2,0.0,0.0,SILENT
semantic_condition_alert::pxgfIClP1XU::46,semantic_condition_alert,required,246.333333,5,2,1,1,1,4,0.286,0.286,GOOD
semantic_condition_alert::5cD4CAHexWs::47,semantic_condition_alert,required,174.007167,3,2,2,2,0,1,0.8,0.8,GOOD
semantic_condition_alert::36Ush_U7z-c::48,semantic_condition_alert,none,107.04,1,0,0,0,0,1,0.0,0.0,SILENT
semantic_condition_alert::cw9atTk4Ggc::49,semantic_condition_alert,required,245.712133,7,0,0,0,0,7,0.0,0.0,SILENT
semantic_condition_alert::uMWftJGDvGA::50,semantic_condition_alert,required,167.125289,4,1,0,0,1,4,0.0,0.0,WRONG_TIME
semantic_condition_alert::ZlosBynTeh4::51,semantic_condition_alert,required,432.166,4,1,0,0,1,4,0.0,0.0,WRONG_TIME
semantic_condition_alert::GV94WLtL1nI::52,semantic_condition_alert,required,114.7146,2,1,0,0,1,2,0.0,0.0,WRONG_TIME
semantic_condition_alert::TXeVf42sQdM::53,semantic_condition_alert,helpful,119.853067,1,0,0,0,0,1,0.0,0.0,SILENT
semantic_condition_alert::JTiO20XOnFg::54,semantic_condition_alert,required,60.06,2,1,1,1,0,1,0.667,0.667,GOOD
semantic_condition_alert::IL2Pj1bOb4Q::55,semantic_condition_alert,required,175.7756,2,1,1,1,0,1,0.667,0.667,GOOD
semantic_condition_alert::RuQo8nVwjrs::56,semantic_condition_alert,required,170.044875,5,1,0,0,1,5,0.0,0.0,WRONG_TIME
semantic_condition_alert::vqcRHk9eu94::57,semantic_condition_alert,required,164.6645,3,1,0,0,1,3,0.0,0.0,WRONG_TIME
semantic_condition_alert::xzpqxtOtdvM::58,semantic_condition_alert,required,179.8,3,1,0,0,1,3,0.0,0.0,WRONG_TIME
semantic_condition_alert::G2igaJVic-8::59,semantic_condition_alert,required,244.56,3,0,0,0,0,3,0.0,0.0,SILENT
semantic_condition_alert::95YXm5J38-c::60,semantic_condition_alert,required,211.044167,3,1,1,1,0,2,0.5,0.5,GOOD
semantic_condition_alert::pDHenIEC7pk::61,semantic_condition_alert,required,203.6,9,1,1,1,0,8,0.2,0.2,GOOD
semantic_condition_alert::c8HLOHnlemM::62,semantic_condition_alert,required,114.625,4,0,0,0,0,4,0.0,0.0,SILENT
semantic_condition_alert::TRdIVvXBB8k::63,semantic_condition_alert,required,196.88,2,1,0,0,1,2,0.0,0.0,WRONG_TIME
semantic_condition_alert::YrjQSQZIFCU::64,semantic_condition_alert,required,229.266667,4,2,1,1,1,3,0.333,0.333,GOOD
semantic_condition_alert::Ji2vdGSxb6Y::65,semantic_condition_alert,required,211.52,3,1,1,1,0,2,0.5,0.5,GOOD
semantic_condition_alert::0wHM01ok0PU::66,semantic_condition_alert,required,105.533333,3,1,0,0,1,3,0.0,0.0,WRONG_TIME
semantic_condition_alert::vEOd8pdW8Ug::67,semantic_condition_alert,required,135.935936,3,2,2,2,0,1,0.8,0.8,GOOD
semantic_condition_alert::QU3YMrU5Drs::68,semantic_condition_alert,required,95.68,4,0,0,0,0,4,0.0,0.0,SILENT
semantic_condition_alert::Ji-sqo8Avuo::69,semantic_condition_alert,required,55.08,3,1,1,1,0,2,0.5,0.5,GOOD
semantic_condition_alert::1yIth_rknTo::70,semantic_condition_alert,required,192.458333,2,3,0,0,3,2,0.0,0.0,WRONG_TIME
semantic_condition_alert::S1mxUTp67T8::79,semantic_condition_alert,required,121.2612,3,2,2,2,0,1,0.8,0.8,GOOD
semantic_condition_alert::RnRcjb3MAs8::80,semantic_condition_alert,required,56.335252,3,1,1,1,0,2,0.5,0.5,GOOD
semantic_condition_alert::vF5veIO2xiA::81,semantic_condition_alert,required,137.233333,3,2,2,2,0,1,0.8,0.8,GOOD
semantic_condition_alert::mq9a_TNXUBI::82,semantic_condition_alert,required,164.330833,3,1,1,1,0,2,0.5,0.5,GOOD
semantic_condition_alert::DPugKj0pKtU::83,semantic_condition_alert,required,468.12,6,4,1,1,3,5,0.2,0.2,GOOD
semantic_condition_alert::UldXRipkEno::84,semantic_condition_alert,required,98.531767,1,2,0,0,2,1,0.0,0.0,WRONG_TIME
semantic_condition_alert::e-1ZLU_tRJ8::85,semantic_condition_alert,required,52.0,1,1,0,0,1,1,0.0,0.0,WRONG_TIME
semantic_condition_alert::bDzFcdDcYGI::86,semantic_condition_alert,required,196.062533,3,2,0,0,2,3,0.0,0.0,WRONG_TIME
semantic_condition_alert::L1J-mrM3DIg::87,semantic_condition_alert,required,443.6,5,1,0,0,1,5,0.0,0.0,WRONG_TIME
semantic_condition_alert::sN4ZJzJHFTw::88,semantic_condition_alert,required,103.570133,6,1,0,0,1,6,0.0,0.0,WRONG_TIME
semantic_condition_alert::rRGyToAB1IM::89,semantic_condition_alert,required,302.969333,4,1,0,0,1,4,0.0,0.0,WRONG_TIME
semantic_condition_alert::1cjHAtxmUHA::90,semantic_condition_alert,required,111.733333,1,1,0,0,1,1,0.0,0.0,WRONG_TIME
semantic_condition_alert::VauQiGVVBBc::91,semantic_condition_alert,required,105.3052,1,2,1,1,1,0,0.667,0.667,GOOD
semantic_condition_alert::ICb7mkhxlyM::92,semantic_condition_alert,required,229.3,3,2,2,2,0,1,0.8,0.8,GOOD
semantic_condition_alert::0dJSPsXCujc::93,semantic_condition_alert,required,420.586833,1,2,0,0,2,1,0.0,0.0,WRONG_TIME
semantic_condition_alert::DrchbuazH2g::94,semantic_condition_alert,required,298.84,4,2,0,0,2,4,0.0,0.0,WRONG_TIME
semantic_condition_alert::YJV5yWfrB98::95,semantic_condition_alert,none,152.919433,2,0,0,0,0,2,0.0,0.0,SILENT
semantic_condition_alert::bPvb4_clf8E::96,semantic_condition_alert,required,382.0817,3,1,0,0,1,3,0.0,0.0,WRONG_TIME
semantic_condition_alert::_py1WXVX4oc::97,semantic_condition_alert,required,73.139733,2,1,1,1,0,1,0.667,0.667,GOOD
semantic_condition_alert::MqarNjlLyvk::98,semantic_condition_alert,helpful,67.033333,4,0,0,0,0,4,0.0,0.0,SILENT
semantic_condition_alert::Ull7qP303ds::99,semantic_condition_alert,helpful,30.08,2,2,1,1,1,1,0.5,0.5,GOOD
semantic_condition_alert::kSG2J6saxl0::100,semantic_condition_alert,required,72.2722,2,1,1,1,0,1,0.667,0.667,GOOD
semantic_condition_alert::JaN79__iddI::101,semantic_condition_alert,required,70.437033,3,1,1,1,0,2,0.5,0.5,GOOD
semantic_condition_alert::HkAejSLGEUU::102,semantic_condition_alert,required,214.72,2,3,2,2,1,0,0.8,0.8,GOOD
semantic_condition_alert::qHgcvGUjyJE::103,semantic_condition_alert,helpful,108.174733,3,2,0,0,2,3,0.0,0.0,WRONG_TIME
semantic_condition_alert::MmsIOgJuuWQ::104,semantic_condition_alert,required,385.051333,4,2,2,2,0,2,0.667,0.667,GOOD
semantic_condition_alert::R6dNb64RPIE::105,semantic_condition_alert,required,415.248167,5,2,2,2,0,3,0.571,0.571,GOOD
semantic_condition_alert::vRO8vWryVx4::106,semantic_condition_alert,required,32.365667,5,2,2,2,0,3,0.571,0.571,GOOD
semantic_condition_alert::xknwKPCmZKM::107,semantic_condition_alert,required,55.9559,3,1,1,1,0,2,0.5,0.5,GOOD
semantic_condition_alert::bodjiB29bOY::108,semantic_condition_alert,required,204.495956,2,1,0,0,1,2,0.0,0.0,WRONG_TIME
semantic_condition_alert::6o9uIeBZVY0::109,semantic_condition_alert,required,192.192,5,1,0,0,1,5,0.0,0.0,WRONG_TIME
semantic_condition_alert::h73RTZgSdcM::110,semantic_condition_alert,required,203.536667,4,1,1,1,0,3,0.4,0.4,GOOD
semantic_condition_alert::RfCtrUzXJgk::111,semantic_condition_alert,required,347.8,2,1,0,0,1,2,0.0,0.0,WRONG_TIME
semantic_condition_alert::nlj6-C8BhfY::112,semantic_condition_alert,required,160.627133,3,2,2,2,0,1,0.8,0.8,GOOD
semantic_condition_alert::L6jhfwCgLpg::113,semantic_condition_alert,required,215.56,3,3,2,2,1,1,0.667,0.667,GOOD
semantic_condition_alert::xW56ML986WA::114,semantic_condition_alert,required,467.099967,3,3,0,0,3,3,0.0,0.0,WRONG_TIME
semantic_condition_alert::njOg6o4xDJQ::115,semantic_condition_alert,required,222.6224,4,3,1,1,2,3,0.286,0.286,GOOD
semantic_condition_alert::uZBpGSkFzFQ::116,semantic_condition_alert,required,286.552933,3,1,0,0,1,3,0.0,0.0,WRONG_TIME
semantic_condition_alert::LlAKcJ-DE88::117,semantic_condition_alert,required,86.4864,2,1,0,0,1,2,0.0,0.0,WRONG_TIME
semantic_condition_alert::M5FfhpgIPCs::118,semantic_condition_alert,required,77.994583,3,2,1,1,1,2,0.4,0.4,GOOD
semantic_condition_alert::y7moDAUZ0Is::119,semantic_condition_alert,helpful,103.833333,2,0,0,0,0,2,0.0,0.0,SILENT
semantic_condition_alert::h37mxfmaZiM::120,semantic_condition_alert,required,194.143602,4,2,1,1,1,3,0.333,0.333,GOOD
semantic_condition_alert::_VYaTE0Dll8::121,semantic_condition_alert,required,60.06,6,1,1,1,0,5,0.286,0.286,GOOD
semantic_condition_alert::XUGBvAVZ8CI::122,semantic_condition_alert,helpful,138.625,3,2,0,0,2,3,0.0,0.0,WRONG_TIME
semantic_condition_alert::Yl0auMMHAh8::123,semantic_condition_alert,required,190.156633,6,2,1,1,1,5,0.25,0.25,GOOD
semantic_condition_alert::Z34FRIwFWV4::124,semantic_condition_alert,required,121.84,3,1,0,0,1,3,0.0,0.0,WRONG_TIME
semantic_condition_alert::g-Qft--wA9Q::125,semantic_condition_alert,required,239.53954,4,1,0,0,1,4,0.0,0.0,WRONG_TIME
semantic_condition_alert::_A8Ra5DXbUY::126,semantic_condition_alert,required,118.326542,4,2,1,1,1,3,0.333,0.333,GOOD
semantic_condition_alert::k32ysBwfGrk::127,semantic_condition_alert,required,353.353,2,1,0,0,1,2,0.0,0.0,WRONG_TIME
semantic_condition_alert::xZQCrBEWOOM::128,semantic_condition_alert,required,274.399125,4,3,0,0,3,4,0.0,0.0,WRONG_TIME
semantic_condition_alert::55Ijvvme2kg::129,semantic_condition_alert,required,354.4541,3,1,0,0,1,3,0.0,0.0,WRONG_TIME
semantic_condition_alert::6TxSg4vsFFY::130,semantic_condition_alert,required,324.64,1,3,1,1,2,0,0.5,0.5,GOOD
semantic_condition_alert::FQKfPV58l4I::131,semantic_condition_alert,required,74.24,3,1,0,0,1,3,0.0,0.0,WRONG_TIME
semantic_condition_alert::rtXm_4PZLNY::132,semantic_condition_alert,required,69.6,3,2,2,2,0,1,0.8,0.8,GOOD
semantic_condition_alert::xsO7lu70Ghg::133,semantic_condition_alert,required,225.959067,4,2,0,0,2,4,0.0,0.0,WRONG_TIME
semantic_condition_alert::JC4bSl-5wAQ::134,semantic_condition_alert,required,134.5,4,1,0,0,1,4,0.0,0.0,WRONG_TIME
semantic_condition_alert::L1ZkHoirlmo::135,semantic_condition_alert,required,45.72,2,1,1,1,0,1,0.667,0.667,GOOD
semantic_condition_alert::lT1wTF2LJHs::136,semantic_condition_alert,required,65.92,2,1,1,1,0,1,0.667,0.667,GOOD
semantic_condition_alert::w2nmzwknVco::137,semantic_condition_alert,required,81.76,4,3,2,2,1,2,0.571,0.571,GOOD
semantic_condition_alert::o4Nqa_Ar5i4::138,semantic_condition_alert,required,213.980433,4,1,1,1,0,3,0.4,0.4,GOOD
semantic_condition_alert::yCW_-SuVWGo::139,semantic_condition_alert,required,77.8,2,2,0,0,2,2,0.0,0.0,WRONG_TIME
semantic_condition_alert::m0zWJ7A4bNk::140,semantic_condition_alert,required,244.377467,3,2,0,0,2,3,0.0,0.0,WRONG_TIME
semantic_condition_alert::hGTaWfriqfs::141,semantic_condition_alert,required,158.7586,3,1,0,0,1,3,0.0,0.0,WRONG_TIME
semantic_condition_alert::MEqYM_4UbRs::142,semantic_condition_alert,helpful,60.0,4,1,0,0,1,4,0.0,0.0,WRONG_TIME
semantic_condition_alert::kRCJ1RcCaCU::143,semantic_condition_alert,required,90.223467,3,1,1,1,0,2,0.5,0.5,GOOD
semantic_condition_alert::-IiTYqQKXlg::144,semantic_condition_alert,helpful,198.965433,2,1,1,1,0,1,0.667,0.667,GOOD
semantic_condition_alert::5XLzU7sSBO4::145,semantic_condition_alert,required,220.533333,2,1,0,0,1,2,0.0,0.0,WRONG_TIME
semantic_condition_alert::h2SpLNxN-tw::146,semantic_condition_alert,required,248.7485,3,2,0,0,2,3,0.0,0.0,WRONG_TIME
semantic_condition_alert::yIVDslDpXF4::147,semantic_condition_alert,required,133.458333,2,1,1,1,0,1,0.667,0.667,GOOD
semantic_condition_alert::Jsvcj2PUxFk::148,semantic_condition_alert,required,130.32,4,1,1,1,0,3,0.4,0.4,GOOD
semantic_condition_alert::_5IMTMSB6Hc::149,semantic_condition_alert,required,153.486667,4,0,0,0,0,4,0.0,0.0,SILENT
semantic_condition_alert::R1t1ktp6WDY::150,semantic_condition_alert,required,150.135522,2,1,0,0,1,2,0.0,0.0,WRONG_TIME
semantic_condition_alert::vkfKi0Ui3gU::151,semantic_condition_alert,helpful,218.5,4,1,0,0,1,4,0.0,0.0,WRONG_TIME
semantic_condition_alert::fsG0QmTqhio::152,semantic_condition_alert,required,37.166667,2,1,0,0,1,2,0.0,0.0,WRONG_TIME
semantic_condition_alert::m1uI3PFvrx4::153,semantic_condition_alert,required,158.591,2,1,0,0,1,2,0.0,0.0,WRONG_TIME
semantic_condition_alert::05j4tIvoC8o::154,semantic_condition_alert,required,80.233333,2,1,1,1,0,1,0.667,0.667,GOOD
semantic_condition_alert::mBKn0gRWIvk::155,semantic_condition_alert,required,81.7,3,2,0,0,2,3,0.0,0.0,WRONG_TIME
semantic_condition_alert::pjpObnTgOXo::156,semantic_condition_alert,required,85.085,2,2,0,0,2,2,0.0,0.0,WRONG_TIME
semantic_condition_alert::Bud8d-ctln4::157,semantic_condition_alert,required,173.233333,2,1,0,0,1,2,0.0,0.0,WRONG_TIME
semantic_condition_alert::Yw5_IfvHueo::158,semantic_condition_alert,required,498.3979,3,1,0,0,1,3,0.0,0.0,WRONG_TIME
semantic_condition_alert::4hpYqQRepp4::159,semantic_condition_alert,required,242.609276,2,1,0,0,1,2,0.0,0.0,WRONG_TIME
semantic_condition_alert::w2WsRhnRQLI::160,semantic_condition_alert,required,198.164633,3,1,0,0,1,3,0.0,0.0,WRONG_TIME
semantic_condition_alert::lfZSuCIoQXA::161,semantic_condition_alert,required,116.249467,6,2,0,0,2,6,0.0,0.0,WRONG_TIME
semantic_condition_alert::EII4qVr-Mjw::162,semantic_condition_alert,required,150.28,1,1,0,0,1,1,0.0,0.0,WRONG_TIME
semantic_condition_alert::on7M5DKG2eA::163,semantic_condition_alert,required,104.0039,5,1,0,0,1,5,0.0,0.0,WRONG_TIME
semantic_condition_alert::L1q4J7oNswA::164,semantic_condition_alert,required,143.866667,6,1,1,1,0,5,0.286,0.286,GOOD
semantic_condition_alert::rxRJh_6agME::165,semantic_condition_alert,required,122.8,5,0,0,0,0,5,0.0,0.0,SILENT
semantic_condition_alert::flusr8d7n_I::166,semantic_condition_alert,required,120.888,5,2,1,1,1,4,0.286,0.286,GOOD
semantic_condition_alert::SB7nuM34CWg::167,semantic_condition_alert,required,110.485375,6,2,1,1,1,5,0.25,0.25,GOOD
semantic_condition_alert::xjElCXPNY48::168,semantic_condition_alert,required,61.866667,7,1,1,1,0,6,0.25,0.25,GOOD
semantic_condition_alert::N56253QAq_o::169,semantic_condition_alert,none,131.798,2,0,0,0,0,2,0.0,0.0,SILENT
semantic_condition_alert::9b793ImfzUM::170,semantic_condition_alert,required,71.004267,4,1,0,0,1,4,0.0,0.0,WRONG_TIME
semantic_condition_alert::10fOVZIj5zg::171,semantic_condition_alert,required,55.791667,4,1,1,1,0,3,0.4,0.4,GOOD
semantic_condition_alert::qMD929Nr5SI::172,semantic_condition_alert,required,83.383383,2,2,1,1,1,1,0.5,0.5,GOOD
semantic_condition_alert::ZrIDTPkRa_c::173,semantic_condition_alert,required,293.15,5,1,1,1,0,4,0.333,0.333,GOOD
semantic_condition_alert::l5Z9F7SbvXg::174,semantic_condition_alert,required,162.666667,4,3,2,2,1,2,0.571,0.571,GOOD
semantic_condition_alert::YOKbG0C-tJg::175,semantic_condition_alert,required,56.389667,2,0,0,0,0,2,0.0,0.0,SILENT
semantic_condition_alert::KekkHpBHZ84::176,semantic_condition_alert,required,140.173367,4,2,2,2,0,2,0.667,0.667,GOOD
semantic_condition_alert::PwbBzNRNyl8::177,semantic_condition_alert,helpful,264.333333,5,0,0,0,0,5,0.0,0.0,SILENT
semantic_condition_alert::2cSIAapg7rU::178,semantic_condition_alert,required,259.88,1,1,1,1,0,0,1.0,1.0,GOOD
semantic_condition_alert::2a0O3-5Fpyw::179,semantic_condition_alert,helpful,449.541667,5,1,0,0,1,5,0.0,0.0,WRONG_TIME
semantic_condition_alert::qtdHKvr0xas::180,semantic_condition_alert,required,106.96,4,1,1,1,0,3,0.4,0.4,GOOD
semantic_condition_alert::2RgzTn6vV54::181,semantic_condition_alert,helpful,125.592133,4,2,1,1,1,3,0.333,0.333,GOOD
semantic_condition_alert::L9SqKlQn69c::182,semantic_condition_alert,required,153.219733,3,1,0,0,1,3,0.0,0.0,WRONG_TIME
semantic_condition_alert::ntbmuiuta_8::183,semantic_condition_alert,required,96.52,2,0,0,0,0,2,0.0,0.0,SILENT
semantic_condition_alert::KoQeXKrSm5A::184,semantic_condition_alert,required,236.819917,3,2,1,1,1,2,0.4,0.4,GOOD
semantic_condition_alert::HcGa_j-YDmw::185,semantic_condition_alert,required,255.84,3,3,2,2,1,1,0.667,0.667,GOOD
semantic_condition_alert::xpKtJw67v7g::186,semantic_condition_alert,required,379.16,4,1,1,1,0,3,0.4,0.4,GOOD
semantic_condition_alert::llUjaNAxHy8::187,semantic_condition_alert,required,87.521394,3,1,1,1,0,2,0.5,0.5,GOOD
semantic_condition_alert::RmjSfjgqgF8::188,semantic_condition_alert,required,111.978533,4,1,0,0,1,4,0.0,0.0,WRONG_TIME
semantic_condition_alert::L0RIDVNu39s::189,semantic_condition_alert,helpful,60.06,3,0,0,0,0,3,0.0,0.0,SILENT
semantic_condition_alert::SPRdPbLHMfg::190,semantic_condition_alert,required,59.92,2,1,1,1,0,1,0.667,0.667,GOOD
semantic_condition_alert::vNHS63vQoOc::191,semantic_condition_alert,required,242.825917,2,3,1,1,2,1,0.4,0.4,GOOD
semantic_condition_alert::6Hb8uzHLA2Q::192,semantic_condition_alert,helpful,66.72,1,1,0,0,1,1,0.0,0.0,WRONG_TIME
semantic_condition_alert::MrRcGmdL_4U::193,semantic_condition_alert,required,67.0,4,2,2,2,0,2,0.667,0.667,GOOD
semantic_condition_alert::o_lLsDzK-JM::194,semantic_condition_alert,required,251.884967,2,1,1,1,0,1,0.667,0.667,GOOD
semantic_condition_alert::hCYODDPhe2g::195,semantic_condition_alert,required,202.625,3,1,0,0,1,3,0.0,0.0,WRONG_TIME
semantic_condition_alert::xkIf4V53Izc::196,semantic_condition_alert,required,135.133333,2,1,1,1,0,1,0.667,0.667,GOOD
semantic_condition_alert::mKuvkN87Whk::197,semantic_condition_alert,required,251.718133,4,1,0,0,1,4,0.0,0.0,WRONG_TIME
semantic_condition_alert::g8RcIt4t7DI::198,semantic_condition_alert,required,96.529767,2,2,1,1,1,1,0.5,0.5,GOOD
semantic_condition_alert::dA2PeQKIWWI::199,semantic_condition_alert,none,137.166667,2,0,0,0,0,2,0.0,0.0,SILENT
semantic_condition_alert::hMT94y2aUYs::200,semantic_condition_alert,required,156.2561,3,1,0,0,1,3,0.0,0.0,WRONG_TIME
semantic_condition_alert::cyQJml1jA-4::201,semantic_condition_alert,required,69.458333,3,1,0,0,1,3,0.0,0.0,WRONG_TIME
semantic_condition_alert::3rK_AhbGmHs::202,semantic_condition_alert,required,241.532958,2,2,0,0,2,2,0.0,0.0,WRONG_TIME
semantic_condition_alert::aZQ8bPyEvQ8::203,semantic_condition_alert,required,124.858067,4,0,0,0,0,4,0.0,0.0,SILENT
semantic_condition_alert::HdbBkWjBQWw::204,semantic_condition_alert,required,280.446833,3,2,0,0,2,3,0.0,0.0,WRONG_TIME
semantic_condition_alert::vj9JxXXeEpM::205,semantic_condition_alert,required,174.841333,4,1,1,1,0,3,0.4,0.4,GOOD
semantic_condition_alert::aFalMIkiz60::206,semantic_condition_alert,required,103.736967,2,1,0,0,1,2,0.0,0.0,WRONG_TIME
semantic_condition_alert::lO7oDAwcil0::207,semantic_condition_alert,required,275.941667,2,1,1,1,0,1,0.667,0.667,GOOD
semantic_condition_alert::pJUhvhL8SBY::208,semantic_condition_alert,required,70.637233,5,0,0,0,0,5,0.0,0.0,SILENT
semantic_condition_alert::rUaoCPdu8LE::209,semantic_condition_alert,required,136.803333,3,0,0,0,0,3,0.0,0.0,SILENT
semantic_condition_alert::pvSVznXAbug::210,semantic_condition_alert,none,120.9,2,0,0,0,0,2,0.0,0.0,SILENT
semantic_condition_alert::kSrxSV04zGU::211,semantic_condition_alert,required,94.52,4,1,0,0,1,4,0.0,0.0,WRONG_TIME
semantic_condition_alert::oiHKNkJqxuA::212,semantic_condition_alert,required,152.0519,5,2,1,1,1,4,0.286,0.286,GOOD
semantic_condition_alert::4JwMlFMzh5Y::213,semantic_condition_alert,helpful,200.64,3,0,0,0,0,3,0.0,0.0,SILENT
semantic_condition_alert::x2AfLlYiFCw::214,semantic_condition_alert,required,66.9669,6,1,0,0,1,6,0.0,0.0,WRONG_TIME
semantic_condition_alert::s5RMDZfJcvA::215,semantic_condition_alert,required,128.753625,3,1,0,0,1,3,0.0,0.0,WRONG_TIME
semantic_condition_alert::GUKX5RpMXN8::216,semantic_condition_alert,required,111.9,2,1,1,1,0,1,0.667,0.667,GOOD
semantic_condition_alert::LA1F4bSzvDI::217,semantic_condition_alert,required,109.866667,2,1,0,0,1,2,0.0,0.0,WRONG_TIME
semantic_condition_alert::Wnx9R5oq8ys::218,semantic_condition_alert,helpful,122.189,2,1,0,0,1,2,0.0,0.0,WRONG_TIME
semantic_condition_alert::JcWwCRmskQU::219,semantic_condition_alert,required,88.054633,4,4,4,4,0,0,1.0,1.0,GOOD
semantic_condition_alert::sNKoFISrMLc::220,semantic_condition_alert,required,81.04,3,1,0,0,1,3,0.0,0.0,WRONG_TIME
semantic_condition_alert::Q7ClI8KHPjs::221,semantic_condition_alert,required,131.0,3,5,2,2,3,1,0.5,0.5,GOOD
semantic_condition_alert::cENhWe7JZjg::222,semantic_condition_alert,required,67.834433,4,1,0,0,1,4,0.0,0.0,WRONG_TIME
semantic_condition_alert::7OVMkB40F9w::223,semantic_condition_alert,required,91.382958,3,2,1,1,1,2,0.4,0.4,GOOD
semantic_condition_alert::1_SqWC582dw::224,semantic_condition_alert,required,155.155,2,2,0,0,2,2,0.0,0.0,WRONG_TIME
semantic_condition_alert::c0fPidVkbds::225,semantic_condition_alert,helpful,209.776256,5,0,0,0,0,5,0.0,0.0,SILENT
semantic_condition_alert::0kpiM7TWDZY::226,semantic_condition_alert,helpful,200.430245,1,0,0,0,0,1,0.0,0.0,SILENT
semantic_condition_alert::Yi01srA2W_M::227,semantic_condition_alert,required,113.980533,2,1,0,0,1,2,0.0,0.0,WRONG_TIME
semantic_condition_alert::knQCHTdP6L8::228,semantic_condition_alert,required,205.255244,3,1,0,0,1,3,0.0,0.0,WRONG_TIME
semantic_condition_alert::R9KJXzVRG2Q::229,semantic_condition_alert,required,120.587133,6,1,1,1,0,5,0.286,0.286,GOOD
semantic_condition_alert::CGqjKsJCDVw::230,semantic_condition_alert,required,67.933333,3,1,1,1,0,2,0.5,0.5,GOOD
semantic_condition_alert::ospuzS4zfdE::231,semantic_condition_alert,none,62.495767,4,0,0,0,0,4,0.0,0.0,SILENT
semantic_condition_alert::K418iVP0w6U::232,semantic_condition_alert,required,213.458333,4,1,0,0,1,4,0.0,0.0,WRONG_TIME
semantic_condition_alert::5YRfsnXhq14::233,semantic_condition_alert,required,85.552133,2,1,0,0,1,2,0.0,0.0,WRONG_TIME
semantic_condition_alert::crEbc_uPl5g::234,semantic_condition_alert,required,143.733333,4,1,0,0,1,4,0.0,0.0,WRONG_TIME
semantic_condition_alert::HVX3F4GDyi4::235,semantic_condition_alert,required,174.625,3,1,1,1,0,2,0.5,0.5,GOOD
semantic_condition_alert::FUrva9V_-cs::236,semantic_condition_alert,required,261.995067,6,2,0,0,2,6,0.0,0.0,WRONG_TIME
semantic_condition_alert::JaTjJmFuw_I::237,semantic_condition_alert,required,73.84,5,2,0,0,2,5,0.0,0.0,WRONG_TIME
semantic_condition_alert::NEHO4oJ2NCc::238,semantic_condition_alert,required,213.680347,3,1,0,0,1,3,0.0,0.0,WRONG_TIME
semantic_condition_alert::p_u5NTopEso::239,semantic_condition_alert,required,349.88,6,7,3,3,4,3,0.462,0.462,GOOD
semantic_condition_alert::pVeRDMujVks::240,semantic_condition_alert,required,92.92,3,1,0,0,1,3,0.0,0.0,WRONG_TIME
semantic_condition_alert::uMaEuFUI8jM::241,semantic_condition_alert,required,138.4,2,2,2,2,0,0,1.0,1.0,GOOD
semantic_condition_alert::vixKZKiMmP0::242,semantic_condition_alert,required,130.16,4,0,0,0,0,4,0.0,0.0,SILENT
semantic_condition_alert::3ezGUOPrk9c::243,semantic_condition_alert,helpful,113.880433,4,0,0,0,0,4,0.0,0.0,SILENT
semantic_condition_alert::_6D4W48qMQo::244,semantic_condition_alert,required,59.4,3,0,0,0,0,3,0.0,0.0,SILENT
semantic_condition_alert::fYvmFgyWDR8::245,semantic_condition_alert,required,202.16,4,1,0,0,1,4,0.0,0.0,WRONG_TIME
semantic_condition_alert::phcTSB7CzAo::246,semantic_condition_alert,required,235.48,4,3,2,2,1,2,0.571,0.571,GOOD
semantic_condition_alert::tDMu9cy-Uag::247,semantic_condition_alert,required,267.24,4,2,0,0,2,4,0.0,0.0,WRONG_TIME
semantic_condition_alert::cdXLYhJuqPQ::248,semantic_condition_alert,required,279.7795,3,1,0,0,1,3,0.0,0.0,WRONG_TIME
semantic_condition_alert::XZYJBN5goeM::249,semantic_condition_alert,required,208.68,2,2,1,1,1,1,0.5,0.5,GOOD
semantic_condition_alert::4YSK7AVMdhU::250,semantic_condition_alert,required,64.6,1,1,0,0,1,1,0.0,0.0,WRONG_TIME
semantic_condition_alert::kTcnZEPSAZE::251,semantic_condition_alert,required,99.48,9,1,0,0,1,9,0.0,0.0,WRONG_TIME
semantic_condition_alert::U_yDpCSi0bQ::252,semantic_condition_alert,required,68.526792,3,1,1,1,0,2,0.5,0.5,GOOD
semantic_condition_alert::D3bmHjjrnvw::253,semantic_condition_alert,required,362.962963,1,2,0,0,2,1,0.0,0.0,WRONG_TIME
semantic_condition_alert::S-oGX8DmuhQ::254,semantic_condition_alert,required,127.72,3,1,0,0,1,3,0.0,0.0,WRONG_TIME
semantic_condition_alert::x8G-pQ4b6aM::255,semantic_condition_alert,required,128.333,2,2,1,1,1,1,0.5,0.5,GOOD
semantic_condition_alert::nCMbcOm54zU::256,semantic_condition_alert,required,139.166667,3,2,2,2,0,1,0.8,0.8,GOOD
semantic_condition_alert::Y3mXyd8i6bo::257,semantic_condition_alert,required,260.627033,2,1,0,0,1,2,0.0,0.0,WRONG_TIME
semantic_condition_alert::-eoe6CBR1wE::258,semantic_condition_alert,required,433.24,4,6,1,1,5,3,0.2,0.2,GOOD
semantic_condition_alert::vu5IvPplfb0::259,semantic_condition_alert,required,111.08,2,2,2,2,0,0,1.0,1.0,GOOD
semantic_condition_alert::GvBRNnsucao::260,semantic_condition_alert,none,162.96,3,0,0,0,0,3,0.0,0.0,SILENT
semantic_condition_alert::YnUdAck_oM0::261,semantic_condition_alert,none,55.355355,6,0,0,0,0,6,0.0,0.0,SILENT
semantic_condition_alert::lFjvRCEybe0::262,semantic_condition_alert,required,132.6325,7,1,0,0,1,7,0.0,0.0,WRONG_TIME
semantic_condition_alert::eSJCk8fNFi8::263,semantic_condition_alert,required,506.233008,4,1,0,0,1,4,0.0,0.0,WRONG_TIME
semantic_condition_alert::IaKwKW04iVY::264,semantic_condition_alert,required,164.397567,4,2,0,0,2,4,0.0,0.0,WRONG_TIME
semantic_condition_alert::sNm_rmkzt3Y::265,semantic_condition_alert,none,41.075729,3,0,0,0,0,3,0.0,0.0,SILENT
semantic_condition_alert::GEmaF4_W0RE::266,semantic_condition_alert,helpful,31.489789,2,0,0,0,0,2,0.0,0.0,SILENT
semantic_condition_alert::3QEZyCTSytU::267,semantic_condition_alert,required,397.313583,3,3,2,2,1,1,0.667,0.667,GOOD
semantic_condition_alert::y7T0S6DA30k::268,semantic_condition_alert,required,117.96,3,1,1,1,0,2,0.5,0.5,GOOD
semantic_condition_alert::T8Cun7PLdN8::269,semantic_condition_alert,required,89.24,3,1,1,1,0,2,0.5,0.5,GOOD
semantic_condition_alert::X-PWidOvHT8::270,semantic_condition_alert,required,259.666667,2,1,1,1,0,1,0.667,0.667,GOOD
semantic_condition_alert::Ieeo-ZlI8Z4::71,semantic_condition_alert,required,87.954533,3,1,1,1,0,2,0.5,0.5,GOOD
semantic_condition_alert::Jhkj1TVITf8::72,semantic_condition_alert,required,138.555083,3,1,1,1,0,2,0.5,0.5,GOOD
semantic_condition_alert::CHpFQ4smFz0::73,semantic_condition_alert,required,236.267266,2,3,2,2,1,0,0.8,0.8,GOOD
semantic_condition_alert::RWpTUgVDOB0::74,semantic_condition_alert,helpful,125.208333,4,1,0,0,1,4,0.0,0.0,WRONG_TIME
semantic_condition_alert::SdtXGQyC6GM::75,semantic_condition_alert,required,137.3372,5,2,1,1,1,4,0.286,0.286,GOOD
semantic_condition_alert::SgMoHqjlbe8::76,semantic_condition_alert,required,242.450533,4,1,0,0,1,4,0.0,0.0,WRONG_TIME
semantic_condition_alert::fx9wANarmj0::77,semantic_condition_alert,required,133.8337,5,1,0,0,1,5,0.0,0.0,WRONG_TIME
semantic_condition_alert::XhgUbBVXLEg::78,semantic_condition_alert,required,73.239833,3,1,0,0,1,3,0.0,0.0,WRONG_TIME
semantic_condition_alert::1SwvQVV5fug::271,semantic_condition_alert,required,363.321292,2,2,0,0,2,2,0.0,0.0,WRONG_TIME
semantic_condition_alert::ajGCDzqda7Y::272,semantic_condition_alert,helpful,142.866667,5,2,0,0,2,5,0.0,0.0,WRONG_TIME
semantic_condition_alert::G6kywexJUSU::273,semantic_condition_alert,required,83.5835,2,1,0,0,1,2,0.0,0.0,WRONG_TIME
semantic_condition_alert::83shhUpGKFw::274,semantic_condition_alert,required,121.204417,4,3,1,1,2,3,0.286,0.286,GOOD
semantic_condition_alert::gzy-Q_k8veI::275,semantic_condition_alert,required,199.232367,4,2,2,2,0,2,0.667,0.667,GOOD
semantic_condition_alert::e4SHzWkPepw::276,semantic_condition_alert,required,208.3,2,1,1,1,0,1,0.667,0.667,GOOD
semantic_condition_alert::Js0N30Ye7qo::277,semantic_condition_alert,required,112.846067,3,0,0,0,0,3,0.0,0.0,SILENT
semantic_condition_alert::-eBOaccLCGs::278,semantic_condition_alert,required,109.72,3,0,0,0,0,3,0.0,0.0,SILENT
semantic_condition_alert::IR6tTS8r6Jw::279,semantic_condition_alert,required,96.062633,2,1,1,1,0,1,0.667,0.667,GOOD
semantic_condition_alert::hD8dVO3LORo::280,semantic_condition_alert,required,261.177578,3,1,0,0,1,3,0.0,0.0,WRONG_TIME
semantic_condition_alert::S7cKirMMA60::281,semantic_condition_alert,required,299.6,5,2,1,1,1,4,0.286,0.286,GOOD
semantic_condition_alert::kj5TLqhcD38::282,semantic_condition_alert,required,302.04,6,1,0,0,1,6,0.0,0.0,WRONG_TIME
semantic_condition_alert::IigutYLNdfU::283,semantic_condition_alert,required,131.965167,3,1,1,1,0,2,0.5,0.5,GOOD
semantic_condition_alert::Kkb08lbzGaQ::284,semantic_condition_alert,required,160.566667,4,2,2,2,0,2,0.667,0.667,GOOD
semantic_condition_alert::M8afiRNnB9s::285,semantic_condition_alert,required,356.689667,5,2,1,1,1,4,0.286,0.286,GOOD
semantic_condition_alert::0JTW1IMJ9d0::286,semantic_condition_alert,required,92.058633,2,1,1,1,0,1,0.667,0.667,GOOD
semantic_condition_alert::IW7FuSyFdIs::287,semantic_condition_alert,helpful,380.713667,3,0,0,0,0,3,0.0,0.0,SILENT
semantic_condition_alert::ryDNCQtDocw::288,semantic_condition_alert,required,137.871067,3,1,1,1,0,2,0.5,0.5,GOOD
semantic_condition_alert::rFA1jSO6pdg::289,semantic_condition_alert,required,70.612208,2,1,1,1,0,1,0.667,0.667,GOOD
semantic_condition_alert::PZB-IvTq1u8::290,semantic_condition_alert,required,129.062267,2,1,0,0,1,2,0.0,0.0,WRONG_TIME
semantic_condition_alert::FL9j4DUagn4::291,semantic_condition_alert,helpful,374.066667,8,4,2,2,2,6,0.333,0.333,GOOD
semantic_condition_alert::pXZ_lKYCNfw::292,semantic_condition_alert,required,150.717384,4,1,0,0,1,4,0.0,0.0,WRONG_TIME
semantic_condition_alert::MnnT5w7Uey8::293,semantic_condition_alert,none,218.685133,6,0,0,0,0,6,0.0,0.0,SILENT
semantic_condition_alert::k53NKmTcnZ8::294,semantic_condition_alert,required,210.133333,3,1,1,1,0,2,0.5,0.5,GOOD
semantic_condition_alert::7GkZ7PLMaZk::295,semantic_condition_alert,required,55.933333,1,1,1,1,0,0,1.0,1.0,GOOD
semantic_condition_alert::I_Qjixayck4::296,semantic_condition_alert,required,187.7,4,1,1,1,0,3,0.4,0.4,GOOD
semantic_condition_alert::SIm5SqQfTq8::297,semantic_condition_alert,required,141.766667,3,1,0,0,1,3,0.0,0.0,WRONG_TIME
semantic_condition_alert::mzsJXjmfmI8::298,semantic_condition_alert,required,154.4,3,1,0,0,1,3,0.0,0.0,WRONG_TIME
semantic_condition_alert::6Rfvlxpc7xs::299,semantic_condition_alert,required,214.447567,2,1,0,0,1,2,0.0,0.0,WRONG_TIME
cumulative_counting::0JTW1IMJ9d0::0,cumulative_counting,none,92.058633,5,0,0,0,0,5,0.0,0.0,SILENT
cumulative_counting::-PzoRugR-nk::1,cumulative_counting,required,126.36,4,0,0,0,0,4,0.0,0.0,SILENT
cumulative_counting::-l9fxSCGJ4M::2,cumulative_counting,none,155.738917,2,0,0,0,0,2,0.0,0.0,SILENT
cumulative_counting::-ZvLZrWsFAc::3,cumulative_counting,none,95.8,5,0,0,0,0,5,0.0,0.0,SILENT
cumulative_counting::-eBOaccLCGs::4,cumulative_counting,required,109.72,4,3,3,0,0,1,0.857,0.0,TIMING_ONLY
cumulative_counting::02zNKcnf4OI::5,cumulative_counting,none,64.330933,2,0,0,0,0,2,0.0,0.0,SILENT
cumulative_counting::0QlMKH_ZlNg::6,cumulative_counting,required,163.266667,4,1,0,0,1,4,0.0,0.0,WRONG_TIME
cumulative_counting::10fOVZIj5zg::7,cumulative_counting,none,55.791667,6,1,1,0,0,5,0.286,0.0,TIMING_ONLY
cumulative_counting::0cfm3b0pyhQ::8,cumulative_counting,required,116.6,5,1,0,0,1,5,0.0,0.0,WRONG_TIME
cumulative_counting::0kpiM7TWDZY::9,cumulative_counting,required,200.430245,4,0,0,0,0,4,0.0,0.0,SILENT
cumulative_counting::1EDlJD9mplY::10,cumulative_counting,required,58.091367,4,0,0,0,0,4,0.0,0.0,SILENT
cumulative_counting::1MNI153DglI::11,cumulative_counting,required,196.829967,7,1,1,0,0,6,0.25,0.0,TIMING_ONLY
cumulative_counting::14H72gjQBZY::12,cumulative_counting,none,256.089167,10,0,0,0,0,10,0.0,0.0,SILENT
cumulative_counting::1PglWltNB1M::13,cumulative_counting,required,104.266667,4,1,0,0,1,4,0.0,0.0,WRONG_TIME
cumulative_counting::1ZDmY-UmKfY::14,cumulative_counting,required,57.290567,2,1,1,0,0,1,0.667,0.0,TIMING_ONLY
cumulative_counting::1_SqWC582dw::15,cumulative_counting,required,155.155,4,1,0,0,1,4,0.0,0.0,WRONG_TIME
cumulative_counting::1ZXaltWuJ5U::16,cumulative_counting,required,106.773333,3,1,1,0,0,2,0.5,0.0,TIMING_ONLY
cumulative_counting::1SwvQVV5fug::17,cumulative_counting,required,363.321292,5,1,0,0,1,5,0.0,0.0,WRONG_TIME
cumulative_counting::0dJSPsXCujc::18,cumulative_counting,required,420.586833,6,0,0,0,0,6,0.0,0.0,SILENT
cumulative_counting::1Gf2W3eYP28::19,cumulative_counting,none,136.92,2,0,0,0,0,2,0.0,0.0,SILENT
cumulative_counting::1pg4pWQ4Jzw::20,cumulative_counting,required,78.369958,6,1,1,0,0,5,0.286,0.0,TIMING_ONLY
cumulative_counting::15GCaMdApS4::21,cumulative_counting,required,118.8,4,1,0,0,1,4,0.0,0.0,WRONG_TIME
cumulative_counting::27AN_PJGEKI::22,cumulative_counting,required,68.860458,6,1,1,1,0,5,0.286,0.286,GOOD
cumulative_counting::1__ERVgs9Tc::23,cumulative_counting,required,240.24,3,2,2,0,0,1,0.8,0.0,TIMING_ONLY
cumulative_counting::1sM9Qs-0Vdk::24,cumulative_counting,required,217.46725,6,1,0,0,1,6,0.0,0.0,WRONG_TIME
cumulative_counting::2RgzTn6vV54::25,cumulative_counting,helpful,125.592133,4,1,1,1,0,3,0.4,0.4,GOOD
cumulative_counting::26YxpBO1m4Y::26,cumulative_counting,required,110.844067,3,1,1,0,0,2,0.5,0.0,TIMING_ONLY
cumulative_counting::2BByygOLXNM::27,cumulative_counting,none,287.245292,2,0,0,0,0,2,0.0,0.0,SILENT
cumulative_counting::2_gFqUYH--0::28,cumulative_counting,none,106.523083,7,1,0,0,1,7,0.0,0.0,WRONG_TIME
cumulative_counting::2Vh-xCGMLzg::29,cumulative_counting,required,83.8,4,3,3,1,0,1,0.857,0.286,GOOD
cumulative_counting::2lbUSmQNFls::30,cumulative_counting,none,72.107739,3,0,0,0,0,3,0.0,0.0,SILENT
cumulative_counting::2gsCCV8pUb4::31,cumulative_counting,required,214.5,5,1,1,1,0,4,0.333,0.333,GOOD
cumulative_counting::2mo2OQCFlfY::32,cumulative_counting,required,235.868967,5,2,2,1,0,3,0.571,0.286,GOOD
cumulative_counting::3ga91VB8myI::33,cumulative_counting,none,38.671967,5,1,0,0,1,5,0.0,0.0,WRONG_TIME
cumulative_counting::3ezGUOPrk9c::34,cumulative_counting,none,113.880433,3,0,0,0,0,3,0.0,0.0,SILENT
cumulative_counting::2jDPnGYiVXo::35,cumulative_counting,helpful,539.205333,4,1,0,0,1,4,0.0,0.0,WRONG_TIME
cumulative_counting::3HIvIoG-P1s::36,cumulative_counting,required,582.7822,7,2,1,0,1,6,0.222,0.0,TIMING_ONLY
cumulative_counting::4-QV0hA-Q_w::37,cumulative_counting,required,141.508033,5,2,1,0,1,4,0.286,0.0,TIMING_ONLY
cumulative_counting::3rK_AhbGmHs::38,cumulative_counting,none,241.532958,5,0,0,0,0,5,0.0,0.0,SILENT
cumulative_counting::40by4TniPds::39,cumulative_counting,none,207.958333,6,1,1,0,0,5,0.286,0.0,TIMING_ONLY
cumulative_counting::3MI7OZ-BlgE::40,cumulative_counting,none,133.84,3,0,0,0,0,3,0.0,0.0,SILENT
cumulative_counting::4aw9-U_kkcs::41,cumulative_counting,required,51.133333,2,3,2,1,1,0,0.8,0.4,GOOD
cumulative_counting::58oXInI52OE::42,cumulative_counting,none,106.564792,2,0,0,0,0,2,0.0,0.0,SILENT
cumulative_counting::4hpYqQRepp4::43,cumulative_counting,none,242.609276,4,2,0,0,2,4,0.0,0.0,WRONG_TIME
cumulative_counting::5YRfsnXhq14::44,cumulative_counting,required,85.552133,5,1,0,0,1,5,0.0,0.0,WRONG_TIME
cumulative_counting::3voe8kCy7Gs::45,cumulative_counting,none,527.894,4,1,0,0,1,4,0.0,0.0,WRONG_TIME
cumulative_counting::6RGTgYM1mwk::46,cumulative_counting,none,57.033333,4,0,0,0,0,4,0.0,0.0,SILENT
cumulative_counting::62S-ry938nk::47,cumulative_counting,required,264.631033,5,1,0,0,1,5,0.0,0.0,WRONG_TIME
cumulative_counting::6Hb8uzHLA2Q::48,cumulative_counting,required,66.72,4,0,0,0,0,4,0.0,0.0,SILENT
cumulative_counting::5cD4CAHexWs::49,cumulative_counting,required,174.007167,5,0,0,0,0,5,0.0,0.0,SILENT
cumulative_counting::64yLR2qTZcg::50,cumulative_counting,required,30.03,2,1,1,0,0,1,0.667,0.0,TIMING_ONLY
cumulative_counting::5Nuh4otqAjA::51,cumulative_counting,helpful,317.733333,6,1,0,0,1,6,0.0,0.0,WRONG_TIME
cumulative_counting::95YXm5J38-c::52,cumulative_counting,required,211.044167,4,1,0,0,1,4,0.0,0.0,WRONG_TIME
cumulative_counting::9DgHZ1bPTag::53,cumulative_counting,required,144.2,3,1,1,0,0,2,0.5,0.0,TIMING_ONLY
cumulative_counting::9DnZ2uQgpTA::54,cumulative_counting,required,181.114267,4,1,1,1,0,3,0.4,0.4,GOOD
cumulative_counting::9dzOr4b5qFs::55,cumulative_counting,none,59.976583,3,0,0,0,0,3,0.0,0.0,SILENT
cumulative_counting::8wi2N5opUVE::56,cumulative_counting,none,208.291417,5,1,0,0,1,5,0.0,0.0,WRONG_TIME
cumulative_counting::8wAybqBnYQk::57,cumulative_counting,none,516.96,5,0,0,0,0,5,0.0,0.0,SILENT
cumulative_counting::A0l8fhxoWpY::58,cumulative_counting,none,142.3422,2,0,0,0,0,2,0.0,0.0,SILENT
cumulative_counting::9PrAJGLXUuM::59,cumulative_counting,none,492.1917,2,0,0,0,0,2,0.0,0.0,SILENT
cumulative_counting::A0O8rz72y5Y::60,cumulative_counting,helpful,110.266667,6,1,1,0,0,5,0.286,0.0,TIMING_ONLY
cumulative_counting::9gj6UpHyRNQ::61,cumulative_counting,required,148.24,7,0,0,0,0,7,0.0,0.0,SILENT
cumulative_counting::8ujblRmdlUc::62,cumulative_counting,required,346.779767,5,2,2,0,0,3,0.571,0.0,TIMING_ONLY
cumulative_counting::9b793ImfzUM::63,cumulative_counting,none,71.004267,6,0,0,0,0,6,0.0,0.0,SILENT
cumulative_counting::AwoumR9RiHU::64,cumulative_counting,required,137.08,4,1,0,0,1,4,0.0,0.0,WRONG_TIME
cumulative_counting::Acbcm6GJBZw::65,cumulative_counting,helpful,362.04,5,1,0,0,1,5,0.0,0.0,WRONG_TIME
cumulative_counting::AnBixRgkIGY::66,cumulative_counting,required,128.503375,9,1,0,0,1,9,0.0,0.0,WRONG_TIME
cumulative_counting::BXpBmHYR8IE::67,cumulative_counting,required,220.286733,6,1,1,0,0,5,0.286,0.0,TIMING_ONLY
cumulative_counting::BY5mLsNhXS4::68,cumulative_counting,required,100.233467,4,1,1,0,0,3,0.4,0.0,TIMING_ONLY
cumulative_counting::B9t_NybAytA::69,cumulative_counting,none,525.433333,3,1,0,0,1,3,0.0,0.0,WRONG_TIME
cumulative_counting::BcFpM4upfxo::70,cumulative_counting,required,76.066667,3,0,0,0,0,3,0.0,0.0,SILENT
cumulative_counting::BCKpVVtJexc::71,cumulative_counting,none,354.466667,8,1,0,0,1,8,0.0,0.0,WRONG_TIME
cumulative_counting::A2yg51yht0c::72,cumulative_counting,none,183.633333,2,0,0,0,0,2,0.0,0.0,SILENT
cumulative_counting::CGqjKsJCDVw::73,cumulative_counting,none,67.933333,3,0,0,0,0,3,0.0,0.0,SILENT
cumulative_counting::Bo5pzWMsF4A::74,cumulative_counting,required,165.6655,8,0,0,0,0,8,0.0,0.0,SILENT
cumulative_counting::CAYlUmDhUS8::75,cumulative_counting,helpful,133.36,5,1,0,0,1,5,0.0,0.0,WRONG_TIME
cumulative_counting::Bud8d-ctln4::76,cumulative_counting,required,173.233333,4,1,1,1,0,3,0.4,0.4,GOOD
cumulative_counting::CO_BD_Xuf-U::77,cumulative_counting,none,445.76,5,2,1,0,1,4,0.286,0.0,TIMING_ONLY
cumulative_counting::CaZytg0nr5Q::78,cumulative_counting,required,343.64,3,0,0,0,0,3,0.0,0.0,SILENT
cumulative_counting::C3Wx2o4LZko::79,cumulative_counting,none,57.457457,5,5,5,2,0,0,1.0,0.4,GOOD
cumulative_counting::CQ4WI57FjFo::80,cumulative_counting,none,93.96879,2,0,0,0,0,2,0.0,0.0,SILENT
cumulative_counting::DHCc_ndOfjs::81,cumulative_counting,required,200.667133,2,2,2,2,0,0,1.0,1.0,GOOD
cumulative_counting::DYQMViyqMnU::82,cumulative_counting,required,205.633333,5,3,3,1,0,2,0.75,0.25,GOOD
cumulative_counting::DwwdRDPwzoE::83,cumulative_counting,required,93.0,4,1,0,0,1,4,0.0,0.0,WRONG_TIME
cumulative_counting::EII4qVr-Mjw::84,cumulative_counting,required,150.28,5,2,2,0,0,3,0.571,0.0,TIMING_ONLY
cumulative_counting::Dd13d5FL220::85,cumulative_counting,none,55.96,5,0,0,0,0,5,0.0,0.0,SILENT
cumulative_counting::EUXY75I2qr0::86,cumulative_counting,required,202.566667,5,2,1,0,1,4,0.286,0.0,TIMING_ONLY
cumulative_counting::EbkcCtvNJQI::87,cumulative_counting,required,98.223122,3,1,1,0,0,2,0.5,0.0,TIMING_ONLY
cumulative_counting::ErNL6TY1GfI::88,cumulative_counting,none,153.4,7,1,0,0,1,7,0.0,0.0,WRONG_TIME
cumulative_counting::Exu_s-GTjGk::89,cumulative_counting,required,445.534,5,3,3,1,0,2,0.75,0.25,GOOD
cumulative_counting::F3efbAoHApA::90,cumulative_counting,required,178.136292,7,0,0,0,0,7,0.0,0.0,SILENT
cumulative_counting::FbDpZtgONPg::91,cumulative_counting,none,177.443933,8,0,0,0,0,8,0.0,0.0,SILENT
cumulative_counting::Fr0QhESRzH0::92,cumulative_counting,none,173.089583,8,0,0,0,0,8,0.0,0.0,SILENT
cumulative_counting::EtS4Uk1-jhQ::93,cumulative_counting,required,311.2109,8,3,2,0,1,6,0.364,0.0,TIMING_ONLY
cumulative_counting::G6kywexJUSU::94,cumulative_counting,required,83.5835,2,0,0,0,0,2,0.0,0.0,SILENT
cumulative_counting::GEmaF4_W0RE::95,cumulative_counting,required,31.489789,3,1,1,1,0,2,0.5,0.5,GOOD
cumulative_counting::FvrfhLwR3TM::96,cumulative_counting,required,423.957,5,2,0,0,2,5,0.0,0.0,WRONG_TIME
cumulative_counting::G2igaJVic-8::97,cumulative_counting,required,244.56,3,3,2,0,1,1,0.667,0.0,TIMING_ONLY
cumulative_counting::FywjLQRju7Y::98,cumulative_counting,required,325.558567,5,5,3,3,2,2,0.6,0.6,GOOD
cumulative_counting::GOytCM4V23o::99,cumulative_counting,required,120.04,3,2,1,1,1,2,0.4,0.4,GOOD
cumulative_counting::GbU_T2XiFgA::100,cumulative_counting,none,178.311467,3,0,0,0,0,3,0.0,0.0,SILENT
cumulative_counting::GjDTEjAHu_Y::101,cumulative_counting,none,100.44,6,0,0,0,0,6,0.0,0.0,SILENT
cumulative_counting::GV94WLtL1nI::102,cumulative_counting,required,114.7146,4,0,0,0,0,4,0.0,0.0,SILENT
cumulative_counting::HAFLLtAcRKY::103,cumulative_counting,none,53.04,7,1,0,0,1,7,0.0,0.0,WRONG_TIME
cumulative_counting::H98PhClHxOQ::104,cumulative_counting,required,310.9106,7,0,0,0,0,7,0.0,0.0,SILENT
cumulative_counting::HVX3F4GDyi4::105,cumulative_counting,required,174.625,7,3,3,1,0,4,0.6,0.2,GOOD
cumulative_counting::HF8nrtwFVA8::106,cumulative_counting,required,143.877067,4,1,0,0,1,4,0.0,0.0,WRONG_TIME
cumulative_counting::HcGa_j-YDmw::107,cumulative_counting,none,255.84,5,0,0,0,0,5,0.0,0.0,SILENT
cumulative_counting::HdbBkWjBQWw::108,cumulative_counting,required,280.446833,8,8,7,0,1,1,0.875,0.0,TIMING_ONLY
cumulative_counting::GGIexzDO8cg::109,cumulative_counting,required,288.36,5,2,0,0,2,5,0.0,0.0,WRONG_TIME
cumulative_counting::I1zkx0Xz8NY::110,cumulative_counting,required,137.003533,4,0,0,0,0,4,0.0,0.0,SILENT
cumulative_counting::HgVegvv1HPE::111,cumulative_counting,none,211.32,4,1,0,0,1,4,0.0,0.0,WRONG_TIME
cumulative_counting::HkAejSLGEUU::112,cumulative_counting,required,214.72,6,3,2,1,1,4,0.444,0.222,GOOD
cumulative_counting::GvBRNnsucao::113,cumulative_counting,none,162.96,7,0,0,0,0,7,0.0,0.0,SILENT
cumulative_counting::IL2Pj1bOb4Q::114,cumulative_counting,required,175.7756,4,3,3,3,0,1,0.857,0.857,GOOD
cumulative_counting::IenLTYaTvuY::115,cumulative_counting,required,60.26001,5,1,0,0,1,5,0.0,0.0,WRONG_TIME
cumulative_counting::IigutYLNdfU::116,cumulative_counting,required,131.965167,6,2,2,0,0,4,0.5,0.0,TIMING_ONLY
cumulative_counting::IaKwKW04iVY::117,cumulative_counting,required,164.397567,5,2,0,0,2,5,0.0,0.0,WRONG_TIME
cumulative_counting::IWquNO7pJ_Q::118,cumulative_counting,none,267.51725,6,1,1,0,0,5,0.286,0.0,TIMING_ONLY
cumulative_counting::IquGEf1w-Us::119,cumulative_counting,none,197.28,5,1,0,0,1,5,0.0,0.0,WRONG_TIME
cumulative_counting::JC4bSl-5wAQ::120,cumulative_counting,helpful,134.5,4,1,0,0,1,4,0.0,0.0,WRONG_TIME
cumulative_counting::JC1hUURScHY::121,cumulative_counting,required,212.0,5,1,1,1,0,4,0.333,0.333,GOOD
cumulative_counting::I1ECITk7WTY::122,cumulative_counting,required,371.566667,7,2,1,0,1,6,0.222,0.0,TIMING_ONLY
cumulative_counting::JPEif5pmP0Q::123,cumulative_counting,required,128.9,4,1,1,1,0,3,0.4,0.4,GOOD
cumulative_counting::JVuXCJWfc1M::124,cumulative_counting,required,144.72,4,2,1,1,1,3,0.333,0.333,GOOD
cumulative_counting::JaN79__iddI::125,cumulative_counting,required,70.437033,7,4,4,1,0,3,0.727,0.182,GOOD
cumulative_counting::JJPTYTswPCI::126,cumulative_counting,required,473.333333,7,6,6,0,0,1,0.923,0.0,TIMING_ONLY
cumulative_counting::JdACOoKdgAQ::127,cumulative_counting,required,97.466667,7,1,0,0,1,7,0.0,0.0,WRONG_TIME
cumulative_counting::Js0N30Ye7qo::128,cumulative_counting,required,112.846067,4,1,0,0,1,4,0.0,0.0,WRONG_TIME
cumulative_counting::Jsvcj2PUxFk::129,cumulative_counting,required,130.32,3,1,0,0,1,3,0.0,0.0,WRONG_TIME
cumulative_counting::L9SqKlQn69c::130,cumulative_counting,required,153.219733,6,5,3,0,2,3,0.545,0.0,TIMING_ONLY
cumulative_counting::LlAKcJ-DE88::131,cumulative_counting,required,86.4864,5,2,1,0,1,4,0.286,0.0,TIMING_ONLY
cumulative_counting::LthyJtLF0KU::132,cumulative_counting,required,97.831067,4,3,3,3,0,1,0.857,0.857,GOOD
cumulative_counting::M5FfhpgIPCs::133,cumulative_counting,required,77.994583,4,0,0,0,0,4,0.0,0.0,SILENT
cumulative_counting::LFelGo9gA_I::134,cumulative_counting,helpful,105.939273,7,1,0,0,1,7,0.0,0.0,WRONG_TIME
cumulative_counting::M-gZMQKFPFc::135,cumulative_counting,required,147.380714,7,1,1,1,0,6,0.25,0.25,GOOD
cumulative_counting::L76mz5AOOIE::136,cumulative_counting,required,465.3649,6,6,4,0,2,2,0.667,0.0,TIMING_ONLY
cumulative_counting::ME49XGmzzjg::137,cumulative_counting,helpful,86.519767,5,0,0,0,0,5,0.0,0.0,SILENT
cumulative_counting::MIo6g2mBh-o::138,cumulative_counting,required,142.542,6,3,3,1,0,3,0.667,0.222,GOOD
cumulative_counting::MSfDVu3i9mE::139,cumulative_counting,none,155.522033,4,1,0,0,1,4,0.0,0.0,WRONG_TIME
cumulative_counting::N4ukVxLJYS8::140,cumulative_counting,none,70.733333,7,1,1,0,0,6,0.25,0.0,TIMING_ONLY
cumulative_counting::MrRcGmdL_4U::141,cumulative_counting,helpful,67.0,9,0,0,0,0,9,0.0,0.0,SILENT
cumulative_counting::MmsIOgJuuWQ::142,cumulative_counting,required,385.051333,4,1,0,0,1,4,0.0,0.0,WRONG_TIME
cumulative_counting::MwFpY7wY9-k::143,cumulative_counting,none,152.719233,3,1,0,0,1,3,0.0,0.0,WRONG_TIME
cumulative_counting::PI22nHgBKg4::144,cumulative_counting,helpful,37.25,7,0,0,0,0,7,0.0,0.0,SILENT
cumulative_counting::MOpQChwKKik::145,cumulative_counting,required,201.48,4,0,0,0,0,4,0.0,0.0,SILENT
cumulative_counting::NEVcw_yaouk::146,cumulative_counting,required,311.227583,5,1,0,0,1,5,0.0,0.0,WRONG_TIME
cumulative_counting::PU_N_b9geKs::147,cumulative_counting,required,284.8,9,0,0,0,0,9,0.0,0.0,SILENT
cumulative_counting::PZB-IvTq1u8::148,cumulative_counting,helpful,129.062267,4,3,3,1,0,1,0.857,0.286,GOOD
cumulative_counting::Q1WSGeuIBUU::149,cumulative_counting,required,254.254,5,4,3,2,1,2,0.667,0.444,GOOD
cumulative_counting::QDdyEQL6F90::150,cumulative_counting,required,193.059533,4,1,0,0,1,4,0.0,0.0,WRONG_TIME
cumulative_counting::QQ7rdcWxF2o::151,cumulative_counting,required,127.52,4,0,0,0,0,4,0.0,0.0,SILENT
cumulative_counting::R1t1ktp6WDY::152,cumulative_counting,required,150.135522,6,2,1,0,1,5,0.25,0.0,TIMING_ONLY
cumulative_counting::R-PiTIAHx10::153,cumulative_counting,none,186.853333,8,0,0,0,0,8,0.0,0.0,SILENT
cumulative_counting::RCwTPOjyNUM::154,cumulative_counting,none,170.6,5,2,1,0,1,4,0.286,0.0,TIMING_ONLY
cumulative_counting::RWpTUgVDOB0::155,cumulative_counting,required,125.208333,5,0,0,0,0,5,0.0,0.0,SILENT
cumulative_counting::RnRcjb3MAs8::156,cumulative_counting,required,56.335252,4,1,0,0,1,4,0.0,0.0,WRONG_TIME
cumulative_counting::SHE3B1pryxk::157,cumulative_counting,required,77.68,5,1,0,0,1,5,0.0,0.0,WRONG_TIME
cumulative_counting::SAMwVq0S-AM::158,cumulative_counting,required,221.47125,4,2,1,1,1,3,0.333,0.333,GOOD
cumulative_counting::SB7nuM34CWg::159,cumulative_counting,required,110.485375,7,1,1,1,0,6,0.25,0.25,GOOD
cumulative_counting::SdtXGQyC6GM::160,cumulative_counting,required,137.3372,3,1,1,0,0,2,0.5,0.0,TIMING_ONLY
cumulative_counting::SPRdPbLHMfg::161,cumulative_counting,required,59.92,4,0,0,0,0,4,0.0,0.0,SILENT
cumulative_counting::SxHRryEQwxQ::162,cumulative_counting,none,226.39306,8,0,0,0,0,8,0.0,0.0,SILENT
cumulative_counting::TXeVf42sQdM::163,cumulative_counting,required,119.853067,5,1,1,1,0,4,0.333,0.333,GOOD
cumulative_counting::TRdIVvXBB8k::164,cumulative_counting,required,196.88,6,2,2,2,0,4,0.5,0.5,GOOD
cumulative_counting::TD2By_m9cCg::165,cumulative_counting,required,185.852333,8,0,0,0,0,8,0.0,0.0,SILENT
cumulative_counting::U9hsD7kIR-s::166,cumulative_counting,required,63.1631,4,1,1,0,0,3,0.4,0.0,TIMING_ONLY
cumulative_counting::Tu8o0UZYOos::167,cumulative_counting,none,331.898233,5,0,0,0,0,5,0.0,0.0,SILENT
cumulative_counting::UcKNIHy3aeQ::168,cumulative_counting,required,176.332926,4,2,1,0,1,3,0.333,0.0,TIMING_ONLY
cumulative_counting::USiNJT0tzlc::169,cumulative_counting,required,200.8006,4,2,2,0,0,2,0.667,0.0,TIMING_ONLY
cumulative_counting::UZQZ2fAoTn4::170,cumulative_counting,required,584.28,4,1,0,0,1,4,0.0,0.0,WRONG_TIME
cumulative_counting::Uy4viSMpQBA::171,cumulative_counting,required,308.0,5,2,0,0,2,5,0.0,0.0,WRONG_TIME
cumulative_counting::l1hSxpbY0yA::172,cumulative_counting,helpful,122.041667,3,1,1,1,0,2,0.5,0.5,GOOD
cumulative_counting::kud5An9_eGw::173,cumulative_counting,required,335.168167,2,1,0,0,1,2,0.0,0.0,WRONG_TIME
cumulative_counting::lCSTBNeAOFM::174,cumulative_counting,required,171.237733,6,1,1,0,0,5,0.286,0.0,TIMING_ONLY
cumulative_counting::lFjvRCEybe0::175,cumulative_counting,required,132.6325,3,3,3,2,0,0,1.0,0.667,GOOD
cumulative_counting::lT1wTF2LJHs::176,cumulative_counting,required,65.92,4,2,2,1,0,2,0.667,0.333,GOOD
cumulative_counting::kcAivnYmQy8::177,cumulative_counting,required,317.150167,7,1,0,0,1,7,0.0,0.0,WRONG_TIME
cumulative_counting::la7I8yrJD5o::178,cumulative_counting,helpful,256.404175,7,2,0,0,2,7,0.0,0.0,WRONG_TIME
cumulative_counting::l2a5Jfb_ryM::179,cumulative_counting,helpful,195.16,8,3,3,2,0,5,0.545,0.364,GOOD
cumulative_counting::lMrBZWxYY60::180,cumulative_counting,required,181.648133,6,1,0,0,1,6,0.0,0.0,WRONG_TIME
cumulative_counting::llUjaNAxHy8::181,cumulative_counting,helpful,87.521394,2,0,0,0,0,2,0.0,0.0,SILENT
cumulative_counting::mBKn0gRWIvk::182,cumulative_counting,required,81.7,4,5,3,0,2,1,0.667,0.0,TIMING_ONLY
cumulative_counting::lHTNcPpLMao::183,cumulative_counting,none,210.84,6,0,0,0,0,6,0.0,0.0,SILENT
cumulative_counting::m1uI3PFvrx4::184,cumulative_counting,required,158.591,4,2,1,0,1,3,0.333,0.0,TIMING_ONLY
cumulative_counting::mhZZUveK-uQ::185,cumulative_counting,none,201.266667,1,1,0,0,1,1,0.0,0.0,WRONG_TIME
cumulative_counting::mkVvnkp09pM::186,cumulative_counting,required,92.76,6,0,0,0,0,6,0.0,0.0,SILENT
cumulative_counting::mKuvkN87Whk::187,cumulative_counting,none,251.718133,6,0,0,0,0,6,0.0,0.0,SILENT
cumulative_counting::mq9a_TNXUBI::188,cumulative_counting,required,164.330833,4,0,0,0,0,4,0.0,0.0,SILENT
cumulative_counting::njOg6o4xDJQ::189,cumulative_counting,required,222.6224,4,3,2,1,1,2,0.571,0.286,GOOD
cumulative_counting::o4Nqa_Ar5i4::190,cumulative_counting,required,213.980433,4,3,0,0,3,4,0.0,0.0,WRONG_TIME
cumulative_counting::o0MMAUX2dCo::191,cumulative_counting,required,62.433333,1,1,1,0,0,0,1.0,0.0,TIMING_ONLY
cumulative_counting::o0LY74Q2BOs::192,cumulative_counting,required,78.92,6,1,1,0,0,5,0.286,0.0,TIMING_ONLY
cumulative_counting::mDSFARouUS0::193,cumulative_counting,none,260.333333,4,0,0,0,0,4,0.0,0.0,SILENT
cumulative_counting::nkb5jhJArZk::194,cumulative_counting,required,90.44,7,0,0,0,0,7,0.0,0.0,SILENT
cumulative_counting::oF-Oe0ukcuE::195,cumulative_counting,required,86.0,3,1,1,0,0,2,0.5,0.0,TIMING_ONLY
cumulative_counting::oBvw8UmeeHs::196,cumulative_counting,none,137.38725,5,1,1,0,0,4,0.333,0.0,TIMING_ONLY
cumulative_counting::on7M5DKG2eA::197,cumulative_counting,required,104.0039,4,1,0,0,1,4,0.0,0.0,WRONG_TIME
cumulative_counting::oOiTZOSuTtI::198,cumulative_counting,required,105.24,5,5,5,5,0,0,1.0,1.0,GOOD
cumulative_counting::pVeRDMujVks::199,cumulative_counting,helpful,92.92,5,1,1,0,0,4,0.333,0.0,TIMING_ONLY
cumulative_counting::pmqoc7KPNPw::200,cumulative_counting,helpful,272.230292,2,2,1,1,1,1,0.5,0.5,GOOD
cumulative_counting::osvkHQdxULg::201,cumulative_counting,required,136.72,4,1,1,1,0,3,0.4,0.4,GOOD
cumulative_counting::peIVJLTnbsY::202,cumulative_counting,required,309.12,3,1,1,0,0,2,0.5,0.0,TIMING_ONLY
cumulative_counting::qH7vE-Jpiz0::203,cumulative_counting,required,163.897231,3,3,2,1,1,1,0.667,0.333,GOOD
cumulative_counting::qHgcvGUjyJE::204,cumulative_counting,required,108.174733,7,6,6,1,0,1,0.923,0.154,GOOD
cumulative_counting::rFA1jSO6pdg::205,cumulative_counting,required,70.612208,5,1,0,0,1,5,0.0,0.0,WRONG_TIME
cumulative_counting::r6BeiY06VuQ::206,cumulative_counting,none,174.12,3,0,0,0,0,3,0.0,0.0,SILENT
cumulative_counting::rijF6CLdEpQ::207,cumulative_counting,required,79.412667,4,1,0,0,1,4,0.0,0.0,WRONG_TIME
cumulative_counting::q__k5o5SgT8::208,cumulative_counting,helpful,164.466667,6,0,0,0,0,6,0.0,0.0,SILENT
cumulative_counting::rbCdwUk0nTM::209,cumulative_counting,required,108.066667,9,1,1,1,0,8,0.2,0.2,GOOD
cumulative_counting::qjsOcpRVuVA::210,cumulative_counting,required,240.206633,3,2,1,1,1,2,0.4,0.4,GOOD
cumulative_counting::sN4ZJzJHFTw::211,cumulative_counting,none,103.570133,5,0,0,0,0,5,0.0,0.0,SILENT
cumulative_counting::uMaEuFUI8jM::212,cumulative_counting,required,138.4,6,2,2,2,0,4,0.5,0.5,GOOD
cumulative_counting::tDMu9cy-Uag::213,cumulative_counting,required,267.24,3,1,1,1,0,2,0.5,0.5,GOOD
cumulative_counting::uMWftJGDvGA::214,cumulative_counting,required,167.125289,4,2,1,0,1,3,0.333,0.0,TIMING_ONLY
cumulative_counting::utme9QjyLNE::215,cumulative_counting,required,108.273333,4,1,1,1,0,3,0.4,0.4,GOOD
cumulative_counting::uZp7faytVHk::216,cumulative_counting,none,272.5723,6,0,0,0,0,6,0.0,0.0,SILENT
cumulative_counting::vEVEXNI-uAA::217,cumulative_counting,required,189.9898,2,4,2,0,2,0,0.667,0.0,TIMING_ONLY
cumulative_counting::vWJJfVRnm_w::218,cumulative_counting,helpful,231.033333,3,1,0,0,1,3,0.0,0.0,WRONG_TIME
cumulative_counting::vSgLQ4yI6dI::219,cumulative_counting,required,73.506767,5,1,1,1,0,4,0.333,0.333,GOOD
cumulative_counting::w2nmzwknVco::220,cumulative_counting,required,81.76,5,2,2,2,0,3,0.571,0.571,GOOD
cumulative_counting::vt3IuJCKOMQ::221,cumulative_counting,required,215.448567,7,2,0,0,2,7,0.0,0.0,WRONG_TIME
cumulative_counting::wVMN1m71TDs::222,cumulative_counting,helpful,371.237533,5,1,1,0,0,4,0.333,0.0,TIMING_ONLY
cumulative_counting::x4QU-Ds4px0::223,cumulative_counting,required,171.5714,5,1,0,0,1,5,0.0,0.0,WRONG_TIME
cumulative_counting::xdFwSqafA-U::224,cumulative_counting,required,153.920433,4,2,2,1,0,2,0.667,0.333,GOOD
cumulative_counting::xzpqxtOtdvM::225,cumulative_counting,required,179.8,5,6,3,3,3,2,0.545,0.545,GOOD
cumulative_counting::xW56ML986WA::226,cumulative_counting,required,467.099967,4,1,1,0,0,3,0.4,0.0,TIMING_ONLY
cumulative_counting::Hxlmu8ckhFE::227,cumulative_counting,required,211.6,4,6,4,1,2,0,0.8,0.2,GOOD
cumulative_counting::kj5TLqhcD38::228,cumulative_counting,required,302.04,4,3,2,1,1,2,0.571,0.286,GOOD
cumulative_counting::x08xZ_FT_mI::229,cumulative_counting,none,271.04,2,1,0,0,1,2,0.0,0.0,WRONG_TIME
cumulative_counting::mvl5ZOIy_sM::230,cumulative_counting,helpful,336.2359,4,1,0,0,1,4,0.0,0.0,WRONG_TIME
cumulative_counting::ZgBET1qRAmI::231,cumulative_counting,required,200.8006,8,2,1,0,1,7,0.2,0.0,TIMING_ONLY
cumulative_counting::Zs7Ao-0nZYM::232,cumulative_counting,required,200.72,4,2,2,0,0,2,0.667,0.0,TIMING_ONLY
cumulative_counting::ZlosBynTeh4::233,cumulative_counting,required,432.166,5,1,0,0,1,5,0.0,0.0,WRONG_TIME
cumulative_counting::Z0Ct75njaD0::234,cumulative_counting,required,317.7174,4,1,0,0,1,4,0.0,0.0,WRONG_TIME
cumulative_counting::_VYaTE0Dll8::235,cumulative_counting,required,60.06,5,1,1,1,0,4,0.333,0.333,GOOD
cumulative_counting::_DvNdEWr3tc::236,cumulative_counting,required,175.36,5,2,1,1,1,4,0.286,0.286,GOOD
cumulative_counting::ZzNKv0hbkCY::237,cumulative_counting,required,126.693233,5,0,0,0,0,5,0.0,0.0,SILENT
cumulative_counting::_JtjTlJ_H8g::238,cumulative_counting,required,205.916667,6,2,2,1,0,4,0.5,0.25,GOOD
cumulative_counting::_A8Ra5DXbUY::239,cumulative_counting,none,118.326542,6,1,0,0,1,6,0.0,0.0,WRONG_TIME
cumulative_counting::_py1WXVX4oc::240,cumulative_counting,none,73.139733,7,0,0,0,0,7,0.0,0.0,SILENT
cumulative_counting::ZrIDTPkRa_c::241,cumulative_counting,required,293.15,10,5,3,2,2,7,0.4,0.267,GOOD
cumulative_counting::aCE8ShZ-jUE::242,cumulative_counting,none,60.033333,4,0,0,0,0,4,0.0,0.0,SILENT
cumulative_counting::_oCvq1llsxE::243,cumulative_counting,none,220.966667,3,2,0,0,2,3,0.0,0.0,WRONG_TIME
cumulative_counting::aFalMIkiz60::244,cumulative_counting,none,103.736967,5,2,2,0,0,3,0.571,0.0,TIMING_ONLY
cumulative_counting::aEf3bR9cvHM::245,cumulative_counting,none,163.955458,3,1,0,0,1,3,0.0,0.0,WRONG_TIME
cumulative_counting::ajGCDzqda7Y::246,cumulative_counting,none,142.866667,5,1,0,0,1,5,0.0,0.0,WRONG_TIME
cumulative_counting::aZQ8bPyEvQ8::247,cumulative_counting,helpful,124.858067,3,1,0,0,1,3,0.0,0.0,WRONG_TIME
cumulative_counting::amTGcG8MMBc::248,cumulative_counting,required,115.8,5,1,1,0,0,4,0.333,0.0,TIMING_ONLY
cumulative_counting::b5-a4w3y72I::249,cumulative_counting,required,147.380567,7,1,1,1,0,6,0.25,0.25,GOOD
cumulative_counting::bsMWDyBpDsM::250,cumulative_counting,required,37.137,4,1,1,1,0,3,0.4,0.4,GOOD
cumulative_counting::c0fPidVkbds::251,cumulative_counting,helpful,209.776256,5,1,0,0,1,5,0.0,0.0,WRONG_TIME
cumulative_counting::cVsCAgSOHJw::252,cumulative_counting,none,352.0517,4,0,0,0,0,4,0.0,0.0,SILENT
cumulative_counting::dX0fhMVGWlQ::253,cumulative_counting,required,37.120417,4,1,1,0,0,3,0.4,0.0,TIMING_ONLY
cumulative_counting::flusr8d7n_I::254,cumulative_counting,required,120.888,3,0,0,0,0,3,0.0,0.0,SILENT
cumulative_counting::fGx5YtQWJWo::255,cumulative_counting,required,349.015333,4,1,0,0,1,4,0.0,0.0,WRONG_TIME
cumulative_counting::gLXO-jeJlTQ::256,cumulative_counting,helpful,354.433333,8,1,0,0,1,8,0.0,0.0,WRONG_TIME
cumulative_counting::gzy-Q_k8veI::257,cumulative_counting,required,199.232367,5,1,0,0,1,5,0.0,0.0,WRONG_TIME
cumulative_counting::gDVK28Zmta0::258,cumulative_counting,required,154.988167,4,3,3,0,0,1,0.857,0.0,TIMING_ONLY
cumulative_counting::hCYODDPhe2g::259,cumulative_counting,required,202.625,4,2,1,1,1,3,0.333,0.333,GOOD
cumulative_counting::h73RTZgSdcM::260,cumulative_counting,required,203.536667,4,1,0,0,1,4,0.0,0.0,WRONG_TIME
cumulative_counting::hdXA4-tCwTA::261,cumulative_counting,none,268.501567,1,0,0,0,0,1,0.0,0.0,SILENT
cumulative_counting::kHEIxjGZFfY::262,cumulative_counting,required,83.7837,3,1,1,0,0,2,0.5,0.0,TIMING_ONLY
cumulative_counting::kSG2J6saxl0::263,cumulative_counting,required,72.2722,4,0,0,0,0,4,0.0,0.0,SILENT
cumulative_counting::hGTaWfriqfs::264,cumulative_counting,required,158.7586,4,0,0,0,0,4,0.0,0.0,SILENT
cumulative_counting::k53NKmTcnZ8::265,cumulative_counting,required,210.133333,10,1,1,1,0,9,0.182,0.182,GOOD
cumulative_counting::kSrxSV04zGU::266,cumulative_counting,required,94.52,5,1,1,0,0,4,0.333,0.0,TIMING_ONLY
cumulative_counting::hD8dVO3LORo::267,cumulative_counting,required,261.177578,5,1,0,0,1,5,0.0,0.0,WRONG_TIME
cumulative_counting::knQCHTdP6L8::268,cumulative_counting,required,205.255244,6,4,4,2,0,2,0.8,0.4,GOOD
cumulative_counting::kqdKQn8ot78::269,cumulative_counting,required,168.48,6,2,1,1,1,5,0.25,0.25,GOOD
cumulative_counting::koEB4XPd9IM::270,cumulative_counting,none,231.1309,5,1,0,0,1,5,0.0,0.0,WRONG_TIME
cumulative_counting::Uw_Y57n-QRE::271,cumulative_counting,required,306.239267,4,4,3,2,1,1,0.75,0.5,GOOD
cumulative_counting::UvsDfp_gNo4::272,cumulative_counting,required,283.5833,5,1,1,0,0,4,0.333,0.0,TIMING_ONLY
cumulative_counting::Uu1mGBeAQPg::273,cumulative_counting,required,464.84,5,1,1,1,0,4,0.333,0.333,GOOD
cumulative_counting::VauQiGVVBBc::274,cumulative_counting,required,105.3052,4,1,0,0,1,4,0.0,0.0,WRONG_TIME
cumulative_counting::VkVB9hsAf3g::275,cumulative_counting,required,300.433467,3,2,2,0,0,1,0.8,0.0,TIMING_ONLY
cumulative_counting::WMAK4edTUmw::276,cumulative_counting,required,225.191633,5,2,2,1,0,3,0.571,0.286,GOOD
cumulative_counting::Vj8gzj1LSFo::277,cumulative_counting,required,160.952458,4,1,1,0,0,3,0.4,0.0,TIMING_ONLY
cumulative_counting::WU1-jSwNySQ::278,cumulative_counting,required,459.210662,7,2,0,0,2,7,0.0,0.0,WRONG_TIME
cumulative_counting::Ws4T24vp6rI::279,cumulative_counting,helpful,130.48,4,1,1,0,0,3,0.4,0.0,TIMING_ONLY
cumulative_counting::WP1ZDZMhja0::280,cumulative_counting,required,457.44,10,18,3,2,15,7,0.214,0.143,GOOD
cumulative_counting::X-PWidOvHT8::281,cumulative_counting,required,259.666667,6,5,4,2,1,2,0.727,0.364,GOOD
cumulative_counting::XRVAdIQ6RzY::282,cumulative_counting,required,40.407033,4,0,0,0,0,4,0.0,0.0,SILENT
cumulative_counting::XbpxMJ_Mz8M::283,cumulative_counting,none,67.233833,5,0,0,0,0,5,0.0,0.0,SILENT
cumulative_counting::WyXJK36bw78::284,cumulative_counting,required,356.622933,8,0,0,0,0,8,0.0,0.0,SILENT
cumulative_counting::X9ms7D2XF4k::285,cumulative_counting,helpful,495.366667,3,2,1,1,1,2,0.4,0.4,GOOD
cumulative_counting::XhgUbBVXLEg::286,cumulative_counting,required,73.239833,4,0,0,0,0,4,0.0,0.0,SILENT
cumulative_counting::YCa0O5lnWO0::287,cumulative_counting,required,122.96,5,4,3,1,1,2,0.667,0.222,GOOD
cumulative_counting::XZYJBN5goeM::288,cumulative_counting,required,208.68,6,1,0,0,1,6,0.0,0.0,WRONG_TIME
cumulative_counting::Y4rF8B9zucY::289,cumulative_counting,required,207.8,5,1,1,1,0,4,0.333,0.333,GOOD
cumulative_counting::Y4dQgIbjTWI::290,cumulative_counting,required,115.482033,4,0,0,0,0,4,0.0,0.0,SILENT
cumulative_counting::XlAanysVzzc::291,cumulative_counting,none,190.6,3,0,0,0,0,3,0.0,0.0,SILENT
cumulative_counting::YZYYVnB0lB8::292,cumulative_counting,none,107.398958,4,0,0,0,0,4,0.0,0.0,SILENT
cumulative_counting::YXq2bLCAljg::293,cumulative_counting,required,161.92,4,2,1,0,1,3,0.333,0.0,TIMING_ONLY
cumulative_counting::YfC1vRyTci8::294,cumulative_counting,helpful,331.56,6,3,1,0,2,5,0.222,0.0,TIMING_ONLY
cumulative_counting::Yi01srA2W_M::295,cumulative_counting,required,113.980533,4,2,0,0,2,4,0.0,0.0,WRONG_TIME
cumulative_counting::ZA8BslrJ0IQ::296,cumulative_counting,helpful,49.866667,4,0,0,0,0,4,0.0,0.0,SILENT
cumulative_counting::Yp1CgOgBR_s::297,cumulative_counting,required,186.12,6,1,0,0,1,6,0.0,0.0,WRONG_TIME
cumulative_counting::Z34FRIwFWV4::298,cumulative_counting,required,121.84,4,4,2,2,2,2,0.5,0.5,GOOD
cumulative_counting::ZYTmgi1pAIE::299,cumulative_counting,required,75.809067,4,1,0,0,1,4,0.0,0.0,WRONG_TIME
event_narration::YqBc5WzrLhQ::225,event_narration,required,83.616867,4,0,0,0,0,4,0.0,0.0,SILENT
event_narration::E97XgSpJh3w::226,event_narration,required,572.838933,4,2,0,0,2,4,0.0,0.0,WRONG_TIME
event_narration::Xum6znImE18::227,event_narration,required,107.4,4,1,0,0,1,4,0.0,0.0,WRONG_TIME
event_narration::05j4tIvoC8o::228,event_narration,helpful,80.233333,4,0,0,0,0,4,0.0,0.0,SILENT
event_narration::9AffWPWL9RM::229,event_narration,helpful,174.575449,5,0,0,0,0,5,0.0,0.0,SILENT
event_narration::dYZK62YVlVc::230,event_narration,helpful,149.866667,4,2,1,0,1,3,0.333,0.0,TIMING_ONLY
event_narration::G2igaJVic-8::231,event_narration,required,244.56,4,4,2,1,2,2,0.5,0.25,GOOD
event_narration::do2t7F13NNA::232,event_narration,helpful,373.406367,4,2,1,1,1,3,0.333,0.333,GOOD
event_narration::AgTIKOh73Sw::233,event_narration,helpful,225.0,5,6,4,3,2,1,0.727,0.545,GOOD
event_narration::r6BeiY06VuQ::234,event_narration,required,174.12,5,0,0,0,0,5,0.0,0.0,SILENT
event_narration::QDdyEQL6F90::235,event_narration,required,193.059533,4,2,1,0,1,3,0.333,0.0,TIMING_ONLY
event_narration::Hxlmu8ckhFE::236,event_narration,required,211.6,4,2,0,0,2,4,0.0,0.0,WRONG_TIME
event_narration::_5IMTMSB6Hc::237,event_narration,required,153.486667,4,1,0,0,1,4,0.0,0.0,WRONG_TIME
event_narration::UldXRipkEno::238,event_narration,required,98.531767,4,1,0,0,1,4,0.0,0.0,WRONG_TIME
event_narration::ozI4uzaN_AM::239,event_narration,required,130.64,4,0,0,0,0,4,0.0,0.0,SILENT
event_narration::62S-ry938nk::240,event_narration,required,264.631033,4,3,1,0,2,3,0.286,0.0,TIMING_ONLY
event_narration::UC0qJSuJM0o::241,event_narration,helpful,251.4512,5,0,0,0,0,5,0.0,0.0,SILENT
event_narration::FQKfPV58l4I::242,event_narration,required,74.24,4,1,0,0,1,4,0.0,0.0,WRONG_TIME
event_narration::hMT94y2aUYs::243,event_narration,required,156.2561,5,1,0,0,1,5,0.0,0.0,WRONG_TIME
event_narration::kTcnZEPSAZE::244,event_narration,helpful,99.48,5,1,0,0,1,5,0.0,0.0,WRONG_TIME
event_narration::-ZvLZrWsFAc::245,event_narration,helpful,95.8,4,0,0,0,0,4,0.0,0.0,SILENT
event_narration::pJUhvhL8SBY::246,event_narration,required,70.637233,4,0,0,0,0,4,0.0,0.0,SILENT
event_narration::Rwmw4T62kvk::247,event_narration,helpful,151.384567,4,1,0,0,1,4,0.0,0.0,WRONG_TIME
event_narration::bPvb4_clf8E::248,event_narration,required,382.0817,5,0,0,0,0,5,0.0,0.0,SILENT
event_narration::1EDlJD9mplY::249,event_narration,required,58.091367,4,1,1,0,0,3,0.4,0.0,TIMING_ONLY
event_narration::0J0Tjqc4efY::250,event_narration,helpful,226.29296,6,1,0,0,1,6,0.0,0.0,WRONG_TIME
event_narration::UZvpYQ-45No::251,event_narration,required,42.666667,4,1,0,0,1,4,0.0,0.0,WRONG_TIME
event_narration::QtK2gxsTNyM::252,event_narration,required,201.951111,4,1,0,0,1,4,0.0,0.0,WRONG_TIME
event_narration::Jzl1EmgJc1I::253,event_narration,helpful,147.413933,4,2,0,0,2,4,0.0,0.0,WRONG_TIME
event_narration::3MI7OZ-BlgE::254,event_narration,required,133.84,4,0,0,0,0,4,0.0,0.0,SILENT
event_narration::L1ZkHoirlmo::255,event_narration,required,45.72,4,1,1,0,0,3,0.4,0.0,TIMING_ONLY
event_narration::Gcj6uYbndp8::256,event_narration,helpful,143.009533,5,2,1,0,1,4,0.286,0.0,TIMING_ONLY
event_narration::aAFUEHWZ_D8::257,event_narration,helpful,492.358533,5,1,0,0,1,5,0.0,0.0,WRONG_TIME
event_narration::83shhUpGKFw::258,event_narration,helpful,121.204417,4,2,0,0,2,4,0.0,0.0,WRONG_TIME
event_narration::bodjiB29bOY::259,event_narration,required,204.495956,4,0,0,0,0,4,0.0,0.0,SILENT
event_narration::6o9uIeBZVY0::260,event_narration,required,192.192,4,1,1,0,0,3,0.4,0.0,TIMING_ONLY
event_narration::h2SpLNxN-tw::261,event_narration,required,248.7485,5,1,0,0,1,5,0.0,0.0,WRONG_TIME
event_narration::BifM0YUen9U::262,event_narration,required,242.375467,5,1,0,0,1,5,0.0,0.0,WRONG_TIME
event_narration::CQrEyrW2REc::263,event_narration,required,162.48,5,0,0,0,0,5,0.0,0.0,SILENT
event_narration::vEOd8pdW8Ug::264,event_narration,required,135.935936,4,0,0,0,0,4,0.0,0.0,SILENT
event_narration::amTGcG8MMBc::265,event_narration,required,115.8,5,0,0,0,0,5,0.0,0.0,SILENT
event_narration::knQCHTdP6L8::266,event_narration,required,205.255244,4,2,0,0,2,4,0.0,0.0,WRONG_TIME
event_narration::Exu_s-GTjGk::267,event_narration,required,445.534,5,1,0,0,1,5,0.0,0.0,WRONG_TIME
event_narration::BBcu4EclgOs::268,event_narration,helpful,163.633333,5,0,0,0,0,5,0.0,0.0,SILENT
event_narration::kSG2J6saxl0::269,event_narration,required,72.2722,4,2,1,1,1,3,0.333,0.333,GOOD
event_narration::p_u5NTopEso::270,event_narration,required,349.88,6,0,0,0,0,6,0.0,0.0,SILENT
event_narration::Y6cvMS8s0MM::271,event_narration,required,102.969533,5,4,4,2,0,1,0.889,0.444,GOOD
event_narration::L_ZmMIIdg0A::272,event_narration,helpful,242.784208,5,0,0,0,0,5,0.0,0.0,SILENT
event_narration::xZQCrBEWOOM::273,event_narration,required,274.399125,5,5,5,5,0,0,1.0,1.0,GOOD
event_narration::ICb7mkhxlyM::274,event_narration,required,229.3,4,0,0,0,0,4,0.0,0.0,SILENT
event_narration::RCwTPOjyNUM::275,event_narration,required,170.6,4,2,0,0,2,4,0.0,0.0,WRONG_TIME
event_narration::7sePL9jdSm4::276,event_narration,required,103.369933,4,0,0,0,0,4,0.0,0.0,SILENT
event_narration::oFXMDy9AUbI::277,event_narration,helpful,224.390833,5,1,0,0,1,5,0.0,0.0,WRONG_TIME
event_narration::xW56ML986WA::278,event_narration,required,467.099967,4,0,0,0,0,4,0.0,0.0,SILENT
event_narration::YnUdAck_oM0::279,event_narration,helpful,55.355355,4,0,0,0,0,4,0.0,0.0,SILENT
event_narration::gfFYqvyq4Cs::280,event_narration,required,36.441,4,0,0,0,0,4,0.0,0.0,SILENT
event_narration::ZzNKv0hbkCY::281,event_narration,required,126.693233,4,0,0,0,0,4,0.0,0.0,SILENT
event_narration::BmzpaEBs4YM::282,event_narration,required,125.533333,5,1,1,0,0,4,0.333,0.0,TIMING_ONLY
event_narration::KjCMdFUl9FI::283,event_narration,helpful,351.718033,4,2,1,0,1,3,0.333,0.0,TIMING_ONLY
event_narration::JormXeC21gM::284,event_narration,none,117.283833,5,0,0,0,0,5,0.0,0.0,SILENT
event_narration::SAMwVq0S-AM::285,event_narration,helpful,221.47125,4,0,0,0,0,4,0.0,0.0,SILENT
event_narration::SmC5GZffVFg::286,event_narration,helpful,199.732867,5,1,0,0,1,5,0.0,0.0,WRONG_TIME
event_narration::14H72gjQBZY::287,event_narration,helpful,256.089167,4,0,0,0,0,4,0.0,0.0,SILENT
event_narration::o8IzzdtUyv0::288,event_narration,required,181.44,5,1,0,0,1,5,0.0,0.0,WRONG_TIME
event_narration::la7I8yrJD5o::289,event_narration,required,256.404175,4,0,0,0,0,4,0.0,0.0,SILENT
event_narration::KGjAytMacAA::290,event_narration,required,203.203,4,1,0,0,1,4,0.0,0.0,WRONG_TIME
event_narration::urG3lSOOcW0::291,event_narration,required,125.250125,5,0,0,0,0,5,0.0,0.0,SILENT
event_narration::pRz8yjRZ7nM::292,event_narration,required,407.9075,5,2,0,0,2,5,0.0,0.0,WRONG_TIME
event_narration::10fOVZIj5zg::293,event_narration,required,55.791667,3,1,1,1,0,2,0.5,0.5,GOOD
event_narration::6rho9EbHtyc::294,event_narration,required,35.967,4,1,0,0,1,4,0.0,0.0,WRONG_TIME
event_narration::sFoAnNWUmc4::295,event_narration,helpful,144.185708,5,1,0,0,1,5,0.0,0.0,WRONG_TIME
event_narration::551-lWJPbow::296,event_narration,helpful,60.827433,4,0,0,0,0,4,0.0,0.0,SILENT
event_narration::MbpBw_NTqjE::297,event_narration,helpful,196.066667,4,1,0,0,1,4,0.0,0.0,WRONG_TIME
event_narration::64yLR2qTZcg::298,event_narration,required,30.03,4,1,0,0,1,4,0.0,0.0,WRONG_TIME
event_narration::M-gZMQKFPFc::299,event_narration,required,147.380714,5,1,0,0,1,5,0.0,0.0,WRONG_TIME
event_narration::L9SqKlQn69c::213,event_narration,required,153.219733,4,0,0,0,0,4,0.0,0.0,SILENT
event_narration::liertmG3u_s::214,event_narration,required,80.313567,4,0,0,0,0,4,0.0,0.0,SILENT
event_narration::-eBOaccLCGs::215,event_narration,required,109.72,4,1,0,0,1,4,0.0,0.0,WRONG_TIME
event_narration::3J8zCIPhqAM::216,event_narration,required,350.44,5,1,0,0,1,5,0.0,0.0,WRONG_TIME
event_narration::ArAfhOrAixM::217,event_narration,helpful,115.5,4,0,0,0,0,4,0.0,0.0,SILENT
event_narration::vZO6zJTht_Q::218,event_narration,required,184.551033,5,0,0,0,0,5,0.0,0.0,SILENT
event_narration::dA2PeQKIWWI::219,event_narration,helpful,137.166667,4,0,0,0,0,4,0.0,0.0,SILENT
event_narration::Vkqr32FLsmE::220,event_narration,required,138.071267,4,1,0,0,1,4,0.0,0.0,WRONG_TIME
event_narration::tDiemkSsNvg::221,event_narration,required,67.8,3,1,1,0,0,2,0.5,0.0,TIMING_ONLY
event_narration::ldzt9uhf9_s::222,event_narration,required,267.08,5,3,0,0,3,5,0.0,0.0,WRONG_TIME
event_narration::vEVEXNI-uAA::223,event_narration,helpful,189.9898,4,2,0,0,2,4,0.0,0.0,WRONG_TIME
event_narration::c0fPidVkbds::224,event_narration,helpful,209.776256,4,1,1,0,0,3,0.4,0.0,TIMING_ONLY
event_narration::o-U5HwaUyCE::191,event_narration,required,57.566667,4,0,0,0,0,4,0.0,0.0,SILENT
event_narration::W5Wh4xCmPC4::192,event_narration,required,432.0316,3,1,0,0,1,3,0.0,0.0,WRONG_TIME
event_narration::Yp1CgOgBR_s::193,event_narration,required,186.12,4,2,2,2,0,2,0.667,0.667,GOOD
event_narration::NOqb0dFIxds::194,event_narration,required,342.800789,4,1,0,0,1,4,0.0,0.0,WRONG_TIME
event_narration::DHCc_ndOfjs::195,event_narration,required,200.667133,4,0,0,0,0,4,0.0,0.0,SILENT
event_narration::eugSjfXCApM::196,event_narration,required,241.56,5,1,0,0,1,5,0.0,0.0,WRONG_TIME
event_narration::crEbc_uPl5g::197,event_narration,required,143.733333,5,1,0,0,1,5,0.0,0.0,WRONG_TIME
event_narration::8Jy0R7KfemM::198,event_narration,required,82.123185,3,1,0,0,1,3,0.0,0.0,WRONG_TIME
event_narration::2mo2OQCFlfY::199,event_narration,required,235.868967,4,0,0,0,0,4,0.0,0.0,SILENT
event_narration::AnBixRgkIGY::200,event_narration,helpful,128.503375,4,0,0,0,0,4,0.0,0.0,SILENT
event_narration::ESwHaPn1Rb0::201,event_narration,required,276.995305,4,1,0,0,1,4,0.0,0.0,WRONG_TIME
event_narration::rtXm_4PZLNY::202,event_narration,required,69.6,5,1,1,0,0,4,0.333,0.0,TIMING_ONLY
event_narration::njOg6o4xDJQ::203,event_narration,required,222.6224,5,2,1,1,1,4,0.286,0.286,GOOD
event_narration::vu5IvPplfb0::204,event_narration,required,111.08,3,2,2,1,0,1,0.8,0.4,GOOD
event_narration::o4Nqa_Ar5i4::205,event_narration,required,213.980433,5,0,0,0,0,5,0.0,0.0,SILENT
event_narration::pPXltWFLIys::206,event_narration,required,146.0,4,1,1,0,0,3,0.4,0.0,TIMING_ONLY
event_narration::4aw9-U_kkcs::207,event_narration,required,51.133333,5,0,0,0,0,5,0.0,0.0,SILENT
event_narration::VauQiGVVBBc::208,event_narration,required,105.3052,4,0,0,0,0,4,0.0,0.0,SILENT
event_narration::VKk-XBbawW0::209,event_narration,required,165.298467,4,1,0,0,1,4,0.0,0.0,WRONG_TIME
event_narration::dQB4JI9A-pE::210,event_narration,required,286.6,5,1,0,0,1,5,0.0,0.0,WRONG_TIME
event_narration::aEqf0X5lFTE::211,event_narration,required,111.6115,4,1,0,0,1,4,0.0,0.0,WRONG_TIME
event_narration::k3aM6cde8ds::212,event_narration,helpful,155.033333,4,0,0,0,0,4,0.0,0.0,SILENT
event_narration::MSfDVu3i9mE::155,event_narration,required,155.522033,4,1,1,0,0,3,0.4,0.0,TIMING_ONLY
event_narration::sNKoFISrMLc::156,event_narration,required,81.04,4,0,0,0,0,4,0.0,0.0,SILENT
event_narration::xld4Kc6xvXc::157,event_narration,required,155.0549,4,1,0,0,1,4,0.0,0.0,WRONG_TIME
event_narration::lCSTBNeAOFM::158,event_narration,required,171.237733,4,0,0,0,0,4,0.0,0.0,SILENT
event_narration::J881Moimbyc::159,event_narration,required,311.177533,4,2,1,1,1,3,0.333,0.333,GOOD
event_narration::wyEVCUU6AbA::160,event_narration,helpful,246.866667,5,1,0,0,1,5,0.0,0.0,WRONG_TIME
event_narration::S-oGX8DmuhQ::161,event_narration,required,127.72,4,1,0,0,1,4,0.0,0.0,WRONG_TIME
event_narration::I1ECITk7WTY::162,event_narration,required,371.566667,5,1,0,0,1,5,0.0,0.0,WRONG_TIME
event_narration::40SL-m4u-LQ::163,event_narration,required,208.208,4,2,0,0,2,4,0.0,0.0,WRONG_TIME
event_narration::JPEif5pmP0Q::164,event_narration,required,128.9,5,1,1,0,0,4,0.333,0.0,TIMING_ONLY
event_narration::uNMUT87VjNY::165,event_narration,required,262.662663,5,0,0,0,0,5,0.0,0.0,SILENT
event_narration::RIn_k3Wpf9A::166,event_narration,helpful,284.951333,5,1,1,0,0,4,0.333,0.0,TIMING_ONLY
event_narration::WjhsnkaB8pk::167,event_narration,required,196.88,5,1,0,0,1,5,0.0,0.0,WRONG_TIME
event_narration::MLihvpIVJK8::168,event_narration,required,124.916458,5,1,0,0,1,5,0.0,0.0,WRONG_TIME
event_narration::3voe8kCy7Gs::169,event_narration,required,527.894,5,0,0,0,0,5,0.0,0.0,SILENT
event_narration::IUaAhI9UdQg::170,event_narration,helpful,335.16,5,2,0,0,2,5,0.0,0.0,WRONG_TIME
event_narration::mV2SlDO7GZg::171,event_narration,required,71.638305,4,0,0,0,0,4,0.0,0.0,SILENT
event_narration::2vYRDokNyFI::172,event_narration,required,221.554667,4,0,0,0,0,4,0.0,0.0,SILENT
event_narration::QpxfKKKbEGk::173,event_narration,helpful,267.033433,4,1,0,0,1,4,0.0,0.0,WRONG_TIME
event_narration::IquGEf1w-Us::174,event_narration,required,197.28,4,1,1,1,0,3,0.4,0.4,GOOD
event_narration::v4-zBR7aXFU::175,event_narration,helpful,46.92,4,1,0,0,1,4,0.0,0.0,WRONG_TIME
event_narration::ds96PO-q9Dc::176,event_narration,required,107.9078,4,1,1,0,0,3,0.4,0.0,TIMING_ONLY
event_narration::VuJ3KndEhiA::177,event_narration,helpful,167.64,5,0,0,0,0,5,0.0,0.0,SILENT
event_narration::s3wIwAqKp4k::178,event_narration,required,320.16,4,0,0,0,0,4,0.0,0.0,SILENT
event_narration::ZIdFAGJrlCw::179,event_narration,helpful,296.4,5,0,0,0,0,5,0.0,0.0,SILENT
event_narration::DZCvHDyzpXw::180,event_narration,helpful,104.521083,5,1,1,0,0,4,0.333,0.0,TIMING_ONLY
event_narration::MARVjDLPDYY::181,event_narration,required,69.233333,4,1,0,0,1,4,0.0,0.0,WRONG_TIME
event_narration::vCxRAAJ8_do::182,event_narration,helpful,319.185533,5,1,1,0,0,4,0.333,0.0,TIMING_ONLY
event_narration::KDX7SEoCj4s::183,event_narration,helpful,178.044533,5,3,0,0,3,5,0.0,0.0,WRONG_TIME
event_narration::7tYa3zURRrU::184,event_narration,required,430.916667,5,0,0,0,0,5,0.0,0.0,SILENT
event_narration::qHgcvGUjyJE::185,event_narration,helpful,108.174733,5,3,1,1,2,4,0.25,0.25,GOOD
event_narration::kcAivnYmQy8::186,event_narration,required,317.150167,4,1,1,1,0,3,0.4,0.4,GOOD
event_narration::LKHYrdzn3qY::187,event_narration,helpful,227.52,4,0,0,0,0,4,0.0,0.0,SILENT
event_narration::7XJ6Ss2i60Q::188,event_narration,required,303.24,6,0,0,0,0,6,0.0,0.0,SILENT
event_narration::nUo9znRufNY::189,event_narration,required,458.6,6,0,0,0,0,6,0.0,0.0,SILENT
event_narration::YfOiUT8ghvc::190,event_narration,required,88.76,4,0,0,0,0,4,0.0,0.0,SILENT
event_narration::McfK9Zi3HDY::141,event_narration,required,55.72,4,0,0,0,0,4,0.0,0.0,SILENT
event_narration::qDuPITqVLBo::142,event_narration,helpful,103.169733,4,1,0,0,1,4,0.0,0.0,WRONG_TIME
event_narration::xIWiwN9pM14::143,event_narration,required,107.816042,4,0,0,0,0,4,0.0,0.0,SILENT
event_narration::uHBgWoztks4::144,event_narration,required,110.7,5,1,0,0,1,5,0.0,0.0,WRONG_TIME
event_narration::6NBjm9jQVHI::145,event_narration,required,208.6,4,2,1,0,1,3,0.333,0.0,TIMING_ONLY
event_narration::pVeRDMujVks::146,event_narration,required,92.92,4,0,0,0,0,4,0.0,0.0,SILENT
event_narration::Wtnw9ooAW98::147,event_narration,required,413.880133,5,1,0,0,1,5,0.0,0.0,WRONG_TIME
event_narration::FL9j4DUagn4::148,event_narration,required,374.066667,6,7,2,2,5,4,0.308,0.308,GOOD
event_narration::hGTaWfriqfs::149,event_narration,required,158.7586,5,1,0,0,1,5,0.0,0.0,WRONG_TIME
event_narration::4bveRsmZyXI::150,event_narration,helpful,251.466667,4,1,1,0,0,3,0.4,0.0,TIMING_ONLY
event_narration::wC2NIclo8Bw::151,event_narration,required,336.033333,4,1,0,0,1,4,0.0,0.0,WRONG_TIME
event_narration::Fvj9I7MGPhc::152,event_narration,required,108.541767,5,1,0,0,1,5,0.0,0.0,WRONG_TIME
event_narration::_ZekEZqgwEc::153,event_narration,required,101.534868,4,0,0,0,0,4,0.0,0.0,SILENT
event_narration::UqBQqY1g-ps::154,event_narration,helpful,240.373467,5,1,0,0,1,5,0.0,0.0,WRONG_TIME
event_narration::Uaa-Mz84vC8::137,event_narration,helpful,400.1,5,1,0,0,1,5,0.0,0.0,WRONG_TIME
event_narration::Tx2LlQJWOJU::138,event_narration,required,216.24,5,1,0,0,1,5,0.0,0.0,WRONG_TIME
event_narration::IpMKC3Gi39I::139,event_narration,helpful,263.296367,4,0,0,0,0,4,0.0,0.0,SILENT
event_narration::vkfKi0Ui3gU::140,event_narration,helpful,218.5,6,0,0,0,0,6,0.0,0.0,SILENT
event_narration::pppPpUt_ZKk::0,event_narration,required,93.8,4,1,0,0,1,4,0.0,0.0,WRONG_TIME
event_narration::A0l8fhxoWpY::1,event_narration,helpful,142.3422,5,0,0,0,0,5,0.0,0.0,SILENT
event_narration::1MNI153DglI::2,event_narration,required,196.829967,4,1,0,0,1,4,0.0,0.0,WRONG_TIME
event_narration::kj5TLqhcD38::3,event_narration,required,302.04,5,1,0,0,1,5,0.0,0.0,WRONG_TIME
event_narration::L0RIDVNu39s::4,event_narration,helpful,60.06,3,1,0,0,1,3,0.0,0.0,WRONG_TIME
event_narration::Jhkj1TVITf8::5,event_narration,required,138.555083,5,1,0,0,1,5,0.0,0.0,WRONG_TIME
event_narration::IYyN_JAix5c::6,event_narration,required,395.0,4,1,0,0,1,4,0.0,0.0,WRONG_TIME
event_narration::CA1rPvS48To::7,event_narration,required,35.08,4,1,1,1,0,3,0.4,0.4,GOOD
event_narration::xOlcLqh-1nY::8,event_narration,required,223.856967,5,1,0,0,1,5,0.0,0.0,WRONG_TIME
event_narration::ZfP-mTFTJcc::133,event_narration,required,132.9328,4,1,0,0,1,4,0.0,0.0,WRONG_TIME
event_narration::qVIuRECQ49s::134,event_narration,helpful,216.783233,5,1,0,0,1,5,0.0,0.0,WRONG_TIME
event_narration::U_yDpCSi0bQ::135,event_narration,required,68.526792,4,1,0,0,1,4,0.0,0.0,WRONG_TIME
event_narration::Fr0QhESRzH0::136,event_narration,helpful,173.089583,5,3,0,0,3,5,0.0,0.0,WRONG_TIME
event_narration::992LjxXKfPk::9,event_narration,required,539.766667,5,1,0,0,1,5,0.0,0.0,WRONG_TIME
event_narration::uEQhiiFCvFI::10,event_narration,helpful,41.9,5,0,0,0,0,5,0.0,0.0,SILENT
event_narration::y7moDAUZ0Is::11,event_narration,helpful,103.833333,4,0,0,0,0,4,0.0,0.0,SILENT
event_narration::mhZZUveK-uQ::12,event_narration,required,201.266667,4,1,0,0,1,4,0.0,0.0,WRONG_TIME
event_narration::fx9wANarmj0::13,event_narration,helpful,133.8337,4,1,0,0,1,4,0.0,0.0,WRONG_TIME
event_narration::78FcjhTSeXY::14,event_narration,required,385.966667,4,1,0,0,1,4,0.0,0.0,WRONG_TIME
event_narration::mPDB-QrUYoM::15,event_narration,required,207.95775,4,1,1,0,0,3,0.4,0.0,TIMING_ONLY
event_narration::V3nWRHgYGIE::16,event_narration,helpful,560.827494,5,1,0,0,1,5,0.0,0.0,WRONG_TIME
event_narration::1dikAGqQ3hs::17,event_narration,none,186.6865,5,0,0,0,0,5,0.0,0.0,SILENT
event_narration::1isJkaVast4::18,event_narration,helpful,230.918499,6,0,0,0,0,6,0.0,0.0,SILENT
event_narration::7xZehDyXuB0::19,event_narration,required,106.5,4,1,0,0,1,4,0.0,0.0,WRONG_TIME
event_narration::IenLTYaTvuY::20,event_narration,helpful,60.26001,4,0,0,0,0,4,0.0,0.0,SILENT
event_narration::JJPTYTswPCI::21,event_narration,helpful,473.333333,6,12,4,1,8,2,0.444,0.111,GOOD
event_narration::bmikC7Q_cCo::22,event_narration,required,125.0249,4,1,1,0,0,3,0.4,0.0,TIMING_ONLY
event_narration::ml38F6yqMkg::23,event_narration,required,361.428,5,0,0,0,0,5,0.0,0.0,SILENT
event_narration::1ZXaltWuJ5U::24,event_narration,required,106.773333,4,1,0,0,1,4,0.0,0.0,WRONG_TIME
event_narration::k_O7YabDgAA::25,event_narration,required,109.933333,4,0,0,0,0,4,0.0,0.0,SILENT
event_narration::HcGa_j-YDmw::26,event_narration,required,255.84,4,0,0,0,0,4,0.0,0.0,SILENT
event_narration::wVMN1m71TDs::27,event_narration,required,371.237533,4,0,0,0,0,4,0.0,0.0,SILENT
event_narration::qtdHKvr0xas::28,event_narration,required,106.96,4,1,0,0,1,4,0.0,0.0,WRONG_TIME
event_narration::vCTLISHzJyM::29,event_narration,required,284.68,5,0,0,0,0,5,0.0,0.0,SILENT
event_narration::Vv2KnmgUt-s::30,event_narration,helpful,141.115157,4,0,0,0,0,4,0.0,0.0,SILENT
event_narration::IigutYLNdfU::31,event_narration,required,131.965167,4,1,0,0,1,4,0.0,0.0,WRONG_TIME
event_narration::WPlSFztws0g::32,event_narration,required,77.243833,5,0,0,0,0,5,0.0,0.0,SILENT
event_narration::ln-yFLZ5wcc::33,event_narration,none,108.1,4,1,1,0,0,3,0.4,0.0,TIMING_ONLY
event_narration::LthyJtLF0KU::34,event_narration,required,97.831067,4,0,0,0,0,4,0.0,0.0,SILENT
event_narration::EtS4Uk1-jhQ::35,event_narration,required,311.2109,5,1,1,0,0,4,0.333,0.0,TIMING_ONLY
event_narration::b5-a4w3y72I::36,event_narration,required,147.380567,4,0,0,0,0,4,0.0,0.0,SILENT
event_narration::0wHM01ok0PU::37,event_narration,required,105.533333,4,0,0,0,0,4,0.0,0.0,SILENT
event_narration::2llGbAybvB0::38,event_narration,helpful,144.310833,4,0,0,0,0,4,0.0,0.0,SILENT
event_narration::Kkb08lbzGaQ::39,event_narration,required,160.566667,4,1,0,0,1,4,0.0,0.0,WRONG_TIME
event_narration::EEA-VJS7JIQ::40,event_narration,required,139.84,4,1,1,0,0,3,0.4,0.0,TIMING_ONLY
event_narration::vRO8vWryVx4::41,event_narration,helpful,32.365667,4,0,0,0,0,4,0.0,0.0,SILENT
event_narration::RnRcjb3MAs8::42,event_narration,required,56.335252,4,1,0,0,1,4,0.0,0.0,WRONG_TIME
event_narration::D54dYP-rlrs::43,event_narration,required,261.566667,6,6,0,0,6,6,0.0,0.0,WRONG_TIME
event_narration::ICJXXGd8ZOc::44,event_narration,helpful,336.68,5,0,0,0,0,5,0.0,0.0,SILENT
event_narration::2jDPnGYiVXo::45,event_narration,helpful,539.205333,5,1,1,1,0,4,0.333,0.333,GOOD
event_narration::R9KJXzVRG2Q::46,event_narration,required,120.587133,4,0,0,0,0,4,0.0,0.0,SILENT
event_narration::8lhPuyetcdE::47,event_narration,required,67.366667,5,1,1,0,0,4,0.333,0.0,TIMING_ONLY
event_narration::T_LML1_IHmA::48,event_narration,required,182.333333,4,0,0,0,0,4,0.0,0.0,SILENT
event_narration::8-rZjTmOcdU::49,event_narration,required,179.066667,4,1,0,0,1,4,0.0,0.0,WRONG_TIME
event_narration::t-sHfZ9upSs::50,event_narration,helpful,30.096733,4,2,1,0,1,3,0.333,0.0,TIMING_ONLY
event_narration::BY5mLsNhXS4::51,event_narration,required,100.233467,4,0,0,0,0,4,0.0,0.0,SILENT
event_narration::1SwvQVV5fug::52,event_narration,required,363.321292,5,1,0,0,1,5,0.0,0.0,WRONG_TIME
event_narration::6WE0rrbFhEg::53,event_narration,required,250.08,4,0,0,0,0,4,0.0,0.0,SILENT
event_narration::LqZBXB5HP9A::54,event_narration,helpful,465.4,5,2,0,0,2,5,0.0,0.0,WRONG_TIME
event_narration::KvX3NE3KJ9s::55,event_narration,required,266.432833,5,0,0,0,0,5,0.0,0.0,SILENT
event_narration::Jsvcj2PUxFk::56,event_narration,required,130.32,4,3,0,0,3,4,0.0,0.0,WRONG_TIME
event_narration::CR55TVLjTzc::57,event_narration,helpful,594.64,4,1,0,0,1,4,0.0,0.0,WRONG_TIME
event_narration::5gvSbUaab4E::58,event_narration,required,148.233333,5,1,1,0,0,4,0.333,0.0,TIMING_ONLY
event_narration::AI86J_4Jtnk::59,event_narration,required,122.96,3,1,0,0,1,3,0.0,0.0,WRONG_TIME
event_narration::wXFs1TTGSPI::60,event_narration,required,292.52,4,0,0,0,0,4,0.0,0.0,SILENT
event_narration::5JHKOIfy9aY::61,event_narration,helpful,337.770767,4,1,0,0,1,4,0.0,0.0,WRONG_TIME
event_narration::kvZUg1jyDJE::62,event_narration,required,146.625,3,0,0,0,0,3,0.0,0.0,SILENT
event_narration::900pWYk1nLE::63,event_narration,required,64.230833,4,1,1,1,0,3,0.4,0.4,GOOD
event_narration::nkb5jhJArZk::64,event_narration,required,90.44,4,1,1,0,0,3,0.4,0.0,TIMING_ONLY
event_narration::XZYJBN5goeM::65,event_narration,required,208.68,4,0,0,0,0,4,0.0,0.0,SILENT
event_narration::1Qx9GypQlb0::66,event_narration,required,554.4,6,0,0,0,0,6,0.0,0.0,SILENT
event_narration::27AN_PJGEKI::67,event_narration,required,68.860458,3,2,1,1,1,2,0.4,0.4,GOOD
event_narration::8ujblRmdlUc::68,event_narration,required,346.779767,4,11,1,0,10,3,0.133,0.0,TIMING_ONLY
event_narration::J34pE6PKZPY::69,event_narration,helpful,567.934033,5,2,0,0,2,5,0.0,0.0,WRONG_TIME
event_narration::JQFsBnNMa3s::70,event_narration,required,280.125,5,0,0,0,0,5,0.0,0.0,SILENT
event_narration::e0pJ0NsWI10::71,event_narration,required,279.5793,5,1,0,0,1,5,0.0,0.0,WRONG_TIME
event_narration::ofZXcR-GE7o::72,event_narration,helpful,298.0978,5,1,0,0,1,5,0.0,0.0,WRONG_TIME
event_narration::1__ERVgs9Tc::73,event_narration,helpful,240.24,6,0,0,0,0,6,0.0,0.0,SILENT
event_narration::m3oVRw2hbCw::74,event_narration,helpful,110.643867,5,1,0,0,1,5,0.0,0.0,WRONG_TIME
event_narration::HrTKYRnwUAs::75,event_narration,helpful,166.766767,4,1,0,0,1,4,0.0,0.0,WRONG_TIME
event_narration::2Vh-xCGMLzg::76,event_narration,helpful,83.8,5,1,1,0,0,4,0.333,0.0,TIMING_ONLY
event_narration::t6bFj5BysGA::77,event_narration,required,131.506375,5,1,0,0,1,5,0.0,0.0,WRONG_TIME
event_narration::kRCJ1RcCaCU::78,event_narration,required,90.223467,5,1,1,0,0,4,0.333,0.0,TIMING_ONLY
event_narration::uzXK3OkmOL8::79,event_narration,required,227.3271,4,1,0,0,1,4,0.0,0.0,WRONG_TIME
event_narration::XFn81D-EiNE::80,event_narration,required,129.295963,4,1,0,0,1,4,0.0,0.0,WRONG_TIME
event_narration::Js0N30Ye7qo::81,event_narration,required,112.846067,4,1,0,0,1,4,0.0,0.0,WRONG_TIME
event_narration::U0Xg-QFdVSA::118,event_narration,helpful,350.25025,5,0,0,0,0,5,0.0,0.0,SILENT
event_narration::n89wgjevEsE::119,event_narration,required,301.866667,4,1,0,0,1,4,0.0,0.0,WRONG_TIME
event_narration::GZ-JajWPI4Q::120,event_narration,required,370.6703,4,1,0,0,1,4,0.0,0.0,WRONG_TIME
event_narration::yIVDslDpXF4::121,event_narration,helpful,133.458333,4,0,0,0,0,4,0.0,0.0,SILENT
event_narration::6Hb8uzHLA2Q::122,event_narration,required,66.72,4,0,0,0,0,4,0.0,0.0,SILENT
event_narration::2MwcVR6MHLA::123,event_narration,helpful,162.04,4,0,0,0,0,4,0.0,0.0,SILENT
event_narration::uZp7faytVHk::124,event_narration,helpful,272.5723,4,2,0,0,2,4,0.0,0.0,WRONG_TIME
event_narration::KE1RZcZvWMw::125,event_narration,helpful,478.478,5,1,0,0,1,5,0.0,0.0,WRONG_TIME
event_narration::N2ampIDnTAQ::126,event_narration,required,371.04,5,1,1,0,0,4,0.333,0.0,TIMING_ONLY
event_narration::PMzvDRDYCr8::127,event_narration,required,277.143533,4,1,1,0,0,3,0.4,0.0,TIMING_ONLY
event_narration::6o0sN5psy1I::128,event_narration,required,237.028458,4,0,0,0,0,4,0.0,0.0,SILENT
event_narration::pVtGU9nVZbg::129,event_narration,required,558.424533,6,1,0,0,1,6,0.0,0.0,WRONG_TIME
event_narration::AD5MFhTOQp0::130,event_narration,helpful,85.633333,4,1,1,0,0,3,0.4,0.0,TIMING_ONLY
event_narration::gDVK28Zmta0::131,event_narration,helpful,154.988167,4,0,0,0,0,4,0.0,0.0,SILENT
event_narration::YkM_ZlUI5J8::82,event_narration,required,561.994767,5,1,0,0,1,5,0.0,0.0,WRONG_TIME
event_narration::o0MMAUX2dCo::83,event_narration,required,62.433333,4,0,0,0,0,4,0.0,0.0,SILENT
event_narration::n3fCfTKfWOM::132,event_narration,required,200.533333,5,1,1,0,0,4,0.333,0.0,TIMING_ONLY
event_narration::MmsIOgJuuWQ::84,event_narration,required,385.051333,6,1,0,0,1,6,0.0,0.0,WRONG_TIME
event_narration::ZbBxg8YUG1g::85,event_narration,required,163.766667,4,0,0,0,0,4,0.0,0.0,SILENT
event_narration::0QlMKH_ZlNg::86,event_narration,required,163.266667,4,1,1,0,0,3,0.4,0.0,TIMING_ONLY
event_narration::DxxMPyeBLvc::87,event_narration,helpful,217.091875,5,2,0,0,2,5,0.0,0.0,WRONG_TIME
event_narration::Z0Ct75njaD0::88,event_narration,required,317.7174,5,2,0,0,2,5,0.0,0.0,WRONG_TIME
event_narration::EWRMsjY10hw::89,event_narration,required,345.9456,6,1,0,0,1,6,0.0,0.0,WRONG_TIME
event_narration::xsO7lu70Ghg::90,event_narration,required,225.959067,5,1,0,0,1,5,0.0,0.0,WRONG_TIME
event_narration::qH7vE-Jpiz0::91,event_narration,none,163.897231,5,0,0,0,0,5,0.0,0.0,SILENT
event_narration::ShUQ8qYQshY::92,event_narration,required,178.0,5,0,0,0,0,5,0.0,0.0,SILENT
event_narration::ow2ODhzDlHc::93,event_narration,required,124.557767,4,0,0,0,0,4,0.0,0.0,SILENT
event_narration::F8Pa8EPn_c4::94,event_narration,required,35.68,4,1,1,0,0,3,0.4,0.0,TIMING_ONLY
event_narration::Ieeo-ZlI8Z4::95,event_narration,helpful,87.954533,4,0,0,0,0,4,0.0,0.0,SILENT
event_narration::FywjLQRju7Y::96,event_narration,required,325.558567,4,2,0,0,2,4,0.0,0.0,WRONG_TIME
event_narration::SXhqgUW3mjw::97,event_narration,none,163.733333,4,0,0,0,0,4,0.0,0.0,SILENT
event_narration::qjsOcpRVuVA::98,event_narration,required,240.206633,6,1,0,0,1,6,0.0,0.0,WRONG_TIME
event_narration::9DgHZ1bPTag::99,event_narration,required,144.2,4,0,0,0,0,4,0.0,0.0,SILENT
event_narration::UqCRnhHPaF0::100,event_narration,helpful,281.24,4,3,1,0,2,3,0.286,0.0,TIMING_ONLY
event_narration::9b793ImfzUM::101,event_narration,required,71.004267,4,1,0,0,1,4,0.0,0.0,WRONG_TIME
event_narration::U9ZHW6fAv04::102,event_narration,required,197.530667,5,1,1,0,0,4,0.333,0.0,TIMING_ONLY
event_narration::TIKm2-2Sr-4::103,event_narration,helpful,87.378958,4,0,0,0,0,4,0.0,0.0,SILENT
event_narration::on7M5DKG2eA::104,event_narration,required,104.0039,4,1,1,0,0,3,0.4,0.0,TIMING_ONLY
event_narration::LE3twRyz4iw::105,event_narration,helpful,211.878333,5,1,0,0,1,5,0.0,0.0,WRONG_TIME
event_narration::ZYTmgi1pAIE::106,event_narration,required,75.809067,3,1,1,1,0,2,0.5,0.5,GOOD
event_narration::2cSIAapg7rU::107,event_narration,helpful,259.88,5,1,1,1,0,4,0.333,0.333,GOOD
event_narration::2zaCRi7-eW8::108,event_narration,helpful,346.2459,4,1,0,0,1,4,0.0,0.0,WRONG_TIME
event_narration::_JtjTlJ_H8g::109,event_narration,helpful,205.916667,3,11,0,0,11,3,0.0,0.0,WRONG_TIME
event_narration::kHEIxjGZFfY::110,event_narration,required,83.7837,4,1,0,0,1,4,0.0,0.0,WRONG_TIME
event_narration::Bo5pzWMsF4A::111,event_narration,required,165.6655,5,1,0,0,1,5,0.0,0.0,WRONG_TIME
event_narration::VYWMvgOevKs::112,event_narration,required,37.966667,3,0,0,0,0,3,0.0,0.0,SILENT
event_narration::7g6eEm0Vgf8::113,event_narration,required,105.708333,4,0,0,0,0,4,0.0,0.0,SILENT
event_narration::lT1wTF2LJHs::114,event_narration,required,65.92,3,2,0,0,2,3,0.0,0.0,WRONG_TIME
event_narration::Q17JqVEoV1Y::115,event_narration,required,334.266667,5,0,0,0,0,5,0.0,0.0,SILENT
event_narration::rnk2MlSHm7o::116,event_narration,helpful,103.2,4,0,0,0,0,4,0.0,0.0,SILENT
event_narration::pXEA_KJgRmU::117,event_narration,required,202.5,5,0,0,0,0,5,0.0,0.0,SILENT
dedup_counting::R-PiTIAHx10::150,dedup_counting,helpful,186.853333,6,1,0,0,1,6,0.0,0.0,WRONG_TIME
dedup_counting::QpxfKKKbEGk::151,dedup_counting,none,267.033433,3,1,0,0,1,3,0.0,0.0,WRONG_TIME
dedup_counting::MJiQqWDr_lc::152,dedup_counting,none,248.133333,3,0,0,0,0,3,0.0,0.0,SILENT
dedup_counting::R9KJXzVRG2Q::153,dedup_counting,none,120.587133,4,1,0,0,1,4,0.0,0.0,WRONG_TIME
dedup_counting::RE8ikWl_Hp8::154,dedup_counting,none,240.607033,3,1,0,0,1,3,0.0,0.0,WRONG_TIME
dedup_counting::RCOjAMyyPaw::155,dedup_counting,none,234.598673,2,2,0,0,2,2,0.0,0.0,WRONG_TIME
dedup_counting::Qt7rNu8LDv0::156,dedup_counting,helpful,492.124967,3,2,0,0,2,3,0.0,0.0,WRONG_TIME
dedup_counting::RThFUxN_PG4::157,dedup_counting,none,163.830333,6,2,1,0,1,5,0.25,0.0,TIMING_ONLY
dedup_counting::RmjSfjgqgF8::158,dedup_counting,helpful,111.978533,3,0,0,0,0,3,0.0,0.0,SILENT
dedup_counting::RnRcjb3MAs8::159,dedup_counting,none,56.335252,3,1,0,0,1,3,0.0,0.0,WRONG_TIME
dedup_counting::RfCtrUzXJgk::160,dedup_counting,none,347.8,3,2,1,1,1,2,0.4,0.4,GOOD
dedup_counting::RQ-_gnDTz_Q::161,dedup_counting,helpful,297.163533,3,1,0,0,1,3,0.0,0.0,WRONG_TIME
dedup_counting::Rwmw4T62kvk::162,dedup_counting,none,151.384567,6,0,0,0,0,6,0.0,0.0,SILENT
dedup_counting::S-oGX8DmuhQ::163,dedup_counting,helpful,127.72,1,2,0,0,2,1,0.0,0.0,WRONG_TIME
dedup_counting::R6dNb64RPIE::164,dedup_counting,none,415.248167,3,1,0,0,1,3,0.0,0.0,WRONG_TIME
dedup_counting::Rq7Kz2wXZrY::165,dedup_counting,none,130.56,4,0,0,0,0,4,0.0,0.0,SILENT
dedup_counting::RuQo8nVwjrs::166,dedup_counting,helpful,170.044875,5,1,1,1,0,4,0.333,0.333,GOOD
dedup_counting::SB7nuM34CWg::167,dedup_counting,none,110.485375,4,1,0,0,1,4,0.0,0.0,WRONG_TIME
dedup_counting::SIm5SqQfTq8::168,dedup_counting,none,141.766667,4,0,0,0,0,4,0.0,0.0,SILENT
dedup_counting::T8Cun7PLdN8::169,dedup_counting,helpful,89.24,1,1,0,0,1,1,0.0,0.0,WRONG_TIME
dedup_counting::TJMrW-vgNz0::170,dedup_counting,none,392.066667,3,1,0,0,1,3,0.0,0.0,WRONG_TIME
dedup_counting::T_LML1_IHmA::171,dedup_counting,helpful,182.333333,4,2,1,0,1,3,0.333,0.0,TIMING_ONLY
dedup_counting::TXeVf42sQdM::172,dedup_counting,none,119.853067,2,0,0,0,0,2,0.0,0.0,SILENT
dedup_counting::TpmCWRE2MMI::173,dedup_counting,helpful,107.732625,1,2,0,0,2,1,0.0,0.0,WRONG_TIME
dedup_counting::U9ZHW6fAv04::174,dedup_counting,none,197.530667,4,1,0,0,1,4,0.0,0.0,WRONG_TIME
dedup_counting::UGGUPyzw67w::175,dedup_counting,helpful,155.522033,4,4,0,0,4,4,0.0,0.0,WRONG_TIME
dedup_counting::TsFhCunNbX0::176,dedup_counting,none,288.1879,3,2,1,1,1,2,0.4,0.4,GOOD
dedup_counting::UkCJqA7561I::177,dedup_counting,none,389.68,3,1,0,0,1,3,0.0,0.0,WRONG_TIME
dedup_counting::Uw_Y57n-QRE::178,dedup_counting,helpful,306.239267,5,2,0,0,2,5,0.0,0.0,WRONG_TIME
dedup_counting::V9Kl1FK8fUU::179,dedup_counting,helpful,182.056875,6,1,1,0,0,5,0.286,0.0,TIMING_ONLY
dedup_counting::VGCmpZTvSm8::180,dedup_counting,helpful,40.3403,3,1,0,0,1,3,0.0,0.0,WRONG_TIME
dedup_counting::UvsDfp_gNo4::181,dedup_counting,helpful,283.5833,3,1,0,0,1,3,0.0,0.0,WRONG_TIME
dedup_counting::Uu1mGBeAQPg::182,dedup_counting,none,464.84,3,1,0,0,1,3,0.0,0.0,WRONG_TIME
dedup_counting::VGW4Fp3JEns::183,dedup_counting,none,228.2,5,1,0,0,1,5,0.0,0.0,WRONG_TIME
dedup_counting::VED-6BLrWFg::184,dedup_counting,none,509.642467,6,2,0,0,2,6,0.0,0.0,WRONG_TIME
dedup_counting::WMAK4edTUmw::185,dedup_counting,helpful,225.191633,3,2,1,0,1,2,0.4,0.0,TIMING_ONLY
dedup_counting::VuJ3KndEhiA::186,dedup_counting,helpful,167.64,3,0,0,0,0,3,0.0,0.0,SILENT
dedup_counting::WkuUUdW0B4o::187,dedup_counting,none,163.4,4,0,0,0,0,4,0.0,0.0,SILENT
dedup_counting::WsqcSQbH-ok::188,dedup_counting,none,94.176667,3,0,0,0,0,3,0.0,0.0,SILENT
dedup_counting::WrZP5xZqYWg::189,dedup_counting,helpful,295.566667,5,1,1,1,0,4,0.333,0.333,GOOD
dedup_counting::Wtnw9ooAW98::190,dedup_counting,helpful,413.880133,5,0,0,0,0,5,0.0,0.0,SILENT
dedup_counting::WyXJK36bw78::191,dedup_counting,none,356.622933,3,0,0,0,0,3,0.0,0.0,SILENT
dedup_counting::XbpxMJ_Mz8M::192,dedup_counting,none,67.233833,3,0,0,0,0,3,0.0,0.0,SILENT
dedup_counting::W5Wh4xCmPC4::193,dedup_counting,none,432.0316,4,1,0,0,1,4,0.0,0.0,WRONG_TIME
dedup_counting::W1UUL7_bElQ::194,dedup_counting,helpful,514.733333,3,3,0,0,3,3,0.0,0.0,WRONG_TIME
dedup_counting::XhgUbBVXLEg::195,dedup_counting,helpful,73.239833,3,1,1,0,0,2,0.5,0.0,TIMING_ONLY
dedup_counting::XUGBvAVZ8CI::196,dedup_counting,helpful,138.625,3,1,0,0,1,3,0.0,0.0,WRONG_TIME
dedup_counting::XdDESCBRIXk::197,dedup_counting,none,305.538567,3,1,0,0,1,3,0.0,0.0,WRONG_TIME
dedup_counting::Xum6znImE18::198,dedup_counting,helpful,107.4,4,1,0,0,1,4,0.0,0.0,WRONG_TIME
dedup_counting::WQahG2BIsbc::199,dedup_counting,none,288.433333,6,1,0,0,1,6,0.0,0.0,WRONG_TIME
dedup_counting::XZYJBN5goeM::200,dedup_counting,helpful,208.68,3,3,0,0,3,3,0.0,0.0,WRONG_TIME
dedup_counting::XWAehAfDsHg::201,dedup_counting,helpful,233.466567,2,1,0,0,1,2,0.0,0.0,WRONG_TIME
dedup_counting::Y6cvMS8s0MM::202,dedup_counting,helpful,102.969533,1,0,0,0,0,1,0.0,0.0,SILENT
dedup_counting::YfOiUT8ghvc::203,dedup_counting,helpful,88.76,2,1,0,0,1,2,0.0,0.0,WRONG_TIME
dedup_counting::Y4dQgIbjTWI::204,dedup_counting,helpful,115.482033,4,1,0,0,1,4,0.0,0.0,WRONG_TIME
dedup_counting::Y4rF8B9zucY::205,dedup_counting,helpful,207.8,3,1,0,0,1,3,0.0,0.0,WRONG_TIME
dedup_counting::YTF8g0oJC2E::206,dedup_counting,helpful,185.933333,3,1,0,0,1,3,0.0,0.0,WRONG_TIME
dedup_counting::Yi01srA2W_M::207,dedup_counting,none,113.980533,3,0,0,0,0,3,0.0,0.0,SILENT
dedup_counting::ZA8BslrJ0IQ::208,dedup_counting,none,49.866667,3,1,1,0,0,2,0.5,0.0,TIMING_ONLY
dedup_counting::Yp1CgOgBR_s::209,dedup_counting,helpful,186.12,4,1,1,0,0,3,0.4,0.0,TIMING_ONLY
dedup_counting::YrjQSQZIFCU::210,dedup_counting,helpful,229.266667,3,1,0,0,1,3,0.0,0.0,WRONG_TIME
dedup_counting::ZVUAC3m48G0::211,dedup_counting,none,247.16,5,1,0,0,1,5,0.0,0.0,WRONG_TIME
dedup_counting::ZgBET1qRAmI::212,dedup_counting,none,200.8006,4,1,0,0,1,4,0.0,0.0,WRONG_TIME
dedup_counting::Zs7Ao-0nZYM::213,dedup_counting,helpful,200.72,4,3,0,0,3,4,0.0,0.0,WRONG_TIME
dedup_counting::YXq2bLCAljg::214,dedup_counting,helpful,161.92,3,4,2,2,2,1,0.571,0.571,GOOD
dedup_counting::_VYaTE0Dll8::215,dedup_counting,helpful,60.06,5,1,1,1,0,4,0.333,0.333,GOOD
dedup_counting::ZIdFAGJrlCw::216,dedup_counting,none,296.4,4,1,0,0,1,4,0.0,0.0,WRONG_TIME
dedup_counting::_5IMTMSB6Hc::217,dedup_counting,helpful,153.486667,6,2,2,2,0,4,0.5,0.5,GOOD
dedup_counting::_DvNdEWr3tc::218,dedup_counting,helpful,175.36,2,2,0,0,2,2,0.0,0.0,WRONG_TIME
dedup_counting::ZrIDTPkRa_c::219,dedup_counting,none,293.15,2,1,0,0,1,2,0.0,0.0,WRONG_TIME
dedup_counting::aAFUEHWZ_D8::220,dedup_counting,helpful,492.358533,5,1,0,0,1,5,0.0,0.0,WRONG_TIME
dedup_counting::ajGCDzqda7Y::221,dedup_counting,none,142.866667,4,1,1,0,0,3,0.4,0.0,TIMING_ONLY
dedup_counting::bDzFcdDcYGI::222,dedup_counting,helpful,196.062533,3,5,0,0,5,3,0.0,0.0,WRONG_TIME
dedup_counting::auvdGkpKmiI::223,dedup_counting,required,237.870967,4,2,0,0,2,4,0.0,0.0,WRONG_TIME
dedup_counting::amTGcG8MMBc::224,dedup_counting,helpful,115.8,5,1,0,0,1,5,0.0,0.0,WRONG_TIME
dedup_counting::aZQ8bPyEvQ8::225,dedup_counting,none,124.858067,1,0,0,0,0,1,0.0,0.0,SILENT
dedup_counting::bXY6EQ9TtME::226,dedup_counting,none,166.68,6,0,0,0,0,6,0.0,0.0,SILENT
dedup_counting::bc0QbyygT3w::227,dedup_counting,none,197.765,7,1,0,0,1,7,0.0,0.0,WRONG_TIME
dedup_counting::bVfgoMH6NZA::228,dedup_counting,helpful,207.2,4,2,0,0,2,4,0.0,0.0,WRONG_TIME
dedup_counting::bPvb4_clf8E::229,dedup_counting,helpful,382.0817,3,1,1,0,0,2,0.5,0.0,TIMING_ONLY
dedup_counting::crEbc_uPl5g::230,dedup_counting,none,143.733333,2,1,0,0,1,2,0.0,0.0,WRONG_TIME
dedup_counting::cRIYcS6awZQ::231,dedup_counting,helpful,109.233333,3,3,0,0,3,3,0.0,0.0,WRONG_TIME
dedup_counting::d1SPf5Px7Zo::232,dedup_counting,helpful,95.470375,3,1,0,0,1,3,0.0,0.0,WRONG_TIME
dedup_counting::cyQJml1jA-4::233,dedup_counting,none,69.458333,3,0,0,0,0,3,0.0,0.0,SILENT
dedup_counting::cw9atTk4Ggc::234,dedup_counting,helpful,245.712133,4,1,0,0,1,4,0.0,0.0,WRONG_TIME
dedup_counting::dehlqfIR6tA::235,dedup_counting,helpful,385.666667,5,1,0,0,1,5,0.0,0.0,WRONG_TIME
dedup_counting::bze7n_7Ntkw::236,dedup_counting,none,225.0,4,1,0,0,1,4,0.0,0.0,WRONG_TIME
dedup_counting::eMmpc9xxQNU::237,dedup_counting,helpful,127.502375,5,1,0,0,1,5,0.0,0.0,WRONG_TIME
dedup_counting::Q17JqVEoV1Y::143,dedup_counting,helpful,334.266667,5,1,0,0,1,5,0.0,0.0,WRONG_TIME
dedup_counting::QATG0ykQ1gU::144,dedup_counting,none,100.483,5,0,0,0,0,5,0.0,0.0,SILENT
dedup_counting::QQ7rdcWxF2o::145,dedup_counting,helpful,127.52,2,1,0,0,1,2,0.0,0.0,WRONG_TIME
dedup_counting::PwbBzNRNyl8::146,dedup_counting,none,264.333333,5,0,0,0,0,5,0.0,0.0,SILENT
dedup_counting::QDdyEQL6F90::147,dedup_counting,none,193.059533,3,1,0,0,1,3,0.0,0.0,WRONG_TIME
dedup_counting::QtK2gxsTNyM::148,dedup_counting,none,201.951111,3,1,0,0,1,3,0.0,0.0,WRONG_TIME
dedup_counting::R1t1ktp6WDY::149,dedup_counting,helpful,150.135522,3,1,0,0,1,3,0.0,0.0,WRONG_TIME
dedup_counting::cFMHvAVKNa8::238,dedup_counting,required,328.8285,4,2,0,0,2,4,0.0,0.0,WRONG_TIME
dedup_counting::fYvmFgyWDR8::239,dedup_counting,helpful,202.16,3,2,0,0,2,3,0.0,0.0,WRONG_TIME
dedup_counting::gjGLVCRlTGs::240,dedup_counting,helpful,153.04,2,1,0,0,1,2,0.0,0.0,WRONG_TIME
dedup_counting::h2SpLNxN-tw::241,dedup_counting,helpful,248.7485,3,1,0,0,1,3,0.0,0.0,WRONG_TIME
dedup_counting::k_JR4R_4BQM::242,dedup_counting,none,482.8,2,1,0,0,1,2,0.0,0.0,WRONG_TIME
dedup_counting::l1hSxpbY0yA::243,dedup_counting,helpful,122.041667,6,0,0,0,0,6,0.0,0.0,SILENT
dedup_counting::koEB4XPd9IM::244,dedup_counting,helpful,231.1309,6,3,0,0,3,6,0.0,0.0,WRONG_TIME
dedup_counting::kvZUg1jyDJE::245,dedup_counting,none,146.625,2,1,0,0,1,2,0.0,0.0,WRONG_TIME
dedup_counting::l5Z9F7SbvXg::246,dedup_counting,none,162.666667,4,2,0,0,2,4,0.0,0.0,WRONG_TIME
dedup_counting::h0mHhQk748Q::247,dedup_counting,helpful,185.5,1,0,0,0,0,1,0.0,0.0,SILENT
dedup_counting::lMrBZWxYY60::248,dedup_counting,helpful,181.648133,4,2,1,1,1,3,0.333,0.333,GOOD
dedup_counting::la7I8yrJD5o::249,dedup_counting,helpful,256.404175,4,1,0,0,1,4,0.0,0.0,WRONG_TIME
dedup_counting::le0B8XH-W1I::250,dedup_counting,helpful,418.6182,8,3,1,0,2,7,0.182,0.0,TIMING_ONLY
dedup_counting::m0zWJ7A4bNk::251,dedup_counting,helpful,244.377467,4,2,1,0,1,3,0.333,0.0,TIMING_ONLY
dedup_counting::mcBCZnlRAIc::252,dedup_counting,none,65.8,2,1,0,0,1,2,0.0,0.0,WRONG_TIME
dedup_counting::mzsJXjmfmI8::253,dedup_counting,none,154.4,5,1,1,0,0,4,0.333,0.0,TIMING_ONLY
dedup_counting::njOg6o4xDJQ::254,dedup_counting,helpful,222.6224,3,3,1,0,2,2,0.333,0.0,TIMING_ONLY
dedup_counting::n3fCfTKfWOM::255,dedup_counting,helpful,200.533333,5,2,1,0,1,4,0.286,0.0,TIMING_ONLY
dedup_counting::nlj6-C8BhfY::256,dedup_counting,required,160.627133,3,1,0,0,1,3,0.0,0.0,WRONG_TIME
dedup_counting::o4Nqa_Ar5i4::257,dedup_counting,helpful,213.980433,4,1,0,0,1,4,0.0,0.0,WRONG_TIME
dedup_counting::ntbmuiuta_8::258,dedup_counting,helpful,96.52,3,0,0,0,0,3,0.0,0.0,SILENT
dedup_counting::o0MMAUX2dCo::259,dedup_counting,none,62.433333,3,0,0,0,0,3,0.0,0.0,SILENT
dedup_counting::o-U5HwaUyCE::260,dedup_counting,none,57.566667,2,1,1,0,0,1,0.667,0.0,TIMING_ONLY
dedup_counting::o8IzzdtUyv0::261,dedup_counting,helpful,181.44,5,1,1,1,0,4,0.333,0.333,GOOD
dedup_counting::nkb5jhJArZk::262,dedup_counting,helpful,90.44,9,1,0,0,1,9,0.0,0.0,WRONG_TIME
dedup_counting::oBvw8UmeeHs::263,dedup_counting,helpful,137.38725,5,2,0,0,2,5,0.0,0.0,WRONG_TIME
dedup_counting::oF-Oe0ukcuE::264,dedup_counting,helpful,86.0,3,1,0,0,1,3,0.0,0.0,WRONG_TIME
dedup_counting::o_lLsDzK-JM::265,dedup_counting,helpful,251.884967,3,3,1,1,2,2,0.333,0.333,GOOD
dedup_counting::otnU38TLMJ4::266,dedup_counting,helpful,193.866667,3,2,1,1,1,2,0.4,0.4,GOOD
dedup_counting::mDSFARouUS0::267,dedup_counting,none,260.333333,5,0,0,0,0,5,0.0,0.0,SILENT
dedup_counting::ozI4uzaN_AM::268,dedup_counting,required,130.64,3,0,0,0,0,3,0.0,0.0,SILENT
dedup_counting::pVeRDMujVks::269,dedup_counting,helpful,92.92,8,0,0,0,0,8,0.0,0.0,SILENT
dedup_counting::pmqoc7KPNPw::270,dedup_counting,helpful,272.230292,5,1,0,0,1,5,0.0,0.0,WRONG_TIME
dedup_counting::phcTSB7CzAo::271,dedup_counting,helpful,235.48,11,0,0,0,0,11,0.0,0.0,SILENT
dedup_counting::osvkHQdxULg::272,dedup_counting,helpful,136.72,8,2,0,0,2,8,0.0,0.0,WRONG_TIME
dedup_counting::qtdHKvr0xas::273,dedup_counting,none,106.96,3,1,0,0,1,3,0.0,0.0,WRONG_TIME
dedup_counting::r6BeiY06VuQ::274,dedup_counting,helpful,174.12,6,1,1,0,0,5,0.286,0.0,TIMING_ONLY
dedup_counting::q__k5o5SgT8::275,dedup_counting,none,164.466667,4,1,0,0,1,4,0.0,0.0,WRONG_TIME
dedup_counting::rxRJh_6agME::276,dedup_counting,none,122.8,5,0,0,0,0,5,0.0,0.0,SILENT
dedup_counting::s8RjNHsUaQM::277,dedup_counting,helpful,70.487083,5,1,0,0,1,5,0.0,0.0,WRONG_TIME
dedup_counting::sIXsU2bGkqQ::278,dedup_counting,helpful,267.300367,10,1,0,0,1,10,0.0,0.0,WRONG_TIME
dedup_counting::sFoAnNWUmc4::279,dedup_counting,required,144.185708,5,1,1,0,0,4,0.333,0.0,TIMING_ONLY
dedup_counting::ryDNCQtDocw::280,dedup_counting,none,137.871067,4,1,0,0,1,4,0.0,0.0,WRONG_TIME
dedup_counting::t6bFj5BysGA::281,dedup_counting,none,131.506375,1,2,0,0,2,1,0.0,0.0,WRONG_TIME
dedup_counting::tNeWPZw0Igw::282,dedup_counting,helpful,327.633333,3,1,0,0,1,3,0.0,0.0,WRONG_TIME
dedup_counting::uMWftJGDvGA::283,dedup_counting,none,167.125289,3,2,0,0,2,3,0.0,0.0,WRONG_TIME
dedup_counting::vCxRAAJ8_do::284,dedup_counting,helpful,319.185533,3,1,0,0,1,3,0.0,0.0,WRONG_TIME
dedup_counting::vEVEXNI-uAA::285,dedup_counting,none,189.9898,4,0,0,0,0,4,0.0,0.0,SILENT
dedup_counting::vZ7aubi3R3I::286,dedup_counting,helpful,184.76,3,1,0,0,1,3,0.0,0.0,WRONG_TIME
dedup_counting::s3wIwAqKp4k::287,dedup_counting,required,320.16,3,1,0,0,1,3,0.0,0.0,WRONG_TIME
dedup_counting::vt3IuJCKOMQ::288,dedup_counting,helpful,215.448567,3,3,0,0,3,3,0.0,0.0,WRONG_TIME
dedup_counting::wXFs1TTGSPI::289,dedup_counting,helpful,292.52,4,2,1,1,1,3,0.333,0.333,GOOD
dedup_counting::w0Mg6Stk58U::290,dedup_counting,helpful,353.88,5,3,1,0,2,4,0.25,0.0,TIMING_ONLY
dedup_counting::xOlcLqh-1nY::291,dedup_counting,helpful,223.856967,7,1,0,0,1,7,0.0,0.0,WRONG_TIME
dedup_counting::xjElCXPNY48::292,dedup_counting,none,61.866667,9,1,0,0,1,9,0.0,0.0,WRONG_TIME
dedup_counting::xkIf4V53Izc::293,dedup_counting,required,135.133333,4,1,0,0,1,4,0.0,0.0,WRONG_TIME
dedup_counting::y7T0S6DA30k::294,dedup_counting,required,117.96,5,3,0,0,3,5,0.0,0.0,WRONG_TIME
dedup_counting::xpKtJw67v7g::295,dedup_counting,helpful,379.16,6,1,0,0,1,6,0.0,0.0,WRONG_TIME
dedup_counting::y9XYO9d9H94::296,dedup_counting,helpful,590.92,3,1,0,0,1,3,0.0,0.0,WRONG_TIME
dedup_counting::JgeBS1hC2cM::297,dedup_counting,helpful,293.6,5,1,0,0,1,5,0.0,0.0,WRONG_TIME
dedup_counting::kj5TLqhcD38::298,dedup_counting,helpful,302.04,5,1,0,0,1,5,0.0,0.0,WRONG_TIME
dedup_counting::J881Moimbyc::299,dedup_counting,none,311.177533,2,1,0,0,1,2,0.0,0.0,WRONG_TIME
dedup_counting::Lno78zPUEXs::129,dedup_counting,helpful,60.96,2,1,1,1,0,1,0.667,0.667,GOOD
dedup_counting::Kh9MP3gY2nM::130,dedup_counting,helpful,298.344828,2,1,0,0,1,2,0.0,0.0,WRONG_TIME
dedup_counting::MIo6g2mBh-o::131,dedup_counting,helpful,142.542,3,1,0,0,1,3,0.0,0.0,WRONG_TIME
dedup_counting::MSfDVu3i9mE::132,dedup_counting,helpful,155.522033,3,1,1,1,0,2,0.5,0.5,GOOD
dedup_counting::MLxg-PXQ47g::133,dedup_counting,helpful,180.533333,2,0,0,0,0,2,0.0,0.0,SILENT
dedup_counting::MOpQChwKKik::134,dedup_counting,helpful,201.48,4,3,0,0,3,4,0.0,0.0,WRONG_TIME
dedup_counting::MqarNjlLyvk::135,dedup_counting,none,67.033333,7,1,0,0,1,7,0.0,0.0,WRONG_TIME
dedup_counting::MmsIOgJuuWQ::136,dedup_counting,helpful,385.051333,8,2,0,0,2,8,0.0,0.0,WRONG_TIME
dedup_counting::N1P86eLXStY::137,dedup_counting,helpful,208.041167,2,1,0,0,1,2,0.0,0.0,WRONG_TIME
dedup_counting::Mrs_orFGM5Q::138,dedup_counting,helpful,209.676133,5,3,0,0,3,5,0.0,0.0,WRONG_TIME
dedup_counting::NOqb0dFIxds::139,dedup_counting,helpful,342.800789,6,1,0,0,1,6,0.0,0.0,WRONG_TIME
dedup_counting::Pcb8L2FmAKI::140,dedup_counting,helpful,244.8446,7,1,0,0,1,7,0.0,0.0,WRONG_TIME
dedup_counting::PsFHyVssjAc::141,dedup_counting,none,196.972131,1,0,0,0,0,1,0.0,0.0,SILENT
dedup_counting::Pwb86RDw_3Q::142,dedup_counting,helpful,126.292833,3,2,0,0,2,3,0.0,0.0,WRONG_TIME
dedup_counting::DxxMPyeBLvc::86,dedup_counting,required,217.091875,4,2,0,0,2,4,0.0,0.0,WRONG_TIME
dedup_counting::EbkcCtvNJQI::87,dedup_counting,none,98.223122,4,1,0,0,1,4,0.0,0.0,WRONG_TIME
dedup_counting::ErNL6TY1GfI::88,dedup_counting,helpful,153.4,3,1,0,0,1,3,0.0,0.0,WRONG_TIME
dedup_counting::F3efbAoHApA::89,dedup_counting,helpful,178.136292,10,1,0,0,1,10,0.0,0.0,WRONG_TIME
dedup_counting::Exu_s-GTjGk::90,dedup_counting,required,445.534,8,2,0,0,2,8,0.0,0.0,WRONG_TIME
dedup_counting::Fr0QhESRzH0::91,dedup_counting,none,173.089583,5,0,0,0,0,5,0.0,0.0,SILENT
dedup_counting::EOZpxN6w3pE::92,dedup_counting,none,504.1,6,0,0,0,0,6,0.0,0.0,SILENT
dedup_counting::GbU_T2XiFgA::93,dedup_counting,helpful,178.311467,3,1,0,0,1,3,0.0,0.0,WRONG_TIME
dedup_counting::GPsHvcZcdSI::94,dedup_counting,helpful,54.84,5,1,0,0,1,5,0.0,0.0,WRONG_TIME
dedup_counting::GOytCM4V23o::95,dedup_counting,none,120.04,3,2,1,1,1,2,0.4,0.4,GOOD
dedup_counting::GjDTEjAHu_Y::96,dedup_counting,helpful,100.44,4,1,0,0,1,4,0.0,0.0,WRONG_TIME
dedup_counting::HAFLLtAcRKY::97,dedup_counting,none,53.04,4,0,0,0,0,4,0.0,0.0,SILENT
dedup_counting::H98PhClHxOQ::98,dedup_counting,helpful,310.9106,7,1,0,0,1,7,0.0,0.0,WRONG_TIME
dedup_counting::G2igaJVic-8::99,dedup_counting,helpful,244.56,3,2,0,0,2,3,0.0,0.0,WRONG_TIME
dedup_counting::GGIexzDO8cg::100,dedup_counting,none,288.36,5,1,0,0,1,5,0.0,0.0,WRONG_TIME
dedup_counting::HcGa_j-YDmw::101,dedup_counting,helpful,255.84,3,4,0,0,4,3,0.0,0.0,WRONG_TIME
dedup_counting::HF8nrtwFVA8::102,dedup_counting,helpful,143.877067,4,1,0,0,1,4,0.0,0.0,WRONG_TIME
dedup_counting::HxofoChifeQ::103,dedup_counting,required,157.0,4,4,0,0,4,4,0.0,0.0,WRONG_TIME
dedup_counting::HgVegvv1HPE::104,dedup_counting,required,211.32,3,2,0,0,2,3,0.0,0.0,WRONG_TIME
dedup_counting::HdbBkWjBQWw::105,dedup_counting,helpful,280.446833,6,2,2,1,0,4,0.5,0.25,GOOD
dedup_counting::I1zkx0Xz8NY::106,dedup_counting,none,137.003533,3,1,0,0,1,3,0.0,0.0,WRONG_TIME
dedup_counting::I1ECITk7WTY::107,dedup_counting,helpful,371.566667,4,2,0,0,2,4,0.0,0.0,WRONG_TIME
dedup_counting::HAzVuNdlank::108,dedup_counting,helpful,578.711467,14,1,0,0,1,14,0.0,0.0,WRONG_TIME
dedup_counting::Ieeo-ZlI8Z4::109,dedup_counting,helpful,87.954533,3,1,1,0,0,2,0.5,0.0,TIMING_ONLY
dedup_counting::IquGEf1w-Us::110,dedup_counting,helpful,197.28,4,1,0,0,1,4,0.0,0.0,WRONG_TIME
dedup_counting::IWquNO7pJ_Q::111,dedup_counting,helpful,267.51725,6,2,0,0,2,6,0.0,0.0,WRONG_TIME
dedup_counting::JaN79__iddI::112,dedup_counting,none,70.437033,3,1,1,0,0,2,0.5,0.0,TIMING_ONLY
dedup_counting::JaTjJmFuw_I::113,dedup_counting,none,73.84,3,2,2,1,0,1,0.8,0.4,GOOD
dedup_counting::JC1hUURScHY::114,dedup_counting,required,212.0,6,2,1,1,1,5,0.25,0.25,GOOD
dedup_counting::IhoM6jese_Y::115,dedup_counting,helpful,444.477367,3,2,0,0,2,3,0.0,0.0,WRONG_TIME
dedup_counting::JJPTYTswPCI::116,dedup_counting,helpful,473.333333,4,2,0,0,2,4,0.0,0.0,WRONG_TIME
dedup_counting::Jhkj1TVITf8::117,dedup_counting,helpful,138.555083,5,1,0,0,1,5,0.0,0.0,WRONG_TIME
dedup_counting::Jsvcj2PUxFk::118,dedup_counting,helpful,130.32,1,1,0,0,1,1,0.0,0.0,WRONG_TIME
dedup_counting::JH1h1Oulj6U::119,dedup_counting,helpful,336.869867,4,1,0,0,1,4,0.0,0.0,WRONG_TIME
dedup_counting::K418iVP0w6U::120,dedup_counting,helpful,213.458333,6,2,0,0,2,6,0.0,0.0,WRONG_TIME
dedup_counting::KoQeXKrSm5A::121,dedup_counting,none,236.819917,4,0,0,0,0,4,0.0,0.0,SILENT
dedup_counting::KPWKVLDh01Y::122,dedup_counting,helpful,321.041667,3,1,0,0,1,3,0.0,0.0,WRONG_TIME
dedup_counting::KnEO3Xzvn9M::123,dedup_counting,helpful,161.866667,3,1,0,0,1,3,0.0,0.0,WRONG_TIME
dedup_counting::KvX3NE3KJ9s::124,dedup_counting,none,266.432833,3,0,0,0,0,3,0.0,0.0,SILENT
dedup_counting::L1J-mrM3DIg::125,dedup_counting,required,443.6,3,1,0,0,1,3,0.0,0.0,WRONG_TIME
dedup_counting::KknUO0Elk0I::126,dedup_counting,required,212.587367,8,1,0,0,1,8,0.0,0.0,WRONG_TIME
dedup_counting::LFelGo9gA_I::127,dedup_counting,required,105.939273,4,2,0,0,2,4,0.0,0.0,WRONG_TIME
dedup_counting::LKHYrdzn3qY::128,dedup_counting,helpful,227.52,6,0,0,0,0,6,0.0,0.0,SILENT
dedup_counting::-l9fxSCGJ4M::0,dedup_counting,helpful,155.738917,4,1,0,0,1,4,0.0,0.0,WRONG_TIME
dedup_counting::-powI0eeLbw::1,dedup_counting,none,52.4,6,0,0,0,0,6,0.0,0.0,SILENT
dedup_counting::0QlMKH_ZlNg::2,dedup_counting,helpful,163.266667,2,1,0,0,1,2,0.0,0.0,WRONG_TIME
dedup_counting::-eoe6CBR1wE::3,dedup_counting,helpful,433.24,8,1,0,0,1,8,0.0,0.0,WRONG_TIME
dedup_counting::-__OUrHGeuU::4,dedup_counting,helpful,353.4,5,1,0,0,1,5,0.0,0.0,WRONG_TIME
dedup_counting::15GCaMdApS4::5,dedup_counting,none,118.8,5,1,1,0,0,4,0.333,0.0,TIMING_ONLY
dedup_counting::0kpiM7TWDZY::6,dedup_counting,none,200.430245,4,1,1,1,0,3,0.4,0.4,GOOD
dedup_counting::0dJSPsXCujc::7,dedup_counting,none,420.586833,3,1,0,0,1,3,0.0,0.0,WRONG_TIME
dedup_counting::1Mv--tSZevw::8,dedup_counting,helpful,184.117267,5,0,0,0,0,5,0.0,0.0,SILENT
dedup_counting::1ZXaltWuJ5U::9,dedup_counting,none,106.773333,3,0,0,0,0,3,0.0,0.0,SILENT
dedup_counting::1MNI153DglI::10,dedup_counting,helpful,196.829967,3,0,0,0,0,3,0.0,0.0,SILENT
dedup_counting::1ZDmY-UmKfY::11,dedup_counting,none,57.290567,3,1,0,0,1,3,0.0,0.0,WRONG_TIME
dedup_counting::1g8i8Z0je_w::12,dedup_counting,helpful,157.541667,3,1,0,0,1,3,0.0,0.0,WRONG_TIME
dedup_counting::0zoM5qZTjRo::13,dedup_counting,none,311.4111,1,0,0,0,0,1,0.0,0.0,SILENT
dedup_counting::1_SqWC582dw::14,dedup_counting,none,155.155,4,1,0,0,1,4,0.0,0.0,WRONG_TIME
dedup_counting::1SwvQVV5fug::15,dedup_counting,none,363.321292,3,2,1,1,1,2,0.4,0.4,GOOD
dedup_counting::1dikAGqQ3hs::16,dedup_counting,none,186.6865,4,0,0,0,0,4,0.0,0.0,SILENT
dedup_counting::1yIth_rknTo::17,dedup_counting,none,192.458333,4,1,1,0,0,3,0.4,0.0,TIMING_ONLY
dedup_counting::1sM9Qs-0Vdk::18,dedup_counting,none,217.46725,3,1,0,0,1,3,0.0,0.0,WRONG_TIME
dedup_counting::2MwcVR6MHLA::19,dedup_counting,none,162.04,4,0,0,0,0,4,0.0,0.0,SILENT
dedup_counting::2-V96f62kGM::20,dedup_counting,none,176.4,8,1,0,0,1,8,0.0,0.0,WRONG_TIME
dedup_counting::2BByygOLXNM::21,dedup_counting,none,287.245292,3,0,0,0,0,3,0.0,0.0,SILENT
dedup_counting::2_gFqUYH--0::22,dedup_counting,helpful,106.523083,4,2,0,0,2,4,0.0,0.0,WRONG_TIME
dedup_counting::2C1PWbzKIn0::23,dedup_counting,helpful,345.7,2,0,0,0,0,2,0.0,0.0,SILENT
dedup_counting::2aw1yFx9qeo::24,dedup_counting,none,30.08,3,1,0,0,1,3,0.0,0.0,WRONG_TIME
dedup_counting::2Vh-xCGMLzg::25,dedup_counting,none,83.8,6,0,0,0,0,6,0.0,0.0,SILENT
dedup_counting::2hBivDZBrFg::26,dedup_counting,helpful,112.64,3,1,1,1,0,2,0.5,0.5,GOOD
dedup_counting::27AkjvC7zvc::27,dedup_counting,helpful,332.730003,4,1,0,0,1,4,0.0,0.0,WRONG_TIME
dedup_counting::1__ERVgs9Tc::28,dedup_counting,none,240.24,3,1,0,0,1,3,0.0,0.0,WRONG_TIME
dedup_counting::2vYRDokNyFI::29,dedup_counting,none,221.554667,3,1,0,0,1,3,0.0,0.0,WRONG_TIME
dedup_counting::3ezGUOPrk9c::30,dedup_counting,none,113.880433,3,1,1,0,0,2,0.5,0.0,TIMING_ONLY
dedup_counting::2cSIAapg7rU::31,dedup_counting,none,259.88,2,0,0,0,0,2,0.0,0.0,SILENT
dedup_counting::3P3dgKrMtc0::32,dedup_counting,none,178.666667,4,0,0,0,0,4,0.0,0.0,SILENT
dedup_counting::36Ush_U7z-c::33,dedup_counting,helpful,107.04,5,0,0,0,0,5,0.0,0.0,SILENT
dedup_counting::3MI7OZ-BlgE::34,dedup_counting,none,133.84,5,0,0,0,0,5,0.0,0.0,SILENT
dedup_counting::2zaCRi7-eW8::35,dedup_counting,none,346.2459,4,1,1,0,0,3,0.4,0.0,TIMING_ONLY
dedup_counting::3RIylbiEDsU::36,dedup_counting,helpful,287.88,4,3,1,1,2,3,0.286,0.286,GOOD
dedup_counting::40by4TniPds::37,dedup_counting,none,207.958333,4,1,0,0,1,4,0.0,0.0,WRONG_TIME
dedup_counting::4-QV0hA-Q_w::38,dedup_counting,helpful,141.508033,4,1,0,0,1,4,0.0,0.0,WRONG_TIME
dedup_counting::3rK_AhbGmHs::39,dedup_counting,helpful,241.532958,4,2,0,0,2,4,0.0,0.0,WRONG_TIME
dedup_counting::3HIvIoG-P1s::40,dedup_counting,helpful,582.7822,4,3,0,0,3,4,0.0,0.0,WRONG_TIME
dedup_counting::498OYClQe-8::41,dedup_counting,none,155.071583,5,2,0,0,2,5,0.0,0.0,WRONG_TIME
dedup_counting::CQ4WI57FjFo::77,dedup_counting,none,93.96879,5,0,0,0,0,5,0.0,0.0,SILENT
dedup_counting::BBcu4EclgOs::78,dedup_counting,none,163.633333,3,0,0,0,0,3,0.0,0.0,SILENT
dedup_counting::C-V80DYMSME::79,dedup_counting,helpful,111.778333,3,2,0,0,2,3,0.0,0.0,WRONG_TIME
dedup_counting::CR55TVLjTzc::80,dedup_counting,none,594.64,4,1,0,0,1,4,0.0,0.0,WRONG_TIME
dedup_counting::D54dYP-rlrs::81,dedup_counting,helpful,261.566667,6,6,4,4,2,2,0.667,0.667,GOOD
dedup_counting::DZCvHDyzpXw::82,dedup_counting,none,104.521083,3,1,0,0,1,3,0.0,0.0,WRONG_TIME
dedup_counting::DHI_NLr_MQY::83,dedup_counting,helpful,348.881867,14,1,1,0,0,13,0.133,0.0,TIMING_ONLY
dedup_counting::EII4qVr-Mjw::84,dedup_counting,helpful,150.28,3,1,0,0,1,3,0.0,0.0,WRONG_TIME
dedup_counting::DHULPs5EaBU::85,dedup_counting,required,274.507567,10,1,1,0,0,9,0.182,0.0,TIMING_ONLY
dedup_counting::3iVPx4lsw_0::42,dedup_counting,helpful,319.786133,4,2,0,0,2,4,0.0,0.0,WRONG_TIME
dedup_counting::4aw9-U_kkcs::43,dedup_counting,helpful,51.133333,3,1,1,1,0,2,0.5,0.5,GOOD
dedup_counting::4JwMlFMzh5Y::44,dedup_counting,none,200.64,4,0,0,0,0,4,0.0,0.0,SILENT
dedup_counting::5YRfsnXhq14::45,dedup_counting,none,85.552133,4,1,0,0,1,4,0.0,0.0,WRONG_TIME
dedup_counting::55Ijvvme2kg::46,dedup_counting,helpful,354.4541,7,1,0,0,1,7,0.0,0.0,WRONG_TIME
dedup_counting::3Z3YUJHg8GE::47,dedup_counting,none,240.974308,6,0,0,0,0,6,0.0,0.0,SILENT
dedup_counting::5cD4CAHexWs::48,dedup_counting,helpful,174.007167,3,0,0,0,0,3,0.0,0.0,SILENT
dedup_counting::6RfXt26r1kQ::49,dedup_counting,none,112.6,2,0,0,0,0,2,0.0,0.0,SILENT
dedup_counting::7OVMkB40F9w::50,dedup_counting,none,91.382958,3,2,0,0,2,3,0.0,0.0,WRONG_TIME
dedup_counting::7g6eEm0Vgf8::51,dedup_counting,helpful,105.708333,3,2,0,0,2,3,0.0,0.0,WRONG_TIME
dedup_counting::7shRl0Lxycc::52,dedup_counting,none,100.133467,3,0,0,0,0,3,0.0,0.0,SILENT
dedup_counting::7o6KXLbuG68::53,dedup_counting,none,105.438667,5,0,0,0,0,5,0.0,0.0,SILENT
dedup_counting::900pWYk1nLE::54,dedup_counting,helpful,64.230833,4,0,0,0,0,4,0.0,0.0,SILENT
dedup_counting::95YXm5J38-c::55,dedup_counting,none,211.044167,7,1,0,0,1,7,0.0,0.0,WRONG_TIME
dedup_counting::8wi2N5opUVE::56,dedup_counting,none,208.291417,3,1,0,0,1,3,0.0,0.0,WRONG_TIME
dedup_counting::9T2anIrIiJs::57,dedup_counting,helpful,110.35024,4,2,0,0,2,4,0.0,0.0,WRONG_TIME
dedup_counting::9AffWPWL9RM::58,dedup_counting,none,174.575449,5,1,0,0,1,5,0.0,0.0,WRONG_TIME
dedup_counting::9b793ImfzUM::59,dedup_counting,none,71.004267,3,1,1,0,0,2,0.5,0.0,TIMING_ONLY
dedup_counting::8lhPuyetcdE::60,dedup_counting,none,67.366667,2,0,0,0,0,2,0.0,0.0,SILENT
dedup_counting::9PrAJGLXUuM::61,dedup_counting,helpful,492.1917,10,2,1,0,1,9,0.167,0.0,TIMING_ONLY
dedup_counting::8cv_g1oYF3M::62,dedup_counting,helpful,426.759667,4,1,1,0,0,3,0.4,0.0,TIMING_ONLY
dedup_counting::AI86J_4Jtnk::63,dedup_counting,helpful,122.96,4,1,0,0,1,4,0.0,0.0,WRONG_TIME
dedup_counting::AfHeUd8PLOM::64,dedup_counting,helpful,271.938333,3,1,0,0,1,3,0.0,0.0,WRONG_TIME
dedup_counting::AUXo83jAKIw::65,dedup_counting,helpful,314.8145,3,1,1,1,0,2,0.5,0.5,GOOD
dedup_counting::AgTIKOh73Sw::66,dedup_counting,helpful,225.0,6,3,1,1,2,5,0.222,0.222,GOOD
dedup_counting::AwoumR9RiHU::67,dedup_counting,none,137.08,3,1,1,0,0,2,0.5,0.0,TIMING_ONLY
dedup_counting::AgsTYCe9czA::68,dedup_counting,helpful,267.72,3,1,1,1,0,2,0.5,0.5,GOOD
dedup_counting::AnBixRgkIGY::69,dedup_counting,helpful,128.503375,8,1,0,0,1,8,0.0,0.0,WRONG_TIME
dedup_counting::BPsqUoZ-oh0::70,dedup_counting,none,328.453125,5,2,0,0,2,5,0.0,0.0,WRONG_TIME
dedup_counting::BXpBmHYR8IE::71,dedup_counting,none,220.286733,5,0,0,0,0,5,0.0,0.0,SILENT
dedup_counting::BCKpVVtJexc::72,dedup_counting,helpful,354.466667,3,0,0,0,0,3,0.0,0.0,SILENT
dedup_counting::Bo5pzWMsF4A::73,dedup_counting,helpful,165.6655,8,1,0,0,1,8,0.0,0.0,WRONG_TIME
dedup_counting::C3Wx2o4LZko::74,dedup_counting,helpful,57.457457,5,2,1,1,1,4,0.286,0.286,GOOD
dedup_counting::CJ9h-qHhkuc::75,dedup_counting,helpful,204.971433,3,1,0,0,1,3,0.0,0.0,WRONG_TIME
dedup_counting::C6eE1sZatBs::76,dedup_counting,none,182.68,5,1,0,0,1,5,0.0,0.0,WRONG_TIME
sequential_step_instruction::XdrVwsQIgao::0,sequential_step_instruction,helpful,209.490422,6,0,0,0,0,6,0.0,0.0,SILENT
sequential_step_instruction::xAKQYt870r0::1,sequential_step_instruction,required,118.862944,4,1,0,0,1,4,0.0,0.0,WRONG_TIME
sequential_step_instruction::Sxz6KrJWfbw::2,sequential_step_instruction,helpful,121.742222,6,1,0,0,1,6,0.0,0.0,WRONG_TIME
sequential_step_instruction::hcP1So3_Qr0::3,sequential_step_instruction,required,219.869744,8,1,0,0,1,8,0.0,0.0,WRONG_TIME
sequential_step_instruction::G9M2ex3Jk0Q::4,sequential_step_instruction,required,225.117456,12,2,0,0,2,12,0.0,0.0,WRONG_TIME
sequential_step_instruction::vesf34N2ru0::5,sequential_step_instruction,helpful,122.901667,8,0,0,0,0,8,0.0,0.0,SILENT
sequential_step_instruction::AmkWoFIFKzI::6,sequential_step_instruction,required,90.697133,6,1,1,0,0,5,0.286,0.0,TIMING_ONLY
sequential_step_instruction::RozBliBcXlA::7,sequential_step_instruction,required,75.418411,5,2,0,0,2,5,0.0,0.0,WRONG_TIME
sequential_step_instruction::xbkZdF8eE00::8,sequential_step_instruction,none,158.7316,6,0,0,0,0,6,0.0,0.0,SILENT
sequential_step_instruction::Lj8YWdeIw7Y::9,sequential_step_instruction,required,218.290789,5,1,0,0,1,5,0.0,0.0,WRONG_TIME
sequential_step_instruction::DcpwZ5Tqau0::10,sequential_step_instruction,required,186.340133,8,1,0,0,1,8,0.0,0.0,WRONG_TIME
sequential_step_instruction::uGtpTNFvHpE::11,sequential_step_instruction,helpful,42.585,5,1,1,0,0,4,0.333,0.0,TIMING_ONLY
sequential_step_instruction::Jeqnds6RfK4::12,sequential_step_instruction,required,142.7795,7,1,0,0,1,7,0.0,0.0,WRONG_TIME
sequential_step_instruction::L1ysBppH9ok::13,sequential_step_instruction,required,159.091667,7,2,0,0,2,7,0.0,0.0,WRONG_TIME
sequential_step_instruction::nh1GBPeyyMo::14,sequential_step_instruction,helpful,136.835,6,1,0,0,1,6,0.0,0.0,WRONG_TIME
sequential_step_instruction::0Q7vAc0tZwo::15,sequential_step_instruction,helpful,228.414689,9,1,0,0,1,9,0.0,0.0,WRONG_TIME
sequential_step_instruction::CDQpOQFL1Bo::16,sequential_step_instruction,helpful,204.66,7,1,0,0,1,7,0.0,0.0,WRONG_TIME
sequential_step_instruction::xMcItzWk8l4::17,sequential_step_instruction,none,99.728333,5,1,0,0,1,5,0.0,0.0,WRONG_TIME
sequential_step_instruction::KtK7b_pqnCU::18,sequential_step_instruction,required,229.041622,9,0,0,0,0,9,0.0,0.0,SILENT
sequential_step_instruction::SHEkIr2BSFw::19,sequential_step_instruction,required,158.22,5,3,0,0,3,5,0.0,0.0,WRONG_TIME
sequential_step_instruction::esdkKXbbT-w::20,sequential_step_instruction,none,71.68,4,0,0,0,0,4,0.0,0.0,SILENT
sequential_step_instruction::3DG5It4WURc::21,sequential_step_instruction,helpful,101.865933,5,2,0,0,2,5,0.0,0.0,WRONG_TIME
sequential_step_instruction::Sj5Pe9Vbu28::22,sequential_step_instruction,required,164.466667,8,2,1,0,1,7,0.2,0.0,TIMING_ONLY
sequential_step_instruction::YUO3R3dg9nQ::23,sequential_step_instruction,required,129.613333,4,1,0,0,1,4,0.0,0.0,WRONG_TIME
sequential_step_instruction::gomtrmZwJYk::24,sequential_step_instruction,none,104.420133,5,0,0,0,0,5,0.0,0.0,SILENT
sequential_step_instruction::RCgIdfuQAD4::25,sequential_step_instruction,required,195.628767,10,2,0,0,2,10,0.0,0.0,WRONG_TIME
sequential_step_instruction::HgGOomdNgKQ::26,sequential_step_instruction,helpful,81.316278,5,1,1,0,0,4,0.333,0.0,TIMING_ONLY
sequential_step_instruction::7Q1VMudZA2A::27,sequential_step_instruction,required,173.3834,6,1,0,0,1,6,0.0,0.0,WRONG_TIME
sequential_step_instruction::s7bQwV16TkY::28,sequential_step_instruction,required,174.73,6,7,1,0,6,5,0.154,0.0,TIMING_ONLY
sequential_step_instruction::pBeGMZGlfdU::29,sequential_step_instruction,none,75.185,4,1,0,0,1,4,0.0,0.0,WRONG_TIME
sequential_step_instruction::d40-wZ0pCKM::30,sequential_step_instruction,helpful,218.197911,7,2,0,0,2,7,0.0,0.0,WRONG_TIME
sequential_step_instruction::1Mj1vREkm7o::31,sequential_step_instruction,required,125.132333,6,2,0,0,2,6,0.0,0.0,WRONG_TIME
sequential_step_instruction::TD9mUSkKQNY::32,sequential_step_instruction,none,178.491789,10,0,0,0,0,10,0.0,0.0,SILENT
sequential_step_instruction::wRuu1XJ4NcE::33,sequential_step_instruction,none,60.000356,4,0,0,0,0,4,0.0,0.0,SILENT
sequential_step_instruction::PoScwTkFe3o::34,sequential_step_instruction,none,188.128067,4,2,0,0,2,4,0.0,0.0,WRONG_TIME
sequential_step_instruction::YgvsTAPkwEc::35,sequential_step_instruction,required,195.278333,4,1,0,0,1,4,0.0,0.0,WRONG_TIME
sequential_step_instruction::sCH9opZLXZQ::36,sequential_step_instruction,required,208.050789,6,1,1,0,0,5,0.286,0.0,TIMING_ONLY
sequential_step_instruction::zrZCkdWzqB8::37,sequential_step_instruction,none,164.048978,5,1,0,0,1,5,0.0,0.0,WRONG_TIME
sequential_step_instruction::ijuVLpXBVRE::38,sequential_step_instruction,required,99.265,5,3,2,0,1,3,0.5,0.0,TIMING_ONLY
sequential_step_instruction::qsEYh3z-NRU::39,sequential_step_instruction,required,113.452689,5,1,0,0,1,5,0.0,0.0,WRONG_TIME
sequential_step_instruction::IY19RWVNqOE::40,sequential_step_instruction,required,132.7717,5,0,0,0,0,5,0.0,0.0,SILENT
sequential_step_instruction::U67UBKjjKc8::41,sequential_step_instruction,helpful,202.315,6,3,0,0,3,6,0.0,0.0,WRONG_TIME
sequential_step_instruction::Ukw1Iqk5rek::42,sequential_step_instruction,required,174.381856,7,0,0,0,0,7,0.0,0.0,SILENT
sequential_step_instruction::MfNn76Aix-0::43,sequential_step_instruction,required,116.703489,4,3,2,0,1,2,0.571,0.0,TIMING_ONLY
sequential_step_instruction::B440VyK1rrk::44,sequential_step_instruction,helpful,88.537678,4,1,0,0,1,4,0.0,0.0,WRONG_TIME
sequential_step_instruction::rm5fJ7ncqG4::45,sequential_step_instruction,none,60.0468,4,1,0,0,1,4,0.0,0.0,WRONG_TIME
sequential_step_instruction::wdSXT8zd57Y::46,sequential_step_instruction,helpful,138.390922,4,5,3,1,2,1,0.667,0.222,GOOD
sequential_step_instruction::LT-FXNMpk0M::47,sequential_step_instruction,none,162.84,6,1,1,0,0,5,0.286,0.0,TIMING_ONLY
sequential_step_instruction::2AljhCWuVDw::48,sequential_step_instruction,required,80.364256,5,2,0,0,2,5,0.0,0.0,WRONG_TIME
sequential_step_instruction::BpzbtYSkoMg::49,sequential_step_instruction,required,155.131667,6,2,0,0,2,6,0.0,0.0,WRONG_TIME
sequential_step_instruction::m8sz2rwM5kk::50,sequential_step_instruction,helpful,85.75,5,7,2,0,5,3,0.333,0.0,TIMING_ONLY
sequential_step_instruction::U90bY96_ins::51,sequential_step_instruction,required,145.890967,6,1,0,0,1,6,0.0,0.0,WRONG_TIME
sequential_step_instruction::KOwpv3SOJ4o::52,sequential_step_instruction,required,62.949289,5,7,3,0,4,2,0.5,0.0,TIMING_ONLY
sequential_step_instruction::YcCcAaBSeII::53,sequential_step_instruction,required,306.131667,6,1,0,0,1,6,0.0,0.0,WRONG_TIME
sequential_step_instruction::-vhwlGY6CGg::54,sequential_step_instruction,required,419.770333,11,2,0,0,2,11,0.0,0.0,WRONG_TIME
sequential_step_instruction::sum3DN4Jjbs::55,sequential_step_instruction,required,140.1092,5,2,0,0,2,5,0.0,0.0,WRONG_TIME
sequential_step_instruction::_kYE6KT5HlU::56,sequential_step_instruction,required,168.646522,4,2,0,0,2,4,0.0,0.0,WRONG_TIME
sequential_step_instruction::cv6MCa7HOLw::57,sequential_step_instruction,required,50.340856,3,0,0,0,0,3,0.0,0.0,SILENT
sequential_step_instruction::5OSRrZ15R1E::58,sequential_step_instruction,helpful,229.645344,6,0,0,0,0,6,0.0,0.0,SILENT
sequential_step_instruction::8wsT1A_JSGg::59,sequential_step_instruction,required,157.524167,6,2,0,0,2,6,0.0,0.0,WRONG_TIME
sequential_step_instruction::wZYSakotrWw::60,sequential_step_instruction,required,190.821578,4,2,0,0,2,4,0.0,0.0,WRONG_TIME
sequential_step_instruction::IbnnFviGAkA::61,sequential_step_instruction,helpful,182.2302,3,2,0,0,2,3,0.0,0.0,WRONG_TIME
sequential_step_instruction::CBFrUXim8yM::62,sequential_step_instruction,required,214.296956,11,1,0,0,1,11,0.0,0.0,WRONG_TIME
sequential_step_instruction::6tM6nrYaiHc::63,sequential_step_instruction,none,60.139678,4,1,1,0,0,3,0.4,0.0,TIMING_ONLY
sequential_step_instruction::IEPDnSoz6IM::64,sequential_step_instruction,none,156.92,7,1,1,0,0,6,0.25,0.0,TIMING_ONLY
sequential_step_instruction::BF54mfTpd0Q::65,sequential_step_instruction,required,103.514556,8,2,0,0,2,8,0.0,0.0,WRONG_TIME
sequential_step_instruction::aQ94cOWmzRA::66,sequential_step_instruction,required,98.2204,4,1,0,0,1,4,0.0,0.0,WRONG_TIME
sequential_step_instruction::Utr8SQWeRNc::67,sequential_step_instruction,helpful,124.773333,5,4,2,0,2,3,0.444,0.0,TIMING_ONLY
sequential_step_instruction::ntsNAlgZ0d4::68,sequential_step_instruction,none,145.055056,8,0,0,0,0,8,0.0,0.0,SILENT
sequential_step_instruction::jH6TjgmFz1Y::69,sequential_step_instruction,helpful,133.398333,6,2,0,0,2,6,0.0,0.0,WRONG_TIME
sequential_step_instruction::SQArinQHa2o::70,sequential_step_instruction,none,104.814867,6,1,0,0,1,6,0.0,0.0,WRONG_TIME
sequential_step_instruction::UyZfn6znkDc::71,sequential_step_instruction,required,137.368333,7,1,0,0,1,7,0.0,0.0,WRONG_TIME
sequential_step_instruction::blSofrIVLS0::72,sequential_step_instruction,helpful,177.98,7,1,0,0,1,7,0.0,0.0,WRONG_TIME
sequential_step_instruction::CO4RhN_DPog::73,sequential_step_instruction,helpful,45.696667,4,1,0,0,1,4,0.0,0.0,WRONG_TIME
sequential_step_instruction::kZ6tcIYZG2o::74,sequential_step_instruction,helpful,179.652789,4,0,0,0,0,4,0.0,0.0,SILENT
sequential_step_instruction::P0N56vXcX4w::75,sequential_step_instruction,required,150.0009,6,3,1,0,2,5,0.222,0.0,TIMING_ONLY
sequential_step_instruction::JFCcWOm4iw0::76,sequential_step_instruction,helpful,175.12,5,1,0,0,1,5,0.0,0.0,WRONG_TIME
sequential_step_instruction::zs-6oNbVbdY::77,sequential_step_instruction,none,29.743333,4,1,1,0,0,3,0.4,0.0,TIMING_ONLY
sequential_step_instruction::ILFgrxOek7I::78,sequential_step_instruction,none,56.9121,5,0,0,0,0,5,0.0,0.0,SILENT
sequential_step_instruction::oeD4qtEoDQQ::79,sequential_step_instruction,required,141.826667,4,1,0,0,1,4,0.0,0.0,WRONG_TIME
sequential_step_instruction::Yq4zEFiD2rY::80,sequential_step_instruction,none,158.661667,9,1,0,0,1,9,0.0,0.0,WRONG_TIME
sequential_step_instruction::cq2xmy1-aJc::81,sequential_step_instruction,helpful,103.653333,4,1,0,0,1,4,0.0,0.0,WRONG_TIME
sequential_step_instruction::mMxQcSe1WG4::82,sequential_step_instruction,none,235.009156,6,0,0,0,0,6,0.0,0.0,SILENT
sequential_step_instruction::_5rVCxtKaZE::83,sequential_step_instruction,helpful,72.167611,4,2,0,0,2,4,0.0,0.0,WRONG_TIME
sequential_step_instruction::Ax43SwfvnRU::84,sequential_step_instruction,required,188.29,5,2,0,0,2,5,0.0,0.0,WRONG_TIME
sequential_step_instruction::ymq81r3YTi4::85,sequential_step_instruction,helpful,210.303122,5,0,0,0,0,5,0.0,0.0,SILENT
sequential_step_instruction::8vozjfDycV0::86,sequential_step_instruction,required,77.670744,7,5,4,2,1,3,0.667,0.333,GOOD
sequential_step_instruction::RUdw2WZm3pg::87,sequential_step_instruction,required,125.178767,5,0,0,0,0,5,0.0,0.0,SILENT
sequential_step_instruction::VfRqNTpbOsQ::88,sequential_step_instruction,helpful,82.198333,5,1,0,0,1,5,0.0,0.0,WRONG_TIME
sequential_step_instruction::acmnHdGTC1o::89,sequential_step_instruction,required,193.770511,8,6,1,0,5,7,0.143,0.0,TIMING_ONLY
sequential_step_instruction::G3d98rj9xtM::90,sequential_step_instruction,required,188.243333,5,2,0,0,2,5,0.0,0.0,WRONG_TIME
sequential_step_instruction::htOoZBfuvhk::91,sequential_step_instruction,required,147.469922,4,2,0,0,2,4,0.0,0.0,WRONG_TIME
sequential_step_instruction::z5hwo3XxN0c::92,sequential_step_instruction,required,90.023756,8,1,0,0,1,8,0.0,0.0,WRONG_TIME
sequential_step_instruction::c_pgM2jHZ1E::93,sequential_step_instruction,helpful,33.645711,4,0,0,0,0,4,0.0,0.0,SILENT
sequential_step_instruction::kiHX6qhCumI::94,sequential_step_instruction,helpful,150.556667,5,1,0,0,1,5,0.0,0.0,WRONG_TIME
sequential_step_instruction::lZ_g6Edz6gk::95,sequential_step_instruction,required,154.505,6,1,0,0,1,6,0.0,0.0,WRONG_TIME
sequential_step_instruction::6gIko0PmTTQ::96,sequential_step_instruction,helpful,100.217322,4,0,0,0,0,4,0.0,0.0,SILENT
sequential_step_instruction::Pvpkqh-Li6w::97,sequential_step_instruction,required,78.854956,4,1,0,0,1,4,0.0,0.0,WRONG_TIME
sequential_step_instruction::wkGjR7WQ46E::98,sequential_step_instruction,helpful,83.336411,4,1,1,0,0,3,0.4,0.0,TIMING_ONLY
sequential_step_instruction::3vC5iDUT21E::99,sequential_step_instruction,helpful,211.208,5,1,0,0,1,5,0.0,0.0,WRONG_TIME
sequential_step_instruction::maaQRP-J_gw::100,sequential_step_instruction,helpful,120.0,5,1,0,0,1,5,0.0,0.0,WRONG_TIME
sequential_step_instruction::H74SHmIAQXM::101,sequential_step_instruction,required,85.728067,5,4,2,0,2,3,0.444,0.0,TIMING_ONLY
sequential_step_instruction::Q2iHYR_lu2w::102,sequential_step_instruction,required,113.499133,5,1,0,0,1,5,0.0,0.0,WRONG_TIME
sequential_step_instruction::MNmhXI9ZbC0::103,sequential_step_instruction,none,112.679233,6,1,0,0,1,6,0.0,0.0,WRONG_TIME
sequential_step_instruction::xQqladBKjFU::104,sequential_step_instruction,none,220.334144,13,0,0,0,0,13,0.0,0.0,SILENT
sequential_step_instruction::ozVsvACEmLM::105,sequential_step_instruction,helpful,94.644533,4,1,0,0,1,4,0.0,0.0,WRONG_TIME
sequential_step_instruction::eGLtp0eK4SI::106,sequential_step_instruction,required,148.421667,6,5,2,2,3,4,0.364,0.364,GOOD
sequential_step_instruction::PAKVTjjEmZw::107,sequential_step_instruction,none,141.479178,4,0,0,0,0,4,0.0,0.0,SILENT
sequential_step_instruction::wcvkyLRnFo8::108,sequential_step_instruction,required,63.204711,4,1,0,0,1,4,0.0,0.0,WRONG_TIME
sequential_step_instruction::mqQn2enH7uA::109,sequential_step_instruction,helpful,73.909111,4,0,0,0,0,4,0.0,0.0,SILENT
sequential_step_instruction::wriANl6Ceqs::110,sequential_step_instruction,helpful,117.5394,5,1,0,0,1,5,0.0,0.0,WRONG_TIME
sequential_step_instruction::RflytQnYkw4::111,sequential_step_instruction,required,191.888333,9,2,1,0,1,8,0.182,0.0,TIMING_ONLY
sequential_step_instruction::rXMzwPkVfHE::112,sequential_step_instruction,required,151.695,5,1,0,0,1,5,0.0,0.0,WRONG_TIME
sequential_step_instruction::JIXrV9roz2A::113,sequential_step_instruction,required,223.259856,5,1,0,0,1,5,0.0,0.0,WRONG_TIME
sequential_step_instruction::nc-I9wz10dI::114,sequential_step_instruction,none,139.087522,6,1,0,0,1,6,0.0,0.0,WRONG_TIME
sequential_step_instruction::W1TGAer5z0g::115,sequential_step_instruction,helpful,130.380044,7,0,0,0,0,7,0.0,0.0,SILENT
sequential_step_instruction::mV9zRg1yM7Y::116,sequential_step_instruction,helpful,168.8555,6,1,0,0,1,6,0.0,0.0,WRONG_TIME
sequential_step_instruction::PUqg3VRlEIA::117,sequential_step_instruction,required,178.259589,7,1,0,0,1,7,0.0,0.0,WRONG_TIME
sequential_step_instruction::wDLKxXpF_sE::118,sequential_step_instruction,none,189.358722,8,1,0,0,1,8,0.0,0.0,WRONG_TIME
sequential_step_instruction::RjfJB7IHkIc::119,sequential_step_instruction,required,172.477822,6,1,0,0,1,6,0.0,0.0,WRONG_TIME
sequential_step_instruction::RPV2czlat80::120,sequential_step_instruction,required,223.631378,5,5,0,0,5,5,0.0,0.0,WRONG_TIME
sequential_step_instruction::hMqaU-K4uwI::121,sequential_step_instruction,helpful,168.460767,7,6,1,0,5,6,0.154,0.0,TIMING_ONLY
sequential_step_instruction::k5IvMup6ak0::122,sequential_step_instruction,none,103.491333,4,1,0,0,1,4,0.0,0.0,WRONG_TIME
sequential_step_instruction::0Col2kFTifE::123,sequential_step_instruction,none,137.415689,5,0,0,0,0,5,0.0,0.0,SILENT
sequential_step_instruction::lGL-HKQt16Y::124,sequential_step_instruction,required,176.309467,10,1,0,0,1,10,0.0,0.0,WRONG_TIME
sequential_step_instruction::xTsft2OBLPc::125,sequential_step_instruction,helpful,124.968333,6,2,1,1,1,5,0.25,0.25,GOOD
sequential_step_instruction::FC1-YMnnxZg::126,sequential_step_instruction,required,198.042989,9,5,1,0,4,8,0.143,0.0,TIMING_ONLY
sequential_step_instruction::PYGDlzR3quQ::127,sequential_step_instruction,required,140.759356,5,10,1,0,9,4,0.133,0.0,TIMING_ONLY
sequential_step_instruction::K1LQXdwJQ9M::128,sequential_step_instruction,required,88.932422,5,1,0,0,1,5,0.0,0.0,WRONG_TIME
sequential_step_instruction::Fx1luE9llSQ::129,sequential_step_instruction,required,516.527889,13,1,0,0,1,13,0.0,0.0,WRONG_TIME
sequential_step_instruction::8V8mxWQ2S30::130,sequential_step_instruction,none,82.685,5,1,0,0,1,5,0.0,0.0,WRONG_TIME
sequential_step_instruction::NnoaW6ngOrc::131,sequential_step_instruction,none,53.429111,4,1,0,0,1,4,0.0,0.0,WRONG_TIME
sequential_step_instruction::9ml8KZJnO7k::132,sequential_step_instruction,required,226.278333,5,5,2,0,3,3,0.4,0.0,TIMING_ONLY
sequential_step_instruction::sV9c-iFmMms::133,sequential_step_instruction,none,145.055056,10,1,0,0,1,10,0.0,0.0,WRONG_TIME
sequential_step_instruction::mmsHASEx0S4::134,sequential_step_instruction,helpful,157.895689,4,0,0,0,0,4,0.0,0.0,SILENT
sequential_step_instruction::5qczGR4KMnY::135,sequential_step_instruction,required,201.804622,8,1,0,0,1,8,0.0,0.0,WRONG_TIME
sequential_step_instruction::Gjiomnfp2KY::136,sequential_step_instruction,helpful,129.637,6,1,0,0,1,6,0.0,0.0,WRONG_TIME
sequential_step_instruction::RT5o1inBpiA::137,sequential_step_instruction,required,33.506389,4,0,0,0,0,4,0.0,0.0,SILENT
sequential_step_instruction::HnkhQi2Li2w::138,sequential_step_instruction,required,81.733333,4,1,0,0,1,4,0.0,0.0,WRONG_TIME
sequential_step_instruction::5QZ7o9KAH4I::139,sequential_step_instruction,required,106.045,4,1,0,0,1,4,0.0,0.0,WRONG_TIME
sequential_step_instruction::VSwVufbSXj0::140,sequential_step_instruction,helpful,72.910656,3,1,0,0,1,3,0.0,0.0,WRONG_TIME
sequential_step_instruction::56268gczO80::141,sequential_step_instruction,required,189.868333,4,1,0,0,1,4,0.0,0.0,WRONG_TIME
sequential_step_instruction::vRfKX2Su77o::142,sequential_step_instruction,required,122.09,4,3,2,0,1,2,0.571,0.0,TIMING_ONLY
sequential_step_instruction::N0C7JZxnzcs::143,sequential_step_instruction,required,107.02,6,1,0,0,1,6,0.0,0.0,WRONG_TIME
sequential_step_instruction::kdaeGbhYimU::144,sequential_step_instruction,none,138.808889,6,0,0,0,0,6,0.0,0.0,SILENT
sequential_step_instruction::UHZeQVolLag::145,sequential_step_instruction,helpful,89.443256,6,1,0,0,1,6,0.0,0.0,WRONG_TIME
sequential_step_instruction::2LoOiukDDtU::146,sequential_step_instruction,none,138.1355,4,0,0,0,0,4,0.0,0.0,SILENT
sequential_step_instruction::GvDu_0ktsJ0::147,sequential_step_instruction,helpful,188.847889,6,2,0,0,2,6,0.0,0.0,WRONG_TIME
sequential_step_instruction::L5MW5liZRtU::148,sequential_step_instruction,required,94.969867,8,1,1,0,0,7,0.222,0.0,TIMING_ONLY
sequential_step_instruction::uJqJQkGsMTI::149,sequential_step_instruction,helpful,50.340856,4,0,0,0,0,4,0.0,0.0,SILENT
sequential_step_instruction::MxhxhMS5QiA::150,sequential_step_instruction,none,93.785,7,2,0,0,2,7,0.0,0.0,WRONG_TIME
sequential_step_instruction::q4wOU03q7ao::151,sequential_step_instruction,required,151.533422,5,1,0,0,1,5,0.0,0.0,WRONG_TIME
sequential_step_instruction::hpIN6BmndNA::152,sequential_step_instruction,required,113.405,7,6,2,1,4,5,0.308,0.154,GOOD
sequential_step_instruction::6CfU9D1zGSI::153,sequential_step_instruction,helpful,100.356633,3,1,0,0,1,3,0.0,0.0,WRONG_TIME
sequential_step_instruction::kxMX3bsN-vI::154,sequential_step_instruction,required,145.171156,6,1,0,0,1,6,0.0,0.0,WRONG_TIME
sequential_step_instruction::3B_2vFin_PY::155,sequential_step_instruction,none,58.583333,7,1,1,0,0,6,0.25,0.0,TIMING_ONLY
sequential_step_instruction::rHmMhAw7JL4::156,sequential_step_instruction,required,177.446889,7,5,2,0,3,5,0.333,0.0,TIMING_ONLY
sequential_step_instruction::1Q5uQosSzJE::157,sequential_step_instruction,required,175.286667,9,1,0,0,1,9,0.0,0.0,WRONG_TIME
sequential_step_instruction::FSKSkZzpqR8::158,sequential_step_instruction,none,142.245433,6,1,0,0,1,6,0.0,0.0,WRONG_TIME
sequential_step_instruction::u92u-8cYUT4::159,sequential_step_instruction,helpful,99.451056,5,1,0,0,1,5,0.0,0.0,WRONG_TIME
sequential_step_instruction::5Hs2l9XXOrQ::160,sequential_step_instruction,required,141.084444,7,1,0,0,1,7,0.0,0.0,WRONG_TIME
sequential_step_instruction::oIkyrPnZpPg::161,sequential_step_instruction,none,90.08,6,2,1,0,1,5,0.25,0.0,TIMING_ONLY
sequential_step_instruction::nsylTobS19g::162,sequential_step_instruction,none,112.129156,4,1,0,0,1,4,0.0,0.0,WRONG_TIME
sequential_step_instruction::tRc9CmFEj2I::163,sequential_step_instruction,required,120.000722,6,1,0,0,1,6,0.0,0.0,WRONG_TIME
sequential_step_instruction::M6SRLtc_OJ0::164,sequential_step_instruction,none,152.971667,6,1,0,0,1,6,0.0,0.0,WRONG_TIME
sequential_step_instruction::lyS0DjDN9Qw::165,sequential_step_instruction,none,60.000356,5,1,0,0,1,5,0.0,0.0,WRONG_TIME
sequential_step_instruction::uifFv9crjqA::166,sequential_step_instruction,required,72.144389,4,0,0,0,0,4,0.0,0.0,SILENT
sequential_step_instruction::F_H882ao8k4::167,sequential_step_instruction,required,124.180311,6,1,0,0,1,6,0.0,0.0,WRONG_TIME
sequential_step_instruction::hQqf3f9DViA::168,sequential_step_instruction,helpful,173.963333,7,2,1,0,1,6,0.222,0.0,TIMING_ONLY
sequential_step_instruction::OSvJ2VJDxH0::169,sequential_step_instruction,required,90.813,4,0,0,0,0,4,0.0,0.0,SILENT
sequential_step_instruction::T5OFV0tjlLU::170,sequential_step_instruction,required,85.240444,4,1,0,0,1,4,0.0,0.0,WRONG_TIME
sequential_step_instruction::_FYo-nXGPug::171,sequential_step_instruction,helpful,119.722078,7,1,1,0,0,6,0.25,0.0,TIMING_ONLY
sequential_step_instruction::sJRiAsVpnZM::172,sequential_step_instruction,none,83.66,4,1,0,0,1,4,0.0,0.0,WRONG_TIME
sequential_step_instruction::GR7PhXtVtQA::173,sequential_step_instruction,helpful,124.714367,5,0,0,0,0,5,0.0,0.0,SILENT
sequential_step_instruction::gF99ZR5Nkoo::174,sequential_step_instruction,helpful,38.359356,3,3,1,1,2,2,0.333,0.333,GOOD
sequential_step_instruction::myJVU7LNnXY::175,sequential_step_instruction,required,154.211667,4,0,0,0,0,4,0.0,0.0,SILENT
sequential_step_instruction::ud-_6yxlzZY::176,sequential_step_instruction,helpful,69.079356,7,1,0,0,1,7,0.0,0.0,WRONG_TIME
sequential_step_instruction::2hXFndxddUk::177,sequential_step_instruction,required,128.08,7,3,0,0,3,7,0.0,0.0,WRONG_TIME
sequential_step_instruction::2l6O-U8I0Co::178,sequential_step_instruction,none,106.301,7,1,1,0,0,6,0.25,0.0,TIMING_ONLY
sequential_step_instruction::bZmlEbzPJlM::179,sequential_step_instruction,required,161.198333,5,1,0,0,1,5,0.0,0.0,WRONG_TIME
sequential_step_instruction::PFmpN2zIllM::180,sequential_step_instruction,required,152.066667,5,1,0,0,1,5,0.0,0.0,WRONG_TIME
sequential_step_instruction::3BvE4z_kmuI::181,sequential_step_instruction,helpful,174.426667,6,6,1,0,5,5,0.167,0.0,TIMING_ONLY
sequential_step_instruction::aR2Nj1g-nMk::182,sequential_step_instruction,required,61.741667,7,2,0,0,2,7,0.0,0.0,WRONG_TIME
sequential_step_instruction::kjAUQLMG0UA::183,sequential_step_instruction,none,81.501667,4,0,0,0,0,4,0.0,0.0,SILENT
sequential_step_instruction::lOTorz4GDwE::184,sequential_step_instruction,required,184.2039,6,3,2,2,1,4,0.444,0.444,GOOD
sequential_step_instruction::V6AYisqyhqg::185,sequential_step_instruction,helpful,127.616667,6,1,0,0,1,6,0.0,0.0,WRONG_TIME
sequential_step_instruction::MD5YnNIox4o::186,sequential_step_instruction,required,63.808433,5,5,2,1,3,3,0.4,0.2,GOOD
sequential_step_instruction::VLEzI6gt9TE::187,sequential_step_instruction,required,112.198333,5,1,0,0,1,5,0.0,0.0,WRONG_TIME
sequential_step_instruction::E7vSuyCnvE8::188,sequential_step_instruction,helpful,28.6302,3,0,0,0,0,3,0.0,0.0,SILENT
sequential_step_instruction::FvkSoVjyfNg::189,sequential_step_instruction,required,109.249878,5,1,0,0,1,5,0.0,0.0,WRONG_TIME
sequential_step_instruction::1YyqVC2dUjk::190,sequential_step_instruction,required,202.988333,9,9,2,2,7,7,0.222,0.222,GOOD
sequential_step_instruction::0AYZ_RT_8ZY::191,sequential_step_instruction,helpful,146.795,5,0,0,0,0,5,0.0,0.0,SILENT
sequential_step_instruction::MR_olQaxdoQ::192,sequential_step_instruction,none,219.265,10,1,0,0,1,10,0.0,0.0,WRONG_TIME
sequential_step_instruction::L22ZdGXZI3c::193,sequential_step_instruction,helpful,80.99,6,1,0,0,1,6,0.0,0.0,WRONG_TIME
sequential_step_instruction::Z9OnbOLfDIg::194,sequential_step_instruction,required,137.81,9,2,0,0,2,9,0.0,0.0,WRONG_TIME
sequential_step_instruction::JVKY3QIsfCU::195,sequential_step_instruction,helpful,141.479178,6,1,0,0,1,6,0.0,0.0,WRONG_TIME
sequential_step_instruction::adUq6Id2-ZY::196,sequential_step_instruction,required,150.743944,7,1,0,0,1,7,0.0,0.0,WRONG_TIME
sequential_step_instruction::Apf7ID8qVb4::197,sequential_step_instruction,required,115.147744,6,1,0,0,1,6,0.0,0.0,WRONG_TIME
sequential_step_instruction::JY8OABprVk4::198,sequential_step_instruction,required,229.111289,7,2,1,1,1,6,0.222,0.222,GOOD
sequential_step_instruction::zOf8kNZWGGo::199,sequential_step_instruction,none,105.093333,5,1,0,0,1,5,0.0,0.0,WRONG_TIME
sequential_step_instruction::NjKCkEx0oIE::200,sequential_step_instruction,none,100.936667,5,1,1,1,0,4,0.333,0.333,GOOD
sequential_step_instruction::dinFGaxi9Rc::201,sequential_step_instruction,helpful,143.823333,4,0,0,0,0,4,0.0,0.0,SILENT
sequential_step_instruction::V2I66Z-CPyY::202,sequential_step_instruction,required,191.332422,9,1,0,0,1,9,0.0,0.0,WRONG_TIME
sequential_step_instruction::bW2AOXFsH_Q::203,sequential_step_instruction,required,117.491667,5,2,0,0,2,5,0.0,0.0,WRONG_TIME
sequential_step_instruction::Aq2yEWPFSl0::204,sequential_step_instruction,required,225.094233,5,2,0,0,2,5,0.0,0.0,WRONG_TIME
sequential_step_instruction::mHzbLXDzT6s::205,sequential_step_instruction,helpful,210.556667,6,2,0,0,2,6,0.0,0.0,WRONG_TIME
sequential_step_instruction::Cp4TkiHd9wM::206,sequential_step_instruction,required,129.149378,5,1,0,0,1,5,0.0,0.0,WRONG_TIME
sequential_step_instruction::YHAcYvPKT3Y::207,sequential_step_instruction,required,44.094689,6,4,2,0,2,4,0.4,0.0,TIMING_ONLY
sequential_step_instruction::vfjvG5kFdog::208,sequential_step_instruction,required,190.9609,7,11,2,0,9,5,0.222,0.0,TIMING_ONLY
sequential_step_instruction::TnU0Tk6hFL0::209,sequential_step_instruction,required,204.753556,8,2,0,0,2,8,0.0,0.0,WRONG_TIME
sequential_step_instruction::J8lC_MfPuq4::210,sequential_step_instruction,required,226.766067,5,1,0,0,1,5,0.0,0.0,WRONG_TIME
sequential_step_instruction::LMdXdn1L0fg::211,sequential_step_instruction,required,181.905122,8,10,4,1,6,4,0.444,0.111,GOOD
sequential_step_instruction::9jXQn427ARA::212,sequential_step_instruction,helpful,167.067567,4,2,1,0,1,3,0.333,0.0,TIMING_ONLY
sequential_step_instruction::dlklQH85Hec::213,sequential_step_instruction,helpful,130.751556,4,4,0,0,4,4,0.0,0.0,WRONG_TIME
sequential_step_instruction::haybWpHnQzE::214,sequential_step_instruction,required,92.763711,4,2,0,0,2,4,0.0,0.0,WRONG_TIME
sequential_step_instruction::vBcZzLzaNY0::215,sequential_step_instruction,none,143.661667,5,0,0,0,0,5,0.0,0.0,SILENT
sequential_step_instruction::t56ryWrnWbc::216,sequential_step_instruction,helpful,119.071922,4,1,1,0,0,3,0.4,0.0,TIMING_ONLY
sequential_step_instruction::aw8hDEJ8lSA::217,sequential_step_instruction,helpful,84.055,4,0,0,0,0,4,0.0,0.0,SILENT
sequential_step_instruction::KSvbu9oDR1M::218,sequential_step_instruction,required,128.94,6,2,0,0,2,6,0.0,0.0,WRONG_TIME
sequential_step_instruction::omOy8ubbkl0::219,sequential_step_instruction,required,60.348656,3,2,1,0,1,2,0.4,0.0,TIMING_ONLY
sequential_step_instruction::3kxohIipeAM::220,sequential_step_instruction,required,147.748567,5,7,4,0,3,1,0.667,0.0,TIMING_ONLY
sequential_step_instruction::ltqjzx69ogM::221,sequential_step_instruction,required,213.6468,8,7,1,0,6,7,0.133,0.0,TIMING_ONLY
sequential_step_instruction::2uAnPRsqsjk::222,sequential_step_instruction,none,158.7316,9,0,0,0,0,9,0.0,0.0,SILENT
sequential_step_instruction::t8LxV8hQ78M::223,sequential_step_instruction,required,130.448333,5,1,0,0,1,5,0.0,0.0,WRONG_TIME
sequential_step_instruction::_s23EIMBWR8::224,sequential_step_instruction,none,115.541667,7,0,0,0,0,7,0.0,0.0,SILENT
sequential_step_instruction::nAtZGSVhbcQ::225,sequential_step_instruction,required,136.277911,7,2,0,0,2,7,0.0,0.0,WRONG_TIME
sequential_step_instruction::gCkismvSdnY::226,sequential_step_instruction,required,167.298333,7,1,0,0,1,7,0.0,0.0,WRONG_TIME
sequential_step_instruction::mcYwTmxmMT0::227,sequential_step_instruction,required,159.451422,6,4,2,0,2,4,0.4,0.0,TIMING_ONLY
sequential_step_instruction::gUEfhzDKdys::228,sequential_step_instruction,none,66.478333,8,1,0,0,1,8,0.0,0.0,WRONG_TIME
sequential_step_instruction::B2i3Z25CSAE::229,sequential_step_instruction,required,179.001667,5,1,0,0,1,5,0.0,0.0,WRONG_TIME
sequential_step_instruction::OdcD1JMHHAY::230,sequential_step_instruction,required,175.751833,9,1,0,0,1,9,0.0,0.0,WRONG_TIME
sequential_step_instruction::5sO2W10iiW0::231,sequential_step_instruction,none,105.047067,6,1,0,0,1,6,0.0,0.0,WRONG_TIME
sequential_step_instruction::GMuuN6HDBDE::232,sequential_step_instruction,required,94.574867,4,1,0,0,1,4,0.0,0.0,WRONG_TIME
sequential_step_instruction::U7D7ImpBbaE::233,sequential_step_instruction,none,85.635,4,0,0,0,0,4,0.0,0.0,SILENT
sequential_step_instruction::s8j9U0SOWtY::234,sequential_step_instruction,helpful,60.0468,4,2,2,1,0,2,0.667,0.333,GOOD
sequential_step_instruction::9-vDEaf6V9I::235,sequential_step_instruction,helpful,34.55,4,0,0,0,0,4,0.0,0.0,SILENT
sequential_step_instruction::wiXBbGcpgjs::236,sequential_step_instruction,required,167.415867,4,3,1,0,2,3,0.286,0.0,TIMING_ONLY
sequential_step_instruction::_p5YDwfacWI::237,sequential_step_instruction,helpful,123.623033,4,1,0,0,1,4,0.0,0.0,WRONG_TIME
sequential_step_instruction::iMb1viedwU0::238,sequential_step_instruction,none,95.386667,4,0,0,0,0,4,0.0,0.0,SILENT
sequential_step_instruction::Lzpltqj6ck4::239,sequential_step_instruction,required,118.305,4,1,1,0,0,3,0.4,0.0,TIMING_ONLY
sequential_step_instruction::Pk8EVCUK5vI::240,sequential_step_instruction,helpful,94.411667,5,1,1,0,0,4,0.333,0.0,TIMING_ONLY
sequential_step_instruction::LymfuNFJ-jM::241,sequential_step_instruction,none,309.675,6,1,0,0,1,6,0.0,0.0,WRONG_TIME
sequential_step_instruction::OquFw5yTeJM::242,sequential_step_instruction,helpful,116.958911,7,1,0,0,1,7,0.0,0.0,WRONG_TIME
sequential_step_instruction::1DEq8AJyw18::243,sequential_step_instruction,helpful,117.051667,4,2,0,0,2,4,0.0,0.0,WRONG_TIME
sequential_step_instruction::x1tU5-Skk7E::244,sequential_step_instruction,helpful,58.191467,5,0,0,0,0,5,0.0,0.0,SILENT
sequential_step_instruction::wPUeRxWYMPE::245,sequential_step_instruction,helpful,110.641667,5,1,0,0,1,5,0.0,0.0,WRONG_TIME
sequential_step_instruction::M3vT4tUpPwo::246,sequential_step_instruction,helpful,36.64,3,1,0,0,1,3,0.0,0.0,WRONG_TIME
sequential_step_instruction::edFykMFYDKg::247,sequential_step_instruction,none,44.257233,4,0,0,0,0,4,0.0,0.0,SILENT
sequential_step_instruction::MqNeuHc2qWA::248,sequential_step_instruction,required,180.070744,7,14,5,0,9,2,0.476,0.0,TIMING_ONLY
sequential_step_instruction::pzeiI9ZXeNE::249,sequential_step_instruction,required,163.700678,4,3,1,0,2,3,0.286,0.0,TIMING_ONLY
sequential_step_instruction::3fVbsvFPcZ8::250,sequential_step_instruction,required,181.301,6,1,0,0,1,6,0.0,0.0,WRONG_TIME
sequential_step_instruction::Cfu47ImQHnQ::251,sequential_step_instruction,helpful,163.305,7,0,0,0,0,7,0.0,0.0,SILENT
sequential_step_instruction::VOkR-IKaOic::252,sequential_step_instruction,none,184.0878,8,0,0,0,0,8,0.0,0.0,SILENT
sequential_step_instruction::e_CnQJY4NoY::253,sequential_step_instruction,helpful,68.452422,7,1,0,0,1,7,0.0,0.0,WRONG_TIME
sequential_step_instruction::K1cjtHUDldY::254,sequential_step_instruction,required,96.595,4,2,1,0,1,3,0.333,0.0,TIMING_ONLY
sequential_step_instruction::kkYY2mngZR4::255,sequential_step_instruction,helpful,113.986667,5,1,0,0,1,5,0.0,0.0,WRONG_TIME
sequential_step_instruction::EclVyTTFl3I::256,sequential_step_instruction,required,193.398333,6,1,0,0,1,6,0.0,0.0,WRONG_TIME
sequential_step_instruction::GqQG9OeY3j4::257,sequential_step_instruction,required,212.601667,4,1,0,0,1,4,0.0,0.0,WRONG_TIME
sequential_step_instruction::dkDUFlHIh64::258,sequential_step_instruction,none,24.101667,4,1,1,0,0,3,0.4,0.0,TIMING_ONLY
sequential_step_instruction::KyhiOivHI9k::259,sequential_step_instruction,helpful,84.009789,5,0,0,0,0,5,0.0,0.0,SILENT
sequential_step_instruction::XO57ZTZbBM0::260,sequential_step_instruction,required,106.23,4,2,2,0,0,2,0.667,0.0,TIMING_ONLY
sequential_step_instruction::wpYeXhM5MLQ::261,sequential_step_instruction,required,104.14,3,2,0,0,2,3,0.0,0.0,WRONG_TIME
sequential_step_instruction::c3amn_LhgQE::262,sequential_step_instruction,none,229.691789,10,1,0,0,1,10,0.0,0.0,WRONG_TIME
sequential_step_instruction::hBwyMbAf5IM::263,sequential_step_instruction,required,202.338678,7,1,0,0,1,7,0.0,0.0,WRONG_TIME
sequential_step_instruction::sTo2GW_StTg::264,sequential_step_instruction,none,48.6458,3,1,1,0,0,2,0.5,0.0,TIMING_ONLY
sequential_step_instruction::o86p0cKwjUw::265,sequential_step_instruction,required,142.361533,6,1,0,0,1,6,0.0,0.0,WRONG_TIME
sequential_step_instruction::vbsqiFUisTM::266,sequential_step_instruction,required,78.019044,4,1,0,0,1,4,0.0,0.0,WRONG_TIME
sequential_step_instruction::CKSuXAebdUQ::267,sequential_step_instruction,helpful,90.256833,7,1,0,0,1,7,0.0,0.0,WRONG_TIME
sequential_step_instruction::H1VU9G94YgU::268,sequential_step_instruction,helpful,109.596667,4,0,0,0,0,4,0.0,0.0,SILENT
sequential_step_instruction::gn7jaW6fRKA::269,sequential_step_instruction,required,213.600356,6,1,0,0,1,6,0.0,0.0,WRONG_TIME
sequential_step_instruction::mBTZryQRfMU::270,sequential_step_instruction,none,68.963256,6,0,0,0,0,6,0.0,0.0,SILENT
sequential_step_instruction::-4ips6KXoBE::271,sequential_step_instruction,none,90.928333,8,1,1,0,0,7,0.222,0.0,TIMING_ONLY
sequential_step_instruction::hBRg2LWU0lM::272,sequential_step_instruction,required,98.033333,6,2,0,0,2,6,0.0,0.0,WRONG_TIME
sequential_step_instruction::HVztSvphYHk::273,sequential_step_instruction,none,105.093333,6,1,0,0,1,6,0.0,0.0,WRONG_TIME
sequential_step_instruction::Uj9jW-hx8J4::274,sequential_step_instruction,required,106.045522,6,5,3,0,2,3,0.545,0.0,TIMING_ONLY
sequential_step_instruction::b2H8ph_FnTE::275,sequential_step_instruction,required,114.751667,5,2,0,0,2,5,0.0,0.0,WRONG_TIME
sequential_step_instruction::pIwQNo09EDQ::276,sequential_step_instruction,required,109.830378,5,2,0,0,2,5,0.0,0.0,WRONG_TIME
sequential_step_instruction::Mxf2m1U90aA::277,sequential_step_instruction,helpful,93.065,6,1,0,0,1,6,0.0,0.0,WRONG_TIME
sequential_step_instruction::X_HOEPXVcCc::278,sequential_step_instruction,none,25.913467,4,1,1,1,0,3,0.4,0.4,GOOD
sequential_step_instruction::avDdmIzMuvg::279,sequential_step_instruction,required,215.643333,4,2,0,0,2,4,0.0,0.0,WRONG_TIME
sequential_step_instruction::tW2_dX1zYuQ::280,sequential_step_instruction,required,163.631011,4,2,0,0,2,4,0.0,0.0,WRONG_TIME
sequential_step_instruction::jcosRKjgGR8::281,sequential_step_instruction,required,208.608067,13,2,0,0,2,13,0.0,0.0,WRONG_TIME
sequential_step_instruction::Zxdt-b-opIs::282,sequential_step_instruction,required,128.917178,8,5,2,1,3,6,0.308,0.154,GOOD
sequential_step_instruction::9VVA18rUXAI::283,sequential_step_instruction,helpful,115.216667,5,2,0,0,2,5,0.0,0.0,WRONG_TIME
sequential_step_instruction::Lg1AQq8UC9Y::284,sequential_step_instruction,none,148.932789,8,0,0,0,0,8,0.0,0.0,SILENT
sequential_step_instruction::zCm588K0y0A::285,sequential_step_instruction,required,84.938589,3,0,0,0,0,3,0.0,0.0,SILENT
sequential_step_instruction::yJt6i2ZPQX0::286,sequential_step_instruction,required,219.126711,5,1,0,0,1,5,0.0,0.0,WRONG_TIME
sequential_step_instruction::83G3J8dldOc::287,sequential_step_instruction,required,132.166667,4,4,2,1,2,2,0.5,0.25,GOOD
sequential_step_instruction::W8Sr7LAsd2Y::288,sequential_step_instruction,required,215.55,6,1,0,0,1,6,0.0,0.0,WRONG_TIME
sequential_step_instruction::dcnfcMrxTms::289,sequential_step_instruction,required,103.886067,6,1,0,0,1,6,0.0,0.0,WRONG_TIME
sequential_step_instruction::Gkq9ycHohM0::290,sequential_step_instruction,required,215.36,5,0,0,0,0,5,0.0,0.0,SILENT
sequential_step_instruction::bdA49NL0vpQ::291,sequential_step_instruction,none,111.896956,4,1,0,0,1,4,0.0,0.0,WRONG_TIME
sequential_step_instruction::iqKbYHXaa4Q::292,sequential_step_instruction,required,45.7433,5,3,1,0,2,4,0.25,0.0,TIMING_ONLY
sequential_step_instruction::zczJAF7A7Wk::293,sequential_step_instruction,none,46.021667,3,1,1,0,0,2,0.5,0.0,TIMING_ONLY
sequential_step_instruction::IExKnfPYAVs::294,sequential_step_instruction,required,153.808978,5,2,0,0,2,5,0.0,0.0,WRONG_TIME
sequential_step_instruction::LOmXawlL5ds::295,sequential_step_instruction,none,36.757178,5,0,0,0,0,5,0.0,0.0,SILENT
sequential_step_instruction::g8etIwpQKVk::296,sequential_step_instruction,none,27.816667,4,1,0,0,1,4,0.0,0.0,WRONG_TIME
sequential_step_instruction::wgM8wag2AfI::297,sequential_step_instruction,helpful,81.176956,6,1,0,0,1,6,0.0,0.0,WRONG_TIME
sequential_step_instruction::ciG_cMNWR7c::298,sequential_step_instruction,required,164.768789,6,2,1,0,1,5,0.25,0.0,TIMING_ONLY
sequential_step_instruction::4e7B_fxLUcs::299,sequential_step_instruction,required,198.878911,7,0,0,0,0,7,0.0,0.0,SILENT
